TP_FUNDO_CLASSE;CNPJ_FUNDO_CLASSE;ID_SUBCLASSE;DENOM_SOCIAL;DT_COMPTC;TP_ATIVO;PR_PL_ATIVO
CLASSES - FIF;00.089.915/0001-15;;AMARIL FRANKLIN FIC DE FIF MULTIMERCADO - CRÉDITO PRIVADO - RESPONSABILIDADE LIMITADA;2025-04-30;Cotas de fundos de investimento 409;69.58
CLASSES - FIF;00.089.915/0001-15;;AMARIL FRANKLIN FIC DE FIF MULTIMERCADO - CRÉDITO PRIVADO - RESPONSABILIDADE LIMITADA;2025-04-30;Depósitos a prazo e outros títulos de instituições financeiras;5.26
CLASSES - FIF;00.089.915/0001-15;;AMARIL FRANKLIN FIC DE FIF MULTIMERCADO - CRÉDITO PRIVADO - RESPONSABILIDADE LIMITADA;2025-04-30;Derivativos;0.07
CLASSES - FIF;00.089.915/0001-15;;AMARIL FRANKLIN FIC DE FIF MULTIMERCADO - CRÉDITO PRIVADO - RESPONSABILIDADE LIMITADA;2025-04-30;Operações compromissadas lastreadas em títulos públicos federais;21.14
CLASSES - FIF;00.089.915/0001-15;;AMARIL FRANKLIN FIC DE FIF MULTIMERCADO - CRÉDITO PRIVADO - RESPONSABILIDADE LIMITADA;2025-04-30;Títulos públicos federais;4.11
CLASSES - FIF;00.280.302/0001-60;;BRADESCO H FIF - CLASSE DE INVESTIMENTO EM COTAS RENDA FIXA CRÉDITO PRIVADO LP TIPO - RESP LIMITADA;2025-04-30;Cotas de fundos de investimento 409;6.96
CLASSES - FIF;00.280.302/0001-60;;BRADESCO H FIF - CLASSE DE INVESTIMENTO EM COTAS RENDA FIXA CRÉDITO PRIVADO LP TIPO - RESP LIMITADA;2025-04-30;Depósitos a prazo e outros títulos de instituições financeiras;20.37
CLASSES - FIF;00.280.302/0001-60;;BRADESCO H FIF - CLASSE DE INVESTIMENTO EM COTAS RENDA FIXA CRÉDITO PRIVADO LP TIPO - RESP LIMITADA;2025-04-30;Derivativos;11.65
CLASSES - FIF;00.280.302/0001-60;;BRADESCO H FIF - CLASSE DE INVESTIMENTO EM COTAS RENDA FIXA CRÉDITO PRIVADO LP TIPO - RESP LIMITADA;2025-04-30;Operações compromissadas lastreadas em títulos públicos federais;13.71
CLASSES - FIF;00.280.302/0001-60;;BRADESCO H FIF - CLASSE DE INVESTIMENTO EM COTAS RENDA FIXA CRÉDITO PRIVADO LP TIPO - RESP LIMITADA;2025-04-30;Títulos públicos federais;59.02
CLASSES - FIF;00.306.278/0001-91;;BRADESCO FIC DE FI FINANCEIRO RENDA FIXA REFERENCIADA DI - RESPONSABILIDADE LIMITADA;2025-04-30;Cotas de fundos de investimento 409;1.89
CLASSES - FIF;00.306.278/0001-91;;BRADESCO FIC DE FI FINANCEIRO RENDA FIXA REFERENCIADA DI - RESPONSABILIDADE LIMITADA;2025-04-30;Depósitos a prazo e outros títulos de instituições financeiras;26.79
CLASSES - FIF;00.306.278/0001-91;;BRADESCO FIC DE FI FINANCEIRO RENDA FIXA REFERENCIADA DI - RESPONSABILIDADE LIMITADA;2025-04-30;Operações compromissadas lastreadas em títulos públicos federais;36.45
CLASSES - FIF;00.306.278/0001-91;;BRADESCO FIC DE FI FINANCEIRO RENDA FIXA REFERENCIADA DI - RESPONSABILIDADE LIMITADA;2025-04-30;Títulos de crédito privado;12.62
CLASSES - FIF;00.306.278/0001-91;;BRADESCO FIC DE FI FINANCEIRO RENDA FIXA REFERENCIADA DI - RESPONSABILIDADE LIMITADA;2025-04-30;Títulos públicos federais;22.17
FI;00.322.699/0001-06;;BRADESCO H FIF - CLASSE DE INVESTIMENTO RF REFERENCIADA DI CRED PRIV LP EXECUTIVO - RESP LIMITADA;2025-04-30;Cotas de fundos de investimento 409;1.21
FI;00.322.699/0001-06;;BRADESCO H FIF - CLASSE DE INVESTIMENTO RF REFERENCIADA DI CRED PRIV LP EXECUTIVO - RESP LIMITADA;2025-04-30;Depósitos a prazo e outros títulos de instituições financeiras;60.81
FI;00.322.699/0001-06;;BRADESCO H FIF - CLASSE DE INVESTIMENTO RF REFERENCIADA DI CRED PRIV LP EXECUTIVO - RESP LIMITADA;2025-04-30;Operações compromissadas lastreadas em títulos públicos federais;25.18
FI;00.322.699/0001-06;;BRADESCO H FIF - CLASSE DE INVESTIMENTO RF REFERENCIADA DI CRED PRIV LP EXECUTIVO - RESP LIMITADA;2025-04-30;Outras aplicações;0.67
FI;00.322.699/0001-06;;BRADESCO H FIF - CLASSE DE INVESTIMENTO RF REFERENCIADA DI CRED PRIV LP EXECUTIVO - RESP LIMITADA;2025-04-30;Títulos de crédito privado;12.14
CLASSES - FIF;00.598.452/0001-17;;MB MASTER RF REFERENCIADO DI LP FUNDO DE INVESTIMENTO FINANCEIRO - RESPONSABILIDADE LIMITADA;2025-04-30;Depósitos a prazo e outros títulos de instituições financeiras;27.02
CLASSES - FIF;00.598.452/0001-17;;MB MASTER RF REFERENCIADO DI LP FUNDO DE INVESTIMENTO FINANCEIRO - RESPONSABILIDADE LIMITADA;2025-04-30;Operações compromissadas lastreadas em títulos públicos federais;18.02
CLASSES - FIF;00.598.452/0001-17;;MB MASTER RF REFERENCIADO DI LP FUNDO DE INVESTIMENTO FINANCEIRO - RESPONSABILIDADE LIMITADA;2025-04-30;Títulos públicos federais;55.20
FI;00.743.026/0001-20;;BANRISUL VIP FUNDO DE INVESTIMENTO FINANCEIRO RENDA FIXA LONGO PRAZO RESPONSABILIDADE LIMITADA;2025-04-30;DERIVATIVOS;-11.18
FI;00.743.026/0001-20;;BANRISUL VIP FUNDO DE INVESTIMENTO FINANCEIRO RENDA FIXA LONGO PRAZO RESPONSABILIDADE LIMITADA;2025-04-30;OPERAÇÕES COMPROMISSADAS LASTREADAS EM TÍTULOS PÚBLICOS FEDERAIS;31.57
FI;00.743.026/0001-20;;BANRISUL VIP FUNDO DE INVESTIMENTO FINANCEIRO RENDA FIXA LONGO PRAZO RESPONSABILIDADE LIMITADA;2025-04-30;TÍTULOS PÚBLICOS FEDERAIS;68.54
CLASSES - FIF;00.777.815/0001-81;;BRADESCO H FC DE FUNDO DE INVESTIMENTO FINANCEIRO RF REF DI LP FUNCIONÁRIO - RESP LIMITADA;2025-04-30;Depósitos a prazo e outros títulos de instituições financeiras;3.86
CLASSES - FIF;00.777.815/0001-81;;BRADESCO H FC DE FUNDO DE INVESTIMENTO FINANCEIRO RF REF DI LP FUNCIONÁRIO - RESP LIMITADA;2025-04-30;Operações compromissadas lastreadas em títulos públicos federais;63.90
CLASSES - FIF;00.777.815/0001-81;;BRADESCO H FC DE FUNDO DE INVESTIMENTO FINANCEIRO RF REF DI LP FUNCIONÁRIO - RESP LIMITADA;2025-04-30;Títulos de crédito privado;0.08
CLASSES - FIF;00.777.815/0001-81;;BRADESCO H FC DE FUNDO DE INVESTIMENTO FINANCEIRO RF REF DI LP FUNCIONÁRIO - RESP LIMITADA;2025-04-30;Títulos públicos federais;32.04
CLASSES - FIF;00.793.947/0001-05;;BRADESCO VÊNUS FIF - CLASSE DE INVESTIMENTO EM COTAS RENDA FIXA - RESPONSABILIDADE LIMITADA;2025-04-30;Cotas de fundos de investimento 409;19.17
CLASSES - FIF;00.793.947/0001-05;;BRADESCO VÊNUS FIF - CLASSE DE INVESTIMENTO EM COTAS RENDA FIXA - RESPONSABILIDADE LIMITADA;2025-04-30;Depósitos a prazo e outros títulos de instituições financeiras;6.06
CLASSES - FIF;00.793.947/0001-05;;BRADESCO VÊNUS FIF - CLASSE DE INVESTIMENTO EM COTAS RENDA FIXA - RESPONSABILIDADE LIMITADA;2025-04-30;Derivativos;10.74
CLASSES - FIF;00.793.947/0001-05;;BRADESCO VÊNUS FIF - CLASSE DE INVESTIMENTO EM COTAS RENDA FIXA - RESPONSABILIDADE LIMITADA;2025-04-30;Operações compromissadas lastreadas em títulos públicos federais;8.42
CLASSES - FIF;00.793.947/0001-05;;BRADESCO VÊNUS FIF - CLASSE DE INVESTIMENTO EM COTAS RENDA FIXA - RESPONSABILIDADE LIMITADA;2025-04-30;Títulos públicos federais;62.64
FI;00.807.777/0001-62;;DAYCOVAL RENDA FIXA FUNDO DE INVESTIMENTO FINANCEIRO;2025-04-30;Cotas de Fundos de Investimento 409;20.92
FI;00.807.777/0001-62;;DAYCOVAL RENDA FIXA FUNDO DE INVESTIMENTO FINANCEIRO;2025-04-30;Depósitos a Prazo e Outros Títulos de Instituições Financeiras;11.72
FI;00.807.777/0001-62;;DAYCOVAL RENDA FIXA FUNDO DE INVESTIMENTO FINANCEIRO;2025-04-30;Operações Compromissadas Lastreadas em Títulos Públicos Federais;44.67
FI;00.807.777/0001-62;;DAYCOVAL RENDA FIXA FUNDO DE INVESTIMENTO FINANCEIRO;2025-04-30;Títulos de Crédito Privado;2.78
FI;00.807.777/0001-62;;DAYCOVAL RENDA FIXA FUNDO DE INVESTIMENTO FINANCEIRO;2025-04-30;Títulos Públicos Federais;18.31
CLASSES - FIF;00.809.773/0001-13;;BRADESCO H FIF - CLASSE DE INVESTIMENTO EM COTAS RENDA FIXA CURTO PRAZO OVER - RESP LIMITADA;2025-04-30;Operações compromissadas lastreadas em títulos públicos federais;95.70
CLASSES - FIF;00.824.198/0001-28;;BRADESCO FC DE FUNDO DE INVESTIMENTO FINANCEIRO RF REF DI FEDERAL - RESP LIMITADA;2025-04-30;Derivativos;0.00
CLASSES - FIF;00.824.198/0001-28;;BRADESCO FC DE FUNDO DE INVESTIMENTO FINANCEIRO RF REF DI FEDERAL - RESP LIMITADA;2025-04-30;Operações compromissadas lastreadas em títulos públicos federais;28.56
CLASSES - FIF;00.824.198/0001-28;;BRADESCO FC DE FUNDO DE INVESTIMENTO FINANCEIRO RF REF DI FEDERAL - RESP LIMITADA;2025-04-30;Títulos públicos federais;67.57
CLASSES - FIF;00.825.076/0001-56;;PRATICBEC FIF - CLASSE DE INVESTIMENTO RF CURTO PRAZO - RESPONSABILIDADE LIMITADA;2025-04-30;Operações compromissadas lastreadas em títulos públicos federais;96.58
FI;00.825.077/0001-09;;BECMAXI FI FINANCEIRO - CI RF - RESP LIMITADA;2025-04-30;Operações compromissadas lastreadas em títulos públicos federais;100.03
CLASSES - FIF;00.826.901/0001-37;;CS EVOLUTION DI FUNDO DE INVESTIMENTO EM COTAS DE FIF RENDA FIXA REFERENCIADO - RESP LIMITADA;2025-04-30;Outras Cotas de Fundos de Investimento;100.05
CLASSES - FIF;00.826.901/0001-37;;CS EVOLUTION DI FUNDO DE INVESTIMENTO EM COTAS DE FIF RENDA FIXA REFERENCIADO - RESP LIMITADA;2025-04-30;Outros;0.04
CLASSES - FIF;00.826.903/0001-26;;CSHG TOP FUNDO DE INVESTIMENTO EM COTAS DE FUNDOS DE INVESTIMENTO FINANCEIRO MULT RESP LIMITADA;2025-04-30;Outras Cotas de Fundos de Investimento;100.04
CLASSES - FIF;00.826.903/0001-26;;CSHG TOP FUNDO DE INVESTIMENTO EM COTAS DE FUNDOS DE INVESTIMENTO FINANCEIRO MULT RESP LIMITADA;2025-04-30;Outros;0.00
FI;00.829.163/0001-81;;BRADESCO FIF - CIC MULTI MULTIPERFORMANCE - RESP LIMITADA;2025-04-30;Cotas de fundos de investimento 409;99.87
CLASSES - FIF;00.832.453/0001-84;;CSHG DI FUNDO DE INVESTIMENTO FINANCEIRO RENDA FIXA CURTO PRAZO - RESPONSABILIDADE LIMITADA;2025-04-30;Outros;100.41
FI;00.836.263/0001-35;;TIVIO ATIVO FI FINANCEIRO - CI RF LP - RESP LIMITADA;2025-04-30;Ações;0.03
FI;00.836.263/0001-35;;TIVIO ATIVO FI FINANCEIRO - CI RF LP - RESP LIMITADA;2025-04-30;Operações compromissadas lastreadas em títulos públicos federais;74.60
FI;00.836.263/0001-35;;TIVIO ATIVO FI FINANCEIRO - CI RF LP - RESP LIMITADA;2025-04-30;Títulos de crédito privado;0.10
FI;00.836.263/0001-35;;TIVIO ATIVO FI FINANCEIRO - CI RF LP - RESP LIMITADA;2025-04-30;Títulos públicos federais;25.96
CLASSES - FIF;00.838.266/0001-08;;BANESTES VITÓRIA 500 FIC DE FIF RENDA FIXA REFERENCIADO DI RESPONSABILIDADE LIMITADA;2025-04-30;Depósitos a prazo e outros títulos de instituições financeiras;11.56
CLASSES - FIF;00.838.266/0001-08;;BANESTES VITÓRIA 500 FIC DE FIF RENDA FIXA REFERENCIADO DI RESPONSABILIDADE LIMITADA;2025-04-30;Operações compromissadas lastreadas em títulos públicos federais;45.31
CLASSES - FIF;00.838.266/0001-08;;BANESTES VITÓRIA 500 FIC DE FIF RENDA FIXA REFERENCIADO DI RESPONSABILIDADE LIMITADA;2025-04-30;Outras cotas de fundos de investimento;1.16
CLASSES - FIF;00.838.266/0001-08;;BANESTES VITÓRIA 500 FIC DE FIF RENDA FIXA REFERENCIADO DI RESPONSABILIDADE LIMITADA;2025-04-30;Títulos de crédito privado;10.18
CLASSES - FIF;00.838.266/0001-08;;BANESTES VITÓRIA 500 FIC DE FIF RENDA FIXA REFERENCIADO DI RESPONSABILIDADE LIMITADA;2025-04-30;Títulos públicos federais;31.89
CLASSES - FIF;00.838.267/0001-52;;BANESTES INVESTIDOR AUTOMÁTICO FIF RENDA FIXA CURTO PRAZO RESPONSABILIDADE LIMITADA;2025-04-30;Operações compromissadas lastreadas em títulos públicos federais;90.16
CLASSES - FIF;00.838.269/0001-41;;BANESTES INVEST MONEY FIF RENDA FIXA RESPONSABILIDADE LIMITADA;2025-04-30;Operações compromissadas lastreadas em títulos públicos federais;76.03
CLASSES - FIF;00.838.269/0001-41;;BANESTES INVEST MONEY FIF RENDA FIXA RESPONSABILIDADE LIMITADA;2025-04-30;Títulos públicos federais;23.98
CLASSES - FIF;00.885.760/0001-23;;BRADESCO H FC DE FUNDO DE INVESTIMENTO FINANCEIRO RF REF DI LONGO PRAZO 50 - RESP LIMITADA;2025-04-30;Depósitos a prazo e outros títulos de instituições financeiras;0.05
CLASSES - FIF;00.885.760/0001-23;;BRADESCO H FC DE FUNDO DE INVESTIMENTO FINANCEIRO RF REF DI LONGO PRAZO 50 - RESP LIMITADA;2025-04-30;Operações compromissadas lastreadas em títulos públicos federais;28.57
CLASSES - FIF;00.885.760/0001-23;;BRADESCO H FC DE FUNDO DE INVESTIMENTO FINANCEIRO RF REF DI LONGO PRAZO 50 - RESP LIMITADA;2025-04-30;Títulos de crédito privado;0.00
CLASSES - FIF;00.885.760/0001-23;;BRADESCO H FC DE FUNDO DE INVESTIMENTO FINANCEIRO RF REF DI LONGO PRAZO 50 - RESP LIMITADA;2025-04-30;Títulos públicos federais;71.51
FI;00.885.762/0001-12;;BRADESCO H FIF - CLASSE DE  INVESTIMENTO RF REFERENCIADA DI LP TÍTULOS PÚBLICOS - RESP LIMITADA;2025-04-30;Operações compromissadas lastreadas em títulos públicos federais;9.84
FI;00.885.762/0001-12;;BRADESCO H FIF - CLASSE DE  INVESTIMENTO RF REFERENCIADA DI LP TÍTULOS PÚBLICOS - RESP LIMITADA;2025-04-30;Títulos públicos federais;90.19
CLASSES - FIF;00.975.480/0001-06;;BRADESCO H FIF  - CLASSE DE  INVESTIMENTO RF REFERENCIADA DI LONGO PRAZO  RESPONSABILIDADE LIMITADA;2025-04-30;Operações compromissadas lastreadas em títulos públicos federais;7.06
CLASSES - FIF;00.975.480/0001-06;;BRADESCO H FIF  - CLASSE DE  INVESTIMENTO RF REFERENCIADA DI LONGO PRAZO  RESPONSABILIDADE LIMITADA;2025-04-30;Títulos públicos federais;92.96
CLASSES - FIF;00.979.181/0001-40;;BRADESCO FIF - CLASSE DE INVESTIMENTO EM COTAS RENDA FIXA SOMA - RESPONSABILIDADE LIMITADA;2025-04-30;Cotas de fundos de investimento 409;19.79
CLASSES - FIF;00.979.181/0001-40;;BRADESCO FIF - CLASSE DE INVESTIMENTO EM COTAS RENDA FIXA SOMA - RESPONSABILIDADE LIMITADA;2025-04-30;Depósitos a prazo e outros títulos de instituições financeiras;6.25
CLASSES - FIF;00.979.181/0001-40;;BRADESCO FIF - CLASSE DE INVESTIMENTO EM COTAS RENDA FIXA SOMA - RESPONSABILIDADE LIMITADA;2025-04-30;Derivativos;11.08
CLASSES - FIF;00.979.181/0001-40;;BRADESCO FIF - CLASSE DE INVESTIMENTO EM COTAS RENDA FIXA SOMA - RESPONSABILIDADE LIMITADA;2025-04-30;Operações compromissadas lastreadas em títulos públicos federais;8.70
CLASSES - FIF;00.979.181/0001-40;;BRADESCO FIF - CLASSE DE INVESTIMENTO EM COTAS RENDA FIXA SOMA - RESPONSABILIDADE LIMITADA;2025-04-30;Títulos públicos federais;64.67
CLASSES - FIF;01.114.310/0001-08;;BRADESCO H FIF - CLASSE DE INVESTIMENTO EM COTAS RENDA FIXA LONGO PRAZO PLUS - RESP LIMITADA;2025-04-30;Cotas de fundos de investimento 409;69.22
CLASSES - FIF;01.114.310/0001-08;;BRADESCO H FIF - CLASSE DE INVESTIMENTO EM COTAS RENDA FIXA LONGO PRAZO PLUS - RESP LIMITADA;2025-04-30;Operações compromissadas lastreadas em títulos públicos federais;8.93
CLASSES - FIF;01.114.310/0001-08;;BRADESCO H FIF - CLASSE DE INVESTIMENTO EM COTAS RENDA FIXA LONGO PRAZO PLUS - RESP LIMITADA;2025-04-30;Títulos públicos federais;21.99
FI;01.171.956/0001-19;;BRADESCO FIF - CLASSE DE INVESTIMENTO EM COTAS CAMBIAL DÓLAR - RESP LIMITADA;2025-04-30;Derivativos;99.95
FI;01.171.956/0001-19;;BRADESCO FIF - CLASSE DE INVESTIMENTO EM COTAS CAMBIAL DÓLAR - RESP LIMITADA;2025-04-30;Operações compromissadas lastreadas em títulos públicos federais;12.12
FI;01.171.956/0001-19;;BRADESCO FIF - CLASSE DE INVESTIMENTO EM COTAS CAMBIAL DÓLAR - RESP LIMITADA;2025-04-30;Títulos públicos federais;87.48
FI;01.171.957/0001-63;;BRAM FI FINANCEIRO - CI RF - RESP LIMITADA;2025-04-30;Depósitos a prazo e outros títulos de instituições financeiras;11.74
FI;01.171.957/0001-63;;BRAM FI FINANCEIRO - CI RF - RESP LIMITADA;2025-04-30;Derivativos;11.10
FI;01.171.957/0001-63;;BRAM FI FINANCEIRO - CI RF - RESP LIMITADA;2025-04-30;Operações compromissadas lastreadas em títulos públicos federais;16.43
FI;01.171.957/0001-63;;BRAM FI FINANCEIRO - CI RF - RESP LIMITADA;2025-04-30;Títulos de crédito privado;2.39
FI;01.171.957/0001-63;;BRAM FI FINANCEIRO - CI RF - RESP LIMITADA;2025-04-30;Títulos públicos federais;68.61
CLASSES - FIF;01.197.545/0001-00;;BRADESCO FIF - CLASSE DE INVESTIMENTO EM COTAS RENDA FIXA SATURNO - RESPONSABILIDADE LIMITADA;2025-04-30;Cotas de fundos de investimento 409;18.98
CLASSES - FIF;01.197.545/0001-00;;BRADESCO FIF - CLASSE DE INVESTIMENTO EM COTAS RENDA FIXA SATURNO - RESPONSABILIDADE LIMITADA;2025-04-30;Depósitos a prazo e outros títulos de instituições financeiras;6.00
CLASSES - FIF;01.197.545/0001-00;;BRADESCO FIF - CLASSE DE INVESTIMENTO EM COTAS RENDA FIXA SATURNO - RESPONSABILIDADE LIMITADA;2025-04-30;Derivativos;10.63
CLASSES - FIF;01.197.545/0001-00;;BRADESCO FIF - CLASSE DE INVESTIMENTO EM COTAS RENDA FIXA SATURNO - RESPONSABILIDADE LIMITADA;2025-04-30;Operações compromissadas lastreadas em títulos públicos federais;8.34
CLASSES - FIF;01.197.545/0001-00;;BRADESCO FIF - CLASSE DE INVESTIMENTO EM COTAS RENDA FIXA SATURNO - RESPONSABILIDADE LIMITADA;2025-04-30;Títulos públicos federais;62.03
FI;01.221.890/0001-24;;CSHG VERDE FUNDO DE INVESTIMENTO EM COTAS DE FIF MULTIMERCADO - RESPONSABILIDADE LIMITADA;2025-04-30;Cotas de Fundos de Investimento 555;100.02
FI;01.221.890/0001-24;;CSHG VERDE FUNDO DE INVESTIMENTO EM COTAS DE FIF MULTIMERCADO - RESPONSABILIDADE LIMITADA;2025-04-30;Outros;0.00
FI;01.353.260/0001-03;;BANRISUL AUTOMÁTICO FUNDO DE INVESTIMENTO FINANCEIRO RENDA FIXA CURTO PRAZO RESPONSABILIDADE LIMITAD;2025-04-30;OPERAÇÕES COMPROMISSADAS LASTREADAS EM TÍTULOS PÚBLICOS FEDERAIS;95.84
FI;01.375.954/0001-41;;PLANNER REDWOOD FUNDO DE INVESTIMENTO RENDA FIXA LONGO PRAZO RESPOSABILIDADE LIMITADA;2025-04-30;Cotas de Fundos;2.36
FI;01.375.954/0001-41;;PLANNER REDWOOD FUNDO DE INVESTIMENTO RENDA FIXA LONGO PRAZO RESPOSABILIDADE LIMITADA;2025-04-30;Renda Fixa;97.40
FI;01.464.595/0001-07;;CSHG FUNDO DE INVESTIMENTO FINANCEIRO - CAMBIAL RESPONSABILIDADE LIMITADA;2025-04-30;Compromissadas lastreadas em T¿los P¿blicos;7.24
FI;01.464.595/0001-07;;CSHG FUNDO DE INVESTIMENTO FINANCEIRO - CAMBIAL RESPONSABILIDADE LIMITADA;2025-04-30;Derivativos;0.00
FI;01.464.595/0001-07;;CSHG FUNDO DE INVESTIMENTO FINANCEIRO - CAMBIAL RESPONSABILIDADE LIMITADA;2025-04-30;Outros;0.02
FI;01.464.595/0001-07;;CSHG FUNDO DE INVESTIMENTO FINANCEIRO - CAMBIAL RESPONSABILIDADE LIMITADA;2025-04-30;T¿los P¿blicos Federais;92.27
FI;01.496.940/0001-86;;BRAM H INSTITUCIONAL FI FINANCEIRO - CIA - RESP LIMITADA;2025-04-30;Ações;95.42
FI;01.496.940/0001-86;;BRAM H INSTITUCIONAL FI FINANCEIRO - CIA - RESP LIMITADA;2025-04-30;Cotas de fundos de investimento 409;0.00
FI;01.496.940/0001-86;;BRAM H INSTITUCIONAL FI FINANCEIRO - CIA - RESP LIMITADA;2025-04-30;Derivativos;2.87
FI;01.496.940/0001-86;;BRAM H INSTITUCIONAL FI FINANCEIRO - CIA - RESP LIMITADA;2025-04-30;Operações compromissadas lastreadas em títulos públicos federais;4.01
FI;01.541.649/0001-82;;BRADESCO FIF - CIC MULTI GOLDEN PROFIT CONSERVADOR - RESP LIMITADA;2025-04-30;Ações;10.87
FI;01.541.649/0001-82;;BRADESCO FIF - CIC MULTI GOLDEN PROFIT CONSERVADOR - RESP LIMITADA;2025-04-30;Cotas de fundos de investimento 409;15.70
FI;01.541.649/0001-82;;BRADESCO FIF - CIC MULTI GOLDEN PROFIT CONSERVADOR - RESP LIMITADA;2025-04-30;Derivativos;123.88
FI;01.541.649/0001-82;;BRADESCO FIF - CIC MULTI GOLDEN PROFIT CONSERVADOR - RESP LIMITADA;2025-04-30;Outras aplicações;7.06
FI;01.541.649/0001-82;;BRADESCO FIF - CIC MULTI GOLDEN PROFIT CONSERVADOR - RESP LIMITADA;2025-04-30;Títulos públicos federais;264.84
CLASSES - FIF;01.562.582/0001-62;;BRADESCO H FIF - CLASSE DE INVESTIMENTO RENDA FIXA CRÉDITO PRIVADO LONGO PRAZO ATIVO - RESP LIMITADA;2025-04-30;Depósitos a prazo e outros títulos de instituições financeiras;28.44
CLASSES - FIF;01.562.582/0001-62;;BRADESCO H FIF - CLASSE DE INVESTIMENTO RENDA FIXA CRÉDITO PRIVADO LONGO PRAZO ATIVO - RESP LIMITADA;2025-04-30;Derivativos;12.79
CLASSES - FIF;01.562.582/0001-62;;BRADESCO H FIF - CLASSE DE INVESTIMENTO RENDA FIXA CRÉDITO PRIVADO LONGO PRAZO ATIVO - RESP LIMITADA;2025-04-30;Operações compromissadas lastreadas em títulos públicos federais;13.58
CLASSES - FIF;01.562.582/0001-62;;BRADESCO H FIF - CLASSE DE INVESTIMENTO RENDA FIXA CRÉDITO PRIVADO LONGO PRAZO ATIVO - RESP LIMITADA;2025-04-30;Títulos públicos federais;57.99
CLASSES - FIF;01.587.403/0001-41;;BANESTES VIP DI FIC DE FIF RENDA FIXA REFERENCIADO DI RESPONSABILIDADE LIMITADA;2025-04-30;Depósitos a prazo e outros títulos de instituições financeiras;11.55
CLASSES - FIF;01.587.403/0001-41;;BANESTES VIP DI FIC DE FIF RENDA FIXA REFERENCIADO DI RESPONSABILIDADE LIMITADA;2025-04-30;Operações compromissadas lastreadas em títulos públicos federais;45.28
CLASSES - FIF;01.587.403/0001-41;;BANESTES VIP DI FIC DE FIF RENDA FIXA REFERENCIADO DI RESPONSABILIDADE LIMITADA;2025-04-30;Outras cotas de fundos de investimento;1.16
CLASSES - FIF;01.587.403/0001-41;;BANESTES VIP DI FIC DE FIF RENDA FIXA REFERENCIADO DI RESPONSABILIDADE LIMITADA;2025-04-30;Títulos de crédito privado;10.17
CLASSES - FIF;01.587.403/0001-41;;BANESTES VIP DI FIC DE FIF RENDA FIXA REFERENCIADO DI RESPONSABILIDADE LIMITADA;2025-04-30;Títulos públicos federais;31.87
FI;01.606.543/0001-10;;BRADESCO ALOCAÇÃO MODERADA FI FINANCEIRO - CIC MULT - RESP LIMITADA;2025-04-30;Cotas de fundos de investimento 409;12.22
FI;01.606.543/0001-10;;BRADESCO ALOCAÇÃO MODERADA FI FINANCEIRO - CIC MULT - RESP LIMITADA;2025-04-30;Derivativos;7.62
FI;01.606.543/0001-10;;BRADESCO ALOCAÇÃO MODERADA FI FINANCEIRO - CIC MULT - RESP LIMITADA;2025-04-30;Investimento no exterior;2.45
FI;01.606.543/0001-10;;BRADESCO ALOCAÇÃO MODERADA FI FINANCEIRO - CIC MULT - RESP LIMITADA;2025-04-30;Operações compromissadas lastreadas em títulos públicos federais;15.79
FI;01.606.543/0001-10;;BRADESCO ALOCAÇÃO MODERADA FI FINANCEIRO - CIC MULT - RESP LIMITADA;2025-04-30;Títulos públicos federais;69.67
FI;01.606.544/0001-64;;BRADESCO FIF - CIC MULTI GOLDEN PROFIT DINÂMICO - RESP LIMITADA;2025-04-30;Ações;15.83
FI;01.606.544/0001-64;;BRADESCO FIF - CIC MULTI GOLDEN PROFIT DINÂMICO - RESP LIMITADA;2025-04-30;Cotas de fundos de investimento 409;14.67
FI;01.606.544/0001-64;;BRADESCO FIF - CIC MULTI GOLDEN PROFIT DINÂMICO - RESP LIMITADA;2025-04-30;Derivativos;115.75
FI;01.606.544/0001-64;;BRADESCO FIF - CIC MULTI GOLDEN PROFIT DINÂMICO - RESP LIMITADA;2025-04-30;Outras aplicações;6.59
FI;01.606.544/0001-64;;BRADESCO FIF - CIC MULTI GOLDEN PROFIT DINÂMICO - RESP LIMITADA;2025-04-30;Títulos públicos federais;247.66
CLASSES - FIF;01.606.545/0001-09;;BRADESCO FIF - CLASSE DE INVESTIMENTO EM COTAS RENDA FIXA MACRO - RESPONSABILIDADE LIMITADA;2025-04-30;Cotas de fundos de investimento 409;19.01
CLASSES - FIF;01.606.545/0001-09;;BRADESCO FIF - CLASSE DE INVESTIMENTO EM COTAS RENDA FIXA MACRO - RESPONSABILIDADE LIMITADA;2025-04-30;Depósitos a prazo e outros títulos de instituições financeiras;6.01
CLASSES - FIF;01.606.545/0001-09;;BRADESCO FIF - CLASSE DE INVESTIMENTO EM COTAS RENDA FIXA MACRO - RESPONSABILIDADE LIMITADA;2025-04-30;Derivativos;10.65
CLASSES - FIF;01.606.545/0001-09;;BRADESCO FIF - CLASSE DE INVESTIMENTO EM COTAS RENDA FIXA MACRO - RESPONSABILIDADE LIMITADA;2025-04-30;Operações compromissadas lastreadas em títulos públicos federais;8.35
CLASSES - FIF;01.606.545/0001-09;;BRADESCO FIF - CLASSE DE INVESTIMENTO EM COTAS RENDA FIXA MACRO - RESPONSABILIDADE LIMITADA;2025-04-30;Títulos públicos federais;62.13
CLASSES - FIF;01.606.546/0001-53;;BRADESCO FIF - CLASSE DE INVESTIMENTO EM COTAS RENDA FIXA MERCÚRIO - RESPONSABILIDADE LIMITADA;2025-04-30;Cotas de fundos de investimento 409;19.16
CLASSES - FIF;01.606.546/0001-53;;BRADESCO FIF - CLASSE DE INVESTIMENTO EM COTAS RENDA FIXA MERCÚRIO - RESPONSABILIDADE LIMITADA;2025-04-30;Depósitos a prazo e outros títulos de instituições financeiras;6.05
CLASSES - FIF;01.606.546/0001-53;;BRADESCO FIF - CLASSE DE INVESTIMENTO EM COTAS RENDA FIXA MERCÚRIO - RESPONSABILIDADE LIMITADA;2025-04-30;Derivativos;10.73
CLASSES - FIF;01.606.546/0001-53;;BRADESCO FIF - CLASSE DE INVESTIMENTO EM COTAS RENDA FIXA MERCÚRIO - RESPONSABILIDADE LIMITADA;2025-04-30;Operações compromissadas lastreadas em títulos públicos federais;8.42
CLASSES - FIF;01.606.546/0001-53;;BRADESCO FIF - CLASSE DE INVESTIMENTO EM COTAS RENDA FIXA MERCÚRIO - RESPONSABILIDADE LIMITADA;2025-04-30;Títulos públicos federais;62.61
CLASSES - FIF;01.608.399/0001-50;;CSHG TOP AÇÕES FUNDO DE INVESTIMENTO EM COTAS DE FIF EM AÇÕES RESPONSABILIDADE LIMITADA;2025-04-30;Cotas de Fundos de Investimento 555;28.31
CLASSES - FIF;01.608.399/0001-50;;CSHG TOP AÇÕES FUNDO DE INVESTIMENTO EM COTAS DE FIF EM AÇÕES RESPONSABILIDADE LIMITADA;2025-04-30;Outras Cotas de Fundos de Investimento;73.36
CLASSES - FIF;01.608.399/0001-50;;CSHG TOP AÇÕES FUNDO DE INVESTIMENTO EM COTAS DE FIF EM AÇÕES RESPONSABILIDADE LIMITADA;2025-04-30;Outros;0.02
FI;01.624.111/0001-31;;BECSUPER FIF - CLASSE DE INVESTIMENTO RF REFERENCIADA DI - RESP LIMITADA;2025-04-30;Operações compromissadas lastreadas em títulos públicos federais;100.02
FI;01.675.497/0001-00;;PLURAL AÇÕES FIF - CI EM AÇÕES - RESP LIMITADA;2025-04-30;Ações;65.53
FI;01.675.497/0001-00;;PLURAL AÇÕES FIF - CI EM AÇÕES - RESP LIMITADA;2025-04-30;Cotas de fundos de investimento 409;27.14
FI;01.675.497/0001-00;;PLURAL AÇÕES FIF - CI EM AÇÕES - RESP LIMITADA;2025-04-30;Derivativos;1.21
FI;01.675.497/0001-00;;PLURAL AÇÕES FIF - CI EM AÇÕES - RESP LIMITADA;2025-04-30;Operações compromissadas lastreadas em títulos públicos federais;7.87
FI;01.757.217/0001-03;;BRADESCO FIF - CIC MULTI MAIS - RESP LIMITADA;2025-04-30;Cotas de fundos de investimento 409;99.66
CLASSES - FIF;01.776.200/0001-01;;CLIC FUNDO DE INVESTIMENTO FINANCEIRO EM AÇÕES - RESPONSABILIDADE LIMITADA;2025-04-30;Ações;92.08
CLASSES - FIF;01.776.200/0001-01;;CLIC FUNDO DE INVESTIMENTO FINANCEIRO EM AÇÕES - RESPONSABILIDADE LIMITADA;2025-04-30;Operações compromissadas lastreadas em títulos públicos federais;1.71
CLASSES - FIF;01.776.200/0001-01;;CLIC FUNDO DE INVESTIMENTO FINANCEIRO EM AÇÕES - RESPONSABILIDADE LIMITADA;2025-04-30;Títulos públicos federais;1.67
FI;01.822.655/0001-08;;BANRISUL MASTER FUNDO DE INVESTIMENTO FINANCEIRO RENDA FIXA REFERENCIADO DI LONGO PRAZO RESPONSABILI;2025-04-30;DEPÓSITOS A PRAZO E OUTROS TÍTULOS DE INSTITUIÇÕES FINANCEIRAS;0.60
FI;01.822.655/0001-08;;BANRISUL MASTER FUNDO DE INVESTIMENTO FINANCEIRO RENDA FIXA REFERENCIADO DI LONGO PRAZO RESPONSABILI;2025-04-30;OPERAÇÕES COMPROMISSADAS LASTREADAS EM TÍTULOS PÚBLICOS FEDERAIS;16.91
FI;01.822.655/0001-08;;BANRISUL MASTER FUNDO DE INVESTIMENTO FINANCEIRO RENDA FIXA REFERENCIADO DI LONGO PRAZO RESPONSABILI;2025-04-30;TÍTULOS DE CRÉDITO PRIVADO;28.96
FI;01.822.655/0001-08;;BANRISUL MASTER FUNDO DE INVESTIMENTO FINANCEIRO RENDA FIXA REFERENCIADO DI LONGO PRAZO RESPONSABILI;2025-04-30;TÍTULOS PÚBLICOS FEDERAIS;53.58
CLASSES - FIF;01.960.341/0001-71;;BRADESCO FIF - CLASSE DE INVESTIMENTO EM COTAS RENDA FIXA CURTO PRAZO VERSÁTIL - RESP LIMITADA;2025-04-30;Operações compromissadas lastreadas em títulos públicos federais;95.51
FI;02.131.724/0001-08;;BANRISUL INFRA ESTRUTURA FUNDO DE INVESTIMENTO FINANCEIRO EM AÇÕES RESPONSABILIDADE LIMITADA;2025-04-30;AÇÕES;98.87
FI;02.131.724/0001-08;;BANRISUL INFRA ESTRUTURA FUNDO DE INVESTIMENTO FINANCEIRO EM AÇÕES RESPONSABILIDADE LIMITADA;2025-04-30;OPERAÇÕES COMPROMISSADAS LASTREADAS EM TÍTULOS PÚBLICOS FEDERAIS;0.37
FI;02.131.725/0001-44;;BANRISUL ÍNDICE FUNDO DE INVESTIMENTO FINANCEIRO EM AÇÕES RESPONSABILIDADE LIMITADA;2025-04-30;AÇÕES;97.92
FI;02.131.725/0001-44;;BANRISUL ÍNDICE FUNDO DE INVESTIMENTO FINANCEIRO EM AÇÕES RESPONSABILIDADE LIMITADA;2025-04-30;OPERAÇÕES COMPROMISSADAS LASTREADAS EM TÍTULOS PÚBLICOS FEDERAIS;4.13
FI;02.138.442/0001-24;;BRADESCO H DIVIDENDOS FI FINANCEIRO - CIA - RESP LIMITADA;2025-04-30;Ações;97.86
FI;02.138.442/0001-24;;BRADESCO H DIVIDENDOS FI FINANCEIRO - CIA - RESP LIMITADA;2025-04-30;Derivativos;2.12
FI;02.138.442/0001-24;;BRADESCO H DIVIDENDOS FI FINANCEIRO - CIA - RESP LIMITADA;2025-04-30;Operações compromissadas lastreadas em títulos públicos federais;0.30
FI;02.171.479/0001-54;;BRADESCO FIF - CLASSE DE INVESTIMENTO EM COTAS DE AÇÕES IBOVESPA ATIVO - RESP LIMITADA;2025-04-30;Ações;92.68
FI;02.171.479/0001-54;;BRADESCO FIF - CLASSE DE INVESTIMENTO EM COTAS DE AÇÕES IBOVESPA ATIVO - RESP LIMITADA;2025-04-30;Derivativos;1.13
FI;02.171.479/0001-54;;BRADESCO FIF - CLASSE DE INVESTIMENTO EM COTAS DE AÇÕES IBOVESPA ATIVO - RESP LIMITADA;2025-04-30;Investimento no exterior;4.67
FI;02.171.479/0001-54;;BRADESCO FIF - CLASSE DE INVESTIMENTO EM COTAS DE AÇÕES IBOVESPA ATIVO - RESP LIMITADA;2025-04-30;Operações compromissadas lastreadas em títulos públicos federais;2.48
FI;02.294.024/0001-26;;BRADESCO H FIF - CIC CAMBIAL LONGO PRAZO DÓLAR - RESPONSABILIDADE LIMITADA;2025-04-30;Derivativos;99.86
FI;02.294.024/0001-26;;BRADESCO H FIF - CIC CAMBIAL LONGO PRAZO DÓLAR - RESPONSABILIDADE LIMITADA;2025-04-30;Operações compromissadas lastreadas em títulos públicos federais;12.05
FI;02.294.024/0001-26;;BRADESCO H FIF - CIC CAMBIAL LONGO PRAZO DÓLAR - RESPONSABILIDADE LIMITADA;2025-04-30;Títulos públicos federais;87.58
FI;02.335.944/0001-45;;BRADESCO FUNDO DE INVESTIMENTO RENDA FIXA TARGET I;2025-04-30;Depósitos a prazo e outros títulos de instituições financeiras;12.86
FI;02.335.944/0001-45;;BRADESCO FUNDO DE INVESTIMENTO RENDA FIXA TARGET I;2025-04-30;Derivativos;2.50
FI;02.335.944/0001-45;;BRADESCO FUNDO DE INVESTIMENTO RENDA FIXA TARGET I;2025-04-30;Operações compromissadas lastreadas em títulos públicos federais;5.29
FI;02.335.944/0001-45;;BRADESCO FUNDO DE INVESTIMENTO RENDA FIXA TARGET I;2025-04-30;Títulos de crédito privado;13.74
FI;02.335.944/0001-45;;BRADESCO FUNDO DE INVESTIMENTO RENDA FIXA TARGET I;2025-04-30;Títulos públicos federais;67.52
FI;02.430.487/0001-78;;BANRISUL SUPER FUNDO DE INVESTIMENTO FINANCEIRO RENDA FIXA CURTO PRAZO RESPONSABILIDADE LIMITADA;2025-04-30;OPERAÇÕES COMPROMISSADAS LASTREADAS EM TÍTULOS PÚBLICOS FEDERAIS;94.93
CLASSES - FIF;02.567.996/0001-47;;BRADESCO FIF - CIC RENDA FIXA REFERENCIADA DI FEDERAL PLUS - RESPONSABILIDADE LIMITADA;2025-04-30;Derivativos;0.00
CLASSES - FIF;02.567.996/0001-47;;BRADESCO FIF - CIC RENDA FIXA REFERENCIADA DI FEDERAL PLUS - RESPONSABILIDADE LIMITADA;2025-04-30;Operações compromissadas lastreadas em títulos públicos federais;28.64
CLASSES - FIF;02.567.996/0001-47;;BRADESCO FIF - CIC RENDA FIXA REFERENCIADA DI FEDERAL PLUS - RESPONSABILIDADE LIMITADA;2025-04-30;Títulos públicos federais;67.77
CLASSES - FIF;02.567.997/0001-91;;BRADESCO FIF - CLASSE DE INVESTIMENTO EM COTAS RENDA FIXA MARTE - RESPONSABILIDADE LIMITADA;2025-04-30;Cotas de fundos de investimento 409;19.49
CLASSES - FIF;02.567.997/0001-91;;BRADESCO FIF - CLASSE DE INVESTIMENTO EM COTAS RENDA FIXA MARTE - RESPONSABILIDADE LIMITADA;2025-04-30;Depósitos a prazo e outros títulos de instituições financeiras;6.16
CLASSES - FIF;02.567.997/0001-91;;BRADESCO FIF - CLASSE DE INVESTIMENTO EM COTAS RENDA FIXA MARTE - RESPONSABILIDADE LIMITADA;2025-04-30;Derivativos;10.91
CLASSES - FIF;02.567.997/0001-91;;BRADESCO FIF - CLASSE DE INVESTIMENTO EM COTAS RENDA FIXA MARTE - RESPONSABILIDADE LIMITADA;2025-04-30;Operações compromissadas lastreadas em títulos públicos federais;8.56
CLASSES - FIF;02.567.997/0001-91;;BRADESCO FIF - CLASSE DE INVESTIMENTO EM COTAS RENDA FIXA MARTE - RESPONSABILIDADE LIMITADA;2025-04-30;Títulos públicos federais;63.69
CLASSES - FIF;02.763.602/0001-26;;BRADESCO PRIME FIF - CLASSE DE INVESTIMENTO EM COTAS DE AÇÕES SMALL CAP - RESPONSABILIDADE LIMITADA;2025-04-30;Ações;92.05
CLASSES - FIF;02.763.602/0001-26;;BRADESCO PRIME FIF - CLASSE DE INVESTIMENTO EM COTAS DE AÇÕES SMALL CAP - RESPONSABILIDADE LIMITADA;2025-04-30;Operações compromissadas lastreadas em títulos públicos federais;6.63
FI;02.998.239/0001-28;;BRAM FIF - CLASSE DE INVESTIMENTO RF TARGET - RESP LIMITADA;2025-04-30;Cotas de fundos de investimento 409;0.58
FI;02.998.239/0001-28;;BRAM FIF - CLASSE DE INVESTIMENTO RF TARGET - RESP LIMITADA;2025-04-30;Depósitos a prazo e outros títulos de instituições financeiras;32.32
FI;02.998.239/0001-28;;BRAM FIF - CLASSE DE INVESTIMENTO RF TARGET - RESP LIMITADA;2025-04-30;Operações compromissadas lastreadas em títulos públicos federais;41.39
FI;02.998.239/0001-28;;BRAM FIF - CLASSE DE INVESTIMENTO RF TARGET - RESP LIMITADA;2025-04-30;Títulos de crédito privado;6.77
FI;02.998.239/0001-28;;BRAM FIF - CLASSE DE INVESTIMENTO RF TARGET - RESP LIMITADA;2025-04-30;Títulos públicos federais;18.75
FI;03.054.724/0001-06;;BRADESCO YIELD FI FINANCEIRO - CI RF LP - RESP LIMITADA;2025-04-30;Operações compromissadas lastreadas em títulos públicos federais;25.11
FI;03.054.724/0001-06;;BRADESCO YIELD FI FINANCEIRO - CI RF LP - RESP LIMITADA;2025-04-30;Títulos públicos federais;74.54
CLASSES - FIF;03.256.793/0001-00;;BRADESCO FIF - CLASSE DE INVESTIMENTO RENDA FIXA REFERENCIADA DI FEDERAL EXTRA -RESP LIMITADA;2025-04-30;Derivativos;0.00
CLASSES - FIF;03.256.793/0001-00;;BRADESCO FIF - CLASSE DE INVESTIMENTO RENDA FIXA REFERENCIADA DI FEDERAL EXTRA -RESP LIMITADA;2025-04-30;Operações compromissadas lastreadas em títulos públicos federais;29.30
CLASSES - FIF;03.256.793/0001-00;;BRADESCO FIF - CLASSE DE INVESTIMENTO RENDA FIXA REFERENCIADA DI FEDERAL EXTRA -RESP LIMITADA;2025-04-30;Títulos públicos federais;69.33
FI;03.287.127/0001-21;;IMPACTO VALOR FUNDO DE INVESTIMENTO FINANCEIRO EM AÇÕES RESPONSABILIDADE LIMITADA;2025-04-30;Acões;95.82
FI;03.287.127/0001-21;;IMPACTO VALOR FUNDO DE INVESTIMENTO FINANCEIRO EM AÇÕES RESPONSABILIDADE LIMITADA;2025-04-30;Depósito a prazo e outros títulos de instituições financeiras;4.18
FI;03.287.127/0001-21;;IMPACTO VALOR FUNDO DE INVESTIMENTO FINANCEIRO EM AÇÕES RESPONSABILIDADE LIMITADA;2025-04-30;Operacões compromissadas lastreadas em títulos privados;0.00
FI;03.287.127/0001-21;;IMPACTO VALOR FUNDO DE INVESTIMENTO FINANCEIRO EM AÇÕES RESPONSABILIDADE LIMITADA;2025-04-30;Operacões compromissadas lastreadas em títulos públicos federais;0.00
FI;03.287.127/0001-21;;IMPACTO VALOR FUNDO DE INVESTIMENTO FINANCEIRO EM AÇÕES RESPONSABILIDADE LIMITADA;2025-04-30;Títulos Públicos federais;0.00
FI;03.295.134/0001-75;;AMIGOS DO COELHO FUNDO DE INVESTIMENTO EM AÇÕES RESPONSABILIDADE LIMITADA;2025-04-30;Ações;90.59
FI;03.295.134/0001-75;;AMIGOS DO COELHO FUNDO DE INVESTIMENTO EM AÇÕES RESPONSABILIDADE LIMITADA;2025-04-30;Operações compromissadas lastreadas em títulospúblicos federais;4.94
FI;03.295.134/0001-75;;AMIGOS DO COELHO FUNDO DE INVESTIMENTO EM AÇÕES RESPONSABILIDADE LIMITADA;2025-04-30;Outras aplicações;4.46
FI;03.319.016/0001-50;;TIVIO DÓLAR CAMBIAL FIF - CLASSE DE INVESTIMENTO EM COTAS CAMBIAL - RESPONSABILIDADE LIMITADA;2025-04-30;Derivativos;99.26
FI;03.319.016/0001-50;;TIVIO DÓLAR CAMBIAL FIF - CLASSE DE INVESTIMENTO EM COTAS CAMBIAL - RESPONSABILIDADE LIMITADA;2025-04-30;Operações compromissadas lastreadas em títulos públicos federais;10.45
FI;03.319.016/0001-50;;TIVIO DÓLAR CAMBIAL FIF - CLASSE DE INVESTIMENTO EM COTAS CAMBIAL - RESPONSABILIDADE LIMITADA;2025-04-30;Títulos públicos federais;89.17
FI;03.394.711/0001-86;;BRADESCO IBOVESPA PLUS FI FINANCEIRO - CIA - RESP LIMITADA;2025-04-30;Ações;98.54
FI;03.394.711/0001-86;;BRADESCO IBOVESPA PLUS FI FINANCEIRO - CIA - RESP LIMITADA;2025-04-30;Derivativos;1.39
FI;03.394.711/0001-86;;BRADESCO IBOVESPA PLUS FI FINANCEIRO - CIA - RESP LIMITADA;2025-04-30;Operações compromissadas lastreadas em títulos públicos federais;0.23
CLASSES - FIF;03.399.411/0001-90;;BRADESCO FUNDO DE INVESTIMENTO FINANCEIRO RENDA FIXA REFERENCIADA DI PREMIUM - RESP LIMITADA;2025-04-30;Cotas de fundos de investimento 409;0.85
CLASSES - FIF;03.399.411/0001-90;;BRADESCO FUNDO DE INVESTIMENTO FINANCEIRO RENDA FIXA REFERENCIADA DI PREMIUM - RESP LIMITADA;2025-04-30;Depósitos a prazo e outros títulos de instituições financeiras;30.56
CLASSES - FIF;03.399.411/0001-90;;BRADESCO FUNDO DE INVESTIMENTO FINANCEIRO RENDA FIXA REFERENCIADA DI PREMIUM - RESP LIMITADA;2025-04-30;Operações compromissadas lastreadas em títulos públicos federais;49.67
CLASSES - FIF;03.399.411/0001-90;;BRADESCO FUNDO DE INVESTIMENTO FINANCEIRO RENDA FIXA REFERENCIADA DI PREMIUM - RESP LIMITADA;2025-04-30;Títulos de crédito privado;8.54
CLASSES - FIF;03.399.411/0001-90;;BRADESCO FUNDO DE INVESTIMENTO FINANCEIRO RENDA FIXA REFERENCIADA DI PREMIUM - RESP LIMITADA;2025-04-30;Títulos públicos federais;9.61
FI;03.408.336/0001-86;;CSHG VERDE AM STRATEGY II FUNDO DE INVESTIMENTO EM COTAS DE FIF AÇÕES - RESPONSABILIDADE LIMITADA;2025-04-30;Cotas de Fundos de Investimento 555;100.06
FI;03.408.336/0001-86;;CSHG VERDE AM STRATEGY II FUNDO DE INVESTIMENTO EM COTAS DE FIF AÇÕES - RESPONSABILIDADE LIMITADA;2025-04-30;Outros;0.10
FI;03.473.193/0001-96;;BRADESCO INSTITUCIONAL IBRX ATIVO FI FINANCEIRO - CIA - RESP LIMITADA;2025-04-30;Ações;82.95
FI;03.473.193/0001-96;;BRADESCO INSTITUCIONAL IBRX ATIVO FI FINANCEIRO - CIA - RESP LIMITADA;2025-04-30;Cotas de fundos de investimento 409;0.45
FI;03.473.193/0001-96;;BRADESCO INSTITUCIONAL IBRX ATIVO FI FINANCEIRO - CIA - RESP LIMITADA;2025-04-30;Derivativos;15.45
FI;03.473.193/0001-96;;BRADESCO INSTITUCIONAL IBRX ATIVO FI FINANCEIRO - CIA - RESP LIMITADA;2025-04-30;Operações compromissadas lastreadas em títulos públicos federais;11.61
CLASSES - FIF;03.553.574/0001-85;;BRADESCO FIF - CLASSE DE INVESTIMENTO MULTIMERCADO TEAM - RESPONSABILIDADE LIMITADA;2025-04-30;Operações compromissadas lastreadas em títulos públicos federais;9.95
CLASSES - FIF;03.553.574/0001-85;;BRADESCO FIF - CLASSE DE INVESTIMENTO MULTIMERCADO TEAM - RESPONSABILIDADE LIMITADA;2025-04-30;Títulos públicos federais;89.87
FI;03.583.239/0001-20;;BRADESCO H AQUAMARINE FIF - CLASSE DE  INVESTIMENTO EM COTAS MULT - RESPONSABILIDADE LIMITADA;2025-04-30;Cotas de fundos de investimento 409;99.18
FI;03.583.239/0001-20;;BRADESCO H AQUAMARINE FIF - CLASSE DE  INVESTIMENTO EM COTAS MULT - RESPONSABILIDADE LIMITADA;2025-04-30;Operações compromissadas lastreadas em títulos públicos federais;0.28
FI;03.583.239/0001-20;;BRADESCO H AQUAMARINE FIF - CLASSE DE  INVESTIMENTO EM COTAS MULT - RESPONSABILIDADE LIMITADA;2025-04-30;Títulos públicos federais;0.69
FI;03.660.879/0001-96;;BRADESCO SELECTION FI FINANCEIRO - CIC EM AÇÕES - RESP LIMITADA;2025-04-30;Ações;87.27
FI;03.660.879/0001-96;;BRADESCO SELECTION FI FINANCEIRO - CIC EM AÇÕES - RESP LIMITADA;2025-04-30;Derivativos;0.09
FI;03.660.879/0001-96;;BRADESCO SELECTION FI FINANCEIRO - CIC EM AÇÕES - RESP LIMITADA;2025-04-30;Operações compromissadas lastreadas em títulos públicos federais;8.23
CLASSES - FIF;03.706.631/0001-19;;BRADESCO H FIF - CIC RENDA FIXA REFERENCIA DI LONGO PRAZO GRUPOS  - RESPONSABILIDADE LIMITADA;2025-04-30;Depósitos a prazo e outros títulos de instituições financeiras;3.85
CLASSES - FIF;03.706.631/0001-19;;BRADESCO H FIF - CIC RENDA FIXA REFERENCIA DI LONGO PRAZO GRUPOS  - RESPONSABILIDADE LIMITADA;2025-04-30;Operações compromissadas lastreadas em títulos públicos federais;63.67
CLASSES - FIF;03.706.631/0001-19;;BRADESCO H FIF - CIC RENDA FIXA REFERENCIA DI LONGO PRAZO GRUPOS  - RESPONSABILIDADE LIMITADA;2025-04-30;Títulos de crédito privado;0.08
CLASSES - FIF;03.706.631/0001-19;;BRADESCO H FIF - CIC RENDA FIXA REFERENCIA DI LONGO PRAZO GRUPOS  - RESPONSABILIDADE LIMITADA;2025-04-30;Títulos públicos federais;31.92
CLASSES - FIF;03.766.575/0001-08;;BRADESCO FIF - CIC RENDA FIXA REFERENCIADA DI HIPERFUNDO -RESPONSABILIDADE LIMITADA;2025-04-30;Depósitos a prazo e outros títulos de instituições financeiras;3.86
CLASSES - FIF;03.766.575/0001-08;;BRADESCO FIF - CIC RENDA FIXA REFERENCIADA DI HIPERFUNDO -RESPONSABILIDADE LIMITADA;2025-04-30;Operações compromissadas lastreadas em títulos públicos federais;63.93
CLASSES - FIF;03.766.575/0001-08;;BRADESCO FIF - CIC RENDA FIXA REFERENCIADA DI HIPERFUNDO -RESPONSABILIDADE LIMITADA;2025-04-30;Títulos de crédito privado;0.08
CLASSES - FIF;03.766.575/0001-08;;BRADESCO FIF - CIC RENDA FIXA REFERENCIADA DI HIPERFUNDO -RESPONSABILIDADE LIMITADA;2025-04-30;Títulos públicos federais;32.05
CLASSES - FIF;03.805.966/0001-94;;BRADESCO PRIME H FIF - CLASSE DE INVESTIMENTO EM COTAS RENDA FIXA LONGO PRAZO - RESP LIMITADA;2025-04-30;Cotas de fundos de investimento 409;90.20
CLASSES - FIF;03.805.966/0001-94;;BRADESCO PRIME H FIF - CLASSE DE INVESTIMENTO EM COTAS RENDA FIXA LONGO PRAZO - RESP LIMITADA;2025-04-30;Operações compromissadas lastreadas em títulos públicos federais;2.88
CLASSES - FIF;03.805.966/0001-94;;BRADESCO PRIME H FIF - CLASSE DE INVESTIMENTO EM COTAS RENDA FIXA LONGO PRAZO - RESP LIMITADA;2025-04-30;Títulos públicos federais;7.09
CLASSES - FIF;03.805.990/0001-23;;BRADESCO H FIF - CIC RENDA FIXA REFERENCIADA DI LONGO PRAZO 15.000 - RESPONSABILIDADE LIMITADA;2025-04-30;Depósitos a prazo e outros títulos de instituições financeiras;3.86
CLASSES - FIF;03.805.990/0001-23;;BRADESCO H FIF - CIC RENDA FIXA REFERENCIADA DI LONGO PRAZO 15.000 - RESPONSABILIDADE LIMITADA;2025-04-30;Operações compromissadas lastreadas em títulos públicos federais;63.95
CLASSES - FIF;03.805.990/0001-23;;BRADESCO H FIF - CIC RENDA FIXA REFERENCIADA DI LONGO PRAZO 15.000 - RESPONSABILIDADE LIMITADA;2025-04-30;Títulos de crédito privado;0.08
CLASSES - FIF;03.805.990/0001-23;;BRADESCO H FIF - CIC RENDA FIXA REFERENCIADA DI LONGO PRAZO 15.000 - RESPONSABILIDADE LIMITADA;2025-04-30;Títulos públicos federais;32.06
FI;03.894.320/0001-20;;BRADESCO BOND FI FINANCEIRO - CI RF - RESP LIMITADA;2025-04-30;Cotas de fundos de investimento 409;3.05
FI;03.894.320/0001-20;;BRADESCO BOND FI FINANCEIRO - CI RF - RESP LIMITADA;2025-04-30;Depósitos a prazo e outros títulos de instituições financeiras;3.78
FI;03.894.320/0001-20;;BRADESCO BOND FI FINANCEIRO - CI RF - RESP LIMITADA;2025-04-30;Operações compromissadas lastreadas em títulos públicos federais;14.58
FI;03.894.320/0001-20;;BRADESCO BOND FI FINANCEIRO - CI RF - RESP LIMITADA;2025-04-30;Títulos de crédito privado;8.83
FI;03.894.320/0001-20;;BRADESCO BOND FI FINANCEIRO - CI RF - RESP LIMITADA;2025-04-30;Títulos públicos federais;69.56
FI;03.897.077/0001-02;;BAHIA AM II FIF - CLASSE DE INVESTIMENTO EM AÇÕES - RESP LIMITADA;2025-04-30;Ações;82.68
FI;03.897.077/0001-02;;BAHIA AM II FIF - CLASSE DE INVESTIMENTO EM AÇÕES - RESP LIMITADA;2025-04-30;Derivativos;12.69
FI;03.897.077/0001-02;;BAHIA AM II FIF - CLASSE DE INVESTIMENTO EM AÇÕES - RESP LIMITADA;2025-04-30;Operações compromissadas lastreadas em títulos públicos federais;14.27
CLASSES - FIF;03.916.081/0001-62;;BRADESCO FIF - CLASSE DE INVESTIMENTO EM AÇÕES PETROBRAS - RESPONSABILIDADE LIMITADA;2025-04-30;Ações;97.44
CLASSES - FIF;03.916.081/0001-62;;BRADESCO FIF - CLASSE DE INVESTIMENTO EM AÇÕES PETROBRAS - RESPONSABILIDADE LIMITADA;2025-04-30;Operações compromissadas lastreadas em títulos públicos federais;0.40
CLASSES - FIF;03.922.006/0001-04;;BRADESCO H PETROBRAS FIF - CLASSE DE INVESTIMENTO EM AÇÕES - - RESPONSABILIDADE LIMITADA;2025-04-30;Ações;97.49
CLASSES - FIF;03.922.006/0001-04;;BRADESCO H PETROBRAS FIF - CLASSE DE INVESTIMENTO EM AÇÕES - - RESPONSABILIDADE LIMITADA;2025-04-30;Títulos públicos federais;0.31
CLASSES - FIF;04.044.634/0001-05;;BRADESCO H FIF - CIC RENDA FIXA REFERENCIADA DI LONGO PRAZO PJ - RESPONSABILIDADE LIMITADA;2025-04-30;Depósitos a prazo e outros títulos de instituições financeiras;3.86
CLASSES - FIF;04.044.634/0001-05;;BRADESCO H FIF - CIC RENDA FIXA REFERENCIADA DI LONGO PRAZO PJ - RESPONSABILIDADE LIMITADA;2025-04-30;Operações compromissadas lastreadas em títulos públicos federais;63.95
CLASSES - FIF;04.044.634/0001-05;;BRADESCO H FIF - CIC RENDA FIXA REFERENCIADA DI LONGO PRAZO PJ - RESPONSABILIDADE LIMITADA;2025-04-30;Títulos de crédito privado;0.08
CLASSES - FIF;04.044.634/0001-05;;BRADESCO H FIF - CIC RENDA FIXA REFERENCIADA DI LONGO PRAZO PJ - RESPONSABILIDADE LIMITADA;2025-04-30;Títulos públicos federais;32.06
FI;04.066.545/0001-51;;SULAMÉRICA FUNDO DE FUNDOS FIF DA CLASSE DE INVESTIMENTO EM COTAS MULT CP RESPONSABILIDADE LIMITADA;2025-04-30;Ações;0.00
FI;04.066.545/0001-51;;SULAMÉRICA FUNDO DE FUNDOS FIF DA CLASSE DE INVESTIMENTO EM COTAS MULT CP RESPONSABILIDADE LIMITADA;2025-04-30;Cotas de Fundo;99.98
FI;04.066.545/0001-51;;SULAMÉRICA FUNDO DE FUNDOS FIF DA CLASSE DE INVESTIMENTO EM COTAS MULT CP RESPONSABILIDADE LIMITADA;2025-04-30;Outros;1.82
FI;04.066.545/0001-51;;SULAMÉRICA FUNDO DE FUNDOS FIF DA CLASSE DE INVESTIMENTO EM COTAS MULT CP RESPONSABILIDADE LIMITADA;2025-04-30;Títulos de crédito privado;0.00
FI;04.066.545/0001-51;;SULAMÉRICA FUNDO DE FUNDOS FIF DA CLASSE DE INVESTIMENTO EM COTAS MULT CP RESPONSABILIDADE LIMITADA;2025-04-30;Títulos público federais;0.00
CLASSES - FIF;04.088.561/0001-45;;BRADESCO PRIME H FC DE FI FINANCEIRO RF REF DI LP PLUS - RESP LIMITADA;2025-04-30;Depósitos a prazo e outros títulos de instituições financeiras;3.86
CLASSES - FIF;04.088.561/0001-45;;BRADESCO PRIME H FC DE FI FINANCEIRO RF REF DI LP PLUS - RESP LIMITADA;2025-04-30;Operações compromissadas lastreadas em títulos públicos federais;63.92
CLASSES - FIF;04.088.561/0001-45;;BRADESCO PRIME H FC DE FI FINANCEIRO RF REF DI LP PLUS - RESP LIMITADA;2025-04-30;Títulos de crédito privado;0.08
CLASSES - FIF;04.088.561/0001-45;;BRADESCO PRIME H FC DE FI FINANCEIRO RF REF DI LP PLUS - RESP LIMITADA;2025-04-30;Títulos públicos federais;32.04
CLASSES - FIF;04.113.848/0001-88;;BRAM FIF - CLASSE DE INVESTIMENTO MULTIMERCADO GOLDEN PROFIT - RESPONSABILIDADE LIMITADA;2025-04-30;Ações;4.31
CLASSES - FIF;04.113.848/0001-88;;BRAM FIF - CLASSE DE INVESTIMENTO MULTIMERCADO GOLDEN PROFIT - RESPONSABILIDADE LIMITADA;2025-04-30;Cotas de fundos de investimento 409;17.00
CLASSES - FIF;04.113.848/0001-88;;BRAM FIF - CLASSE DE INVESTIMENTO MULTIMERCADO GOLDEN PROFIT - RESPONSABILIDADE LIMITADA;2025-04-30;Derivativos;134.10
CLASSES - FIF;04.113.848/0001-88;;BRAM FIF - CLASSE DE INVESTIMENTO MULTIMERCADO GOLDEN PROFIT - RESPONSABILIDADE LIMITADA;2025-04-30;Outras aplicações;7.64
CLASSES - FIF;04.113.848/0001-88;;BRAM FIF - CLASSE DE INVESTIMENTO MULTIMERCADO GOLDEN PROFIT - RESPONSABILIDADE LIMITADA;2025-04-30;Títulos públicos federais;286.65
FI;04.147.027/0001-62;;CSHG ALLOCATION VERDE 14 FUNDO DE INVESTIMENTO EM COTAS FIF MULTIMERCADO - RESPONSABILIDADE LIMITADA;2025-04-30;Outras Cotas de Fundos de Investimento;100.02
FI;04.147.027/0001-62;;CSHG ALLOCATION VERDE 14 FUNDO DE INVESTIMENTO EM COTAS FIF MULTIMERCADO - RESPONSABILIDADE LIMITADA;2025-04-30;Outros;0.01
CLASSES - FIF;04.147.465/0001-20;;BRADESCO H FIF  - CIC RENDA FIXA REFERENCIADA DI LONGO PRAZO PJ PLUS  - RESPONSABILIDADE LIMITADA;2025-04-30;Depósitos a prazo e outros títulos de instituições financeiras;3.86
CLASSES - FIF;04.147.465/0001-20;;BRADESCO H FIF  - CIC RENDA FIXA REFERENCIADA DI LONGO PRAZO PJ PLUS  - RESPONSABILIDADE LIMITADA;2025-04-30;Operações compromissadas lastreadas em títulos públicos federais;63.92
CLASSES - FIF;04.147.465/0001-20;;BRADESCO H FIF  - CIC RENDA FIXA REFERENCIADA DI LONGO PRAZO PJ PLUS  - RESPONSABILIDADE LIMITADA;2025-04-30;Títulos de crédito privado;0.08
CLASSES - FIF;04.147.465/0001-20;;BRADESCO H FIF  - CIC RENDA FIXA REFERENCIADA DI LONGO PRAZO PJ PLUS  - RESPONSABILIDADE LIMITADA;2025-04-30;Títulos públicos federais;32.05
FI;04.163.555/0001-05;;GERAL ASSET LONG TERM FUNDO DE INVESTIMENTO DE AÇÕES - RESPONSABILIDADE LIMITADA;2025-04-30;Ações;89.32
FI;04.163.555/0001-05;;GERAL ASSET LONG TERM FUNDO DE INVESTIMENTO DE AÇÕES - RESPONSABILIDADE LIMITADA;2025-04-30;Operações compromissadas lastreadas em títulospúblicos federais;10.57
FI;04.163.555/0001-05;;GERAL ASSET LONG TERM FUNDO DE INVESTIMENTO DE AÇÕES - RESPONSABILIDADE LIMITADA;2025-04-30;Outras aplicações;0.12
FI;04.228.545/0001-00;;BRADESCO CORPORATE FI FINANCEIRO - CI RF CRED PRIV - RESP LIMITADA;2025-04-30;Cotas de fundos de investimento 409;3.15
FI;04.228.545/0001-00;;BRADESCO CORPORATE FI FINANCEIRO - CI RF CRED PRIV - RESP LIMITADA;2025-04-30;Depósitos a prazo e outros títulos de instituições financeiras;45.82
FI;04.228.545/0001-00;;BRADESCO CORPORATE FI FINANCEIRO - CI RF CRED PRIV - RESP LIMITADA;2025-04-30;Operações compromissadas lastreadas em títulos públicos federais;26.24
FI;04.228.545/0001-00;;BRADESCO CORPORATE FI FINANCEIRO - CI RF CRED PRIV - RESP LIMITADA;2025-04-30;Títulos de crédito privado;19.73
FI;04.228.545/0001-00;;BRADESCO CORPORATE FI FINANCEIRO - CI RF CRED PRIV - RESP LIMITADA;2025-04-30;Títulos públicos federais;4.74
CLASSES - FIF;04.237.569/0001-26;;BRADESCO FIF - CLASSE DE  INVESTIMENTO EM COTAS RENDA FIXA REFERENCIADA DI SAFIRA - RESP LTDA;2025-04-30;Depósitos a prazo e outros títulos de instituições financeiras;3.86
CLASSES - FIF;04.237.569/0001-26;;BRADESCO FIF - CLASSE DE  INVESTIMENTO EM COTAS RENDA FIXA REFERENCIADA DI SAFIRA - RESP LTDA;2025-04-30;Operações compromissadas lastreadas em títulos públicos federais;63.93
CLASSES - FIF;04.237.569/0001-26;;BRADESCO FIF - CLASSE DE  INVESTIMENTO EM COTAS RENDA FIXA REFERENCIADA DI SAFIRA - RESP LTDA;2025-04-30;Títulos de crédito privado;0.08
CLASSES - FIF;04.237.569/0001-26;;BRADESCO FIF - CLASSE DE  INVESTIMENTO EM COTAS RENDA FIXA REFERENCIADA DI SAFIRA - RESP LTDA;2025-04-30;Títulos públicos federais;32.05
CLASSES - FIF;04.237.578/0001-17;;BRADESCO FIF - CLASSE DE INVESTIMENTO EM COTAS RENDA FIXA SIMPLES BRILHANTE - RESP LIMITADA;2025-04-30;Operações compromissadas lastreadas em títulos públicos federais;38.84
CLASSES - FIF;04.237.578/0001-17;;BRADESCO FIF - CLASSE DE INVESTIMENTO EM COTAS RENDA FIXA SIMPLES BRILHANTE - RESP LIMITADA;2025-04-30;Títulos públicos federais;55.63
CLASSES - FIF;04.237.583/0001-20;;BRADESCO FIF - CIC RENDA FIXA REFERENCIADA DI PLATINUM - RESPONSABILIDADE LIMITADA;2025-04-30;Depósitos a prazo e outros títulos de instituições financeiras;3.53
CLASSES - FIF;04.237.583/0001-20;;BRADESCO FIF - CIC RENDA FIXA REFERENCIADA DI PLATINUM - RESPONSABILIDADE LIMITADA;2025-04-30;Derivativos;0.00
CLASSES - FIF;04.237.583/0001-20;;BRADESCO FIF - CIC RENDA FIXA REFERENCIADA DI PLATINUM - RESPONSABILIDADE LIMITADA;2025-04-30;Operações compromissadas lastreadas em títulos públicos federais;60.32
CLASSES - FIF;04.237.583/0001-20;;BRADESCO FIF - CIC RENDA FIXA REFERENCIADA DI PLATINUM - RESPONSABILIDADE LIMITADA;2025-04-30;Títulos de crédito privado;0.08
CLASSES - FIF;04.237.583/0001-20;;BRADESCO FIF - CIC RENDA FIXA REFERENCIADA DI PLATINUM - RESPONSABILIDADE LIMITADA;2025-04-30;Títulos públicos federais;33.77
CLASSES - FIF;04.240.128/0001-83;;TIVIO INSTITUCIONAL 15 FIF - CI RENDA FIXA CRÉDITO PRIVADO LONGO PRAZO - RESP LIMITADA;2025-04-30;Cotas de fundos de investimento 409;16.61
CLASSES - FIF;04.240.128/0001-83;;TIVIO INSTITUCIONAL 15 FIF - CI RENDA FIXA CRÉDITO PRIVADO LONGO PRAZO - RESP LIMITADA;2025-04-30;Depósitos a prazo e outros títulos de instituições financeiras;17.11
CLASSES - FIF;04.240.128/0001-83;;TIVIO INSTITUCIONAL 15 FIF - CI RENDA FIXA CRÉDITO PRIVADO LONGO PRAZO - RESP LIMITADA;2025-04-30;Operações compromissadas lastreadas em títulos públicos federais;10.40
CLASSES - FIF;04.240.128/0001-83;;TIVIO INSTITUCIONAL 15 FIF - CI RENDA FIXA CRÉDITO PRIVADO LONGO PRAZO - RESP LIMITADA;2025-04-30;Títulos de crédito privado;49.53
CLASSES - FIF;04.240.128/0001-83;;TIVIO INSTITUCIONAL 15 FIF - CI RENDA FIXA CRÉDITO PRIVADO LONGO PRAZO - RESP LIMITADA;2025-04-30;Títulos públicos federais;5.93
FI;04.244.149/0001-77;;BRADESCO FIF - CIC DE FUNDOS DE INVESTIMENTO CAMBIAL DÓLAR SPECIAL - RESP LIMITADA;2025-04-30;Derivativos;99.88
FI;04.244.149/0001-77;;BRADESCO FIF - CIC DE FUNDOS DE INVESTIMENTO CAMBIAL DÓLAR SPECIAL - RESP LIMITADA;2025-04-30;Operações compromissadas lastreadas em títulos públicos federais;12.12
FI;04.244.149/0001-77;;BRADESCO FIF - CIC DE FUNDOS DE INVESTIMENTO CAMBIAL DÓLAR SPECIAL - RESP LIMITADA;2025-04-30;Títulos públicos federais;87.42
CLASSES - FIF;04.253.078/0001-79;;BRAM FIF - CLASSE DE INVESTIMENTO RENDA FIXA REFERENCIADA DI RUBI - RESP LIMITADA;2025-04-30;Depósitos a prazo e outros títulos de instituições financeiras;3.86
CLASSES - FIF;04.253.078/0001-79;;BRAM FIF - CLASSE DE INVESTIMENTO RENDA FIXA REFERENCIADA DI RUBI - RESP LIMITADA;2025-04-30;Operações compromissadas lastreadas em títulos públicos federais;63.87
CLASSES - FIF;04.253.078/0001-79;;BRAM FIF - CLASSE DE INVESTIMENTO RENDA FIXA REFERENCIADA DI RUBI - RESP LIMITADA;2025-04-30;Títulos de crédito privado;0.08
CLASSES - FIF;04.253.078/0001-79;;BRAM FIF - CLASSE DE INVESTIMENTO RENDA FIXA REFERENCIADA DI RUBI - RESP LIMITADA;2025-04-30;Títulos públicos federais;32.02
FI;04.277.488/0001-50;;VERT FIF - CLASSE DE INVESTIMENTO EM COTAS MULTIMERCADO - RESP LIMITADA;2025-04-30;Cotas de fundos de investimento 409;96.33
FI;04.277.488/0001-50;;VERT FIF - CLASSE DE INVESTIMENTO EM COTAS MULTIMERCADO - RESP LIMITADA;2025-04-30;Operações compromissadas lastreadas em títulos públicos federais;1.07
FI;04.277.488/0001-50;;VERT FIF - CLASSE DE INVESTIMENTO EM COTAS MULTIMERCADO - RESP LIMITADA;2025-04-30;Títulos públicos federais;2.63
CLASSES - FIF;04.299.610/0001-99;;CS EVOLUTION DI PRIVATE FUNDO DE INVESTIMENTO EM COTAS DE FIF RENDA FIXA REF - RESP LIMITADA;2025-04-30;Outras Cotas de Fundos de Investimento;100.02
CLASSES - FIF;04.299.610/0001-99;;CS EVOLUTION DI PRIVATE FUNDO DE INVESTIMENTO EM COTAS DE FIF RENDA FIXA REF - RESP LIMITADA;2025-04-30;Outros;0.00
FI;04.310.455/0001-64;;VERT 14 FIF - CLASSE DE INVESTIMENTO EM COTAS MULTIMERCADO - RESP LIMITADA;2025-04-30;Cotas de fundos de investimento 409;97.18
FI;04.310.455/0001-64;;VERT 14 FIF - CLASSE DE INVESTIMENTO EM COTAS MULTIMERCADO - RESP LIMITADA;2025-04-30;Operações compromissadas lastreadas em títulos públicos federais;0.82
FI;04.310.455/0001-64;;VERT 14 FIF - CLASSE DE INVESTIMENTO EM COTAS MULTIMERCADO - RESP LIMITADA;2025-04-30;Títulos públicos federais;2.03
FI;04.353.257/0001-88;;SÃO PEDRO FUNDO DE INVESTIMENTO FINANCEIRO EM AÇÕES RESPONSABILIDADE LIMITADA;2025-04-30;Acões;83.09
FI;04.353.257/0001-88;;SÃO PEDRO FUNDO DE INVESTIMENTO FINANCEIRO EM AÇÕES RESPONSABILIDADE LIMITADA;2025-04-30;Cotas de Fundos de Investimento 555;7.99
FI;04.353.257/0001-88;;SÃO PEDRO FUNDO DE INVESTIMENTO FINANCEIRO EM AÇÕES RESPONSABILIDADE LIMITADA;2025-04-30;Depósito a prazo e outros títulos de instituições financeiras;7.44
FI;04.353.257/0001-88;;SÃO PEDRO FUNDO DE INVESTIMENTO FINANCEIRO EM AÇÕES RESPONSABILIDADE LIMITADA;2025-04-30;Operacões compromissadas lastreadas em títulos privados;0.00
FI;04.353.257/0001-88;;SÃO PEDRO FUNDO DE INVESTIMENTO FINANCEIRO EM AÇÕES RESPONSABILIDADE LIMITADA;2025-04-30;Títulos Públicos federais;0.00
CLASSES - FIF;04.437.609/0001-83;;BRADESCO H FIF - CIC RF CRÉDITO PRIV LP PRIVATE PERFORMANCE - RESP LIMITADA;2025-04-30;Cotas de fundos de investimento 409;3.19
CLASSES - FIF;04.437.609/0001-83;;BRADESCO H FIF - CIC RF CRÉDITO PRIV LP PRIVATE PERFORMANCE - RESP LIMITADA;2025-04-30;Depósitos a prazo e outros títulos de instituições financeiras;32.04
CLASSES - FIF;04.437.609/0001-83;;BRADESCO H FIF - CIC RF CRÉDITO PRIV LP PRIVATE PERFORMANCE - RESP LIMITADA;2025-04-30;Operações compromissadas lastreadas em títulos públicos federais;25.60
CLASSES - FIF;04.437.609/0001-83;;BRADESCO H FIF - CIC RF CRÉDITO PRIV LP PRIVATE PERFORMANCE - RESP LIMITADA;2025-04-30;Títulos de crédito privado;34.11
CLASSES - FIF;04.437.609/0001-83;;BRADESCO H FIF - CIC RF CRÉDITO PRIV LP PRIVATE PERFORMANCE - RESP LIMITADA;2025-04-30;Títulos públicos federais;4.87
CLASSES - FIF;04.443.397/0001-47;;BRAM FIF - CLASSE DE INVESTIMENTO CAMBIAL DÓLAR - RESPONSABILIDADE LIMITADA;2025-04-30;Derivativos;99.79
CLASSES - FIF;04.443.397/0001-47;;BRAM FIF - CLASSE DE INVESTIMENTO CAMBIAL DÓLAR - RESPONSABILIDADE LIMITADA;2025-04-30;Operações compromissadas lastreadas em títulos públicos federais;12.11
CLASSES - FIF;04.443.397/0001-47;;BRAM FIF - CLASSE DE INVESTIMENTO CAMBIAL DÓLAR - RESPONSABILIDADE LIMITADA;2025-04-30;Títulos públicos federais;87.35
CLASSES - FIF;04.520.220/0001-05;;BRADESCO FIF - CIC RENDA FIXA REFERENCIADA DI LONGO PRAZO 30.000 - RESPONSABILIDADE LIMITADA;2025-04-30;Depósitos a prazo e outros títulos de instituições financeiras;3.86
CLASSES - FIF;04.520.220/0001-05;;BRADESCO FIF - CIC RENDA FIXA REFERENCIADA DI LONGO PRAZO 30.000 - RESPONSABILIDADE LIMITADA;2025-04-30;Operações compromissadas lastreadas em títulos públicos federais;63.92
CLASSES - FIF;04.520.220/0001-05;;BRADESCO FIF - CIC RENDA FIXA REFERENCIADA DI LONGO PRAZO 30.000 - RESPONSABILIDADE LIMITADA;2025-04-30;Títulos de crédito privado;0.08
CLASSES - FIF;04.520.220/0001-05;;BRADESCO FIF - CIC RENDA FIXA REFERENCIADA DI LONGO PRAZO 30.000 - RESPONSABILIDADE LIMITADA;2025-04-30;Títulos públicos federais;32.05
CLASSES - FIF;04.570.232/0001-36;;MB MATIC RENDA FIXA LONGO PRAZO FUNDO DE INVESTIMENTO  FINANCEIRO - RESPONSABILIDADE LIMITADA;2025-04-30;Depósitos a prazo e outros títulos de instituições financeiras;27.57
CLASSES - FIF;04.570.232/0001-36;;MB MATIC RENDA FIXA LONGO PRAZO FUNDO DE INVESTIMENTO  FINANCEIRO - RESPONSABILIDADE LIMITADA;2025-04-30;Operações compromissadas lastreadas em títulos públicos federais;18.42
CLASSES - FIF;04.570.232/0001-36;;MB MATIC RENDA FIXA LONGO PRAZO FUNDO DE INVESTIMENTO  FINANCEIRO - RESPONSABILIDADE LIMITADA;2025-04-30;Títulos públicos federais;54.19
CLASSES - FIF;04.820.026/0001-37;;ICATU VANGUARDA MULTIESTRATÉGIA MODERADO FUNDO DE INVESTIMENTO EM COTAS FIF MULT - RESP LIMITADA;2025-04-30;Ações;12.98
CLASSES - FIF;04.820.026/0001-37;;ICATU VANGUARDA MULTIESTRATÉGIA MODERADO FUNDO DE INVESTIMENTO EM COTAS FIF MULT - RESP LIMITADA;2025-04-30;Cotas de fundos de investimento 409;7.54
CLASSES - FIF;04.820.026/0001-37;;ICATU VANGUARDA MULTIESTRATÉGIA MODERADO FUNDO DE INVESTIMENTO EM COTAS FIF MULT - RESP LIMITADA;2025-04-30;Operações compromissadas lastreadas em títulos públicos federais;11.12
CLASSES - FIF;04.820.026/0001-37;;ICATU VANGUARDA MULTIESTRATÉGIA MODERADO FUNDO DE INVESTIMENTO EM COTAS FIF MULT - RESP LIMITADA;2025-04-30;Títulos de crédito privado;13.72
CLASSES - FIF;04.820.026/0001-37;;ICATU VANGUARDA MULTIESTRATÉGIA MODERADO FUNDO DE INVESTIMENTO EM COTAS FIF MULT - RESP LIMITADA;2025-04-30;Títulos públicos federais;45.11
FI;04.823.412/0001-82;;BRADESCO H FIF - CIC RF CURTO PRAZO - RESP LIMITADA;2025-04-30;Cotas de fundos de investimento 409;0.00
FI;04.823.412/0001-82;;BRADESCO H FIF - CIC RF CURTO PRAZO - RESP LIMITADA;2025-04-30;Depósitos a prazo e outros títulos de instituições financeiras;0.00
FI;04.823.412/0001-82;;BRADESCO H FIF - CIC RF CURTO PRAZO - RESP LIMITADA;2025-04-30;Operações compromissadas lastreadas em títulos públicos federais;100.04
FI;04.823.412/0001-82;;BRADESCO H FIF - CIC RF CURTO PRAZO - RESP LIMITADA;2025-04-30;Títulos de crédito privado;0.00
FI;04.823.412/0001-82;;BRADESCO H FIF - CIC RF CURTO PRAZO - RESP LIMITADA;2025-04-30;Títulos públicos federais;0.00
FI;04.828.795/0001-81;;BANRISUL FOCO IMA G FUNDO DE INVESTIMENTO FINANCEIRO RENDA FIXA LONGO PRAZO RESPONSABILIDADE LIMITAD;2025-04-30;DERIVATIVOS;7.57
FI;04.828.795/0001-81;;BANRISUL FOCO IMA G FUNDO DE INVESTIMENTO FINANCEIRO RENDA FIXA LONGO PRAZO RESPONSABILIDADE LIMITAD;2025-04-30;OPERAÇÕES COMPROMISSADAS LASTREADAS EM TÍTULOS PÚBLICOS FEDERAIS;8.23
FI;04.828.795/0001-81;;BANRISUL FOCO IMA G FUNDO DE INVESTIMENTO FINANCEIRO RENDA FIXA LONGO PRAZO RESPONSABILIDADE LIMITAD;2025-04-30;TÍTULOS PÚBLICOS FEDERAIS;91.75
CLASSES - FIF;04.830.483/0001-02;;BRADESCO PRIVATE FIF - CIC MULTIMERCADO MULTIESTRATÉGIA PLUS -RESPONSABILIDADE LIMITADA;2025-04-30;Cotas de fundos de investimento 409;99.99
CLASSES - FIF;04.831.907/0001-53;;BRADESCO REFERENCIADA DI SKY FIF - CIC RENDA FIXA - RESPONSABILIDADE LIMITADA;2025-04-30;Cotas de fundos de investimento 409;2.15
CLASSES - FIF;04.831.907/0001-53;;BRADESCO REFERENCIADA DI SKY FIF - CIC RENDA FIXA - RESPONSABILIDADE LIMITADA;2025-04-30;Depósitos a prazo e outros títulos de instituições financeiras;28.49
CLASSES - FIF;04.831.907/0001-53;;BRADESCO REFERENCIADA DI SKY FIF - CIC RENDA FIXA - RESPONSABILIDADE LIMITADA;2025-04-30;Operações compromissadas lastreadas em títulos públicos federais;41.50
CLASSES - FIF;04.831.907/0001-53;;BRADESCO REFERENCIADA DI SKY FIF - CIC RENDA FIXA - RESPONSABILIDADE LIMITADA;2025-04-30;Títulos de crédito privado;11.46
CLASSES - FIF;04.831.907/0001-53;;BRADESCO REFERENCIADA DI SKY FIF - CIC RENDA FIXA - RESPONSABILIDADE LIMITADA;2025-04-30;Títulos públicos federais;16.44
FI;04.839.017/0001-98;;SULAMÉRICA EXCLUSIVE FIF RENDA FIXA REFERENCIADO DI DE RESPONSABILIDADE LIMITADA;2025-04-30;Cotas de Fundo;0.00
FI;04.839.017/0001-98;;SULAMÉRICA EXCLUSIVE FIF RENDA FIXA REFERENCIADO DI DE RESPONSABILIDADE LIMITADA;2025-04-30;Op. Compromissadas lastreadas em títulos públicos;0.00
FI;04.839.017/0001-98;;SULAMÉRICA EXCLUSIVE FIF RENDA FIXA REFERENCIADO DI DE RESPONSABILIDADE LIMITADA;2025-04-30;Outros;20.64
FI;04.839.017/0001-98;;SULAMÉRICA EXCLUSIVE FIF RENDA FIXA REFERENCIADO DI DE RESPONSABILIDADE LIMITADA;2025-04-30;Títulos de crédito privado;0.00
FI;04.839.017/0001-98;;SULAMÉRICA EXCLUSIVE FIF RENDA FIXA REFERENCIADO DI DE RESPONSABILIDADE LIMITADA;2025-04-30;Títulos público federais;79.36
CLASSES - FIF;04.841.745/0001-34;;BRAM PRIVATE FIF - CLASSE DE INVESTIMENTO MULTIMERCADO MULTIESTRATÉGIA - RESP LIMITADA;2025-04-30;Operações compromissadas lastreadas em títulos públicos federais;11.38
CLASSES - FIF;04.841.745/0001-34;;BRAM PRIVATE FIF - CLASSE DE INVESTIMENTO MULTIMERCADO MULTIESTRATÉGIA - RESP LIMITADA;2025-04-30;Títulos públicos federais;88.52
CLASSES - FIF;04.875.006/0001-63;;BRAM IQ FIF - CLASSE DE INVESTIMENTO RENDA FIXA CRÉDITO PRIVADO - RESPONSABILIDADE LIMITADA;2025-04-30;Cotas de fundos de investimento 409;3.51
CLASSES - FIF;04.875.006/0001-63;;BRAM IQ FIF - CLASSE DE INVESTIMENTO RENDA FIXA CRÉDITO PRIVADO - RESPONSABILIDADE LIMITADA;2025-04-30;Depósitos a prazo e outros títulos de instituições financeiras;45.73
CLASSES - FIF;04.875.006/0001-63;;BRAM IQ FIF - CLASSE DE INVESTIMENTO RENDA FIXA CRÉDITO PRIVADO - RESPONSABILIDADE LIMITADA;2025-04-30;Operações compromissadas lastreadas em títulos públicos federais;23.27
CLASSES - FIF;04.875.006/0001-63;;BRAM IQ FIF - CLASSE DE INVESTIMENTO RENDA FIXA CRÉDITO PRIVADO - RESPONSABILIDADE LIMITADA;2025-04-30;Títulos de crédito privado;26.10
CLASSES - FIF;04.875.006/0001-63;;BRAM IQ FIF - CLASSE DE INVESTIMENTO RENDA FIXA CRÉDITO PRIVADO - RESPONSABILIDADE LIMITADA;2025-04-30;Títulos públicos federais;0.98
CLASSES - FIF;04.875.166/0001-02;;BRADESCO FIF - CLASSE DE INVESTIMENTO EM COTAS CAMBIAL DÓLAR TOP - RESP LIMITADA;2025-04-30;Derivativos;99.82
CLASSES - FIF;04.875.166/0001-02;;BRADESCO FIF - CLASSE DE INVESTIMENTO EM COTAS CAMBIAL DÓLAR TOP - RESP LIMITADA;2025-04-30;Operações compromissadas lastreadas em títulos públicos federais;12.11
CLASSES - FIF;04.875.166/0001-02;;BRADESCO FIF - CLASSE DE INVESTIMENTO EM COTAS CAMBIAL DÓLAR TOP - RESP LIMITADA;2025-04-30;Títulos públicos federais;87.37
CLASSES - FIF;04.882.617/0001-39;;BRADESCO FIF - CLASSE DE INVESTIMENTO EM AÇÕES VALE - RESPONSABILIDADE LIMITADA;2025-04-30;Ações;99.70
CLASSES - FIF;04.882.617/0001-39;;BRADESCO FIF - CLASSE DE INVESTIMENTO EM AÇÕES VALE - RESPONSABILIDADE LIMITADA;2025-04-30;Operações compromissadas lastreadas em títulos públicos federais;0.44
CLASSES - FIF;04.884.567/0001-29;;BRADESCO BA FIF - CLASSE DE INVESTIMENTO EM AÇÕES VALE -RESP LIMITADA;2025-04-30;Ações;99.08
CLASSES - FIF;04.892.107/0001-42;;BRADESCO H FIF - CLASSE DE INVESTIMENTO EM AÇÕES VALE DO RIO DOCE - RESP LIMITADA;2025-04-30;Ações;99.74
CLASSES - FIF;04.892.107/0001-42;;BRADESCO H FIF - CLASSE DE INVESTIMENTO EM AÇÕES VALE DO RIO DOCE - RESP LIMITADA;2025-04-30;Títulos públicos federais;0.33
CLASSES - FIF;04.899.128/0001-90;;SULAMÉRICA EXCELLENCE FIF RENDA FIXA CRÉDITO PRIVADO DE RESPONSABILIDADE LIMITADA;2025-04-30;Cotas de Fundo;2.69
CLASSES - FIF;04.899.128/0001-90;;SULAMÉRICA EXCELLENCE FIF RENDA FIXA CRÉDITO PRIVADO DE RESPONSABILIDADE LIMITADA;2025-04-30;Op. Compromissadas lastreadas em títulos públicos;0.00
CLASSES - FIF;04.899.128/0001-90;;SULAMÉRICA EXCELLENCE FIF RENDA FIXA CRÉDITO PRIVADO DE RESPONSABILIDADE LIMITADA;2025-04-30;Outros;22.79
CLASSES - FIF;04.899.128/0001-90;;SULAMÉRICA EXCELLENCE FIF RENDA FIXA CRÉDITO PRIVADO DE RESPONSABILIDADE LIMITADA;2025-04-30;Títulos de crédito privado;71.98
CLASSES - FIF;04.899.128/0001-90;;SULAMÉRICA EXCELLENCE FIF RENDA FIXA CRÉDITO PRIVADO DE RESPONSABILIDADE LIMITADA;2025-04-30;Títulos público federais;2.54
CLASSES - FIF;05.084.425/0001-40;;BRADESCO EMPRESAS FIF - CLASSE DE INVESTIMENTO EM COTAS RENDA FIXA CURTO PRAZO - RESP LIMITADA;2025-04-30;Operações compromissadas lastreadas em títulos públicos federais;96.22
CLASSES - FIF;05.084.445/0001-10;;BRADESCO FIF - CLASSE DE INVESTIMENTO EM COTAS RENDA FIXA MULTI-ÍNDICES LONGO PRAZO -RESP LIMITADA;2025-04-30;Cotas de fundos de investimento 409;19.88
CLASSES - FIF;05.084.445/0001-10;;BRADESCO FIF - CLASSE DE INVESTIMENTO EM COTAS RENDA FIXA MULTI-ÍNDICES LONGO PRAZO -RESP LIMITADA;2025-04-30;Depósitos a prazo e outros títulos de instituições financeiras;25.01
CLASSES - FIF;05.084.445/0001-10;;BRADESCO FIF - CLASSE DE INVESTIMENTO EM COTAS RENDA FIXA MULTI-ÍNDICES LONGO PRAZO -RESP LIMITADA;2025-04-30;Derivativos;-4.10
CLASSES - FIF;05.084.445/0001-10;;BRADESCO FIF - CLASSE DE INVESTIMENTO EM COTAS RENDA FIXA MULTI-ÍNDICES LONGO PRAZO -RESP LIMITADA;2025-04-30;Operações compromissadas lastreadas em títulos públicos federais;7.22
CLASSES - FIF;05.084.445/0001-10;;BRADESCO FIF - CLASSE DE INVESTIMENTO EM COTAS RENDA FIXA MULTI-ÍNDICES LONGO PRAZO -RESP LIMITADA;2025-04-30;Títulos públicos federais;48.01
FI;05.207.090/0001-00;;BRAM H CASH II FI FINANCEIRO - CI RF REFERENCIADA DI - RESP LIMITADA;2025-04-30;Títulos públicos federais;98.90
FI;05.222.509/0001-00;;BRADESCO PRIME FUNDO DE INVESTIMENTO FINANCEIRO - CIC CAMBIAL DÓLAR - RESP LIMITADA;2025-04-30;Derivativos;99.74
FI;05.222.509/0001-00;;BRADESCO PRIME FUNDO DE INVESTIMENTO FINANCEIRO - CIC CAMBIAL DÓLAR - RESP LIMITADA;2025-04-30;Operações compromissadas lastreadas em títulos públicos federais;12.04
FI;05.222.509/0001-00;;BRADESCO PRIME FUNDO DE INVESTIMENTO FINANCEIRO - CIC CAMBIAL DÓLAR - RESP LIMITADA;2025-04-30;Títulos públicos federais;87.48
CLASSES - FIF;05.222.510/0001-27;;BRADESCO PRIME FIF - CIC RENDA FIXA REFERENCIADA DI - RESPONSABILIDADE LIMITADA;2025-04-30;Depósitos a prazo e outros títulos de instituições financeiras;3.71
CLASSES - FIF;05.222.510/0001-27;;BRADESCO PRIME FIF - CIC RENDA FIXA REFERENCIADA DI - RESPONSABILIDADE LIMITADA;2025-04-30;Operações compromissadas lastreadas em títulos públicos federais;61.34
CLASSES - FIF;05.222.510/0001-27;;BRADESCO PRIME FIF - CIC RENDA FIXA REFERENCIADA DI - RESPONSABILIDADE LIMITADA;2025-04-30;Títulos de crédito privado;0.08
CLASSES - FIF;05.222.510/0001-27;;BRADESCO PRIME FIF - CIC RENDA FIXA REFERENCIADA DI - RESPONSABILIDADE LIMITADA;2025-04-30;Títulos públicos federais;30.75
CLASSES - FIF;05.222.533/0001-31;;BRADESCO PRIME FIF - CIC RENDA FIXA MULTI-ÍNDICES LONGO PRAZO - RESP LIMITADA;2025-04-30;Cotas de fundos de investimento 409;19.89
CLASSES - FIF;05.222.533/0001-31;;BRADESCO PRIME FIF - CIC RENDA FIXA MULTI-ÍNDICES LONGO PRAZO - RESP LIMITADA;2025-04-30;Depósitos a prazo e outros títulos de instituições financeiras;25.02
CLASSES - FIF;05.222.533/0001-31;;BRADESCO PRIME FIF - CIC RENDA FIXA MULTI-ÍNDICES LONGO PRAZO - RESP LIMITADA;2025-04-30;Derivativos;-4.10
CLASSES - FIF;05.222.533/0001-31;;BRADESCO PRIME FIF - CIC RENDA FIXA MULTI-ÍNDICES LONGO PRAZO - RESP LIMITADA;2025-04-30;Operações compromissadas lastreadas em títulos públicos federais;7.22
CLASSES - FIF;05.222.533/0001-31;;BRADESCO PRIME FIF - CIC RENDA FIXA MULTI-ÍNDICES LONGO PRAZO - RESP LIMITADA;2025-04-30;Títulos públicos federais;48.02
FI;05.222.536/0001-75;;BRADESCO PRIME FIF - CIC MULTI - RESP LIMITADA;2025-04-30;Cotas de fundos de investimento 409;99.95
CLASSES - FIF;05.222.538/0001-64;;BRADESCO PRIME FIF - CIC RENDA FIXA REFERENCIADA DI PLUS -  RESPONSABILIDADE LIMITADA;2025-04-30;Cotas de fundos de investimento 409;1.21
CLASSES - FIF;05.222.538/0001-64;;BRADESCO PRIME FIF - CIC RENDA FIXA REFERENCIADA DI PLUS -  RESPONSABILIDADE LIMITADA;2025-04-30;Depósitos a prazo e outros títulos de instituições financeiras;18.49
CLASSES - FIF;05.222.538/0001-64;;BRADESCO PRIME FIF - CIC RENDA FIXA REFERENCIADA DI PLUS -  RESPONSABILIDADE LIMITADA;2025-04-30;Operações compromissadas lastreadas em títulos públicos federais;45.07
CLASSES - FIF;05.222.538/0001-64;;BRADESCO PRIME FIF - CIC RENDA FIXA REFERENCIADA DI PLUS -  RESPONSABILIDADE LIMITADA;2025-04-30;Títulos de crédito privado;8.12
CLASSES - FIF;05.222.538/0001-64;;BRADESCO PRIME FIF - CIC RENDA FIXA REFERENCIADA DI PLUS -  RESPONSABILIDADE LIMITADA;2025-04-30;Títulos públicos federais;25.09
CLASSES - FIF;05.222.545/0001-66;;BRADESCO PRIME FIF - CLASSE DE INVESTIMENTO EM COTAS RENDA FIXA PLUS - RESPONSABILIDADE LIMITADA;2025-04-30;Cotas de fundos de investimento 409;17.34
CLASSES - FIF;05.222.545/0001-66;;BRADESCO PRIME FIF - CLASSE DE INVESTIMENTO EM COTAS RENDA FIXA PLUS - RESPONSABILIDADE LIMITADA;2025-04-30;Depósitos a prazo e outros títulos de instituições financeiras;7.10
CLASSES - FIF;05.222.545/0001-66;;BRADESCO PRIME FIF - CLASSE DE INVESTIMENTO EM COTAS RENDA FIXA PLUS - RESPONSABILIDADE LIMITADA;2025-04-30;Derivativos;9.65
CLASSES - FIF;05.222.545/0001-66;;BRADESCO PRIME FIF - CLASSE DE INVESTIMENTO EM COTAS RENDA FIXA PLUS - RESPONSABILIDADE LIMITADA;2025-04-30;Operações compromissadas lastreadas em títulos públicos federais;11.18
CLASSES - FIF;05.222.545/0001-66;;BRADESCO PRIME FIF - CLASSE DE INVESTIMENTO EM COTAS RENDA FIXA PLUS - RESPONSABILIDADE LIMITADA;2025-04-30;Títulos públicos federais;60.88
CLASSES - FIF;05.222.547/0001-55;;BRADESCO PRIME FIF - CIC RENDA FIXA - RESPONSABILIDADE LIMITADA;2025-04-30;Cotas de fundos de investimento 409;19.04
CLASSES - FIF;05.222.547/0001-55;;BRADESCO PRIME FIF - CIC RENDA FIXA - RESPONSABILIDADE LIMITADA;2025-04-30;Depósitos a prazo e outros títulos de instituições financeiras;6.02
CLASSES - FIF;05.222.547/0001-55;;BRADESCO PRIME FIF - CIC RENDA FIXA - RESPONSABILIDADE LIMITADA;2025-04-30;Derivativos;10.66
CLASSES - FIF;05.222.547/0001-55;;BRADESCO PRIME FIF - CIC RENDA FIXA - RESPONSABILIDADE LIMITADA;2025-04-30;Operações compromissadas lastreadas em títulos públicos federais;8.37
CLASSES - FIF;05.222.547/0001-55;;BRADESCO PRIME FIF - CIC RENDA FIXA - RESPONSABILIDADE LIMITADA;2025-04-30;Títulos públicos federais;62.22
FI;05.231.773/0001-00;;BRAM MULTI-ÍNDICES FI FINANCEIRO - CI RF - RESP LIMITADA;2025-04-30;Cotas de fundos de investimento 409;0.25
FI;05.231.773/0001-00;;BRAM MULTI-ÍNDICES FI FINANCEIRO - CI RF - RESP LIMITADA;2025-04-30;Depósitos a prazo e outros títulos de instituições financeiras;34.67
FI;05.231.773/0001-00;;BRAM MULTI-ÍNDICES FI FINANCEIRO - CI RF - RESP LIMITADA;2025-04-30;Operações compromissadas lastreadas em títulos públicos federais;13.39
FI;05.231.773/0001-00;;BRAM MULTI-ÍNDICES FI FINANCEIRO - CI RF - RESP LIMITADA;2025-04-30;Títulos de crédito privado;1.41
FI;05.231.773/0001-00;;BRAM MULTI-ÍNDICES FI FINANCEIRO - CI RF - RESP LIMITADA;2025-04-30;Títulos públicos federais;50.37
CLASSES - FIF;05.357.507/0001-10;;BANESTES INSTITUCIONAL FIF RENDA FIXA RESPONSABILIDADE LIMITADA;2025-04-30;Derivativos;0.02
CLASSES - FIF;05.357.507/0001-10;;BANESTES INSTITUCIONAL FIF RENDA FIXA RESPONSABILIDADE LIMITADA;2025-04-30;Operações compromissadas lastreadas em títulos públicos federais;18.09
CLASSES - FIF;05.357.507/0001-10;;BANESTES INSTITUCIONAL FIF RENDA FIXA RESPONSABILIDADE LIMITADA;2025-04-30;Títulos de crédito privado;0.99
CLASSES - FIF;05.357.507/0001-10;;BANESTES INSTITUCIONAL FIF RENDA FIXA RESPONSABILIDADE LIMITADA;2025-04-30;Títulos públicos federais;80.91
FI;05.491.230/0001-14;;CSHG ALLOCATION VERDE AM AGAR FUNDO DE INVESTIMENTO EM COTAS DE FIF MULTIMERCADO - RESP LIMITADA;2025-04-30;Outras Cotas de Fundos de Investimento;100.02
FI;05.491.230/0001-14;;CSHG ALLOCATION VERDE AM AGAR FUNDO DE INVESTIMENTO EM COTAS DE FIF MULTIMERCADO - RESP LIMITADA;2025-04-30;Outros;0.01
FI;05.586.704/0001-01;;CSHG ALLOCATION VERDE 30 FUNDO DE INVESTIMENTO EM COTAS DE FIF MULTIMERCADO - RESP LIMITADA;2025-04-30;Outras Cotas de Fundos de Investimento;100.01
FI;05.586.704/0001-01;;CSHG ALLOCATION VERDE 30 FUNDO DE INVESTIMENTO EM COTAS DE FIF MULTIMERCADO - RESP LIMITADA;2025-04-30;Outros;0.00
FI;05.589.418/0001-08;;BRAM FI FINANCEIRO - CIA IBOVESPA - RESP LIMITADA;2025-04-30;Ações;64.63
FI;05.589.418/0001-08;;BRAM FI FINANCEIRO - CIA IBOVESPA - RESP LIMITADA;2025-04-30;Cotas de fundos de investimento 409;34.46
FI;05.589.418/0001-08;;BRAM FI FINANCEIRO - CIA IBOVESPA - RESP LIMITADA;2025-04-30;Derivativos;0.87
FI;05.589.418/0001-08;;BRAM FI FINANCEIRO - CIA IBOVESPA - RESP LIMITADA;2025-04-30;Operações compromissadas lastreadas em títulos públicos federais;0.57
FI;05.589.424/0001-57;;BRAM FI FINANCEIRO - CIA - RESP LIMITADA;2025-04-30;Ações;68.88
FI;05.589.424/0001-57;;BRAM FI FINANCEIRO - CIA - RESP LIMITADA;2025-04-30;Cotas de fundos de investimento 409;28.85
FI;05.589.424/0001-57;;BRAM FI FINANCEIRO - CIA - RESP LIMITADA;2025-04-30;Derivativos;0.89
FI;05.589.424/0001-57;;BRAM FI FINANCEIRO - CIA - RESP LIMITADA;2025-04-30;Operações compromissadas lastreadas em títulos públicos federais;1.99
FI;05.589.424/0001-57;;BRAM FI FINANCEIRO - CIA - RESP LIMITADA;2025-04-30;Títulos públicos federais;0.02
FI;05.589.433/0001-48;;BRAM FIF - CLASSE DE INVESTIMENTO EM AÇÕES IBOVESPA ATIVO - RESP LIMITADA;2025-04-30;Ações;92.28
FI;05.589.433/0001-48;;BRAM FIF - CLASSE DE INVESTIMENTO EM AÇÕES IBOVESPA ATIVO - RESP LIMITADA;2025-04-30;Derivativos;1.17
FI;05.589.433/0001-48;;BRAM FIF - CLASSE DE INVESTIMENTO EM AÇÕES IBOVESPA ATIVO - RESP LIMITADA;2025-04-30;Investimento no exterior;4.84
FI;05.589.433/0001-48;;BRAM FIF - CLASSE DE INVESTIMENTO EM AÇÕES IBOVESPA ATIVO - RESP LIMITADA;2025-04-30;Operações compromissadas lastreadas em títulos públicos federais;2.47
CLASSES - FIF;05.629.872/0001-37;;BRADESCO CORPORATE FIF -CIC CAMBIAL DÓLAR - RESPONSABILIDADE LIMITADA;2025-04-30;Derivativos;99.80
CLASSES - FIF;05.629.872/0001-37;;BRADESCO CORPORATE FIF -CIC CAMBIAL DÓLAR - RESPONSABILIDADE LIMITADA;2025-04-30;Operações compromissadas lastreadas em títulos públicos federais;12.11
CLASSES - FIF;05.629.872/0001-37;;BRADESCO CORPORATE FIF -CIC CAMBIAL DÓLAR - RESPONSABILIDADE LIMITADA;2025-04-30;Títulos públicos federais;87.36
CLASSES - FIF;05.629.888/0001-40;;BRADESCO CORPORATE FIF -CLASSE DE INVESTIMENTO EM COTAS RENDA FIXA - RESP LIMITADA;2025-04-30;Cotas de fundos de investimento 409;19.01
CLASSES - FIF;05.629.888/0001-40;;BRADESCO CORPORATE FIF -CLASSE DE INVESTIMENTO EM COTAS RENDA FIXA - RESP LIMITADA;2025-04-30;Depósitos a prazo e outros títulos de instituições financeiras;6.01
CLASSES - FIF;05.629.888/0001-40;;BRADESCO CORPORATE FIF -CLASSE DE INVESTIMENTO EM COTAS RENDA FIXA - RESP LIMITADA;2025-04-30;Derivativos;10.65
CLASSES - FIF;05.629.888/0001-40;;BRADESCO CORPORATE FIF -CLASSE DE INVESTIMENTO EM COTAS RENDA FIXA - RESP LIMITADA;2025-04-30;Operações compromissadas lastreadas em títulos públicos federais;8.35
CLASSES - FIF;05.629.888/0001-40;;BRADESCO CORPORATE FIF -CLASSE DE INVESTIMENTO EM COTAS RENDA FIXA - RESP LIMITADA;2025-04-30;Títulos públicos federais;62.14
CLASSES - FIF;05.629.893/0001-52;;BRADESCO CORPORATE FIF -  CIC RENDA FIXA REFERENCIADA DI -  RESPONSABILIDADE LIMITADA;2025-04-30;Depósitos a prazo e outros títulos de instituições financeiras;3.69
CLASSES - FIF;05.629.893/0001-52;;BRADESCO CORPORATE FIF -  CIC RENDA FIXA REFERENCIADA DI -  RESPONSABILIDADE LIMITADA;2025-04-30;Operações compromissadas lastreadas em títulos públicos federais;61.17
CLASSES - FIF;05.629.893/0001-52;;BRADESCO CORPORATE FIF -  CIC RENDA FIXA REFERENCIADA DI -  RESPONSABILIDADE LIMITADA;2025-04-30;Títulos de crédito privado;0.08
CLASSES - FIF;05.629.893/0001-52;;BRADESCO CORPORATE FIF -  CIC RENDA FIXA REFERENCIADA DI -  RESPONSABILIDADE LIMITADA;2025-04-30;Títulos públicos federais;30.67
CLASSES - FIF;05.629.904/0001-02;;BRADESCO CORPORATE FC FIF RENDA FIXA REFERENCIADA DI FEDERAL EXTRA -RESP LIMITADA;2025-04-30;Derivativos;0.00
CLASSES - FIF;05.629.904/0001-02;;BRADESCO CORPORATE FC FIF RENDA FIXA REFERENCIADA DI FEDERAL EXTRA -RESP LIMITADA;2025-04-30;Operações compromissadas lastreadas em títulos públicos federais;28.53
CLASSES - FIF;05.629.904/0001-02;;BRADESCO CORPORATE FC FIF RENDA FIXA REFERENCIADA DI FEDERAL EXTRA -RESP LIMITADA;2025-04-30;Títulos públicos federais;67.50
CLASSES - FIF;05.635.774/0001-02;;BRADESCO H 1.000 FIF - CIC RENDA FIXA REFERENCIADA DI LONGO PRAZO -  RESPONSABILIDADE LIMITADA;2025-04-30;Depósitos a prazo e outros títulos de instituições financeiras;3.86
CLASSES - FIF;05.635.774/0001-02;;BRADESCO H 1.000 FIF - CIC RENDA FIXA REFERENCIADA DI LONGO PRAZO -  RESPONSABILIDADE LIMITADA;2025-04-30;Operações compromissadas lastreadas em títulos públicos federais;63.96
CLASSES - FIF;05.635.774/0001-02;;BRADESCO H 1.000 FIF - CIC RENDA FIXA REFERENCIADA DI LONGO PRAZO -  RESPONSABILIDADE LIMITADA;2025-04-30;Títulos de crédito privado;0.08
CLASSES - FIF;05.635.774/0001-02;;BRADESCO H 1.000 FIF - CIC RENDA FIXA REFERENCIADA DI LONGO PRAZO -  RESPONSABILIDADE LIMITADA;2025-04-30;Títulos públicos federais;32.07
CLASSES - FIF;05.753.141/0001-07;;BRADESCO PRIME FIF - CIC DE AÇÕES IBOVESPA ATIVO - RESPONSABILIDADE LIMITADA;2025-04-30;Ações;92.36
CLASSES - FIF;05.753.141/0001-07;;BRADESCO PRIME FIF - CIC DE AÇÕES IBOVESPA ATIVO - RESPONSABILIDADE LIMITADA;2025-04-30;Derivativos;1.18
CLASSES - FIF;05.753.141/0001-07;;BRADESCO PRIME FIF - CIC DE AÇÕES IBOVESPA ATIVO - RESPONSABILIDADE LIMITADA;2025-04-30;Investimento no exterior;4.84
CLASSES - FIF;05.753.141/0001-07;;BRADESCO PRIME FIF - CIC DE AÇÕES IBOVESPA ATIVO - RESPONSABILIDADE LIMITADA;2025-04-30;Operações compromissadas lastreadas em títulos públicos federais;2.47
FI;05.755.769/0001-33;;ICATU VANGUARDA PLUS FIF  RF  LONGO PRAZO - RESP  LTDA;2025-04-30;Ações;0.01
FI;05.755.769/0001-33;;ICATU VANGUARDA PLUS FIF  RF  LONGO PRAZO - RESP  LTDA;2025-04-30;Depósitos a prazo e outros títulos de instituições financeiras;11.53
FI;05.755.769/0001-33;;ICATU VANGUARDA PLUS FIF  RF  LONGO PRAZO - RESP  LTDA;2025-04-30;Operações compromissadas lastreadas em títulos públicos federais;3.39
FI;05.755.769/0001-33;;ICATU VANGUARDA PLUS FIF  RF  LONGO PRAZO - RESP  LTDA;2025-04-30;Títulos de crédito privado;19.70
FI;05.755.769/0001-33;;ICATU VANGUARDA PLUS FIF  RF  LONGO PRAZO - RESP  LTDA;2025-04-30;Títulos públicos federais;65.41
FI;05.926.162/0001-79;;BRADESCO FUTURO FI FINANCEIRO - CIC DE CI MULT CRED PRIV - RESP LIMITADA;2025-04-30;Cotas de fundos de investimento 409;1.96
FI;05.926.162/0001-79;;BRADESCO FUTURO FI FINANCEIRO - CIC DE CI MULT CRED PRIV - RESP LIMITADA;2025-04-30;Depósitos a prazo e outros títulos de instituições financeiras;27.79
FI;05.926.162/0001-79;;BRADESCO FUTURO FI FINANCEIRO - CIC DE CI MULT CRED PRIV - RESP LIMITADA;2025-04-30;Operações compromissadas lastreadas em títulos públicos federais;37.80
FI;05.926.162/0001-79;;BRADESCO FUTURO FI FINANCEIRO - CIC DE CI MULT CRED PRIV - RESP LIMITADA;2025-04-30;Títulos de crédito privado;13.09
FI;05.926.162/0001-79;;BRADESCO FUTURO FI FINANCEIRO - CIC DE CI MULT CRED PRIV - RESP LIMITADA;2025-04-30;Títulos públicos federais;23.00
CLASSES - FIF;05.959.219/0001-36;;BRADESCO H FIF - CLASSE DE INVESTIMENTO RENDA FIXA CURTO PRAZO - RESPONSABILIDADE LIMITADA;2025-04-30;Operações compromissadas lastreadas em títulos públicos federais;100.04
FI;05.964.067/0001-60;;FINACAP MAURITSSTAD FIF - CLASSE DE INVESTIMENTO EM AÇÕES - RESPONSABILIDADE LIMITADA;2025-04-30;Ações;98.26
FI;05.964.067/0001-60;;FINACAP MAURITSSTAD FIF - CLASSE DE INVESTIMENTO EM AÇÕES - RESPONSABILIDADE LIMITADA;2025-04-30;Operações compromissadas lastreadas em títulos públicos federais;0.98
CLASSES - FIF;05.983.558/0001-58;;BRADESCO PRIME FIF - CIC RENDA FIXA SPECIAL - RESPONSABILIDADE LIMITADA;2025-04-30;Cotas de fundos de investimento 409;19.02
CLASSES - FIF;05.983.558/0001-58;;BRADESCO PRIME FIF - CIC RENDA FIXA SPECIAL - RESPONSABILIDADE LIMITADA;2025-04-30;Depósitos a prazo e outros títulos de instituições financeiras;6.01
CLASSES - FIF;05.983.558/0001-58;;BRADESCO PRIME FIF - CIC RENDA FIXA SPECIAL - RESPONSABILIDADE LIMITADA;2025-04-30;Derivativos;10.65
CLASSES - FIF;05.983.558/0001-58;;BRADESCO PRIME FIF - CIC RENDA FIXA SPECIAL - RESPONSABILIDADE LIMITADA;2025-04-30;Operações compromissadas lastreadas em títulos públicos federais;8.36
CLASSES - FIF;05.983.558/0001-58;;BRADESCO PRIME FIF - CIC RENDA FIXA SPECIAL - RESPONSABILIDADE LIMITADA;2025-04-30;Títulos públicos federais;62.14
CLASSES - FIF;05.983.569/0001-38;;BRADESCO PRIME SPECIAL FIF -  CIC RENDA FIXA REFERENCIADA DI -  RESPONSABILIDADE LIMITADA;2025-04-30;Depósitos a prazo e outros títulos de instituições financeiras;3.70
CLASSES - FIF;05.983.569/0001-38;;BRADESCO PRIME SPECIAL FIF -  CIC RENDA FIXA REFERENCIADA DI -  RESPONSABILIDADE LIMITADA;2025-04-30;Operações compromissadas lastreadas em títulos públicos federais;61.32
CLASSES - FIF;05.983.569/0001-38;;BRADESCO PRIME SPECIAL FIF -  CIC RENDA FIXA REFERENCIADA DI -  RESPONSABILIDADE LIMITADA;2025-04-30;Títulos de crédito privado;0.08
CLASSES - FIF;05.983.569/0001-38;;BRADESCO PRIME SPECIAL FIF -  CIC RENDA FIXA REFERENCIADA DI -  RESPONSABILIDADE LIMITADA;2025-04-30;Títulos públicos federais;30.74
CLASSES - FIF;05.983.641/0001-27;;BRADESCO TOPÁZIO FIF - CIC RENDA FIXA REFERENCIADA DI -  RESPONSABILIDADE LIMITADA;2025-04-30;Depósitos a prazo e outros títulos de instituições financeiras;3.74
CLASSES - FIF;05.983.641/0001-27;;BRADESCO TOPÁZIO FIF - CIC RENDA FIXA REFERENCIADA DI -  RESPONSABILIDADE LIMITADA;2025-04-30;Operações compromissadas lastreadas em títulos públicos federais;61.98
CLASSES - FIF;05.983.641/0001-27;;BRADESCO TOPÁZIO FIF - CIC RENDA FIXA REFERENCIADA DI -  RESPONSABILIDADE LIMITADA;2025-04-30;Títulos de crédito privado;0.08
CLASSES - FIF;05.983.641/0001-27;;BRADESCO TOPÁZIO FIF - CIC RENDA FIXA REFERENCIADA DI -  RESPONSABILIDADE LIMITADA;2025-04-30;Títulos públicos federais;31.07
FI;05.983.660/0001-53;;BRADESCO PRIME FIF - CIC RENDA FIXA CURTO PRAZO - RESP LIMITADA;2025-04-30;Operações compromissadas lastreadas em títulos públicos federais;95.58
CLASSES - FIF;06.077.638/0001-07;;BRADESCO FIF - CLASSE DE INVESTIMENTO RF CRÉDITO PRIVADO LP PERFORMANCE - RESP LIMITADA;2025-04-30;Cotas de fundos de investimento 409;2.70
CLASSES - FIF;06.077.638/0001-07;;BRADESCO FIF - CLASSE DE INVESTIMENTO RF CRÉDITO PRIVADO LP PERFORMANCE - RESP LIMITADA;2025-04-30;Depósitos a prazo e outros títulos de instituições financeiras;33.09
CLASSES - FIF;06.077.638/0001-07;;BRADESCO FIF - CLASSE DE INVESTIMENTO RF CRÉDITO PRIVADO LP PERFORMANCE - RESP LIMITADA;2025-04-30;Operações compromissadas lastreadas em títulos públicos federais;25.53
CLASSES - FIF;06.077.638/0001-07;;BRADESCO FIF - CLASSE DE INVESTIMENTO RF CRÉDITO PRIVADO LP PERFORMANCE - RESP LIMITADA;2025-04-30;Títulos de crédito privado;35.23
CLASSES - FIF;06.077.638/0001-07;;BRADESCO FIF - CLASSE DE INVESTIMENTO RF CRÉDITO PRIVADO LP PERFORMANCE - RESP LIMITADA;2025-04-30;Títulos públicos federais;2.68
FI;06.081.490/0001-84;;BRAM FI FINANCEIRO - CI RF CP - RESP LIMITADA;2025-04-30;Operações compromissadas lastreadas em títulos públicos federais;99.39
FI;06.092.123/0001-86;;DAYCOVAL MULTIFUNDS FUNDO DE INVESTIMENTO FINANCEIRO;2025-04-30;Cotas de Fundos de Investimento 409;99.62
FI;06.092.123/0001-86;;DAYCOVAL MULTIFUNDS FUNDO DE INVESTIMENTO FINANCEIRO;2025-04-30;Outras Aplicações;0.62
CLASSES - FIF;06.127.871/0001-57;;BRADESCO H FIF - CIC RENDA FIXA LONGO PRAZO 1.000 - RESPONSABILIDADE LIMITADA;2025-04-30;Cotas de fundos de investimento 409;8.92
CLASSES - FIF;06.127.871/0001-57;;BRADESCO H FIF - CIC RENDA FIXA LONGO PRAZO 1.000 - RESPONSABILIDADE LIMITADA;2025-04-30;Depósitos a prazo e outros títulos de instituições financeiras;19.57
CLASSES - FIF;06.127.871/0001-57;;BRADESCO H FIF - CIC RENDA FIXA LONGO PRAZO 1.000 - RESPONSABILIDADE LIMITADA;2025-04-30;Derivativos;10.42
CLASSES - FIF;06.127.871/0001-57;;BRADESCO H FIF - CIC RENDA FIXA LONGO PRAZO 1.000 - RESPONSABILIDADE LIMITADA;2025-04-30;Operações compromissadas lastreadas em títulos públicos federais;24.27
CLASSES - FIF;06.127.871/0001-57;;BRADESCO H FIF - CIC RENDA FIXA LONGO PRAZO 1.000 - RESPONSABILIDADE LIMITADA;2025-04-30;Títulos públicos federais;47.35
FI;06.185.715/0001-42;;BRAM MACRO 22 FI FINANCEIRO - CI MULT - RESP LIMITADA;2025-04-30;Derivativos;12.97
FI;06.185.715/0001-42;;BRAM MACRO 22 FI FINANCEIRO - CI MULT - RESP LIMITADA;2025-04-30;Operações compromissadas lastreadas em títulos públicos federais;25.14
FI;06.185.715/0001-42;;BRAM MACRO 22 FI FINANCEIRO - CI MULT - RESP LIMITADA;2025-04-30;Títulos públicos federais;75.00
FI;06.190.196/0001-00;;BRADESCO PRIME FIF - CIC MULTI MULTI ALLOCATION - RESP LIMITADA;2025-04-30;Cotas de fundos de investimento 409;99.93
FI;06.190.263/0001-97;;BRADESCO FIF - CIC RENDA FIXA CURTO PRAZO - RESP LIMITADA;2025-04-30;Operações compromissadas lastreadas em títulos públicos federais;98.70
CLASSES - FIF;06.224.719/0001-92;;ICATU VANGUARDA IBX FIF - CLASSE DE INVESTIMENTO EM AÇÕES - RESPONSABILIDADE LIMITADA;2025-04-30;Ações;94.63
CLASSES - FIF;06.224.719/0001-92;;ICATU VANGUARDA IBX FIF - CLASSE DE INVESTIMENTO EM AÇÕES - RESPONSABILIDADE LIMITADA;2025-04-30;Derivativos;3.58
CLASSES - FIF;06.224.719/0001-92;;ICATU VANGUARDA IBX FIF - CLASSE DE INVESTIMENTO EM AÇÕES - RESPONSABILIDADE LIMITADA;2025-04-30;Operações compromissadas lastreadas em títulos públicos federais;2.85
FI;06.245.549/0001-22;;BRADESCO PIBBS I FI FINANCEIRO - CIA - RESP LIMITADA;2025-04-30;Cotas de fundos de investimento 409;99.14
FI;06.245.549/0001-22;;BRADESCO PIBBS I FI FINANCEIRO - CIA - RESP LIMITADA;2025-04-30;Operações compromissadas lastreadas em títulos públicos federais;0.91
FI;06.275.894/0001-09;;FUNDO DE INVESTIMENTO SITA MIX MULTIMERCADO RESPONSABILIDADE LIMITADA;2025-04-30;Acões;0.79
FI;06.275.894/0001-09;;FUNDO DE INVESTIMENTO SITA MIX MULTIMERCADO RESPONSABILIDADE LIMITADA;2025-04-30;Cotas de Fundos de Investimento 555;8.19
FI;06.275.894/0001-09;;FUNDO DE INVESTIMENTO SITA MIX MULTIMERCADO RESPONSABILIDADE LIMITADA;2025-04-30;Depósito a prazo e outros títulos de instituições financeiras;82.03
FI;06.275.894/0001-09;;FUNDO DE INVESTIMENTO SITA MIX MULTIMERCADO RESPONSABILIDADE LIMITADA;2025-04-30;Operacões compromissadas lastreadas em títulos públicos federais;2.19
FI;06.275.894/0001-09;;FUNDO DE INVESTIMENTO SITA MIX MULTIMERCADO RESPONSABILIDADE LIMITADA;2025-04-30;Títulos de crédito privado;6.79
FI;06.865.916/0001-90;;BRADESCO PRIME H FIF - CIC RENDA FIXA CRÉDITO PRIVADO LP PERFORMANCE - RESP LIMITADA;2025-04-30;Cotas de fundos de investimento 409;3.20
FI;06.865.916/0001-90;;BRADESCO PRIME H FIF - CIC RENDA FIXA CRÉDITO PRIVADO LP PERFORMANCE - RESP LIMITADA;2025-04-30;Depósitos a prazo e outros títulos de instituições financeiras;32.16
FI;06.865.916/0001-90;;BRADESCO PRIME H FIF - CIC RENDA FIXA CRÉDITO PRIVADO LP PERFORMANCE - RESP LIMITADA;2025-04-30;Operações compromissadas lastreadas em títulos públicos federais;25.59
FI;06.865.916/0001-90;;BRADESCO PRIME H FIF - CIC RENDA FIXA CRÉDITO PRIVADO LP PERFORMANCE - RESP LIMITADA;2025-04-30;Títulos de crédito privado;34.24
FI;06.865.916/0001-90;;BRADESCO PRIME H FIF - CIC RENDA FIXA CRÉDITO PRIVADO LP PERFORMANCE - RESP LIMITADA;2025-04-30;Títulos públicos federais;4.60
CLASSES - FIF;06.866.051/0001-87;;TIVIO INSTITUCIONAL RENDA FIXA CRED PRIV FUNDO DE INVESTIMENTO FINANCEIRO - RESP LIMITADA;2025-04-30;Cotas de fundos de investimento 409;3.37
CLASSES - FIF;06.866.051/0001-87;;TIVIO INSTITUCIONAL RENDA FIXA CRED PRIV FUNDO DE INVESTIMENTO FINANCEIRO - RESP LIMITADA;2025-04-30;Depósitos a prazo e outros títulos de instituições financeiras;46.36
CLASSES - FIF;06.866.051/0001-87;;TIVIO INSTITUCIONAL RENDA FIXA CRED PRIV FUNDO DE INVESTIMENTO FINANCEIRO - RESP LIMITADA;2025-04-30;Operações compromissadas lastreadas em títulos públicos federais;4.29
CLASSES - FIF;06.866.051/0001-87;;TIVIO INSTITUCIONAL RENDA FIXA CRED PRIV FUNDO DE INVESTIMENTO FINANCEIRO - RESP LIMITADA;2025-04-30;Títulos de crédito privado;21.16
CLASSES - FIF;06.866.051/0001-87;;TIVIO INSTITUCIONAL RENDA FIXA CRED PRIV FUNDO DE INVESTIMENTO FINANCEIRO - RESP LIMITADA;2025-04-30;Títulos públicos federais;24.47
CLASSES - FIF;06.871.308/0001-99;;CSHG TOP 30 FUNDO DE INVESTIMENTO EM COTAS DE FUNDOS DE INVESTIMENTO FINANCEIRO MULT RESP LIMITADA;2025-04-30;Outras Cotas de Fundos de Investimento;100.05
CLASSES - FIF;06.871.308/0001-99;;CSHG TOP 30 FUNDO DE INVESTIMENTO EM COTAS DE FUNDOS DE INVESTIMENTO FINANCEIRO MULT RESP LIMITADA;2025-04-30;Outros;0.00
FI;06.916.384/0001-73;;BRADESCO FIF - CLASSE DE INVESTIMENTO EM AÇÕES DIVIDENDOS - RESP LIMITADA;2025-04-30;Ações;91.71
FI;06.916.384/0001-73;;BRADESCO FIF - CLASSE DE INVESTIMENTO EM AÇÕES DIVIDENDOS - RESP LIMITADA;2025-04-30;Derivativos;-0.28
FI;06.916.384/0001-73;;BRADESCO FIF - CLASSE DE INVESTIMENTO EM AÇÕES DIVIDENDOS - RESP LIMITADA;2025-04-30;Operações compromissadas lastreadas em títulos públicos federais;4.88
FI;06.916.397/0001-42;;BRADESCO PRIME FIF - CIC DE AÇÕES DIVIDENDOS - RESP LIMITADA;2025-04-30;Ações;91.96
FI;06.916.397/0001-42;;BRADESCO PRIME FIF - CIC DE AÇÕES DIVIDENDOS - RESP LIMITADA;2025-04-30;Derivativos;-0.28
FI;06.916.397/0001-42;;BRADESCO PRIME FIF - CIC DE AÇÕES DIVIDENDOS - RESP LIMITADA;2025-04-30;Operações compromissadas lastreadas em títulos públicos federais;5.37
CLASSES - FIF;06.940.782/0001-25;;RIO BRAVO FUNDAMENTAL FUNDO DE INVESTIMENTO FINANCEIRO EM AÇÕES RESPONSABILIDADE LIMITADA;2025-04-30;Ações;90.01
CLASSES - FIF;06.940.782/0001-25;;RIO BRAVO FUNDAMENTAL FUNDO DE INVESTIMENTO FINANCEIRO EM AÇÕES RESPONSABILIDADE LIMITADA;2025-04-30;Operações compromissadas lastreadas em títulos públicos federais;7.53
CLASSES - FIF;06.940.782/0001-25;;RIO BRAVO FUNDAMENTAL FUNDO DE INVESTIMENTO FINANCEIRO EM AÇÕES RESPONSABILIDADE LIMITADA;2025-04-30;Títulos de crédito privado;0.87
FI;06.988.623/0001-09;;BRADESCO FIF - CLASSE DE  INVESTIMENTO EM AÇÕES MID SMALL CAPS - RESPONSABILIDADE LIMITADA;2025-04-30;Ações;87.27
FI;06.988.623/0001-09;;BRADESCO FIF - CLASSE DE  INVESTIMENTO EM AÇÕES MID SMALL CAPS - RESPONSABILIDADE LIMITADA;2025-04-30;Derivativos;-0.03
FI;06.988.623/0001-09;;BRADESCO FIF - CLASSE DE  INVESTIMENTO EM AÇÕES MID SMALL CAPS - RESPONSABILIDADE LIMITADA;2025-04-30;Operações compromissadas lastreadas em títulos públicos federais;11.70
FI;07.018.136/0001-78;;PRISMA FIA;2025-04-30;Ações;91.63
FI;07.018.136/0001-78;;PRISMA FIA;2025-04-30;Cotas de fundos de investimento 555;0.47
FI;07.018.136/0001-78;;PRISMA FIA;2025-04-30;Operações compromissadas lastreadas em títulospúblicos federais;6.48
FI;07.018.136/0001-78;;PRISMA FIA;2025-04-30;Outras aplicações;1.42
FI;07.187.482/0001-80;;BRAM MACRO MULTIESTRATÉGIA FI FINANCEIRO - CI MULT - RESP LIMITADA;2025-04-30;Ações;5.44
FI;07.187.482/0001-80;;BRAM MACRO MULTIESTRATÉGIA FI FINANCEIRO - CI MULT - RESP LIMITADA;2025-04-30;Derivativos;136.02
FI;07.187.482/0001-80;;BRAM MACRO MULTIESTRATÉGIA FI FINANCEIRO - CI MULT - RESP LIMITADA;2025-04-30;Operações compromissadas lastreadas em títulos públicos federais;42.22
FI;07.187.482/0001-80;;BRAM MACRO MULTIESTRATÉGIA FI FINANCEIRO - CI MULT - RESP LIMITADA;2025-04-30;Títulos públicos federais;57.67
FI;07.187.565/0001-79;;BRADESCO FIF - CLASSE DE INVESTIMENTO MULTIMERCADO LONG SHORT - RESP LIMITADA;2025-04-30;Operações compromissadas lastreadas em títulos públicos federais;0.56
FI;07.187.565/0001-79;;BRADESCO FIF - CLASSE DE INVESTIMENTO MULTIMERCADO LONG SHORT - RESP LIMITADA;2025-04-30;Títulos públicos federais;99.04
CLASSES - FIF;07.187.570/0001-81;;BRADESCO PODER PÚBLICO FIF -  CIC RENDA FIXA REFERENCIADA DI -  RESPONSABILIDADE LIMITADA;2025-04-30;Derivativos;0.00
CLASSES - FIF;07.187.570/0001-81;;BRADESCO PODER PÚBLICO FIF -  CIC RENDA FIXA REFERENCIADA DI -  RESPONSABILIDADE LIMITADA;2025-04-30;Operações compromissadas lastreadas em títulos públicos federais;28.67
CLASSES - FIF;07.187.570/0001-81;;BRADESCO PODER PÚBLICO FIF -  CIC RENDA FIXA REFERENCIADA DI -  RESPONSABILIDADE LIMITADA;2025-04-30;Títulos públicos federais;67.84
FI;07.187.751/0001-08;;BRADESCO FIF - CLASSE DE INVESTIMENTO EM AÇÕES IS SUSTENTABILIDADE EMPRESARIAL - RESP LIMITADA;2025-04-30;Ações;96.85
FI;07.187.751/0001-08;;BRADESCO FIF - CLASSE DE INVESTIMENTO EM AÇÕES IS SUSTENTABILIDADE EMPRESARIAL - RESP LIMITADA;2025-04-30;Operações compromissadas lastreadas em títulos públicos federais;1.14
FI;07.192.319/0001-05;;BRADESCO PRIME FIF - CIC MULTIMERCADO LONG SHORT - RESP LIMITADA;2025-04-30;Ações;13.54
FI;07.192.319/0001-05;;BRADESCO PRIME FIF - CIC MULTIMERCADO LONG SHORT - RESP LIMITADA;2025-04-30;Cotas de fundos de investimento 409;4.47
FI;07.192.319/0001-05;;BRADESCO PRIME FIF - CIC MULTIMERCADO LONG SHORT - RESP LIMITADA;2025-04-30;Investimento no exterior;0.40
FI;07.192.319/0001-05;;BRADESCO PRIME FIF - CIC MULTIMERCADO LONG SHORT - RESP LIMITADA;2025-04-30;Operações compromissadas lastreadas em títulos públicos federais;13.21
FI;07.192.319/0001-05;;BRADESCO PRIME FIF - CIC MULTIMERCADO LONG SHORT - RESP LIMITADA;2025-04-30;Títulos públicos federais;78.36
FI;07.192.386/0001-20;;BRADESCO FIF - CIC MULTIMERCADO MULTIESTRATÉGIA - RESP LIMITADA;2025-04-30;Cotas de fundos de investimento 409;69.99
FI;07.192.386/0001-20;;BRADESCO FIF - CIC MULTIMERCADO MULTIESTRATÉGIA - RESP LIMITADA;2025-04-30;Operações compromissadas lastreadas em títulos públicos federais;8.44
FI;07.192.386/0001-20;;BRADESCO FIF - CIC MULTIMERCADO MULTIESTRATÉGIA - RESP LIMITADA;2025-04-30;Títulos públicos federais;21.61
FI;07.192.395/0001-10;;BRADESCO CORPORATE FIF - CIC RENDA FIXA CRÉDITO PRIVADO LONGO PRAZO - RESP LIMITADA;2025-04-30;Cotas de fundos de investimento 409;5.02
FI;07.192.395/0001-10;;BRADESCO CORPORATE FIF - CIC RENDA FIXA CRÉDITO PRIVADO LONGO PRAZO - RESP LIMITADA;2025-04-30;Depósitos a prazo e outros títulos de instituições financeiras;46.98
FI;07.192.395/0001-10;;BRADESCO CORPORATE FIF - CIC RENDA FIXA CRÉDITO PRIVADO LONGO PRAZO - RESP LIMITADA;2025-04-30;Operações compromissadas lastreadas em títulos públicos federais;18.50
FI;07.192.395/0001-10;;BRADESCO CORPORATE FIF - CIC RENDA FIXA CRÉDITO PRIVADO LONGO PRAZO - RESP LIMITADA;2025-04-30;Outras Cotas de fundos de investimento;0.17
FI;07.192.395/0001-10;;BRADESCO CORPORATE FIF - CIC RENDA FIXA CRÉDITO PRIVADO LONGO PRAZO - RESP LIMITADA;2025-04-30;Títulos de crédito privado;29.34
CLASSES - FIF;07.192.409/0001-04;;BRADESCO CORPORATE TOP FIF  - CIC  RENDA FIXA REFERENCIADA DI -  RESPONSABILIDADE LIMITADA;2025-04-30;Cotas de fundos de investimento 409;1.89
CLASSES - FIF;07.192.409/0001-04;;BRADESCO CORPORATE TOP FIF  - CIC  RENDA FIXA REFERENCIADA DI -  RESPONSABILIDADE LIMITADA;2025-04-30;Depósitos a prazo e outros títulos de instituições financeiras;26.79
CLASSES - FIF;07.192.409/0001-04;;BRADESCO CORPORATE TOP FIF  - CIC  RENDA FIXA REFERENCIADA DI -  RESPONSABILIDADE LIMITADA;2025-04-30;Operações compromissadas lastreadas em títulos públicos federais;36.44
CLASSES - FIF;07.192.409/0001-04;;BRADESCO CORPORATE TOP FIF  - CIC  RENDA FIXA REFERENCIADA DI -  RESPONSABILIDADE LIMITADA;2025-04-30;Títulos de crédito privado;12.62
CLASSES - FIF;07.192.409/0001-04;;BRADESCO CORPORATE TOP FIF  - CIC  RENDA FIXA REFERENCIADA DI -  RESPONSABILIDADE LIMITADA;2025-04-30;Títulos públicos federais;22.17
FI;07.194.559/0001-49;;BRADESCO PIBBS II FI FINANCEIRO - CIA - RESP LIMITADA;2025-04-30;Cotas de fundos de investimento 409;99.08
FI;07.194.559/0001-49;;BRADESCO PIBBS II FI FINANCEIRO - CIA - RESP LIMITADA;2025-04-30;Títulos públicos federais;0.62
FI;07.195.440/0001-90;;E2M INTRUST FUNDO DE INVESTIMENTO DE AÇÕES - RESPONSABILIDADE LIMITADA;2025-04-30;Ações;78.20
FI;07.195.440/0001-90;;E2M INTRUST FUNDO DE INVESTIMENTO DE AÇÕES - RESPONSABILIDADE LIMITADA;2025-04-30;Cotas de fundos de investimento 555;8.49
FI;07.195.440/0001-90;;E2M INTRUST FUNDO DE INVESTIMENTO DE AÇÕES - RESPONSABILIDADE LIMITADA;2025-04-30;Operações compromissadas lastreadas em títulospúblicos federais;2.77
FI;07.195.440/0001-90;;E2M INTRUST FUNDO DE INVESTIMENTO DE AÇÕES - RESPONSABILIDADE LIMITADA;2025-04-30;Outras aplicações;-1.12
FI;07.195.440/0001-90;;E2M INTRUST FUNDO DE INVESTIMENTO DE AÇÕES - RESPONSABILIDADE LIMITADA;2025-04-30;Títulos públicos federais;11.66
FI;07.287.126/0001-38;;BRADESCO FIF - CIC RENDA FIXA REFERENCIADA DI LIQUIDEZ ÁGORA - RESP LIMITADA;2025-04-30;Cotas de fundos de investimento 409;2.15
FI;07.287.126/0001-38;;BRADESCO FIF - CIC RENDA FIXA REFERENCIADA DI LIQUIDEZ ÁGORA - RESP LIMITADA;2025-04-30;Depósitos a prazo e outros títulos de instituições financeiras;28.49
FI;07.287.126/0001-38;;BRADESCO FIF - CIC RENDA FIXA REFERENCIADA DI LIQUIDEZ ÁGORA - RESP LIMITADA;2025-04-30;Operações compromissadas lastreadas em títulos públicos federais;41.50
FI;07.287.126/0001-38;;BRADESCO FIF - CIC RENDA FIXA REFERENCIADA DI LIQUIDEZ ÁGORA - RESP LIMITADA;2025-04-30;Títulos de crédito privado;11.46
FI;07.287.126/0001-38;;BRADESCO FIF - CIC RENDA FIXA REFERENCIADA DI LIQUIDEZ ÁGORA - RESP LIMITADA;2025-04-30;Títulos públicos federais;16.44
FI;07.364.099/0001-50;;BRADESCO FIF - CIC RENDA FIXA PREFIXADO CURTO - RESP LIMITADA;2025-04-30;Derivativos;8.31
FI;07.364.099/0001-50;;BRADESCO FIF - CIC RENDA FIXA PREFIXADO CURTO - RESP LIMITADA;2025-04-30;Operações compromissadas lastreadas em títulos públicos federais;8.68
FI;07.364.099/0001-50;;BRADESCO FIF - CIC RENDA FIXA PREFIXADO CURTO - RESP LIMITADA;2025-04-30;Títulos públicos federais;91.46
FI;07.364.744/0001-34;;BRADESCO H FI FINANCEIRO - CIA PIBB IBRX 50 - RESP LIMITADA;2025-04-30;Cotas de fundos de investimento 409;98.98
FI;07.364.744/0001-34;;BRADESCO H FI FINANCEIRO - CIA PIBB IBRX 50 - RESP LIMITADA;2025-04-30;Títulos públicos federais;0.31
FI;07.364.756/0001-69;;BRAM FIF - CLASSE DE INVESTIMENTO RENDA FIXA INDEX IRF-M - RESP LIMITADA;2025-04-30;Derivativos;8.31
FI;07.364.756/0001-69;;BRAM FIF - CLASSE DE INVESTIMENTO RENDA FIXA INDEX IRF-M - RESP LIMITADA;2025-04-30;Operações compromissadas lastreadas em títulos públicos federais;8.68
FI;07.364.756/0001-69;;BRAM FIF - CLASSE DE INVESTIMENTO RENDA FIXA INDEX IRF-M - RESP LIMITADA;2025-04-30;Títulos públicos federais;91.40
FI;07.381.653/0001-07;;SUL AMÉRICA ATIVO FIF - CLASSE DE INVESTIMENTO RENDA FIXA LONGO PRAZO - RESP LIMITADA;2025-04-30;Derivativos;-0.60
FI;07.381.653/0001-07;;SUL AMÉRICA ATIVO FIF - CLASSE DE INVESTIMENTO RENDA FIXA LONGO PRAZO - RESP LIMITADA;2025-04-30;Operações compromissadas lastreadas em títulos públicos federais;47.21
FI;07.381.653/0001-07;;SUL AMÉRICA ATIVO FIF - CLASSE DE INVESTIMENTO RENDA FIXA LONGO PRAZO - RESP LIMITADA;2025-04-30;Títulos públicos federais;53.04
CLASSES - FIF;07.400.556/0001-14;;ICATU VANGUARDA INFLAÇÃO LONGA FIF - CLASSE DE INVESTIMENTO EM COTAS RF LONGO PRAZO - RESP LIMITADA;2025-04-30;Derivativos;4.47
CLASSES - FIF;07.400.556/0001-14;;ICATU VANGUARDA INFLAÇÃO LONGA FIF - CLASSE DE INVESTIMENTO EM COTAS RF LONGO PRAZO - RESP LIMITADA;2025-04-30;Operações compromissadas lastreadas em títulos públicos federais;0.75
CLASSES - FIF;07.400.556/0001-14;;ICATU VANGUARDA INFLAÇÃO LONGA FIF - CLASSE DE INVESTIMENTO EM COTAS RF LONGO PRAZO - RESP LIMITADA;2025-04-30;Títulos públicos federais;99.43
FI;07.420.595/0001-83;;RIO VERDE SMALL CAPS FI FINANCEIRO - CIA - RESP LIMITADA;2025-04-30;Ações;99.99
FI;07.420.595/0001-83;;RIO VERDE SMALL CAPS FI FINANCEIRO - CIA - RESP LIMITADA;2025-04-30;Operações compromissadas lastreadas em títulos públicos federais;0.08
FI;07.455.460/0001-53;;CSHG ALLOCATION VERDE 90 FUNDO DE INVESTIMENTO EM COTAS DE FIF MULTIMERCADO - RESP LIMITADA;2025-04-30;Outras Cotas de Fundos de Investimento;100.02
FI;07.455.460/0001-53;;CSHG ALLOCATION VERDE 90 FUNDO DE INVESTIMENTO EM COTAS DE FIF MULTIMERCADO - RESP LIMITADA;2025-04-30;Outros;0.01
FI;07.488.106/0001-25;;VINCI GAS DIVIDENDOS FIF - CLASSE DE INVESTIMENTO EM AÇÕES - RESP LIMITADA;2025-04-30;Ações;95.83
FI;07.488.106/0001-25;;VINCI GAS DIVIDENDOS FIF - CLASSE DE INVESTIMENTO EM AÇÕES - RESP LIMITADA;2025-04-30;Operações compromissadas lastreadas em títulos públicos federais;2.32
CLASSES - FIF;07.535.827/0001-49;;BRADESCO H SUSTENTABILIDADE IS - FIF- CIC EM AÇÕES - RESPONSABILIDADE LIMITADA;2025-04-30;Ações;96.62
CLASSES - FIF;07.535.827/0001-49;;BRADESCO H SUSTENTABILIDADE IS - FIF- CIC EM AÇÕES - RESPONSABILIDADE LIMITADA;2025-04-30;Operações compromissadas lastreadas em títulos públicos federais;0.89
FI;07.667.163/0001-71;;BRADESCO FIF - CLASSE DE INVESTIMENTO RF REFERENCIADA DI TASC - RESP LIMITADA;2025-04-30;Operações compromissadas lastreadas em títulos públicos federais;100.03
FI;07.667.213/0001-10;;BRADESCO PRIME FIF - CIC DE AÇÕES IBRX - 50 - RESP LIMITADA;2025-04-30;Ações;98.38
FI;07.667.213/0001-10;;BRADESCO PRIME FIF - CIC DE AÇÕES IBRX - 50 - RESP LIMITADA;2025-04-30;Derivativos;1.71
FI;07.667.213/0001-10;;BRADESCO PRIME FIF - CIC DE AÇÕES IBRX - 50 - RESP LIMITADA;2025-04-30;Operações compromissadas lastreadas em títulos públicos federais;0.42
FI;07.667.245/0001-16;;BRAM FI FINANCEIRO - CIA IBRX-50 - RESP LIMITADA;2025-04-30;Ações;98.26
FI;07.667.245/0001-16;;BRAM FI FINANCEIRO - CIA IBRX-50 - RESP LIMITADA;2025-04-30;Derivativos;1.71
FI;07.667.245/0001-16;;BRAM FI FINANCEIRO - CIA IBRX-50 - RESP LIMITADA;2025-04-30;Operações compromissadas lastreadas em títulos públicos federais;0.42
CLASSES - FIF;07.667.250/0001-29;;BRADESCO FUNDO DE INVESTIMENTO EM COTAS FIF RF REF DI PRODUZIR BAHIA III -RESP LIMITADA;2025-04-30;Derivativos;0.00
CLASSES - FIF;07.667.250/0001-29;;BRADESCO FUNDO DE INVESTIMENTO EM COTAS FIF RF REF DI PRODUZIR BAHIA III -RESP LIMITADA;2025-04-30;Operações compromissadas lastreadas em títulos públicos federais;29.18
CLASSES - FIF;07.667.250/0001-29;;BRADESCO FUNDO DE INVESTIMENTO EM COTAS FIF RF REF DI PRODUZIR BAHIA III -RESP LIMITADA;2025-04-30;Títulos públicos federais;69.03
FI;07.667.259/0001-30;;BRADESCO FIF - CIC RENDA FIXA SIMPLES AUTOMÁTICO - RESPONSABILIDADE LIMITADA;2025-04-30;Derivativos;0.00
FI;07.667.259/0001-30;;BRADESCO FIF - CIC RENDA FIXA SIMPLES AUTOMÁTICO - RESPONSABILIDADE LIMITADA;2025-04-30;Operações compromissadas lastreadas em títulos públicos federais;38.75
FI;07.667.259/0001-30;;BRADESCO FIF - CIC RENDA FIXA SIMPLES AUTOMÁTICO - RESPONSABILIDADE LIMITADA;2025-04-30;Títulos públicos federais;57.34
FI;07.667.274/0001-88;;BRADESCO PRIME ÍNDICE DE SUSTENTABILIDADE EMPRESARIAL  IS FIF - CIC EM AÇÕES - RESP LIMITADA;2025-04-30;Ações;96.76
FI;07.667.274/0001-88;;BRADESCO PRIME ÍNDICE DE SUSTENTABILIDADE EMPRESARIAL  IS FIF - CIC EM AÇÕES - RESP LIMITADA;2025-04-30;Operações compromissadas lastreadas em títulos públicos federais;0.89
FI;07.667.299/0001-81;;BRADESCO PRIME NET CRISTAL FUNDO DE INVESTIMENTO FINANCEIRO - CIC MULTIMERCADO - RESP LIMITADA;2025-04-30;Cotas de fundos de investimento 409;99.69
CLASSES - FIF;07.667.341/0001-64;;BRADESCO  GOVERNANÇA CORPORATIVA IS FIF - CIC EM AÇÕES  - RESPONSABILIDADE LIMITADA.;2025-04-30;Ações;96.84
CLASSES - FIF;07.667.341/0001-64;;BRADESCO  GOVERNANÇA CORPORATIVA IS FIF - CIC EM AÇÕES  - RESPONSABILIDADE LIMITADA.;2025-04-30;Operações compromissadas lastreadas em títulos públicos federais;0.89
FI;07.667.620/0001-28;;BRADESCO MULTIGESTORES FI FINANCEIRO - CIC MULT - RESP LIMITADA;2025-04-30;Ações;18.64
FI;07.667.620/0001-28;;BRADESCO MULTIGESTORES FI FINANCEIRO - CIC MULT - RESP LIMITADA;2025-04-30;Cotas de fundos de investimento 409;18.31
FI;07.667.620/0001-28;;BRADESCO MULTIGESTORES FI FINANCEIRO - CIC MULT - RESP LIMITADA;2025-04-30;Derivativos;18.65
FI;07.667.620/0001-28;;BRADESCO MULTIGESTORES FI FINANCEIRO - CIC MULT - RESP LIMITADA;2025-04-30;Operações compromissadas lastreadas em títulos públicos federais;13.12
FI;07.667.620/0001-28;;BRADESCO MULTIGESTORES FI FINANCEIRO - CIC MULT - RESP LIMITADA;2025-04-30;Títulos públicos federais;58.38
FI;07.812.369/0001-48;;BAHIA AM REFERENCIADO DI FIF - CLASSE DE INVESTIMENTO RF REFERENCIADO DI - RESP LIMITADA;2025-04-30;Operações compromissadas lastreadas em títulos públicos federais;42.19
FI;07.812.369/0001-48;;BAHIA AM REFERENCIADO DI FIF - CLASSE DE INVESTIMENTO RF REFERENCIADO DI - RESP LIMITADA;2025-04-30;Títulos públicos federais;57.83
CLASSES - FIF;07.899.238/0001-40;;META VALOR FUNDO DE INVESTIMENTO FINANCEIRO AÇÕES RESPONSABILIDADE LIMITADA;2025-04-30;Ações;93.13
CLASSES - FIF;07.899.238/0001-40;;META VALOR FUNDO DE INVESTIMENTO FINANCEIRO AÇÕES RESPONSABILIDADE LIMITADA;2025-04-30;Cotas de Fundos de Investimento 409;5.75
CLASSES - FIF;07.899.238/0001-40;;META VALOR FUNDO DE INVESTIMENTO FINANCEIRO AÇÕES RESPONSABILIDADE LIMITADA;2025-04-30;Operações Compromissadas Lastreadas em Títulos Públicos Federais;0.21
CLASSES - FIF;07.899.238/0001-40;;META VALOR FUNDO DE INVESTIMENTO FINANCEIRO AÇÕES RESPONSABILIDADE LIMITADA;2025-04-30;Outras Aplicações;1.16
CLASSES - FIF;07.900.255/0001-50;;ICATU VANGUARDA CRÉDITO PRIVADO FIF - CLASSE DE INVESTIMENTO RENDA FIXA LP -RESP LIMITADA;2025-04-30;Cotas de fundos de investimento 409;7.37
CLASSES - FIF;07.900.255/0001-50;;ICATU VANGUARDA CRÉDITO PRIVADO FIF - CLASSE DE INVESTIMENTO RENDA FIXA LP -RESP LIMITADA;2025-04-30;Depósitos a prazo e outros títulos de instituições financeiras;32.76
CLASSES - FIF;07.900.255/0001-50;;ICATU VANGUARDA CRÉDITO PRIVADO FIF - CLASSE DE INVESTIMENTO RENDA FIXA LP -RESP LIMITADA;2025-04-30;Operações compromissadas lastreadas em títulos públicos federais;8.57
CLASSES - FIF;07.900.255/0001-50;;ICATU VANGUARDA CRÉDITO PRIVADO FIF - CLASSE DE INVESTIMENTO RENDA FIXA LP -RESP LIMITADA;2025-04-30;Títulos de crédito privado;35.60
CLASSES - FIF;07.900.255/0001-50;;ICATU VANGUARDA CRÉDITO PRIVADO FIF - CLASSE DE INVESTIMENTO RENDA FIXA LP -RESP LIMITADA;2025-04-30;Títulos públicos federais;15.81
FI;07.986.196/0001-84;;BRADESCO H SMALL CAPS FI FINANCEIRO - CIA - RESP LIMITADA;2025-04-30;Ações;98.50
FI;07.986.196/0001-84;;BRADESCO H SMALL CAPS FI FINANCEIRO - CIA - RESP LIMITADA;2025-04-30;Derivativos;1.47
FI;07.986.196/0001-84;;BRADESCO H SMALL CAPS FI FINANCEIRO - CIA - RESP LIMITADA;2025-04-30;Operações compromissadas lastreadas em títulos públicos federais;0.25
FI;08.018.849/0001-02;;BANESTES BTG PACTUAL ABSOLUTO INSTITUCIONAL FIC DE FIF DE AÇÕES RESPONSABILIDADE LIMITADA;2025-04-30;Cotas de fundos de investimento 555;97.18
FI;08.018.849/0001-02;;BANESTES BTG PACTUAL ABSOLUTO INSTITUCIONAL FIC DE FIF DE AÇÕES RESPONSABILIDADE LIMITADA;2025-04-30;Operações compromissadas lastreadas em títulos públicos federais;2.01
FI;08.018.849/0001-02;;BANESTES BTG PACTUAL ABSOLUTO INSTITUCIONAL FIC DE FIF DE AÇÕES RESPONSABILIDADE LIMITADA;2025-04-30;Títulos públicos federais;1.17
CLASSES - FIF;08.035.673/0001-99;;BRADESCO H CLASSIC FIF -  CIC RENDA FIXA REFERENCIADA DI LONGO  PRAZO - RESPONSABILIDADE LIMITADA;2025-04-30;Depósitos a prazo e outros títulos de instituições financeiras;3.86
CLASSES - FIF;08.035.673/0001-99;;BRADESCO H CLASSIC FIF -  CIC RENDA FIXA REFERENCIADA DI LONGO  PRAZO - RESPONSABILIDADE LIMITADA;2025-04-30;Operações compromissadas lastreadas em títulos públicos federais;63.91
CLASSES - FIF;08.035.673/0001-99;;BRADESCO H CLASSIC FIF -  CIC RENDA FIXA REFERENCIADA DI LONGO  PRAZO - RESPONSABILIDADE LIMITADA;2025-04-30;Títulos de crédito privado;0.08
CLASSES - FIF;08.035.673/0001-99;;BRADESCO H CLASSIC FIF -  CIC RENDA FIXA REFERENCIADA DI LONGO  PRAZO - RESPONSABILIDADE LIMITADA;2025-04-30;Títulos públicos federais;32.04
FI;08.154.725/0001-46;;BRADESCO H FIF - CIC DE AÇÕES SMALL CAPS - RESP LIMITADA;2025-04-30;Ações;98.29
FI;08.154.725/0001-46;;BRADESCO H FIF - CIC DE AÇÕES SMALL CAPS - RESP LIMITADA;2025-04-30;Derivativos;1.47
FI;08.154.725/0001-46;;BRADESCO H FIF - CIC DE AÇÕES SMALL CAPS - RESP LIMITADA;2025-04-30;Operações compromissadas lastreadas em títulos públicos federais;0.54
FI;08.244.560/0001-01;;BRADESCO FIF - CIC MULTIMERCADO QUANT - RESP LIMITADA;2025-04-30;Ações;1.30
FI;08.244.560/0001-01;;BRADESCO FIF - CIC MULTIMERCADO QUANT - RESP LIMITADA;2025-04-30;Depósitos a prazo e outros títulos de instituições financeiras;0.50
FI;08.244.560/0001-01;;BRADESCO FIF - CIC MULTIMERCADO QUANT - RESP LIMITADA;2025-04-30;Investimento no exterior;17.53
FI;08.244.560/0001-01;;BRADESCO FIF - CIC MULTIMERCADO QUANT - RESP LIMITADA;2025-04-30;Operações compromissadas lastreadas em títulos públicos federais;36.39
FI;08.244.560/0001-01;;BRADESCO FIF - CIC MULTIMERCADO QUANT - RESP LIMITADA;2025-04-30;Títulos públicos federais;56.75
FI;08.244.575/0001-61;;BRADESCO PRIME FIF - CIC DE AÇÕES SML - RESP LIMITADA;2025-04-30;Ações;91.98
FI;08.244.575/0001-61;;BRADESCO PRIME FIF - CIC DE AÇÕES SML - RESP LIMITADA;2025-04-30;Operações compromissadas lastreadas em títulos públicos federais;6.62
CLASSES - FIF;08.246.263/0001-97;;BRADESCO FIF - CLASSE DE INVESTIMENTO RENDA FIXA MAXI PODER PÚBLICO - RESP LIMITADA;2025-04-30;Operações compromissadas lastreadas em títulos públicos federais;7.44
CLASSES - FIF;08.246.263/0001-97;;BRADESCO FIF - CLASSE DE INVESTIMENTO RENDA FIXA MAXI PODER PÚBLICO - RESP LIMITADA;2025-04-30;Títulos públicos federais;86.45
FI;08.246.279/0001-08;;BRADESCO SML FIF - CLASSE DE INVESTIMENTO EM COTAS DE AÇÕES - RESP LIMITADA;2025-04-30;Ações;91.82
FI;08.246.279/0001-08;;BRADESCO SML FIF - CLASSE DE INVESTIMENTO EM COTAS DE AÇÕES - RESP LIMITADA;2025-04-30;Operações compromissadas lastreadas em títulos públicos federais;6.61
CLASSES - FIF;08.246.301/0001-01;;BRADESCO FIF - CLASSE DE INVESTIMENTO EM COTAS RENDA FIXA FIC MAIS - RESPONSABILIDADE LIMITADA;2025-04-30;Cotas de fundos de investimento 409;19.82
CLASSES - FIF;08.246.301/0001-01;;BRADESCO FIF - CLASSE DE INVESTIMENTO EM COTAS RENDA FIXA FIC MAIS - RESPONSABILIDADE LIMITADA;2025-04-30;Depósitos a prazo e outros títulos de instituições financeiras;6.26
CLASSES - FIF;08.246.301/0001-01;;BRADESCO FIF - CLASSE DE INVESTIMENTO EM COTAS RENDA FIXA FIC MAIS - RESPONSABILIDADE LIMITADA;2025-04-30;Derivativos;11.10
CLASSES - FIF;08.246.301/0001-01;;BRADESCO FIF - CLASSE DE INVESTIMENTO EM COTAS RENDA FIXA FIC MAIS - RESPONSABILIDADE LIMITADA;2025-04-30;Operações compromissadas lastreadas em títulos públicos federais;8.71
CLASSES - FIF;08.246.301/0001-01;;BRADESCO FIF - CLASSE DE INVESTIMENTO EM COTAS RENDA FIXA FIC MAIS - RESPONSABILIDADE LIMITADA;2025-04-30;Títulos públicos federais;64.77
FI;08.246.318/0001-69;;BRADESCO INSTITUCIONAL IMA GERAL FI FINANCEIRO - CIC RF - RESP LIMITADA;2025-04-30;Derivativos;0.99
FI;08.246.318/0001-69;;BRADESCO INSTITUCIONAL IMA GERAL FI FINANCEIRO - CIC RF - RESP LIMITADA;2025-04-30;Operações compromissadas lastreadas em títulos públicos federais;4.97
FI;08.246.318/0001-69;;BRADESCO INSTITUCIONAL IMA GERAL FI FINANCEIRO - CIC RF - RESP LIMITADA;2025-04-30;Títulos públicos federais;95.05
FI;08.258.416/0001-16;;BRADESCO PRIME PRINCIPAL PROTEGIDO FI FINANCEIRO - CI MULT - RESP LIMITADA;2025-04-30;Operações compromissadas lastreadas em títulos públicos federais;96.60
FI;08.258.431/0001-64;;BRADESCO PRIME FIF - CLASSE DE INVESTIMENTO EM COTAS RF DURATION - RESPONSABILIDADE LIMITADA;2025-04-30;Cotas de fundos de investimento 409;19.49
FI;08.258.431/0001-64;;BRADESCO PRIME FIF - CLASSE DE INVESTIMENTO EM COTAS RF DURATION - RESPONSABILIDADE LIMITADA;2025-04-30;Derivativos;0.38
FI;08.258.431/0001-64;;BRADESCO PRIME FIF - CLASSE DE INVESTIMENTO EM COTAS RF DURATION - RESPONSABILIDADE LIMITADA;2025-04-30;Operações compromissadas lastreadas em títulos públicos federais;11.25
FI;08.258.431/0001-64;;BRADESCO PRIME FIF - CLASSE DE INVESTIMENTO EM COTAS RF DURATION - RESPONSABILIDADE LIMITADA;2025-04-30;Títulos públicos federais;69.40
CLASSES - FIF;08.279.304/0001-41;;ICATU VANGUARDA DIVIDENDOS FIF - CLASSE DE INVESTIMENTO EM AÇÕES - RESPONSABILIDADE LIMITADA;2025-04-30;Ações;90.72
CLASSES - FIF;08.279.304/0001-41;;ICATU VANGUARDA DIVIDENDOS FIF - CLASSE DE INVESTIMENTO EM AÇÕES - RESPONSABILIDADE LIMITADA;2025-04-30;Derivativos;11.49
CLASSES - FIF;08.279.304/0001-41;;ICATU VANGUARDA DIVIDENDOS FIF - CLASSE DE INVESTIMENTO EM AÇÕES - RESPONSABILIDADE LIMITADA;2025-04-30;Operações compromissadas lastreadas em títulos públicos federais;10.38
FI;08.627.607/0001-08;;B3 MARGEM GARANTIA REF DI FIC DE FUNDOS DE INVESTIMENTO - RESPONSABILIDADE LIMITADA;2025-04-30;Cotas de fundos de investimento 555;100.05
FI;08.627.607/0001-08;;B3 MARGEM GARANTIA REF DI FIC DE FUNDOS DE INVESTIMENTO - RESPONSABILIDADE LIMITADA;2025-04-30;Outras aplicações;-0.05
FI;08.669.394/0001-87;;TIVIO FEDERAL REF FI FINANCEIRO - CIC RF REFERENCIADA DI - RESP LIMITADA;2025-04-30;Operações compromissadas lastreadas em títulos públicos federais;39.99
FI;08.669.394/0001-87;;TIVIO FEDERAL REF FI FINANCEIRO - CIC RF REFERENCIADA DI - RESP LIMITADA;2025-04-30;Títulos públicos federais;59.96
CLASSES - FIF;08.674.719/0001-10;;BRADESCO FIF - CLASSE DE INVESTIMENTO EM AÇÕES SELEÇÃO - RESPONSABILIDADE LIMITADA;2025-04-30;Cotas de fundos de investimento 409;94.85
CLASSES - FIF;08.674.719/0001-10;;BRADESCO FIF - CLASSE DE INVESTIMENTO EM AÇÕES SELEÇÃO - RESPONSABILIDADE LIMITADA;2025-04-30;Operações compromissadas lastreadas em títulos públicos federais;4.34
CLASSES - FIF;08.674.719/0001-10;;BRADESCO FIF - CLASSE DE INVESTIMENTO EM AÇÕES SELEÇÃO - RESPONSABILIDADE LIMITADA;2025-04-30;Títulos públicos federais;10.70
CLASSES - FIF;08.674.732/0001-79;;BRADESCO CORPORATE FIF - CLASSE DE INVESTIMENTO EM COTAS RENDA FIXA DURATION - RESP LIMITADA;2025-04-30;Cotas de fundos de investimento 409;19.49
CLASSES - FIF;08.674.732/0001-79;;BRADESCO CORPORATE FIF - CLASSE DE INVESTIMENTO EM COTAS RENDA FIXA DURATION - RESP LIMITADA;2025-04-30;Derivativos;0.38
CLASSES - FIF;08.674.732/0001-79;;BRADESCO CORPORATE FIF - CLASSE DE INVESTIMENTO EM COTAS RENDA FIXA DURATION - RESP LIMITADA;2025-04-30;Operações compromissadas lastreadas em títulos públicos federais;11.26
CLASSES - FIF;08.674.732/0001-79;;BRADESCO CORPORATE FIF - CLASSE DE INVESTIMENTO EM COTAS RENDA FIXA DURATION - RESP LIMITADA;2025-04-30;Títulos públicos federais;69.42
FI;08.674.801/0001-44;;BRADESCO PRIME FIF - CIC DE AÇÕES SELEÇÃO - RESP LIMITADA;2025-04-30;Ações;69.56
FI;08.674.801/0001-44;;BRADESCO PRIME FIF - CIC DE AÇÕES SELEÇÃO - RESP LIMITADA;2025-04-30;Cotas de fundos de investimento 409;6.32
FI;08.674.801/0001-44;;BRADESCO PRIME FIF - CIC DE AÇÕES SELEÇÃO - RESP LIMITADA;2025-04-30;Derivativos;0.07
FI;08.674.801/0001-44;;BRADESCO PRIME FIF - CIC DE AÇÕES SELEÇÃO - RESP LIMITADA;2025-04-30;Operações compromissadas lastreadas em títulos públicos federais;6.56
FI;08.702.798/0001-25;;BRADESCO INSTITUCIONAL IMA-B FI FINANCEIRO - CIC RF - RESP LIMITADA;2025-04-30;Cotas de fundos de investimento 409;9.83
FI;08.702.798/0001-25;;BRADESCO INSTITUCIONAL IMA-B FI FINANCEIRO - CIC RF - RESP LIMITADA;2025-04-30;Derivativos;2.38
FI;08.702.798/0001-25;;BRADESCO INSTITUCIONAL IMA-B FI FINANCEIRO - CIC RF - RESP LIMITADA;2025-04-30;Operações compromissadas lastreadas em títulos públicos federais;2.43
FI;08.702.798/0001-25;;BRADESCO INSTITUCIONAL IMA-B FI FINANCEIRO - CIC RF - RESP LIMITADA;2025-04-30;Títulos públicos federais;87.77
CLASSES - FIF;08.702.804/0001-44;;BRADESCO FIF DEDICADO AO SETOR DE SAÚDE SUPLEMENTAR ANS - CI RF - RESPONSABILIDADE LIMITADA;2025-04-30;Operações compromissadas lastreadas em títulos públicos federais;10.49
CLASSES - FIF;08.702.804/0001-44;;BRADESCO FIF DEDICADO AO SETOR DE SAÚDE SUPLEMENTAR ANS - CI RF - RESPONSABILIDADE LIMITADA;2025-04-30;Títulos públicos federais;89.54
FI;08.756.265/0001-26;;BRADESCO FEEDER TNA FIF - CLASSE DE INVESTIMENTO RF CRED PRIV - RESP LIMITADA;2025-04-30;Depósitos a prazo e outros títulos de instituições financeiras;2.68
FI;08.756.265/0001-26;;BRADESCO FEEDER TNA FIF - CLASSE DE INVESTIMENTO RF CRED PRIV - RESP LIMITADA;2025-04-30;Derivativos;4.08
FI;08.756.265/0001-26;;BRADESCO FEEDER TNA FIF - CLASSE DE INVESTIMENTO RF CRED PRIV - RESP LIMITADA;2025-04-30;Operações compromissadas lastreadas em títulos públicos federais;56.11
FI;08.756.265/0001-26;;BRADESCO FEEDER TNA FIF - CLASSE DE INVESTIMENTO RF CRED PRIV - RESP LIMITADA;2025-04-30;Títulos públicos federais;41.22
CLASSES - FIF;08.776.308/0001-35;;BRADESCO H TOP FIF - CLASSE DE  INVESTIMENTO RENDA FIXA LP CRÉDITO PRIVADO -  RESP LIMITADA;2025-04-30;Depósitos a prazo e outros títulos de instituições financeiras;29.58
CLASSES - FIF;08.776.308/0001-35;;BRADESCO H TOP FIF - CLASSE DE  INVESTIMENTO RENDA FIXA LP CRÉDITO PRIVADO -  RESP LIMITADA;2025-04-30;Derivativos;11.56
CLASSES - FIF;08.776.308/0001-35;;BRADESCO H TOP FIF - CLASSE DE  INVESTIMENTO RENDA FIXA LP CRÉDITO PRIVADO -  RESP LIMITADA;2025-04-30;Operações compromissadas lastreadas em títulos públicos federais;25.52
CLASSES - FIF;08.776.308/0001-35;;BRADESCO H TOP FIF - CLASSE DE  INVESTIMENTO RENDA FIXA LP CRÉDITO PRIVADO -  RESP LIMITADA;2025-04-30;Títulos públicos federais;44.93
FI;08.815.386/0001-00;;INTER SELECTION AÇÕES FUNDO DE INVESTIMENTO FINANCEIRO EM AÇÕES RESPONSABILIDADE LIMITADA;2025-04-30;Cotas de Fundos de Investimento 555;96.38
FI;08.815.386/0001-00;;INTER SELECTION AÇÕES FUNDO DE INVESTIMENTO FINANCEIRO EM AÇÕES RESPONSABILIDADE LIMITADA;2025-04-30;Operações Compromissadas Lastreadas em Títulos Públicos Federais;2.95
FI;08.845.635/0001-00;;MOSAICO FI FINANCEIRO - CIA - RESP LIMITADA;2025-04-30;Ações;86.12
FI;08.845.635/0001-00;;MOSAICO FI FINANCEIRO - CIA - RESP LIMITADA;2025-04-30;Depósitos a prazo e outros títulos de instituições financeiras;0.59
FI;08.845.635/0001-00;;MOSAICO FI FINANCEIRO - CIA - RESP LIMITADA;2025-04-30;Derivativos;-1.36
FI;08.845.635/0001-00;;MOSAICO FI FINANCEIRO - CIA - RESP LIMITADA;2025-04-30;Investimento no exterior;1.97
FI;08.845.635/0001-00;;MOSAICO FI FINANCEIRO - CIA - RESP LIMITADA;2025-04-30;Operações compromissadas lastreadas em títulos públicos federais;10.48
FI;08.869.576/0001-00;;MOS FIF - CLASSE DE INVESTIMENTO EM AÇÕES - RESP LIMITADA;2025-04-30;Ações;89.75
FI;08.869.576/0001-00;;MOS FIF - CLASSE DE INVESTIMENTO EM AÇÕES - RESP LIMITADA;2025-04-30;Cotas de fundos de investimento 409;8.68
FI;08.869.576/0001-00;;MOS FIF - CLASSE DE INVESTIMENTO EM AÇÕES - RESP LIMITADA;2025-04-30;Derivativos;0.09
FI;08.869.576/0001-00;;MOS FIF - CLASSE DE INVESTIMENTO EM AÇÕES - RESP LIMITADA;2025-04-30;Operações compromissadas lastreadas em títulos públicos federais;1.73
FI;08.875.020/0001-18;;GÁVEA MACRO MASTER FIF - CLASSE DE INVESTIMENTO MULT - RESP LIMITADA;2025-04-30;Ações;9.44
FI;08.875.020/0001-18;;GÁVEA MACRO MASTER FIF - CLASSE DE INVESTIMENTO MULT - RESP LIMITADA;2025-04-30;Investimento no exterior;14.52
FI;08.875.020/0001-18;;GÁVEA MACRO MASTER FIF - CLASSE DE INVESTIMENTO MULT - RESP LIMITADA;2025-04-30;Operações compromissadas lastreadas em títulos públicos federais;26.24
FI;08.875.020/0001-18;;GÁVEA MACRO MASTER FIF - CLASSE DE INVESTIMENTO MULT - RESP LIMITADA;2025-04-30;Títulos de crédito privado;-0.05
FI;08.875.020/0001-18;;GÁVEA MACRO MASTER FIF - CLASSE DE INVESTIMENTO MULT - RESP LIMITADA;2025-04-30;Títulos públicos federais;51.06
FI;08.892.340/0001-86;;BAHIA AM SMID CAPS VALOR FUNDO DE INVESTIMENTO EM COTAS DE FUNDOS DE INVESTIMENTO EM AÇÕES;2025-04-30;Cotas de fundos de investimento 409;86.46
FI;08.892.340/0001-86;;BAHIA AM SMID CAPS VALOR FUNDO DE INVESTIMENTO EM COTAS DE FUNDOS DE INVESTIMENTO EM AÇÕES;2025-04-30;Operações compromissadas lastreadas em títulos públicos federais;18.67
FI;08.893.082/0001-52;;GÁVEA MACRO FI  FINANCEIRO - CIC MULT - RESP LIMITADA;2025-04-30;Ações;9.46
FI;08.893.082/0001-52;;GÁVEA MACRO FI  FINANCEIRO - CIC MULT - RESP LIMITADA;2025-04-30;Investimento no exterior;14.55
FI;08.893.082/0001-52;;GÁVEA MACRO FI  FINANCEIRO - CIC MULT - RESP LIMITADA;2025-04-30;Operações compromissadas lastreadas em títulos públicos federais;26.31
FI;08.893.082/0001-52;;GÁVEA MACRO FI  FINANCEIRO - CIC MULT - RESP LIMITADA;2025-04-30;Títulos de crédito privado;-0.05
FI;08.893.082/0001-52;;GÁVEA MACRO FI  FINANCEIRO - CIC MULT - RESP LIMITADA;2025-04-30;Títulos públicos federais;51.21
FI;08.893.093/0001-32;;APOENA MACRO FIF - CLASSE DE INVESTIMENTO EM COTAS MULT - RESP LIMITADA;2025-04-30;Ações;9.42
FI;08.893.093/0001-32;;APOENA MACRO FIF - CLASSE DE INVESTIMENTO EM COTAS MULT - RESP LIMITADA;2025-04-30;Investimento no exterior;14.48
FI;08.893.093/0001-32;;APOENA MACRO FIF - CLASSE DE INVESTIMENTO EM COTAS MULT - RESP LIMITADA;2025-04-30;Operações compromissadas lastreadas em títulos públicos federais;26.26
FI;08.893.093/0001-32;;APOENA MACRO FIF - CLASSE DE INVESTIMENTO EM COTAS MULT - RESP LIMITADA;2025-04-30;Títulos de crédito privado;-0.05
FI;08.893.093/0001-32;;APOENA MACRO FIF - CLASSE DE INVESTIMENTO EM COTAS MULT - RESP LIMITADA;2025-04-30;Títulos públicos federais;51.15
CLASSES - FIF;08.893.177/0001-76;;QLZ FUNDO DE INVESTIMENTO RENDA FIXA LONGO PRAZO CRÉDITO PRIVADO RESPONSABILIDADE LIMITADA;2025-04-30;Depósitos a prazo e outros títulos de instituições financeiras;14.79
CLASSES - FIF;08.893.177/0001-76;;QLZ FUNDO DE INVESTIMENTO RENDA FIXA LONGO PRAZO CRÉDITO PRIVADO RESPONSABILIDADE LIMITADA;2025-04-30;Operações compromissadas lastreadas em títulos públicos federais;44.15
CLASSES - FIF;08.893.177/0001-76;;QLZ FUNDO DE INVESTIMENTO RENDA FIXA LONGO PRAZO CRÉDITO PRIVADO RESPONSABILIDADE LIMITADA;2025-04-30;Títulos de crédito privado;3.69
CLASSES - FIF;08.893.177/0001-76;;QLZ FUNDO DE INVESTIMENTO RENDA FIXA LONGO PRAZO CRÉDITO PRIVADO RESPONSABILIDADE LIMITADA;2025-04-30;Títulos públicos federais;37.50
FI;08.909.429/0001-08;;AGORA BOLSA FC - CIC EM AÇÕES - RESP LIMITADA;2025-04-30;Ações;2.01
FI;08.909.429/0001-08;;AGORA BOLSA FC - CIC EM AÇÕES - RESP LIMITADA;2025-04-30;Cotas de fundos de investimento 409;92.45
FI;08.909.429/0001-08;;AGORA BOLSA FC - CIC EM AÇÕES - RESP LIMITADA;2025-04-30;Derivativos;5.35
FI;08.909.429/0001-08;;AGORA BOLSA FC - CIC EM AÇÕES - RESP LIMITADA;2025-04-30;Operações compromissadas lastreadas em títulos públicos federais;2.57
FI;08.909.429/0001-08;;AGORA BOLSA FC - CIC EM AÇÕES - RESP LIMITADA;2025-04-30;Títulos públicos federais;2.82
FI;08.915.198/0001-45;;BRADESCO H AQUAMARINE FC - CIC EM AÇÕES - RESP LIMITADA;2025-04-30;Ações;0.86
FI;08.915.198/0001-45;;BRADESCO H AQUAMARINE FC - CIC EM AÇÕES - RESP LIMITADA;2025-04-30;Cotas de fundos de investimento 409;96.93
FI;08.915.198/0001-45;;BRADESCO H AQUAMARINE FC - CIC EM AÇÕES - RESP LIMITADA;2025-04-30;Derivativos;2.29
FI;08.915.198/0001-45;;BRADESCO H AQUAMARINE FC - CIC EM AÇÕES - RESP LIMITADA;2025-04-30;Operações compromissadas lastreadas em títulos públicos federais;1.10
FI;08.915.198/0001-45;;BRADESCO H AQUAMARINE FC - CIC EM AÇÕES - RESP LIMITADA;2025-04-30;Títulos públicos federais;1.20
FI;08.915.927/0001-63;;BEM TPF FI FINANCEIRO - CI RF SIMPLES - RESP LIMITADA;2025-04-30;Operações compromissadas lastreadas em títulos públicos federais;28.88
FI;08.915.927/0001-63;;BEM TPF FI FINANCEIRO - CI RF SIMPLES - RESP LIMITADA;2025-04-30;Títulos públicos federais;71.11
CLASSES - FIF;08.944.708/0001-02;;BRADESCO H FIF ANS - CLASSE DE INVESTIMENTO RENDA FIXA - RESP LIMITADA;2025-04-30;Operações compromissadas lastreadas em títulos públicos federais;10.32
CLASSES - FIF;08.944.708/0001-02;;BRADESCO H FIF ANS - CLASSE DE INVESTIMENTO RENDA FIXA - RESP LIMITADA;2025-04-30;Títulos públicos federais;89.72
CLASSES - FIF;08.960.971/0001-95;;BANRISUL PREMIUM FUNDO DE INVESTIMENTO RENDA FIXA DE LONGO PRAZO RESPONSABILIDADE LIMITADA;2025-04-30;COTAS DE FUNDOS DE INVESTIMENTO 409;19.21
CLASSES - FIF;08.960.971/0001-95;;BANRISUL PREMIUM FUNDO DE INVESTIMENTO RENDA FIXA DE LONGO PRAZO RESPONSABILIDADE LIMITADA;2025-04-30;OPERAÇÕES COMPROMISSADAS LASTREADAS EM TÍTULOS PÚBLICOS FEDERAIS;27.23
CLASSES - FIF;08.960.971/0001-95;;BANRISUL PREMIUM FUNDO DE INVESTIMENTO RENDA FIXA DE LONGO PRAZO RESPONSABILIDADE LIMITADA;2025-04-30;TÍTULOS DE CRÉDITO PRIVADO;23.13
CLASSES - FIF;08.960.971/0001-95;;BANRISUL PREMIUM FUNDO DE INVESTIMENTO RENDA FIXA DE LONGO PRAZO RESPONSABILIDADE LIMITADA;2025-04-30;TÍTULOS PÚBLICOS FEDERAIS;30.46
CLASSES - FIF;08.960.978/0001-07;;BANRISUL FLEX CREDITO PRIVADO FUNDO DE INVESTIMENTO RENDA FIXA DE LONGO PRAZO RESPONS LIMITADA;2025-04-30;COTAS DE FUNDOS DE INVESTIMENTO 409;31.11
CLASSES - FIF;08.960.978/0001-07;;BANRISUL FLEX CREDITO PRIVADO FUNDO DE INVESTIMENTO RENDA FIXA DE LONGO PRAZO RESPONS LIMITADA;2025-04-30;OPERAÇÕES COMPROMISSADAS LASTREADAS EM TÍTULOS PÚBLICOS FEDERAIS;4.69
CLASSES - FIF;08.960.978/0001-07;;BANRISUL FLEX CREDITO PRIVADO FUNDO DE INVESTIMENTO RENDA FIXA DE LONGO PRAZO RESPONS LIMITADA;2025-04-30;TÍTULOS DE CRÉDITO PRIVADO;39.30
CLASSES - FIF;08.960.978/0001-07;;BANRISUL FLEX CREDITO PRIVADO FUNDO DE INVESTIMENTO RENDA FIXA DE LONGO PRAZO RESPONS LIMITADA;2025-04-30;TÍTULOS PÚBLICOS FEDERAIS;24.42
CLASSES - FIF;08.971.898/0001-57;;CSHG TOP MASTER FUNDO DE INVESTIMENTO EM COTAS DE FIF MULTIMERCADO RESPONSABILIDADE LIMITADA;2025-04-30;Cotas de Fundos de Investimento 555;27.83
CLASSES - FIF;08.971.898/0001-57;;CSHG TOP MASTER FUNDO DE INVESTIMENTO EM COTAS DE FIF MULTIMERCADO RESPONSABILIDADE LIMITADA;2025-04-30;Outras Cotas de Fundos de Investimento;72.20
CLASSES - FIF;08.971.898/0001-57;;CSHG TOP MASTER FUNDO DE INVESTIMENTO EM COTAS DE FIF MULTIMERCADO RESPONSABILIDADE LIMITADA;2025-04-30;Outros;0.00
FI;09.076.056/0001-02;;NEO MULTIMANAGER BBDC FI FINANCEIRO - CI MULT - RESP LIMITADA;2025-04-30;Ações;10.05
FI;09.076.056/0001-02;;NEO MULTIMANAGER BBDC FI FINANCEIRO - CI MULT - RESP LIMITADA;2025-04-30;Derivativos;-8.52
FI;09.076.056/0001-02;;NEO MULTIMANAGER BBDC FI FINANCEIRO - CI MULT - RESP LIMITADA;2025-04-30;Investimento no exterior;7.41
FI;09.076.056/0001-02;;NEO MULTIMANAGER BBDC FI FINANCEIRO - CI MULT - RESP LIMITADA;2025-04-30;Operações compromissadas lastreadas em títulos públicos federais;11.11
FI;09.076.056/0001-02;;NEO MULTIMANAGER BBDC FI FINANCEIRO - CI MULT - RESP LIMITADA;2025-04-30;Títulos públicos federais;81.86
FI;09.076.297/0001-43;;BTG PACTUAL MULTIMANAGER BBDC FI FINANCEIRO - CI MULT - RESP LIMITADA;2025-04-30;Ações;17.38
FI;09.076.297/0001-43;;BTG PACTUAL MULTIMANAGER BBDC FI FINANCEIRO - CI MULT - RESP LIMITADA;2025-04-30;Derivativos;274.14
FI;09.076.297/0001-43;;BTG PACTUAL MULTIMANAGER BBDC FI FINANCEIRO - CI MULT - RESP LIMITADA;2025-04-30;Investimento no exterior;10.01
FI;09.076.297/0001-43;;BTG PACTUAL MULTIMANAGER BBDC FI FINANCEIRO - CI MULT - RESP LIMITADA;2025-04-30;Operações compromissadas lastreadas em títulos públicos federais;18.08
FI;09.076.297/0001-43;;BTG PACTUAL MULTIMANAGER BBDC FI FINANCEIRO - CI MULT - RESP LIMITADA;2025-04-30;Títulos públicos federais;62.37
FI;09.150.949/0001-42;;CSHG VERDE TM FUNDO DE INVESTIMENTO EM COTAS DE FIF MULTIMERCADO - RESPONSABILIDADE LIMITADA;2025-04-30;Cotas de Fundos de Investimento 555;100.00
FI;09.150.949/0001-42;;CSHG VERDE TM FUNDO DE INVESTIMENTO EM COTAS DE FIF MULTIMERCADO - RESPONSABILIDADE LIMITADA;2025-04-30;Outros;0.04
FI;09.238.487/0001-10;;TIVIO SOBERANO FI FINANCEIRO - CI RF - RESP LIMITADA;2025-04-30;Operações compromissadas lastreadas em títulos públicos federais;39.99
FI;09.238.487/0001-10;;TIVIO SOBERANO FI FINANCEIRO - CI RF - RESP LIMITADA;2025-04-30;Títulos públicos federais;59.96
FI;09.241.756/0001-05;;BRAM H VOLGA FI FINANCEIRO - CI RF LP - RESP LIMITADA;2025-04-30;Derivativos;24.40
FI;09.241.756/0001-05;;BRAM H VOLGA FI FINANCEIRO - CI RF LP - RESP LIMITADA;2025-04-30;Operações compromissadas lastreadas em títulos públicos federais;64.98
FI;09.241.756/0001-05;;BRAM H VOLGA FI FINANCEIRO - CI RF LP - RESP LIMITADA;2025-04-30;Títulos públicos federais;34.99
FI;09.241.809/0001-80;;BRADESCO LONG AND SHORT FI FINANCEIRO - CI MULT - RESP LIMITADA;2025-04-30;Ações;21.89
FI;09.241.809/0001-80;;BRADESCO LONG AND SHORT FI FINANCEIRO - CI MULT - RESP LIMITADA;2025-04-30;Cotas de fundos de investimento 409;6.89
FI;09.241.809/0001-80;;BRADESCO LONG AND SHORT FI FINANCEIRO - CI MULT - RESP LIMITADA;2025-04-30;Derivativos;3.35
FI;09.241.809/0001-80;;BRADESCO LONG AND SHORT FI FINANCEIRO - CI MULT - RESP LIMITADA;2025-04-30;Operações compromissadas lastreadas em títulos públicos federais;6.47
FI;09.241.809/0001-80;;BRADESCO LONG AND SHORT FI FINANCEIRO - CI MULT - RESP LIMITADA;2025-04-30;Títulos públicos federais;82.47
FI;09.274.058/0001-06;;DAYCOVAL MULTIESTRATÉGIA FUNDO DE INVESTIMENTO FINANCEIRO;2025-04-30;Derivativos;0.04
FI;09.274.058/0001-06;;DAYCOVAL MULTIESTRATÉGIA FUNDO DE INVESTIMENTO FINANCEIRO;2025-04-30;Operações Compromissadas Lastreadas em Títulos Públicos Federais;19.62
FI;09.274.058/0001-06;;DAYCOVAL MULTIESTRATÉGIA FUNDO DE INVESTIMENTO FINANCEIRO;2025-04-30;Outras Aplicações;0.02
FI;09.274.058/0001-06;;DAYCOVAL MULTIESTRATÉGIA FUNDO DE INVESTIMENTO FINANCEIRO;2025-04-30;Outras Cotas de Fundos de Investimento;3.00
FI;09.274.058/0001-06;;DAYCOVAL MULTIESTRATÉGIA FUNDO DE INVESTIMENTO FINANCEIRO;2025-04-30;Títulos Públicos Federais;77.68
FI;09.289.134/0001-49;;GÁVEA MACRO II FIF - CLASSE DE INVESTIMENTO EM COTAS MULTIMERCADO - RESP LIMITADA;2025-04-30;Ações;9.44
FI;09.289.134/0001-49;;GÁVEA MACRO II FIF - CLASSE DE INVESTIMENTO EM COTAS MULTIMERCADO - RESP LIMITADA;2025-04-30;Investimento no exterior;14.52
FI;09.289.134/0001-49;;GÁVEA MACRO II FIF - CLASSE DE INVESTIMENTO EM COTAS MULTIMERCADO - RESP LIMITADA;2025-04-30;Operações compromissadas lastreadas em títulos públicos federais;26.29
FI;09.289.134/0001-49;;GÁVEA MACRO II FIF - CLASSE DE INVESTIMENTO EM COTAS MULTIMERCADO - RESP LIMITADA;2025-04-30;Títulos de crédito privado;-0.05
FI;09.289.134/0001-49;;GÁVEA MACRO II FIF - CLASSE DE INVESTIMENTO EM COTAS MULTIMERCADO - RESP LIMITADA;2025-04-30;Títulos públicos federais;51.20
FI;09.298.405/0001-22;;BRADESCO FIF - CIC RF CRED PRIVADO HIGH YIELD - RESP LIMITADA;2025-04-30;Cotas de fundos de investimento 409;4.96
FI;09.298.405/0001-22;;BRADESCO FIF - CIC RF CRED PRIVADO HIGH YIELD - RESP LIMITADA;2025-04-30;Depósitos a prazo e outros títulos de instituições financeiras;47.72
FI;09.298.405/0001-22;;BRADESCO FIF - CIC RF CRED PRIVADO HIGH YIELD - RESP LIMITADA;2025-04-30;Operações compromissadas lastreadas em títulos públicos federais;18.56
FI;09.298.405/0001-22;;BRADESCO FIF - CIC RF CRED PRIVADO HIGH YIELD - RESP LIMITADA;2025-04-30;Outras Cotas de fundos de investimento;0.16
FI;09.298.405/0001-22;;BRADESCO FIF - CIC RF CRED PRIVADO HIGH YIELD - RESP LIMITADA;2025-04-30;Títulos de crédito privado;28.56
FI;09.326.708/0001-01;;SUL AMÉRICA INFLATIE FIF - CLASSE DE INVESTIMENTO RENDA FIXA LONGO PRAZO - RESP LIMITADA;2025-04-30;Derivativos;11.86
FI;09.326.708/0001-01;;SUL AMÉRICA INFLATIE FIF - CLASSE DE INVESTIMENTO RENDA FIXA LONGO PRAZO - RESP LIMITADA;2025-04-30;Operações compromissadas lastreadas em títulos públicos federais;16.04
FI;09.326.708/0001-01;;SUL AMÉRICA INFLATIE FIF - CLASSE DE INVESTIMENTO RENDA FIXA LONGO PRAZO - RESP LIMITADA;2025-04-30;Títulos públicos federais;84.69
CLASSES - FIF;09.329.721/0001-14;;CS EVOLUTION DI MASTER FUNDO DE INVESTIMENTO FINANCEIRO RENDA FIXA REFERENCIADO - RESP LIMITADA;2025-04-30;Dep¿os a Prazo e Outros T¿los de Institui¿s Financeiras;18.20
CLASSES - FIF;09.329.721/0001-14;;CS EVOLUTION DI MASTER FUNDO DE INVESTIMENTO FINANCEIRO RENDA FIXA REFERENCIADO - RESP LIMITADA;2025-04-30;Outras Cotas de Fundos de Investimento;0.93
CLASSES - FIF;09.329.721/0001-14;;CS EVOLUTION DI MASTER FUNDO DE INVESTIMENTO FINANCEIRO RENDA FIXA REFERENCIADO - RESP LIMITADA;2025-04-30;Outros;14.21
CLASSES - FIF;09.329.721/0001-14;;CS EVOLUTION DI MASTER FUNDO DE INVESTIMENTO FINANCEIRO RENDA FIXA REFERENCIADO - RESP LIMITADA;2025-04-30;T¿los de Cr¿to Privado;18.46
CLASSES - FIF;09.329.721/0001-14;;CS EVOLUTION DI MASTER FUNDO DE INVESTIMENTO FINANCEIRO RENDA FIXA REFERENCIADO - RESP LIMITADA;2025-04-30;T¿los P¿blicos Federais;48.21
FI;09.344.799/0001-08;;TIVIO INFLATION FI FINANCEIRO - CIC RF - RESP LIMITADA;2025-04-30;Operações compromissadas lastreadas em títulos públicos federais;2.32
FI;09.344.799/0001-08;;TIVIO INFLATION FI FINANCEIRO - CIC RF - RESP LIMITADA;2025-04-30;Títulos públicos federais;99.45
FI;09.352.825/0001-40;;TIVIO ALOCAÇÃO DÓLAR FIF - CLASSE DE INVESTIMENTO CAMBIAL - RESPONSABILIDADE LIMITADA;2025-04-30;Derivativos;99.20
FI;09.352.825/0001-40;;TIVIO ALOCAÇÃO DÓLAR FIF - CLASSE DE INVESTIMENTO CAMBIAL - RESPONSABILIDADE LIMITADA;2025-04-30;Operações compromissadas lastreadas em títulos públicos federais;10.44
FI;09.352.825/0001-40;;TIVIO ALOCAÇÃO DÓLAR FIF - CLASSE DE INVESTIMENTO CAMBIAL - RESPONSABILIDADE LIMITADA;2025-04-30;Títulos públicos federais;89.12
CLASSES - FIF;09.478.646/0001-53;;LSC FUNDO DE INVESTIMENTO MULTIMERCADO LONGO PRAZO;2025-04-30;Ações;2.83
CLASSES - FIF;09.478.646/0001-53;;LSC FUNDO DE INVESTIMENTO MULTIMERCADO LONGO PRAZO;2025-04-30;Operações compromissadas lastreadas em títulospúblicos federais;62.70
CLASSES - FIF;09.478.646/0001-53;;LSC FUNDO DE INVESTIMENTO MULTIMERCADO LONGO PRAZO;2025-04-30;Títulos públicos federais;34.47
FI;09.519.413/0001-51;;BRADESCO H FIF - CLASSE DE INVESTIMENTO RF REFERENCIADA DI HEALTH CARE - RESP LIMITADA;2025-04-30;Operações compromissadas lastreadas em títulos públicos federais;12.91
FI;09.519.413/0001-51;;BRADESCO H FIF - CLASSE DE INVESTIMENTO RF REFERENCIADA DI HEALTH CARE - RESP LIMITADA;2025-04-30;Títulos públicos federais;87.10
FI;09.522.470/0001-90;;BRADESCO H FIF - CLASSE DE INVESTIMENTO RF LP PREÇOS - RESP LIMITADA;2025-04-30;Depósitos a prazo e outros títulos de instituições financeiras;3.51
FI;09.522.470/0001-90;;BRADESCO H FIF - CLASSE DE INVESTIMENTO RF LP PREÇOS - RESP LIMITADA;2025-04-30;Derivativos;-0.50
FI;09.522.470/0001-90;;BRADESCO H FIF - CLASSE DE INVESTIMENTO RF LP PREÇOS - RESP LIMITADA;2025-04-30;Operações compromissadas lastreadas em títulos públicos federais;0.82
FI;09.522.470/0001-90;;BRADESCO H FIF - CLASSE DE INVESTIMENTO RF LP PREÇOS - RESP LIMITADA;2025-04-30;Títulos públicos federais;95.77
FI;09.522.705/0001-43;;BRADESCO H HEALTH CARE PLUS FIF - CLASSE DE INVESTIMENTO RENDA FIXA CRÉDITO PRIVADO - RESP LIMITADA;2025-04-30;Cotas de fundos de investimento 409;1.38
FI;09.522.705/0001-43;;BRADESCO H HEALTH CARE PLUS FIF - CLASSE DE INVESTIMENTO RENDA FIXA CRÉDITO PRIVADO - RESP LIMITADA;2025-04-30;Depósitos a prazo e outros títulos de instituições financeiras;49.03
FI;09.522.705/0001-43;;BRADESCO H HEALTH CARE PLUS FIF - CLASSE DE INVESTIMENTO RENDA FIXA CRÉDITO PRIVADO - RESP LIMITADA;2025-04-30;Operações compromissadas lastreadas em títulos públicos federais;16.70
FI;09.522.705/0001-43;;BRADESCO H HEALTH CARE PLUS FIF - CLASSE DE INVESTIMENTO RENDA FIXA CRÉDITO PRIVADO - RESP LIMITADA;2025-04-30;Títulos de crédito privado;15.20
FI;09.522.705/0001-43;;BRADESCO H HEALTH CARE PLUS FIF - CLASSE DE INVESTIMENTO RENDA FIXA CRÉDITO PRIVADO - RESP LIMITADA;2025-04-30;Títulos públicos federais;17.42
FI;09.528.698/0001-97;;BAHIA AM FIF - CLASSE DE INVESTIMENTO EM COTAS MULTIMERCADO - RESP LIMITADA;2025-04-30;Derivativos;-11.21
FI;09.528.698/0001-97;;BAHIA AM FIF - CLASSE DE INVESTIMENTO EM COTAS MULTIMERCADO - RESP LIMITADA;2025-04-30;Investimento no exterior;8.59
FI;09.528.698/0001-97;;BAHIA AM FIF - CLASSE DE INVESTIMENTO EM COTAS MULTIMERCADO - RESP LIMITADA;2025-04-30;Operações compromissadas lastreadas em títulos públicos federais;26.23
FI;09.528.698/0001-97;;BAHIA AM FIF - CLASSE DE INVESTIMENTO EM COTAS MULTIMERCADO - RESP LIMITADA;2025-04-30;Títulos públicos federais;65.46
FI;09.543.255/0001-75;;RIO BRAVO FI FINANCEIRO - CI RF CRED PRIV - RESP LIMITADA;2025-04-30;Cotas de fundos de investimento 409;16.54
FI;09.543.255/0001-75;;RIO BRAVO FI FINANCEIRO - CI RF CRED PRIV - RESP LIMITADA;2025-04-30;Depósitos a prazo e outros títulos de instituições financeiras;10.32
FI;09.543.255/0001-75;;RIO BRAVO FI FINANCEIRO - CI RF CRED PRIV - RESP LIMITADA;2025-04-30;Operações compromissadas lastreadas em títulos públicos federais;26.85
FI;09.543.255/0001-75;;RIO BRAVO FI FINANCEIRO - CI RF CRED PRIV - RESP LIMITADA;2025-04-30;Títulos de crédito privado;30.99
FI;09.543.255/0001-75;;RIO BRAVO FI FINANCEIRO - CI RF CRED PRIV - RESP LIMITADA;2025-04-30;Títulos públicos federais;15.36
FI;09.550.197/0001-07;;4UM SMALL CAPS FIF - CLASSE DE INVESTIMENTO EM AÇÕES - RESP LIMITADA;2025-04-30;Ações;92.91
FI;09.550.197/0001-07;;4UM SMALL CAPS FIF - CLASSE DE INVESTIMENTO EM AÇÕES - RESP LIMITADA;2025-04-30;Operações compromissadas lastreadas em títulos públicos federais;9.26
FI;09.564.065/0001-34;;BRAM FIF - CLASSE DE INVESTIMENTO EM AÇÕES IBRX ATIVO - RESP LIMITADA;2025-04-30;Ações;96.08
FI;09.564.065/0001-34;;BRAM FIF - CLASSE DE INVESTIMENTO EM AÇÕES IBRX ATIVO - RESP LIMITADA;2025-04-30;Cotas de fundos de investimento 409;0.03
FI;09.564.065/0001-34;;BRAM FIF - CLASSE DE INVESTIMENTO EM AÇÕES IBRX ATIVO - RESP LIMITADA;2025-04-30;Derivativos;2.14
FI;09.564.065/0001-34;;BRAM FIF - CLASSE DE INVESTIMENTO EM AÇÕES IBRX ATIVO - RESP LIMITADA;2025-04-30;Operações compromissadas lastreadas em títulos públicos federais;3.10
CLASSES - FIF;09.564.069/0001-12;;BRADESCO CORPORATE FUNDO DE INVESTIMENTO EM COTAS FIF RF REFERENCIADA DI FEDERAL - RESP LIMITADA;2025-04-30;Operações compromissadas lastreadas em títulos públicos federais;28.72
CLASSES - FIF;09.564.069/0001-12;;BRADESCO CORPORATE FUNDO DE INVESTIMENTO EM COTAS FIF RF REFERENCIADA DI FEDERAL - RESP LIMITADA;2025-04-30;Títulos públicos federais;71.30
CLASSES - FIF;09.591.381/0001-03;;CS EVOLUTION DI MAX PRIVATE FUNDO DE INVESTIMENTO EM COTAS DE FIF RENDA FIXA REF RESP LIMITADA;2025-04-30;Outras Cotas de Fundos de Investimento;100.01
CLASSES - FIF;09.591.381/0001-03;;CS EVOLUTION DI MAX PRIVATE FUNDO DE INVESTIMENTO EM COTAS DE FIF RENDA FIXA REF RESP LIMITADA;2025-04-30;Outros;0.00
CLASSES - FIF;09.594.596/0001-70;;BANESTES IMA-B TÍTULOS PÚBLICOS FIF RENDA FIXA RESPONSABILIDADE LIMITADA;2025-04-30;Derivativos;0.02
CLASSES - FIF;09.594.596/0001-70;;BANESTES IMA-B TÍTULOS PÚBLICOS FIF RENDA FIXA RESPONSABILIDADE LIMITADA;2025-04-30;Operações compromissadas lastreadas em títulos públicos federais;24.16
CLASSES - FIF;09.594.596/0001-70;;BANESTES IMA-B TÍTULOS PÚBLICOS FIF RENDA FIXA RESPONSABILIDADE LIMITADA;2025-04-30;Títulos públicos federais;88.09
FI;09.599.346/0001-22;;4UM MARLIM DIVIDENDOS FIF - CLASSE DE INVESTIMENTO EM AÇÕES - RESP LIMITADA;2025-04-30;Ações;93.66
FI;09.599.346/0001-22;;4UM MARLIM DIVIDENDOS FIF - CLASSE DE INVESTIMENTO EM AÇÕES - RESP LIMITADA;2025-04-30;Operações compromissadas lastreadas em títulos públicos federais;2.15
FI;09.635.130/0001-75;;BAHIA AM VALUATION MASTER FIF - CLASSE DE INVESTIMENTO EM AÇÕES - RESP LIMITADA;2025-04-30;Ações;82.69
FI;09.635.130/0001-75;;BAHIA AM VALUATION MASTER FIF - CLASSE DE INVESTIMENTO EM AÇÕES - RESP LIMITADA;2025-04-30;Derivativos;12.76
FI;09.635.130/0001-75;;BAHIA AM VALUATION MASTER FIF - CLASSE DE INVESTIMENTO EM AÇÕES - RESP LIMITADA;2025-04-30;Operações compromissadas lastreadas em títulos públicos federais;14.07
FI;09.635.172/0001-06;;BAHIA AM VALUATION FIF - CLASSE DE INVESTIMENTO EM COTAS EM AÇÕES - RESP LIMITADA;2025-04-30;Ações;82.79
FI;09.635.172/0001-06;;BAHIA AM VALUATION FIF - CLASSE DE INVESTIMENTO EM COTAS EM AÇÕES - RESP LIMITADA;2025-04-30;Derivativos;12.77
FI;09.635.172/0001-06;;BAHIA AM VALUATION FIF - CLASSE DE INVESTIMENTO EM COTAS EM AÇÕES - RESP LIMITADA;2025-04-30;Operações compromissadas lastreadas em títulos públicos federais;14.15
CLASSES - FIF;09.636.818/0001-70;;CSHG SOBERANO EXCLUSIVO FUNDO DE INVESTIMENTO EM COTAS DE FIF RF REFERENCIADO DI - RESP LIMITADA;2025-04-30;Outras Cotas de Fundos de Investimento;100.00
CLASSES - FIF;09.636.818/0001-70;;CSHG SOBERANO EXCLUSIVO FUNDO DE INVESTIMENTO EM COTAS DE FIF RF REFERENCIADO DI - RESP LIMITADA;2025-04-30;Outros;0.01
CLASSES - FIF;09.639.909/0001-69;;CSHG SOBERANO PRIVATE I FUNDO DE INVESTIMENTO EM COTAS DE FIF RENDA FIXA REF DI - RESP LIMITADA;2025-04-30;Outras Cotas de Fundos de Investimento;100.01
CLASSES - FIF;09.639.909/0001-69;;CSHG SOBERANO PRIVATE I FUNDO DE INVESTIMENTO EM COTAS DE FIF RENDA FIXA REF DI - RESP LIMITADA;2025-04-30;Outros;0.00
CLASSES - FIF;09.639.924/0001-07;;CSHG SOBERANO MASTER FUNDO DE INVESTIMENTO FINANCEIRO RENDA FIXA REFERENCIADO DI - RESP LIMITADA;2025-04-30;Outros;2.90
CLASSES - FIF;09.639.924/0001-07;;CSHG SOBERANO MASTER FUNDO DE INVESTIMENTO FINANCEIRO RENDA FIXA REFERENCIADO DI - RESP LIMITADA;2025-04-30;T¿los P¿blicos Federais;97.11
FI;09.720.710/0001-60;;INTER CONSERVADOR PLUS FIF RENDA FIXA CRÉDITO PRIVADO LONGO PRAZO RESP LIMITADA;2025-04-30;Depósitos a Prazo e Outros Títulos de Instituições Financeiras;17.13
FI;09.720.710/0001-60;;INTER CONSERVADOR PLUS FIF RENDA FIXA CRÉDITO PRIVADO LONGO PRAZO RESP LIMITADA;2025-04-30;Derivativos;5.49
FI;09.720.710/0001-60;;INTER CONSERVADOR PLUS FIF RENDA FIXA CRÉDITO PRIVADO LONGO PRAZO RESP LIMITADA;2025-04-30;Operações Compromissadas Lastreadas em Títulos Públicos Federais;4.61
FI;09.720.710/0001-60;;INTER CONSERVADOR PLUS FIF RENDA FIXA CRÉDITO PRIVADO LONGO PRAZO RESP LIMITADA;2025-04-30;Títulos de Crédito Privado;29.25
FI;09.720.710/0001-60;;INTER CONSERVADOR PLUS FIF RENDA FIXA CRÉDITO PRIVADO LONGO PRAZO RESP LIMITADA;2025-04-30;Títulos Públicos Federais;41.80
FI;10.158.171/0001-05;;SAFARI 30 FUNDO DE INVESTIMENTO EM COTAS DE FIF MULTIMERCADO - RESPONSABILIDADE LIMITADA;2025-04-30;Cotas de Fundos de Investimento 555;101.01
FI;10.158.171/0001-05;;SAFARI 30 FUNDO DE INVESTIMENTO EM COTAS DE FIF MULTIMERCADO - RESPONSABILIDADE LIMITADA;2025-04-30;Outros;0.02
FI;10.199.934/0001-58;;BANRISUL DIVIDENDOS FUNDO DE INVESTIMENTO FINANCEIRO EM AÇÕES RESPONSABILIDADE LIMITADA;2025-04-30;AÇÕES;97.53
FI;10.199.934/0001-58;;BANRISUL DIVIDENDOS FUNDO DE INVESTIMENTO FINANCEIRO EM AÇÕES RESPONSABILIDADE LIMITADA;2025-04-30;OPERAÇÕES COMPROMISSADAS LASTREADAS EM TÍTULOS PÚBLICOS FEDERAIS;0.61
FI;10.295.477/0001-03;;KONDOR MASTER FI FINANCEIRO - CI MULT - RESP LIMITADA;2025-04-30;Ações;4.80
FI;10.295.477/0001-03;;KONDOR MASTER FI FINANCEIRO - CI MULT - RESP LIMITADA;2025-04-30;Cotas de fundos de investimento 409;2.35
FI;10.295.477/0001-03;;KONDOR MASTER FI FINANCEIRO - CI MULT - RESP LIMITADA;2025-04-30;Investimento no exterior;12.95
FI;10.295.477/0001-03;;KONDOR MASTER FI FINANCEIRO - CI MULT - RESP LIMITADA;2025-04-30;Operações compromissadas lastreadas em títulos públicos federais;3.28
FI;10.295.477/0001-03;;KONDOR MASTER FI FINANCEIRO - CI MULT - RESP LIMITADA;2025-04-30;Títulos públicos federais;76.90
FI;10.342.116/0001-62;;TIVIO IRF-M1+ FIF - CLASSE DE  INVESTIMENTO RENDA FIXA - RESPONSABILIDADE LIMITADA;2025-04-30;Derivativos;27.00
FI;10.342.116/0001-62;;TIVIO IRF-M1+ FIF - CLASSE DE  INVESTIMENTO RENDA FIXA - RESPONSABILIDADE LIMITADA;2025-04-30;Operações compromissadas lastreadas em títulos públicos federais;5.03
FI;10.342.116/0001-62;;TIVIO IRF-M1+ FIF - CLASSE DE  INVESTIMENTO RENDA FIXA - RESPONSABILIDADE LIMITADA;2025-04-30;Títulos públicos federais;94.84
FI;10.347.453/0001-42;;TIVIO ALOCAÇÃO INFLAÇÃO FI FINANCEIRO - CI RF - RESP LIMITADA;2025-04-30;Operações compromissadas lastreadas em títulos públicos federais;2.32
FI;10.347.453/0001-42;;TIVIO ALOCAÇÃO INFLAÇÃO FI FINANCEIRO - CI RF - RESP LIMITADA;2025-04-30;Títulos públicos federais;99.48
CLASSES - FIF;10.347.493/0001-94;;TIVIO BANKS RENDA FIXA CRÉDITO PRIVADO FUNDO DE INVESTIMENTO FINANCEIRO - RESPONSABILIDADE LIMITADA;2025-04-30;Depósitos a prazo e outros títulos de instituições financeiras;82.08
CLASSES - FIF;10.347.493/0001-94;;TIVIO BANKS RENDA FIXA CRÉDITO PRIVADO FUNDO DE INVESTIMENTO FINANCEIRO - RESPONSABILIDADE LIMITADA;2025-04-30;Operações compromissadas lastreadas em títulos públicos federais;4.74
CLASSES - FIF;10.347.493/0001-94;;TIVIO BANKS RENDA FIXA CRÉDITO PRIVADO FUNDO DE INVESTIMENTO FINANCEIRO - RESPONSABILIDADE LIMITADA;2025-04-30;Títulos públicos federais;13.28
FI;10.435.467/0001-18;;SHARP MULTIMANAGER BBDC FI FINANCEIRO - CI MULT - RESP LIMITADA;2025-04-30;Ações;42.20
FI;10.435.467/0001-18;;SHARP MULTIMANAGER BBDC FI FINANCEIRO - CI MULT - RESP LIMITADA;2025-04-30;Derivativos;-14.44
FI;10.435.467/0001-18;;SHARP MULTIMANAGER BBDC FI FINANCEIRO - CI MULT - RESP LIMITADA;2025-04-30;Operações compromissadas lastreadas em títulos públicos federais;22.05
FI;10.435.467/0001-18;;SHARP MULTIMANAGER BBDC FI FINANCEIRO - CI MULT - RESP LIMITADA;2025-04-30;Títulos públicos federais;61.80
FI;10.590.147/0001-32;;BRAM INSTITUCIONAL IMA GERAL EX-C FI FINANCEIRO - CI RF - RESP LIMITADA;2025-04-30;Derivativos;23.32
FI;10.590.147/0001-32;;BRAM INSTITUCIONAL IMA GERAL EX-C FI FINANCEIRO - CI RF - RESP LIMITADA;2025-04-30;Operações compromissadas lastreadas em títulos públicos federais;2.71
FI;10.590.147/0001-32;;BRAM INSTITUCIONAL IMA GERAL EX-C FI FINANCEIRO - CI RF - RESP LIMITADA;2025-04-30;Títulos públicos federais;97.23
FI;10.601.349/0001-32;;BRAM FIF - CLASSE DE INVESTIMENTO RENDA FIXA SIMPLES FEDERAL II - RESP LIMITADA;2025-04-30;Operações compromissadas lastreadas em títulos públicos federais;28.08
FI;10.601.349/0001-32;;BRAM FIF - CLASSE DE INVESTIMENTO RENDA FIXA SIMPLES FEDERAL II - RESP LIMITADA;2025-04-30;Títulos públicos federais;71.92
FI;10.601.479/0001-75;;BRADESCO FIF - CLASSE DE INVESTIMENTO EM AÇÕES BRADESCO - RESP LIMITADA;2025-04-30;Ações;95.66
FI;10.601.479/0001-75;;BRADESCO FIF - CLASSE DE INVESTIMENTO EM AÇÕES BRADESCO - RESP LIMITADA;2025-04-30;Operações compromissadas lastreadas em títulos públicos federais;1.92
FI;10.608.762/0001-29;;PERFIN FORESIGHT INSTITUCIONAL FIF - CLASSE DE INVESTIMENTO EM COTAS DE AÇÕES - RESP  LIMITADA;2025-04-30;Ações;92.12
FI;10.608.762/0001-29;;PERFIN FORESIGHT INSTITUCIONAL FIF - CLASSE DE INVESTIMENTO EM COTAS DE AÇÕES - RESP  LIMITADA;2025-04-30;Operações compromissadas lastreadas em títulos públicos federais;1.23
CLASSES - FIF;10.756.541/0001-06;;ICATU VANGUARDA INFLAÇÃO LONGA FIF - CLASSE DE INVESTIMENTO RENDA FIXA LP - RESP LIMITADA;2025-04-30;Derivativos;4.50
CLASSES - FIF;10.756.541/0001-06;;ICATU VANGUARDA INFLAÇÃO LONGA FIF - CLASSE DE INVESTIMENTO RENDA FIXA LP - RESP LIMITADA;2025-04-30;Operações compromissadas lastreadas em títulos públicos federais;0.07
CLASSES - FIF;10.756.541/0001-06;;ICATU VANGUARDA INFLAÇÃO LONGA FIF - CLASSE DE INVESTIMENTO RENDA FIXA LP - RESP LIMITADA;2025-04-30;Títulos públicos federais;99.96
CLASSES - FIF;10.756.556/0001-66;;ICATU VANGUARDA GOLD FIF - CLASSE DE INVESTIMENTO RENDA FIXA LONGO PRAZO - RESP  LIMITADA;2025-04-30;Cotas de fundos de investimento 409;0.43
CLASSES - FIF;10.756.556/0001-66;;ICATU VANGUARDA GOLD FIF - CLASSE DE INVESTIMENTO RENDA FIXA LONGO PRAZO - RESP  LIMITADA;2025-04-30;Depósitos a prazo e outros títulos de instituições financeiras;10.36
CLASSES - FIF;10.756.556/0001-66;;ICATU VANGUARDA GOLD FIF - CLASSE DE INVESTIMENTO RENDA FIXA LONGO PRAZO - RESP  LIMITADA;2025-04-30;Operações compromissadas lastreadas em títulos públicos federais;34.64
CLASSES - FIF;10.756.556/0001-66;;ICATU VANGUARDA GOLD FIF - CLASSE DE INVESTIMENTO RENDA FIXA LONGO PRAZO - RESP  LIMITADA;2025-04-30;Títulos de crédito privado;4.95
CLASSES - FIF;10.756.556/0001-66;;ICATU VANGUARDA GOLD FIF - CLASSE DE INVESTIMENTO RENDA FIXA LONGO PRAZO - RESP  LIMITADA;2025-04-30;Títulos públicos federais;49.67
FI;10.756.685/0001-54;;PRÓPRIO CAPITAL FUNDO DE INVESTIMENTO FINANCEIRO;2025-04-30;Ações;98.54
FI;10.756.685/0001-54;;PRÓPRIO CAPITAL FUNDO DE INVESTIMENTO FINANCEIRO;2025-04-30;Operações Compromissadas Lastreadas em Títulos Públicos Federais;0.57
FI;10.756.685/0001-54;;PRÓPRIO CAPITAL FUNDO DE INVESTIMENTO FINANCEIRO;2025-04-30;Outras Aplicações;1.10
CLASSES - FIF;10.783.480/0001-68;;DAYCOVAL CLASSIC FUNDO DE INVESTIMENTO EM COTAS DE FIF RENDA FIXA CRÉDITO PRIVADO;2025-04-30;Cotas de Fundos de Investimento 409;100.07
CLASSES - FIF;10.783.480/0001-68;;DAYCOVAL CLASSIC FUNDO DE INVESTIMENTO EM COTAS DE FIF RENDA FIXA CRÉDITO PRIVADO;2025-04-30;Operações Compromissadas Lastreadas em Títulos Públicos Federais;0.03
CLASSES - FIF;10.783.480/0001-68;;DAYCOVAL CLASSIC FUNDO DE INVESTIMENTO EM COTAS DE FIF RENDA FIXA CRÉDITO PRIVADO;2025-04-30;Outras Aplicações;0.37
FI;10.813.716/0001-61;;BRADESCO H PERFORMANCE INSTITUCIONAL FI FINANCEIRO - CI RF CRED PRIV LP - RESP LIMITADA;2025-04-30;Cotas de fundos de investimento 409;3.26
FI;10.813.716/0001-61;;BRADESCO H PERFORMANCE INSTITUCIONAL FI FINANCEIRO - CI RF CRED PRIV LP - RESP LIMITADA;2025-04-30;Depósitos a prazo e outros títulos de instituições financeiras;31.34
FI;10.813.716/0001-61;;BRADESCO H PERFORMANCE INSTITUCIONAL FI FINANCEIRO - CI RF CRED PRIV LP - RESP LIMITADA;2025-04-30;Operações compromissadas lastreadas em títulos públicos federais;26.79
FI;10.813.716/0001-61;;BRADESCO H PERFORMANCE INSTITUCIONAL FI FINANCEIRO - CI RF CRED PRIV LP - RESP LIMITADA;2025-04-30;Títulos de crédito privado;35.95
FI;10.813.716/0001-61;;BRADESCO H PERFORMANCE INSTITUCIONAL FI FINANCEIRO - CI RF CRED PRIV LP - RESP LIMITADA;2025-04-30;Títulos públicos federais;1.73
CLASSES - FIF;10.841.477/0001-53;;ICATU VANGUARDA MULTIESTRATÉGIA ARROJADO FIF CIC MULTIMERCADO CRED PRIV - RESP LIMITADA;2025-04-30;Ações;23.95
CLASSES - FIF;10.841.477/0001-53;;ICATU VANGUARDA MULTIESTRATÉGIA ARROJADO FIF CIC MULTIMERCADO CRED PRIV - RESP LIMITADA;2025-04-30;Cotas de fundos de investimento 409;19.29
CLASSES - FIF;10.841.477/0001-53;;ICATU VANGUARDA MULTIESTRATÉGIA ARROJADO FIF CIC MULTIMERCADO CRED PRIV - RESP LIMITADA;2025-04-30;Operações compromissadas lastreadas em títulos públicos federais;8.85
CLASSES - FIF;10.841.477/0001-53;;ICATU VANGUARDA MULTIESTRATÉGIA ARROJADO FIF CIC MULTIMERCADO CRED PRIV - RESP LIMITADA;2025-04-30;Títulos de crédito privado;7.88
CLASSES - FIF;10.841.477/0001-53;;ICATU VANGUARDA MULTIESTRATÉGIA ARROJADO FIF CIC MULTIMERCADO CRED PRIV - RESP LIMITADA;2025-04-30;Títulos públicos federais;34.02
CLASSES - FIF;10.922.432/0001-03;;ICATU VANGUARDA INFLAÇÃO CURTA FIF - CLASSE DE INVESTIMENTO RENDA FIXA LONGO PRAZO - RESP LIMITADA;2025-04-30;Derivativos;5.70
CLASSES - FIF;10.922.432/0001-03;;ICATU VANGUARDA INFLAÇÃO CURTA FIF - CLASSE DE INVESTIMENTO RENDA FIXA LONGO PRAZO - RESP LIMITADA;2025-04-30;Operações compromissadas lastreadas em títulos públicos federais;1.07
CLASSES - FIF;10.922.432/0001-03;;ICATU VANGUARDA INFLAÇÃO CURTA FIF - CLASSE DE INVESTIMENTO RENDA FIXA LONGO PRAZO - RESP LIMITADA;2025-04-30;Títulos públicos federais;98.96
FI;10.922.627/0001-53;;PRIVATE STOCKS FUNDO DE INVESTIMENTO DE AÇÕES RESPONSABILIDADE LIMITADA;2025-04-30;Ações;144.23
FI;10.922.627/0001-53;;PRIVATE STOCKS FUNDO DE INVESTIMENTO DE AÇÕES RESPONSABILIDADE LIMITADA;2025-04-30;Operações compromissadas lastreadas em títulospúblicos federais;0.66
FI;10.922.627/0001-53;;PRIVATE STOCKS FUNDO DE INVESTIMENTO DE AÇÕES RESPONSABILIDADE LIMITADA;2025-04-30;Outras aplicações;-44.89
FI;10.986.880/0001-70;;BRADESCO INSTITUCIONAL IMA-B TÍTULOS PÚBLICOS FI FINANCEIRO - CIC RF - RESP LIMITADA;2025-04-30;Operações compromissadas lastreadas em títulos públicos federais;0.15
FI;10.986.880/0001-70;;BRADESCO INSTITUCIONAL IMA-B TÍTULOS PÚBLICOS FI FINANCEIRO - CIC RF - RESP LIMITADA;2025-04-30;Títulos públicos federais;99.88
FI;11.016.883/0001-44;;BRAM IMA GERAL FI FINANCEIRO - CI RF - RESP LIMITADA;2025-04-30;Derivativos;0.99
FI;11.016.883/0001-44;;BRAM IMA GERAL FI FINANCEIRO - CI RF - RESP LIMITADA;2025-04-30;Operações compromissadas lastreadas em títulos públicos federais;4.96
FI;11.016.883/0001-44;;BRAM IMA GERAL FI FINANCEIRO - CI RF - RESP LIMITADA;2025-04-30;Títulos públicos federais;95.02
FI;11.077.933/0001-01;;KONDOR MASTER CASH FI FINANCEIRO - CI MULT - RESP LIMITADA;2025-04-30;Operações compromissadas lastreadas em títulos públicos federais;0.47
FI;11.077.933/0001-01;;KONDOR MASTER CASH FI FINANCEIRO - CI MULT - RESP LIMITADA;2025-04-30;Títulos públicos federais;99.80
CLASSES - FIF;11.182.064/0001-77;;CONSTÂNCIA FUNDAMENTO FUNDO DE INVESTIMENTO FINANCEIRO;2025-04-30;Ações;94.21
CLASSES - FIF;11.182.064/0001-77;;CONSTÂNCIA FUNDAMENTO FUNDO DE INVESTIMENTO FINANCEIRO;2025-04-30;Derivativos;-31.15
CLASSES - FIF;11.182.064/0001-77;;CONSTÂNCIA FUNDAMENTO FUNDO DE INVESTIMENTO FINANCEIRO;2025-04-30;Operações compromissadas lastreadas em títulos públicos federais;2.39
FI;11.225.767/0001-35;;STUDIO INSTITUCIONAL FI FINANCEIRO - CIC EM AÇÕES - RESP LIMITADA;2025-04-30;Ações;84.58
FI;11.225.767/0001-35;;STUDIO INSTITUCIONAL FI FINANCEIRO - CIC EM AÇÕES - RESP LIMITADA;2025-04-30;Cotas de fundos de investimento 409;3.50
FI;11.225.767/0001-35;;STUDIO INSTITUCIONAL FI FINANCEIRO - CIC EM AÇÕES - RESP LIMITADA;2025-04-30;Investimento no exterior;5.84
FI;11.225.767/0001-35;;STUDIO INSTITUCIONAL FI FINANCEIRO - CIC EM AÇÕES - RESP LIMITADA;2025-04-30;Operações compromissadas lastreadas em títulos públicos federais;4.77
FI;11.232.995/0001-32;;BRADESCO H IBOVESPA REGIMES DE PREVIDÊNCIA FI FINANCEIRO - CIC EM AÇÕES - RESP LIMITADA;2025-04-30;Ações;4.42
FI;11.232.995/0001-32;;BRADESCO H IBOVESPA REGIMES DE PREVIDÊNCIA FI FINANCEIRO - CIC EM AÇÕES - RESP LIMITADA;2025-04-30;Cotas de fundos de investimento 409;83.00
FI;11.232.995/0001-32;;BRADESCO H IBOVESPA REGIMES DE PREVIDÊNCIA FI FINANCEIRO - CIC EM AÇÕES - RESP LIMITADA;2025-04-30;Derivativos;11.74
FI;11.232.995/0001-32;;BRADESCO H IBOVESPA REGIMES DE PREVIDÊNCIA FI FINANCEIRO - CIC EM AÇÕES - RESP LIMITADA;2025-04-30;Operações compromissadas lastreadas em títulos públicos federais;5.86
FI;11.232.995/0001-32;;BRADESCO H IBOVESPA REGIMES DE PREVIDÊNCIA FI FINANCEIRO - CIC EM AÇÕES - RESP LIMITADA;2025-04-30;Títulos públicos federais;6.73
FI;11.245.687/0001-41;;VINCI REF DI FI FINANCEIRO - CI RF REFERENCIADA DI - RESP LIMITADA;2025-04-30;Operações compromissadas lastreadas em títulos públicos federais;7.29
FI;11.245.687/0001-41;;VINCI REF DI FI FINANCEIRO - CI RF REFERENCIADA DI - RESP LIMITADA;2025-04-30;Títulos públicos federais;92.81
FI;11.286.540/0001-08;;STUDIO MASTER FI FINANCEIRO - CIA - RESP LIMITADA;2025-04-30;Ações;84.52
FI;11.286.540/0001-08;;STUDIO MASTER FI FINANCEIRO - CIA - RESP LIMITADA;2025-04-30;Cotas de fundos de investimento 409;3.50
FI;11.286.540/0001-08;;STUDIO MASTER FI FINANCEIRO - CIA - RESP LIMITADA;2025-04-30;Investimento no exterior;5.83
FI;11.286.540/0001-08;;STUDIO MASTER FI FINANCEIRO - CIA - RESP LIMITADA;2025-04-30;Operações compromissadas lastreadas em títulos públicos federais;4.76
FI;11.311.874/0001-86;;BANRISUL SOBERANO FUNDO DE INVESTIMENTO FINANCEIRO RENDA FIXA SIMPLES LONGO PRAZO RESP LIMITADA;2025-04-30;OPERAÇÕES COMPROMISSADAS LASTREADAS EM TÍTULOS PÚBLICOS FEDERAIS;25.16
FI;11.311.874/0001-86;;BANRISUL SOBERANO FUNDO DE INVESTIMENTO FINANCEIRO RENDA FIXA SIMPLES LONGO PRAZO RESP LIMITADA;2025-04-30;TÍTULOS PÚBLICOS FEDERAIS;74.88
FI;11.435.287/0001-07;;MAG FUNDO DE INVESTIMENTO FINANCEIRO - CLASSE DE  INVESTIMENTO RENDA FIXA - RESP LIMITADATA;2025-04-30;Depósitos a prazo e outros títulos de instituições financeiras;10.99
FI;11.435.287/0001-07;;MAG FUNDO DE INVESTIMENTO FINANCEIRO - CLASSE DE  INVESTIMENTO RENDA FIXA - RESP LIMITADATA;2025-04-30;Derivativos;0.00
FI;11.435.287/0001-07;;MAG FUNDO DE INVESTIMENTO FINANCEIRO - CLASSE DE  INVESTIMENTO RENDA FIXA - RESP LIMITADATA;2025-04-30;Operações compromissadas lastreadas em títulos públicos federais;10.55
FI;11.435.287/0001-07;;MAG FUNDO DE INVESTIMENTO FINANCEIRO - CLASSE DE  INVESTIMENTO RENDA FIXA - RESP LIMITADATA;2025-04-30;Títulos de crédito privado;22.71
FI;11.435.287/0001-07;;MAG FUNDO DE INVESTIMENTO FINANCEIRO - CLASSE DE  INVESTIMENTO RENDA FIXA - RESP LIMITADATA;2025-04-30;Títulos públicos federais;55.74
FI;11.458.144/0001-02;;SUL AMÉRICA EQUITIES FIF - CLASSE DE INVESTIMENTO EM AÇÕES - RESP LIMITADA;2025-04-30;Ações;84.05
FI;11.458.144/0001-02;;SUL AMÉRICA EQUITIES FIF - CLASSE DE INVESTIMENTO EM AÇÕES - RESP LIMITADA;2025-04-30;Derivativos;11.89
FI;11.458.144/0001-02;;SUL AMÉRICA EQUITIES FIF - CLASSE DE INVESTIMENTO EM AÇÕES - RESP LIMITADA;2025-04-30;Operações compromissadas lastreadas em títulos públicos federais;13.92
FI;11.484.558/0001-06;;BRADESCO FIF - CLASSE DE INVESTIMENTO RF IRF-M 1 TÍTULOS PÚBLICOS - RESP LIMITADA;2025-04-30;Derivativos;20.34
FI;11.484.558/0001-06;;BRADESCO FIF - CLASSE DE INVESTIMENTO RF IRF-M 1 TÍTULOS PÚBLICOS - RESP LIMITADA;2025-04-30;Operações compromissadas lastreadas em títulos públicos federais;3.73
FI;11.484.558/0001-06;;BRADESCO FIF - CLASSE DE INVESTIMENTO RF IRF-M 1 TÍTULOS PÚBLICOS - RESP LIMITADA;2025-04-30;Títulos públicos federais;96.29
FI;11.504.894/0001-73;;BRADESCO FIF - CLASSE DE INVESTIMENTO EM AÇÕES - PETROBRAS 2010 - RESP LIMITADA;2025-04-30;Ações;97.31
FI;11.504.894/0001-73;;BRADESCO FIF - CLASSE DE INVESTIMENTO EM AÇÕES - PETROBRAS 2010 - RESP LIMITADA;2025-04-30;Operações compromissadas lastreadas em títulos públicos federais;0.37
FI;11.555.338/0001-26;;BRADESCO EMPRESAS H FIF - CLASSE DE INVESTIMENTO RF CRED PRIVADO LP PERFORMANCE 20 - RESP LIMITADA;2025-04-30;Cotas de fundos de investimento 409;2.59
FI;11.555.338/0001-26;;BRADESCO EMPRESAS H FIF - CLASSE DE INVESTIMENTO RF CRED PRIVADO LP PERFORMANCE 20 - RESP LIMITADA;2025-04-30;Depósitos a prazo e outros títulos de instituições financeiras;24.95
FI;11.555.338/0001-26;;BRADESCO EMPRESAS H FIF - CLASSE DE INVESTIMENTO RF CRED PRIVADO LP PERFORMANCE 20 - RESP LIMITADA;2025-04-30;Operações compromissadas lastreadas em títulos públicos federais;35.00
FI;11.555.338/0001-26;;BRADESCO EMPRESAS H FIF - CLASSE DE INVESTIMENTO RF CRED PRIVADO LP PERFORMANCE 20 - RESP LIMITADA;2025-04-30;Outras aplicações;0.93
FI;11.555.338/0001-26;;BRADESCO EMPRESAS H FIF - CLASSE DE INVESTIMENTO RF CRED PRIVADO LP PERFORMANCE 20 - RESP LIMITADA;2025-04-30;Títulos de crédito privado;36.05
FI;11.616.482/0001-25;;OCCAM FI FINANCEIRO - CIA - RESP LIMITADA;2025-04-30;Ações;85.88
FI;11.616.482/0001-25;;OCCAM FI FINANCEIRO - CIA - RESP LIMITADA;2025-04-30;Derivativos;6.90
FI;11.616.482/0001-25;;OCCAM FI FINANCEIRO - CIA - RESP LIMITADA;2025-04-30;Operações compromissadas lastreadas em títulos públicos federais;11.63
FI;11.628.883/0001-03;;OCCAM FI FINANCEIRO - CIC EM AÇÕES - RESP LIMITADA;2025-04-30;Ações;85.83
FI;11.628.883/0001-03;;OCCAM FI FINANCEIRO - CIC EM AÇÕES - RESP LIMITADA;2025-04-30;Derivativos;6.90
FI;11.628.883/0001-03;;OCCAM FI FINANCEIRO - CIC EM AÇÕES - RESP LIMITADA;2025-04-30;Operações compromissadas lastreadas em títulos públicos federais;12.05
FI;11.675.309/0001-06;;BRADESCO IBOVESPA VALUATION FI FINANCEIRO - CIC EM AÇÕES - RESP LIMITADA;2025-04-30;Ações;87.34
FI;11.675.309/0001-06;;BRADESCO IBOVESPA VALUATION FI FINANCEIRO - CIC EM AÇÕES - RESP LIMITADA;2025-04-30;Derivativos;0.09
FI;11.675.309/0001-06;;BRADESCO IBOVESPA VALUATION FI FINANCEIRO - CIC EM AÇÕES - RESP LIMITADA;2025-04-30;Operações compromissadas lastreadas em títulos públicos federais;8.24
FI;11.898.280/0001-13;;PLURAL DIVIDENDOS FUNDO DE INVESTIMENTO FINANCEIRO - CLASSE DE INVESTIMENTO EM AÇÕES - RESP LIMITADA;2025-04-30;Ações;89.00
FI;11.898.280/0001-13;;PLURAL DIVIDENDOS FUNDO DE INVESTIMENTO FINANCEIRO - CLASSE DE INVESTIMENTO EM AÇÕES - RESP LIMITADA;2025-04-30;Derivativos;1.97
FI;11.898.280/0001-13;;PLURAL DIVIDENDOS FUNDO DE INVESTIMENTO FINANCEIRO - CLASSE DE INVESTIMENTO EM AÇÕES - RESP LIMITADA;2025-04-30;Operações compromissadas lastreadas em títulos públicos federais;12.05
FI;11.952.800/0001-29;;PERFIN FORESIGHT MASTER FIF - CLASSE DE INVESTIMENTO EM AÇÕES - RESP  LIMITADA;2025-04-30;Ações;92.04
FI;11.952.800/0001-29;;PERFIN FORESIGHT MASTER FIF - CLASSE DE INVESTIMENTO EM AÇÕES - RESP  LIMITADA;2025-04-30;Operações compromissadas lastreadas em títulos públicos federais;1.10
FI;12.085.947/0001-21;;BRADESCO MACRO FI FINANCEIRO - CIC MULT - RESP LIMITADA;2025-04-30;Cotas de fundos de investimento 409;100.03
FI;12.086.151/0001-93;;BRAM H IBOVESPA GESTÃO FI FINANCEIRO - CIA - RESP LIMITADA;2025-04-30;Ações;11.30
FI;12.086.151/0001-93;;BRAM H IBOVESPA GESTÃO FI FINANCEIRO - CIA - RESP LIMITADA;2025-04-30;Cotas de fundos de investimento 409;58.30
FI;12.086.151/0001-93;;BRAM H IBOVESPA GESTÃO FI FINANCEIRO - CIA - RESP LIMITADA;2025-04-30;Derivativos;29.99
FI;12.086.151/0001-93;;BRAM H IBOVESPA GESTÃO FI FINANCEIRO - CIA - RESP LIMITADA;2025-04-30;Operações compromissadas lastreadas em títulos públicos federais;14.39
FI;12.086.151/0001-93;;BRAM H IBOVESPA GESTÃO FI FINANCEIRO - CIA - RESP LIMITADA;2025-04-30;Títulos públicos federais;15.81
FI;12.088.861/0001-52;;BRADESCO FIF - CIC RF CRED PRIVADO LP IS PERFOMANCE SRI 20 - RESP LIMITADA;2025-04-30;Cotas de fundos de investimento 409;1.44
FI;12.088.861/0001-52;;BRADESCO FIF - CIC RF CRED PRIVADO LP IS PERFOMANCE SRI 20 - RESP LIMITADA;2025-04-30;Depósitos a prazo e outros títulos de instituições financeiras;28.91
FI;12.088.861/0001-52;;BRADESCO FIF - CIC RF CRED PRIVADO LP IS PERFOMANCE SRI 20 - RESP LIMITADA;2025-04-30;Operações compromissadas lastreadas em títulos públicos federais;37.66
FI;12.088.861/0001-52;;BRADESCO FIF - CIC RF CRED PRIVADO LP IS PERFOMANCE SRI 20 - RESP LIMITADA;2025-04-30;Outras Cotas de fundos de investimento;0.01
FI;12.088.861/0001-52;;BRADESCO FIF - CIC RF CRED PRIVADO LP IS PERFOMANCE SRI 20 - RESP LIMITADA;2025-04-30;Títulos de crédito privado;32.20
CLASSES - FIF;12.092.501/0001-24;;BRADESCO H NOVO EXECUTIVO FIF - CIC RENDA FIXA REFERENCIADA DI  CRÉDITO PRIVADO - RESP LIMITADA;2025-04-30;Cotas de fundos de investimento 409;1.81
CLASSES - FIF;12.092.501/0001-24;;BRADESCO H NOVO EXECUTIVO FIF - CIC RENDA FIXA REFERENCIADA DI  CRÉDITO PRIVADO - RESP LIMITADA;2025-04-30;Depósitos a prazo e outros títulos de instituições financeiras;59.28
CLASSES - FIF;12.092.501/0001-24;;BRADESCO H NOVO EXECUTIVO FIF - CIC RENDA FIXA REFERENCIADA DI  CRÉDITO PRIVADO - RESP LIMITADA;2025-04-30;Operações compromissadas lastreadas em títulos públicos federais;25.96
CLASSES - FIF;12.092.501/0001-24;;BRADESCO H NOVO EXECUTIVO FIF - CIC RENDA FIXA REFERENCIADA DI  CRÉDITO PRIVADO - RESP LIMITADA;2025-04-30;Títulos de crédito privado;12.11
CLASSES - FIF;12.092.501/0001-24;;BRADESCO H NOVO EXECUTIVO FIF - CIC RENDA FIXA REFERENCIADA DI  CRÉDITO PRIVADO - RESP LIMITADA;2025-04-30;Títulos públicos federais;0.81
FI;12.092.694/0001-13;;BRADESCO PRIME H FIF - CIC DE RF CRED PRIVADO LP PERFORMANCE 20 - RESP LIMITADA;2025-04-30;Cotas de fundos de investimento 409;3.09
FI;12.092.694/0001-13;;BRADESCO PRIME H FIF - CIC DE RF CRED PRIVADO LP PERFORMANCE 20 - RESP LIMITADA;2025-04-30;Depósitos a prazo e outros títulos de instituições financeiras;24.16
FI;12.092.694/0001-13;;BRADESCO PRIME H FIF - CIC DE RF CRED PRIVADO LP PERFORMANCE 20 - RESP LIMITADA;2025-04-30;Operações compromissadas lastreadas em títulos públicos federais;34.77
FI;12.092.694/0001-13;;BRADESCO PRIME H FIF - CIC DE RF CRED PRIVADO LP PERFORMANCE 20 - RESP LIMITADA;2025-04-30;Títulos de crédito privado;34.89
FI;12.092.694/0001-13;;BRADESCO PRIME H FIF - CIC DE RF CRED PRIVADO LP PERFORMANCE 20 - RESP LIMITADA;2025-04-30;Títulos públicos federais;2.77
FI;12.123.799/0001-92;;SKADE FUNDO DE INVESTIMENTO EM COTAS DE FUNDOS DE INVESTIMENTO FINANCEIRO EM AÇÕES;2025-04-30;Cotas de Fundos de Investimento 555;100.28
FI;12.123.799/0001-92;;SKADE FUNDO DE INVESTIMENTO EM COTAS DE FUNDOS DE INVESTIMENTO FINANCEIRO EM AÇÕES;2025-04-30;Outros;0.01
CLASSES - FIF;12.124.089/0001-87;;IBIUNA HEDGE FIF - CLASSE DE INVESTIMENTO MULTIMERCADO - RESPONSABILIDADE LIMITADA;2025-04-30;Derivativos;448.58
CLASSES - FIF;12.124.089/0001-87;;IBIUNA HEDGE FIF - CLASSE DE INVESTIMENTO MULTIMERCADO - RESPONSABILIDADE LIMITADA;2025-04-30;Investimento no exterior;13.26
CLASSES - FIF;12.124.089/0001-87;;IBIUNA HEDGE FIF - CLASSE DE INVESTIMENTO MULTIMERCADO - RESPONSABILIDADE LIMITADA;2025-04-30;Operações compromissadas lastreadas em títulos públicos federais;46.60
CLASSES - FIF;12.124.089/0001-87;;IBIUNA HEDGE FIF - CLASSE DE INVESTIMENTO MULTIMERCADO - RESPONSABILIDADE LIMITADA;2025-04-30;Títulos de crédito privado;4.88
CLASSES - FIF;12.124.089/0001-87;;IBIUNA HEDGE FIF - CLASSE DE INVESTIMENTO MULTIMERCADO - RESPONSABILIDADE LIMITADA;2025-04-30;Títulos públicos federais;31.64
CLASSES - FIF;12.154.412/0001-65;;IBIUNA HEDGE FIF - CLASSE DE INVESTIMENTO EM COTAS MULTIMERCADO - RESP LIMITADA;2025-04-30;Derivativos;451.73
CLASSES - FIF;12.154.412/0001-65;;IBIUNA HEDGE FIF - CLASSE DE INVESTIMENTO EM COTAS MULTIMERCADO - RESP LIMITADA;2025-04-30;Investimento no exterior;13.35
CLASSES - FIF;12.154.412/0001-65;;IBIUNA HEDGE FIF - CLASSE DE INVESTIMENTO EM COTAS MULTIMERCADO - RESP LIMITADA;2025-04-30;Operações compromissadas lastreadas em títulos públicos federais;46.93
CLASSES - FIF;12.154.412/0001-65;;IBIUNA HEDGE FIF - CLASSE DE INVESTIMENTO EM COTAS MULTIMERCADO - RESP LIMITADA;2025-04-30;Títulos de crédito privado;4.91
CLASSES - FIF;12.154.412/0001-65;;IBIUNA HEDGE FIF - CLASSE DE INVESTIMENTO EM COTAS MULTIMERCADO - RESP LIMITADA;2025-04-30;Títulos públicos federais;31.86
FI;12.184.246/0001-40;;FUNDAMENTA FI FINANCEIRO - CIA - RESP LIMITADA;2025-04-30;Ações;99.19
FI;12.184.246/0001-40;;FUNDAMENTA FI FINANCEIRO - CIA - RESP LIMITADA;2025-04-30;Operações compromissadas lastreadas em títulos públicos federais;0.79
FI;12.265.822/0001-83;;DAYCOVAL IRFM 1 FUNDO DE INVESTIMENTO FINANCEIRO;2025-04-30;Derivativos;0.02
FI;12.265.822/0001-83;;DAYCOVAL IRFM 1 FUNDO DE INVESTIMENTO FINANCEIRO;2025-04-30;Operações Compromissadas Lastreadas em Títulos Públicos Federais;12.15
FI;12.265.822/0001-83;;DAYCOVAL IRFM 1 FUNDO DE INVESTIMENTO FINANCEIRO;2025-04-30;Outras Aplicações;0.00
FI;12.265.822/0001-83;;DAYCOVAL IRFM 1 FUNDO DE INVESTIMENTO FINANCEIRO;2025-04-30;Títulos Públicos Federais;87.94
FI;12.284.306/0001-04;;SMARTQUANT FUNDO DE INVESTIMENTO MULTIMERCADO;2025-04-30;Ações;2.31
FI;12.284.306/0001-04;;SMARTQUANT FUNDO DE INVESTIMENTO MULTIMERCADO;2025-04-30;Cotas de fundos de Investimento;-3.46
FI;12.284.306/0001-04;;SMARTQUANT FUNDO DE INVESTIMENTO MULTIMERCADO;2025-04-30;Derivativos;20.66
FI;12.284.306/0001-04;;SMARTQUANT FUNDO DE INVESTIMENTO MULTIMERCADO;2025-04-30;Outras Aplicações;3.09
FI;12.284.306/0001-04;;SMARTQUANT FUNDO DE INVESTIMENTO MULTIMERCADO;2025-04-30;Titulos publicos federais;94.58
FI;12.287.682/0001-44;;VINCI SELEÇÃO FIF - CLASSE DE INVESTIMENTO EM AÇÕES - RESP LIMITADA;2025-04-30;Ações;96.08
FI;12.287.682/0001-44;;VINCI SELEÇÃO FIF - CLASSE DE INVESTIMENTO EM AÇÕES - RESP LIMITADA;2025-04-30;Operações compromissadas lastreadas em títulos públicos federais;2.96
FI;12.287.682/0001-44;;VINCI SELEÇÃO FIF - CLASSE DE INVESTIMENTO EM AÇÕES - RESP LIMITADA;2025-04-30;Títulos de crédito privado;-1.24
FI;12.287.682/0001-44;;VINCI SELEÇÃO FIF - CLASSE DE INVESTIMENTO EM AÇÕES - RESP LIMITADA;2025-04-30;Títulos públicos federais;1.22
CLASSES - FIF;12.412.610/0001-81;;BRADESCO PRIME FIF - CLASSE DE INVESTIMENTO EM COTAS RENDA FIXA CRÉDITO PRIVADO - RESP LIMITADA;2025-04-30;Cotas de fundos de investimento 409;4.27
CLASSES - FIF;12.412.610/0001-81;;BRADESCO PRIME FIF - CLASSE DE INVESTIMENTO EM COTAS RENDA FIXA CRÉDITO PRIVADO - RESP LIMITADA;2025-04-30;Depósitos a prazo e outros títulos de instituições financeiras;37.87
CLASSES - FIF;12.412.610/0001-81;;BRADESCO PRIME FIF - CLASSE DE INVESTIMENTO EM COTAS RENDA FIXA CRÉDITO PRIVADO - RESP LIMITADA;2025-04-30;Operações compromissadas lastreadas em títulos públicos federais;22.04
CLASSES - FIF;12.412.610/0001-81;;BRADESCO PRIME FIF - CLASSE DE INVESTIMENTO EM COTAS RENDA FIXA CRÉDITO PRIVADO - RESP LIMITADA;2025-04-30;Títulos de crédito privado;25.54
CLASSES - FIF;12.412.610/0001-81;;BRADESCO PRIME FIF - CLASSE DE INVESTIMENTO EM COTAS RENDA FIXA CRÉDITO PRIVADO - RESP LIMITADA;2025-04-30;Títulos públicos federais;9.78
FI;12.412.818/0001-09;;BRAM LIVRE FI FINANCEIRO - CI RF CRED PRIV - RESP LIMITADA;2025-04-30;Cotas de fundos de investimento 409;4.96
FI;12.412.818/0001-09;;BRAM LIVRE FI FINANCEIRO - CI RF CRED PRIV - RESP LIMITADA;2025-04-30;Depósitos a prazo e outros títulos de instituições financeiras;15.10
FI;12.412.818/0001-09;;BRAM LIVRE FI FINANCEIRO - CI RF CRED PRIV - RESP LIMITADA;2025-04-30;Investimento no exterior;2.22
FI;12.412.818/0001-09;;BRAM LIVRE FI FINANCEIRO - CI RF CRED PRIV - RESP LIMITADA;2025-04-30;Operações compromissadas lastreadas em títulos públicos federais;15.46
FI;12.412.818/0001-09;;BRAM LIVRE FI FINANCEIRO - CI RF CRED PRIV - RESP LIMITADA;2025-04-30;Títulos de crédito privado;60.91
FI;12.412.832/0001-02;;BRADESCO UPPER FI FINANCEIRO - CIC MULT CRED PRIV - RESP LIMITADA;2025-04-30;Cotas de fundos de investimento 409;4.96
FI;12.412.832/0001-02;;BRADESCO UPPER FI FINANCEIRO - CIC MULT CRED PRIV - RESP LIMITADA;2025-04-30;Depósitos a prazo e outros títulos de instituições financeiras;47.73
FI;12.412.832/0001-02;;BRADESCO UPPER FI FINANCEIRO - CIC MULT CRED PRIV - RESP LIMITADA;2025-04-30;Operações compromissadas lastreadas em títulos públicos federais;18.57
FI;12.412.832/0001-02;;BRADESCO UPPER FI FINANCEIRO - CIC MULT CRED PRIV - RESP LIMITADA;2025-04-30;Outras Cotas de fundos de investimento;0.16
FI;12.412.832/0001-02;;BRADESCO UPPER FI FINANCEIRO - CIC MULT CRED PRIV - RESP LIMITADA;2025-04-30;Títulos de crédito privado;28.56
FI;12.430.199/0001-77;;NAVI LONG SHORT FI FINANCEIRO - CIC MULT - RESP LIMITADA;2025-04-30;Ações;75.73
FI;12.430.199/0001-77;;NAVI LONG SHORT FI FINANCEIRO - CIC MULT - RESP LIMITADA;2025-04-30;Cotas de fundos de investimento 409;0.23
FI;12.430.199/0001-77;;NAVI LONG SHORT FI FINANCEIRO - CIC MULT - RESP LIMITADA;2025-04-30;Investimento no exterior;17.67
FI;12.430.199/0001-77;;NAVI LONG SHORT FI FINANCEIRO - CIC MULT - RESP LIMITADA;2025-04-30;Operações compromissadas lastreadas em títulos públicos federais;6.68
FI;12.430.199/0001-77;;NAVI LONG SHORT FI FINANCEIRO - CIC MULT - RESP LIMITADA;2025-04-30;Títulos públicos federais;22.89
FI;12.440.748/0001-94;;BRADESCO PRIME FIF - CIC DE AÇÕES SML PLUS - RESP LIMITADA;2025-04-30;Ações;91.67
FI;12.440.748/0001-94;;BRADESCO PRIME FIF - CIC DE AÇÕES SML PLUS - RESP LIMITADA;2025-04-30;Operações compromissadas lastreadas em títulos públicos federais;6.60
FI;12.440.825/0001-06;;VINCI MULTIESTRATÉGIA FI FINANCEIRO - CI MULT - RESP LIMITADA;2025-04-30;Derivativos;3.69
FI;12.440.825/0001-06;;VINCI MULTIESTRATÉGIA FI FINANCEIRO - CI MULT - RESP LIMITADA;2025-04-30;Operações compromissadas lastreadas em títulos públicos federais;2.68
FI;12.440.825/0001-06;;VINCI MULTIESTRATÉGIA FI FINANCEIRO - CI MULT - RESP LIMITADA;2025-04-30;Títulos públicos federais;97.53
FI;12.518.210/0001-55;;FIC CLASSE A FIF - CLASSE DE INVESTIMENTO EM COTAS RENDA FIXA REFERENCIADO DI - RESP LIMITADA;2025-04-30;Cotas de fundos de investimento 409;99.19
FI;12.518.210/0001-55;;FIC CLASSE A FIF - CLASSE DE INVESTIMENTO EM COTAS RENDA FIXA REFERENCIADO DI - RESP LIMITADA;2025-04-30;Derivativos;0.00
FI;12.518.210/0001-55;;FIC CLASSE A FIF - CLASSE DE INVESTIMENTO EM COTAS RENDA FIXA REFERENCIADO DI - RESP LIMITADA;2025-04-30;Operações compromissadas lastreadas em títulos públicos federais;0.24
FI;12.518.210/0001-55;;FIC CLASSE A FIF - CLASSE DE INVESTIMENTO EM COTAS RENDA FIXA REFERENCIADO DI - RESP LIMITADA;2025-04-30;Títulos públicos federais;0.57
FI;12.672.120/0001-14;;DAYCOVAL ALOCAÇÃO DINÂMICA FUNDO DE INVESTIMENTO FINANCEIRO;2025-04-30;Derivativos;0.08
FI;12.672.120/0001-14;;DAYCOVAL ALOCAÇÃO DINÂMICA FUNDO DE INVESTIMENTO FINANCEIRO;2025-04-30;Operações Compromissadas Lastreadas em Títulos Públicos Federais;0.22
FI;12.672.120/0001-14;;DAYCOVAL ALOCAÇÃO DINÂMICA FUNDO DE INVESTIMENTO FINANCEIRO;2025-04-30;Outras Aplicações;0.03
FI;12.672.120/0001-14;;DAYCOVAL ALOCAÇÃO DINÂMICA FUNDO DE INVESTIMENTO FINANCEIRO;2025-04-30;Títulos Públicos Federais;99.77
CLASSES - FIF;12.682.783/0001-10;;ICATU VANGUARDA INFLAÇÃO CURTA FIF - CLASSE DE INVESTIMENTO EM COTAS RENDA FIXA LP - RESP LIMITADA;2025-04-30;Derivativos;5.71
CLASSES - FIF;12.682.783/0001-10;;ICATU VANGUARDA INFLAÇÃO CURTA FIF - CLASSE DE INVESTIMENTO EM COTAS RENDA FIXA LP - RESP LIMITADA;2025-04-30;Operações compromissadas lastreadas em títulos públicos federais;1.10
CLASSES - FIF;12.682.783/0001-10;;ICATU VANGUARDA INFLAÇÃO CURTA FIF - CLASSE DE INVESTIMENTO EM COTAS RENDA FIXA LP - RESP LIMITADA;2025-04-30;Títulos públicos federais;99.00
FI;12.813.445/0001-70;;E2M ESTRATÉGIA FUNDO DE INVESTIMENTO MULTIMERCADO -  RESPONSABILIDADE LIMITADA;2025-04-30;Ações;2.61
FI;12.813.445/0001-70;;E2M ESTRATÉGIA FUNDO DE INVESTIMENTO MULTIMERCADO -  RESPONSABILIDADE LIMITADA;2025-04-30;Cotas de fundos de investimento 555;9.98
FI;12.813.445/0001-70;;E2M ESTRATÉGIA FUNDO DE INVESTIMENTO MULTIMERCADO -  RESPONSABILIDADE LIMITADA;2025-04-30;Operações compromissadas lastreadas em títulospúblicos federais;1.39
FI;12.813.445/0001-70;;E2M ESTRATÉGIA FUNDO DE INVESTIMENTO MULTIMERCADO -  RESPONSABILIDADE LIMITADA;2025-04-30;Outras aplicações;-2.53
FI;12.813.445/0001-70;;E2M ESTRATÉGIA FUNDO DE INVESTIMENTO MULTIMERCADO -  RESPONSABILIDADE LIMITADA;2025-04-30;Títulos públicos federais;88.55
FI;12.823.607/0001-50;;BAHIA AM SMID CAPS VALOR MASTER FUNDO DE INVESTIMENTO EM AÇÕES;2025-04-30;Cotas de fundos de investimento 409;67.58
FI;12.823.607/0001-50;;BAHIA AM SMID CAPS VALOR MASTER FUNDO DE INVESTIMENTO EM AÇÕES;2025-04-30;Operações compromissadas lastreadas em títulos públicos federais;14.60
FI;12.839.769/0001-87;;SUL AMÉRICA EVOLUTION FIF - CLASSE DE INVESTIMENTO MULTIMERCADO - RESP LIMITADA;2025-04-30;Depósitos a prazo e outros títulos de instituições financeiras;13.69
FI;12.839.769/0001-87;;SUL AMÉRICA EVOLUTION FIF - CLASSE DE INVESTIMENTO MULTIMERCADO - RESP LIMITADA;2025-04-30;Derivativos;0.19
FI;12.839.769/0001-87;;SUL AMÉRICA EVOLUTION FIF - CLASSE DE INVESTIMENTO MULTIMERCADO - RESP LIMITADA;2025-04-30;Operações compromissadas lastreadas em títulos públicos federais;18.93
FI;12.839.769/0001-87;;SUL AMÉRICA EVOLUTION FIF - CLASSE DE INVESTIMENTO MULTIMERCADO - RESP LIMITADA;2025-04-30;Títulos de crédito privado;2.55
FI;12.839.769/0001-87;;SUL AMÉRICA EVOLUTION FIF - CLASSE DE INVESTIMENTO MULTIMERCADO - RESP LIMITADA;2025-04-30;Títulos públicos federais;64.96
FI;12.907.100/0001-85;;FUNDO DE INVESTIMENTO SITA RENDA FIXA CREDITO PRIVADO LONGO PRAZO;2025-04-30;Acões;0.00
FI;12.907.100/0001-85;;FUNDO DE INVESTIMENTO SITA RENDA FIXA CREDITO PRIVADO LONGO PRAZO;2025-04-30;Depósito a prazo e outros títulos de instituições financeiras;69.60
FI;12.907.100/0001-85;;FUNDO DE INVESTIMENTO SITA RENDA FIXA CREDITO PRIVADO LONGO PRAZO;2025-04-30;Operacões compromissadas lastreadas em títulos públicos federais;20.98
FI;12.907.100/0001-85;;FUNDO DE INVESTIMENTO SITA RENDA FIXA CREDITO PRIVADO LONGO PRAZO;2025-04-30;Títulos de crédito privado;0.02
FI;12.907.100/0001-85;;FUNDO DE INVESTIMENTO SITA RENDA FIXA CREDITO PRIVADO LONGO PRAZO;2025-04-30;Títulos Públicos federais;9.40
FI;13.000.857/0001-53;;CANVAS ENDURO II CSHG FUNDO DE INVESTIMENTO EM COTAS DE FIF MULTIMERCADO - RESPONSABILIDADE LIMITADA;2025-04-30;Cotas de Fundos de Investimento 555;102.05
FI;13.000.857/0001-53;;CANVAS ENDURO II CSHG FUNDO DE INVESTIMENTO EM COTAS DE FIF MULTIMERCADO - RESPONSABILIDADE LIMITADA;2025-04-30;Outras Cotas de Fundos de Investimento;1.41
FI;13.000.857/0001-53;;CANVAS ENDURO II CSHG FUNDO DE INVESTIMENTO EM COTAS DE FIF MULTIMERCADO - RESPONSABILIDADE LIMITADA;2025-04-30;Outros;0.52
CLASSES - FIF;13.000.859/0001-42;;CSHG ALLOCATION IBIUNA HEDGE STHG FUNDO DE INVESTIMENTO EM COTAS DE FIF MULTIMERCADO - RESP LTDA;2025-04-30;Outras Cotas de Fundos de Investimento;100.06
CLASSES - FIF;13.000.859/0001-42;;CSHG ALLOCATION IBIUNA HEDGE STHG FUNDO DE INVESTIMENTO EM COTAS DE FIF MULTIMERCADO - RESP LTDA;2025-04-30;Outros;0.07
CLASSES - FIF;13.001.237/0001-39;;SUL AMÉRICA FV FUNDO DE INVESTIMENTO FINANCEIRO DE AÇÕES DE RESPONSABILIDADE LIMITADA;2025-04-30;Ações;95.71
CLASSES - FIF;13.001.237/0001-39;;SUL AMÉRICA FV FUNDO DE INVESTIMENTO FINANCEIRO DE AÇÕES DE RESPONSABILIDADE LIMITADA;2025-04-30;Cotas de Fundo;0.00
CLASSES - FIF;13.001.237/0001-39;;SUL AMÉRICA FV FUNDO DE INVESTIMENTO FINANCEIRO DE AÇÕES DE RESPONSABILIDADE LIMITADA;2025-04-30;Op. Compromissadas lastreadas em títulos públicos;2.57
CLASSES - FIF;13.001.237/0001-39;;SUL AMÉRICA FV FUNDO DE INVESTIMENTO FINANCEIRO DE AÇÕES DE RESPONSABILIDADE LIMITADA;2025-04-30;Outros;1.72
CLASSES - FIF;13.001.237/0001-39;;SUL AMÉRICA FV FUNDO DE INVESTIMENTO FINANCEIRO DE AÇÕES DE RESPONSABILIDADE LIMITADA;2025-04-30;Títulos de crédito privado;0.00
FI;13.060.032/0001-24;;TIVIO IRF-M 1+ FIF - CLASSE DE INVESTIMENTO EM COTAS RENDA FIXA LONGO PRAZO - RESP LIMITADA;2025-04-30;Derivativos;27.01
FI;13.060.032/0001-24;;TIVIO IRF-M 1+ FIF - CLASSE DE INVESTIMENTO EM COTAS RENDA FIXA LONGO PRAZO - RESP LIMITADA;2025-04-30;Operações compromissadas lastreadas em títulos públicos federais;5.03
FI;13.060.032/0001-24;;TIVIO IRF-M 1+ FIF - CLASSE DE INVESTIMENTO EM COTAS RENDA FIXA LONGO PRAZO - RESP LIMITADA;2025-04-30;Títulos públicos federais;94.85
FI;13.155.995/0001-01;;DAYCOVAL IBOVESPA ATIVO FUNDO DE INVESTIMENTO EM AÇÕES;2025-04-30;Ações;91.63
FI;13.155.995/0001-01;;DAYCOVAL IBOVESPA ATIVO FUNDO DE INVESTIMENTO EM AÇÕES;2025-04-30;Cotas de Fundos de Índice de Renda Variável;0.34
FI;13.155.995/0001-01;;DAYCOVAL IBOVESPA ATIVO FUNDO DE INVESTIMENTO EM AÇÕES;2025-04-30;Derivativos;0.00
FI;13.155.995/0001-01;;DAYCOVAL IBOVESPA ATIVO FUNDO DE INVESTIMENTO EM AÇÕES;2025-04-30;Operações Compromissadas Lastreadas em Títulos Públicos Federais;1.56
FI;13.155.995/0001-01;;DAYCOVAL IBOVESPA ATIVO FUNDO DE INVESTIMENTO EM AÇÕES;2025-04-30;Outras Aplicações;6.68
FI;13.396.703/0001-22;;VINCI VALOREM FIF - CLASSE DE INVESTIMENTO MULTIMERCADO - RESPONSABILIDADE LIMITADA;2025-04-30;Derivativos;-36.68
FI;13.396.703/0001-22;;VINCI VALOREM FIF - CLASSE DE INVESTIMENTO MULTIMERCADO - RESPONSABILIDADE LIMITADA;2025-04-30;Operações compromissadas lastreadas em títulos públicos federais;9.07
FI;13.396.703/0001-22;;VINCI VALOREM FIF - CLASSE DE INVESTIMENTO MULTIMERCADO - RESPONSABILIDADE LIMITADA;2025-04-30;Títulos públicos federais;92.72
FI;13.396.819/0001-61;;IBIUNA EQUITIES MASTER FIF - CLASSE DE INVESTIMENTO EM AÇÕES - RESPONSABILIDADE LIMITADA;2025-04-30;Ações;91.21
FI;13.396.819/0001-61;;IBIUNA EQUITIES MASTER FIF - CLASSE DE INVESTIMENTO EM AÇÕES - RESPONSABILIDADE LIMITADA;2025-04-30;Operações compromissadas lastreadas em títulos públicos federais;8.84
FI;13.397.466/0001-14;;BRADESCO PODER PÚBLICO FI FINANCEIRO - CIC RF CP - RESP LIMITADA;2025-04-30;Operações compromissadas lastreadas em títulos públicos federais;99.51
FI;13.400.050/0001-08;;BRADESCO FIF  - CIC  RENDA FIXA INFLAÇÃO LONGA - RESPONSABILIDADE LIMITADA;2025-04-30;Cotas de fundos de investimento 409;9.97
FI;13.400.050/0001-08;;BRADESCO FIF  - CIC  RENDA FIXA INFLAÇÃO LONGA - RESPONSABILIDADE LIMITADA;2025-04-30;Operações compromissadas lastreadas em títulos públicos federais;0.20
FI;13.400.050/0001-08;;BRADESCO FIF  - CIC  RENDA FIXA INFLAÇÃO LONGA - RESPONSABILIDADE LIMITADA;2025-04-30;Títulos públicos federais;89.89
FI;13.400.077/0001-09;;BRADESCO INSTITUCIONAL IMA-B 5+ FI FINANCEIRO - CIC RF - RESP LIMITADA;2025-04-30;Derivativos;1.11
FI;13.400.077/0001-09;;BRADESCO INSTITUCIONAL IMA-B 5+ FI FINANCEIRO - CIC RF - RESP LIMITADA;2025-04-30;Operações compromissadas lastreadas em títulos públicos federais;1.24
FI;13.400.077/0001-09;;BRADESCO INSTITUCIONAL IMA-B 5+ FI FINANCEIRO - CIC RF - RESP LIMITADA;2025-04-30;Títulos públicos federais;98.79
FI;13.400.194/0001-64;;BRAM CAPITAL FI FINANCEIRO - CI RF CRED PRIV - RESP LIMITADA;2025-04-30;Cotas de fundos de investimento 409;10.19
FI;13.400.194/0001-64;;BRAM CAPITAL FI FINANCEIRO - CI RF CRED PRIV - RESP LIMITADA;2025-04-30;Depósitos a prazo e outros títulos de instituições financeiras;26.92
FI;13.400.194/0001-64;;BRAM CAPITAL FI FINANCEIRO - CI RF CRED PRIV - RESP LIMITADA;2025-04-30;Operações compromissadas lastreadas em títulos públicos federais;21.61
FI;13.400.194/0001-64;;BRAM CAPITAL FI FINANCEIRO - CI RF CRED PRIV - RESP LIMITADA;2025-04-30;Outras aplicações;3.11
FI;13.400.194/0001-64;;BRAM CAPITAL FI FINANCEIRO - CI RF CRED PRIV - RESP LIMITADA;2025-04-30;Títulos de crédito privado;37.03
FI;13.401.175/0001-52;;BRADESCO GOV PP FIF - CLASSE DE INVESTIMENTO RF REFERENCIADA DI - RESP LIMITADA;2025-04-30;Derivativos;0.07
FI;13.401.175/0001-52;;BRADESCO GOV PP FIF - CLASSE DE INVESTIMENTO RF REFERENCIADA DI - RESP LIMITADA;2025-04-30;Operações compromissadas lastreadas em títulos públicos federais;34.66
FI;13.401.175/0001-52;;BRADESCO GOV PP FIF - CLASSE DE INVESTIMENTO RF REFERENCIADA DI - RESP LIMITADA;2025-04-30;Títulos públicos federais;61.87
CLASSES - FIF;13.401.188/0001-21;;BRADESCO FIF - CLASSE DE INVESTIMENTO EM COTAS RENDA FIXA TÍTULOS DO TESOURO - RESP LIMITADA;2025-04-30;Derivativos;0.99
CLASSES - FIF;13.401.188/0001-21;;BRADESCO FIF - CLASSE DE INVESTIMENTO EM COTAS RENDA FIXA TÍTULOS DO TESOURO - RESP LIMITADA;2025-04-30;Operações compromissadas lastreadas em títulos públicos federais;4.97
CLASSES - FIF;13.401.188/0001-21;;BRADESCO FIF - CLASSE DE INVESTIMENTO EM COTAS RENDA FIXA TÍTULOS DO TESOURO - RESP LIMITADA;2025-04-30;Títulos públicos federais;95.14
FI;13.401.215/0001-66;;BRADESCO NÍVEL I FI FINANCEIRO - CIA - RESP LIMITADA;2025-04-30;Ações;66.44
FI;13.401.215/0001-66;;BRADESCO NÍVEL I FI FINANCEIRO - CIA - RESP LIMITADA;2025-04-30;Cotas de fundos de investimento 409;18.18
FI;13.401.215/0001-66;;BRADESCO NÍVEL I FI FINANCEIRO - CIA - RESP LIMITADA;2025-04-30;Investimento no exterior;14.28
FI;13.401.215/0001-66;;BRADESCO NÍVEL I FI FINANCEIRO - CIA - RESP LIMITADA;2025-04-30;Operações compromissadas lastreadas em títulos públicos federais;1.14
FI;13.401.224/0001-57;;BRADESCO FIF - CIC DE AÇÕES - RESP LIMITADA;2025-04-30;Ações;66.44
FI;13.401.224/0001-57;;BRADESCO FIF - CIC DE AÇÕES - RESP LIMITADA;2025-04-30;Cotas de fundos de investimento 409;18.22
FI;13.401.224/0001-57;;BRADESCO FIF - CIC DE AÇÕES - RESP LIMITADA;2025-04-30;Investimento no exterior;14.32
FI;13.401.224/0001-57;;BRADESCO FIF - CIC DE AÇÕES - RESP LIMITADA;2025-04-30;Operações compromissadas lastreadas em títulos públicos federais;1.15
FI;13.401.510/0001-12;;BRADESCO FUNDO DE INVESTIMENTO - CIC RF CURTO PRAZO RIO DE JANEIRO - RESP LIMITADA;2025-04-30;Operações compromissadas lastreadas em títulos públicos federais;96.15
FI;13.401.715/0001-06;;IBIUNA EQUITIES FIF - CLASSE DE INVESTIMENTO EM COTAS DE AÇÕES - RESP LIMITADA;2025-04-30;Ações;91.65
FI;13.401.715/0001-06;;IBIUNA EQUITIES FIF - CLASSE DE INVESTIMENTO EM COTAS DE AÇÕES - RESP LIMITADA;2025-04-30;Operações compromissadas lastreadas em títulos públicos federais;8.88
FI;13.429.264/0001-07;;KONDOR MACRO FI FINANCEIRO - CI MULT - RESP LIMITADA;2025-04-30;Ações;4.76
FI;13.429.264/0001-07;;KONDOR MACRO FI FINANCEIRO - CI MULT - RESP LIMITADA;2025-04-30;Cotas de fundos de investimento 409;2.33
FI;13.429.264/0001-07;;KONDOR MACRO FI FINANCEIRO - CI MULT - RESP LIMITADA;2025-04-30;Investimento no exterior;12.83
FI;13.429.264/0001-07;;KONDOR MACRO FI FINANCEIRO - CI MULT - RESP LIMITADA;2025-04-30;Operações compromissadas lastreadas em títulos públicos federais;3.25
FI;13.429.264/0001-07;;KONDOR MACRO FI FINANCEIRO - CI MULT - RESP LIMITADA;2025-04-30;Títulos públicos federais;77.34
FI;13.611.616/0001-40;;TIVIO ALOCAÇÃO IMAB 5+ FI FINANCEIRO - CI RF - RESP LIMITADA;2025-04-30;Operações compromissadas lastreadas em títulos públicos federais;4.87
FI;13.611.616/0001-40;;TIVIO ALOCAÇÃO IMAB 5+ FI FINANCEIRO - CI RF - RESP LIMITADA;2025-04-30;Títulos públicos federais;95.14
FI;13.614.709/0001-29;;TOP GESTOR LONG ONLY FC - CIC EM AÇÕES - RESP LIMITADA;2025-04-30;Ações;5.49
FI;13.614.709/0001-29;;TOP GESTOR LONG ONLY FC - CIC EM AÇÕES - RESP LIMITADA;2025-04-30;Cotas de fundos de investimento 409;90.39
FI;13.614.709/0001-29;;TOP GESTOR LONG ONLY FC - CIC EM AÇÕES - RESP LIMITADA;2025-04-30;Derivativos;0.36
FI;13.614.709/0001-29;;TOP GESTOR LONG ONLY FC - CIC EM AÇÕES - RESP LIMITADA;2025-04-30;Operações compromissadas lastreadas em títulos públicos federais;11.01
FI;13.614.709/0001-29;;TOP GESTOR LONG ONLY FC - CIC EM AÇÕES - RESP LIMITADA;2025-04-30;Títulos públicos federais;15.23
FI;13.659.375/0001-00;;SITA EXCLUSIVE FUNDO DE INVESTIMENTO DE AÇÕES RESPONSABILIDADE LIMITADA;2025-04-30;Acões;98.11
FI;13.659.375/0001-00;;SITA EXCLUSIVE FUNDO DE INVESTIMENTO DE AÇÕES RESPONSABILIDADE LIMITADA;2025-04-30;Depósito a prazo e outros títulos de instituições financeiras;1.19
FI;13.659.375/0001-00;;SITA EXCLUSIVE FUNDO DE INVESTIMENTO DE AÇÕES RESPONSABILIDADE LIMITADA;2025-04-30;Operacões compromissadas lastreadas em títulos privados;0.00
FI;13.659.375/0001-00;;SITA EXCLUSIVE FUNDO DE INVESTIMENTO DE AÇÕES RESPONSABILIDADE LIMITADA;2025-04-30;Operacões compromissadas lastreadas em títulos públicos federais;0.69
FI;13.659.375/0001-00;;SITA EXCLUSIVE FUNDO DE INVESTIMENTO DE AÇÕES RESPONSABILIDADE LIMITADA;2025-04-30;Títulos Públicos federais;0.00
FI;13.823.084/0001-05;;SUL AMÉRICA CRÉDITO ATIVO FIF RENDA FIXA CRÉD PRIV LONGO PRAZO DE RESP LIMITADA;2025-04-30;Cotas de Fundo;6.66
FI;13.823.084/0001-05;;SUL AMÉRICA CRÉDITO ATIVO FIF RENDA FIXA CRÉD PRIV LONGO PRAZO DE RESP LIMITADA;2025-04-30;Deposito a prazo e outros títulos de instituições financeiras;25.34
FI;13.823.084/0001-05;;SUL AMÉRICA CRÉDITO ATIVO FIF RENDA FIXA CRÉD PRIV LONGO PRAZO DE RESP LIMITADA;2025-04-30;Op. Compromissadas lastreadas em títulos públicos;16.55
FI;13.823.084/0001-05;;SUL AMÉRICA CRÉDITO ATIVO FIF RENDA FIXA CRÉD PRIV LONGO PRAZO DE RESP LIMITADA;2025-04-30;Outros;0.00
FI;13.823.084/0001-05;;SUL AMÉRICA CRÉDITO ATIVO FIF RENDA FIXA CRÉD PRIV LONGO PRAZO DE RESP LIMITADA;2025-04-30;Títulos de crédito privado;49.61
FI;13.902.266/0001-71;;BRADESCO FIF  - CIC  MULTIMERCADO ALOCAÇÃO DINÂMICA - RESPONSABILIDADE LIMITADA;2025-04-30;Cotas de fundos de investimento 409;72.26
FI;13.902.266/0001-71;;BRADESCO FIF  - CIC  MULTIMERCADO ALOCAÇÃO DINÂMICA - RESPONSABILIDADE LIMITADA;2025-04-30;Operações compromissadas lastreadas em títulos públicos federais;7.84
FI;13.902.266/0001-71;;BRADESCO FIF  - CIC  MULTIMERCADO ALOCAÇÃO DINÂMICA - RESPONSABILIDADE LIMITADA;2025-04-30;Títulos públicos federais;20.07
FI;13.911.703/0001-13;;BRADESCO FIF  - CIC  MULTIMERCADO ALOCAÇÃO ARROJADA - RESPONSABILIDADE LIMITADA;2025-04-30;Cotas de fundos de investimento 409;96.07
FI;13.911.703/0001-13;;BRADESCO FIF  - CIC  MULTIMERCADO ALOCAÇÃO ARROJADA - RESPONSABILIDADE LIMITADA;2025-04-30;Operações compromissadas lastreadas em títulos públicos federais;0.81
FI;13.911.703/0001-13;;BRADESCO FIF  - CIC  MULTIMERCADO ALOCAÇÃO ARROJADA - RESPONSABILIDADE LIMITADA;2025-04-30;Títulos públicos federais;2.08
CLASSES - FIF;13.962.959/0001-50;;IBIUNA LONG SHORT ST MASTER FIF - CLASSE DE INVESTIMENTO MULTIMERCADO - RESP LIMITADA;2025-04-30;Ações;46.43
CLASSES - FIF;13.962.959/0001-50;;IBIUNA LONG SHORT ST MASTER FIF - CLASSE DE INVESTIMENTO MULTIMERCADO - RESP LIMITADA;2025-04-30;Cotas de fundos de investimento 409;3.39
CLASSES - FIF;13.962.959/0001-50;;IBIUNA LONG SHORT ST MASTER FIF - CLASSE DE INVESTIMENTO MULTIMERCADO - RESP LIMITADA;2025-04-30;Investimento no exterior;17.39
CLASSES - FIF;13.962.959/0001-50;;IBIUNA LONG SHORT ST MASTER FIF - CLASSE DE INVESTIMENTO MULTIMERCADO - RESP LIMITADA;2025-04-30;Operações compromissadas lastreadas em títulos públicos federais;14.73
CLASSES - FIF;13.962.959/0001-50;;IBIUNA LONG SHORT ST MASTER FIF - CLASSE DE INVESTIMENTO MULTIMERCADO - RESP LIMITADA;2025-04-30;Títulos públicos federais;62.70
FI;14.099.976/0001-78;;BRADESCO INSTITUCIONAL IBRX ALPHA FI FINANCEIRO - CIC EM AÇÕES - RESP LIMITADA;2025-04-30;Ações;95.68
FI;14.099.976/0001-78;;BRADESCO INSTITUCIONAL IBRX ALPHA FI FINANCEIRO - CIC EM AÇÕES - RESP LIMITADA;2025-04-30;Cotas de fundos de investimento 409;0.56
FI;14.099.976/0001-78;;BRADESCO INSTITUCIONAL IBRX ALPHA FI FINANCEIRO - CIC EM AÇÕES - RESP LIMITADA;2025-04-30;Derivativos;2.13
FI;14.099.976/0001-78;;BRADESCO INSTITUCIONAL IBRX ALPHA FI FINANCEIRO - CIC EM AÇÕES - RESP LIMITADA;2025-04-30;Operações compromissadas lastreadas em títulos públicos federais;3.10
FI;14.104.042/0001-87;;BRADESCO FIF - CIC RF PODIUM - RESP LIMITADA;2025-04-30;Cotas de fundos de investimento 409;19.81
FI;14.104.042/0001-87;;BRADESCO FIF - CIC RF PODIUM - RESP LIMITADA;2025-04-30;Depósitos a prazo e outros títulos de instituições financeiras;6.26
FI;14.104.042/0001-87;;BRADESCO FIF - CIC RF PODIUM - RESP LIMITADA;2025-04-30;Derivativos;11.10
FI;14.104.042/0001-87;;BRADESCO FIF - CIC RF PODIUM - RESP LIMITADA;2025-04-30;Operações compromissadas lastreadas em títulos públicos federais;8.71
FI;14.104.042/0001-87;;BRADESCO FIF - CIC RF PODIUM - RESP LIMITADA;2025-04-30;Títulos públicos federais;64.75
CLASSES - FIF;14.104.062/0001-58;;BRADESCO NET FIF - CIC RENDA FIXA REFERENCIADA DI - RESPONSABILIDADE  LIMITADA;2025-04-30;Depósitos a prazo e outros títulos de instituições financeiras;3.82
CLASSES - FIF;14.104.062/0001-58;;BRADESCO NET FIF - CIC RENDA FIXA REFERENCIADA DI - RESPONSABILIDADE  LIMITADA;2025-04-30;Operações compromissadas lastreadas em títulos públicos federais;63.32
CLASSES - FIF;14.104.062/0001-58;;BRADESCO NET FIF - CIC RENDA FIXA REFERENCIADA DI - RESPONSABILIDADE  LIMITADA;2025-04-30;Títulos de crédito privado;0.08
CLASSES - FIF;14.104.062/0001-58;;BRADESCO NET FIF - CIC RENDA FIXA REFERENCIADA DI - RESPONSABILIDADE  LIMITADA;2025-04-30;Títulos públicos federais;31.75
FI;14.104.082/0001-29;;BRADESCO NET FIF- CIC RF - RESP LIMITADA;2025-04-30;Cotas de fundos de investimento 409;19.72
FI;14.104.082/0001-29;;BRADESCO NET FIF- CIC RF - RESP LIMITADA;2025-04-30;Depósitos a prazo e outros títulos de instituições financeiras;6.23
FI;14.104.082/0001-29;;BRADESCO NET FIF- CIC RF - RESP LIMITADA;2025-04-30;Derivativos;11.04
FI;14.104.082/0001-29;;BRADESCO NET FIF- CIC RF - RESP LIMITADA;2025-04-30;Operações compromissadas lastreadas em títulos públicos federais;8.66
FI;14.104.082/0001-29;;BRADESCO NET FIF- CIC RF - RESP LIMITADA;2025-04-30;Títulos públicos federais;64.43
FI;14.104.126/0001-10;;BRADESCO PRIME NET FIF - CIC RF - RESP LIMITADA;2025-04-30;Cotas de fundos de investimento 409;19.70
FI;14.104.126/0001-10;;BRADESCO PRIME NET FIF - CIC RF - RESP LIMITADA;2025-04-30;Depósitos a prazo e outros títulos de instituições financeiras;6.23
FI;14.104.126/0001-10;;BRADESCO PRIME NET FIF - CIC RF - RESP LIMITADA;2025-04-30;Derivativos;11.03
FI;14.104.126/0001-10;;BRADESCO PRIME NET FIF - CIC RF - RESP LIMITADA;2025-04-30;Operações compromissadas lastreadas em títulos públicos federais;8.66
FI;14.104.126/0001-10;;BRADESCO PRIME NET FIF - CIC RF - RESP LIMITADA;2025-04-30;Títulos públicos federais;64.37
CLASSES - FIF;14.104.139/0001-90;;BRADESCO PRIME NET FIC DE FI FINANCEIRO RENDA FIXA REFERENCIADA DI - RESPONSABILIDADE LIMITADA;2025-04-30;Depósitos a prazo e outros títulos de instituições financeiras;3.83
CLASSES - FIF;14.104.139/0001-90;;BRADESCO PRIME NET FIC DE FI FINANCEIRO RENDA FIXA REFERENCIADA DI - RESPONSABILIDADE LIMITADA;2025-04-30;Operações compromissadas lastreadas em títulos públicos federais;63.44
CLASSES - FIF;14.104.139/0001-90;;BRADESCO PRIME NET FIC DE FI FINANCEIRO RENDA FIXA REFERENCIADA DI - RESPONSABILIDADE LIMITADA;2025-04-30;Títulos de crédito privado;0.08
CLASSES - FIF;14.104.139/0001-90;;BRADESCO PRIME NET FIC DE FI FINANCEIRO RENDA FIXA REFERENCIADA DI - RESPONSABILIDADE LIMITADA;2025-04-30;Títulos públicos federais;31.81
FI;14.113.340/0001-33;;NAVI INSTITUCIONAL FI FINANCEIRO - CIC EM AÇÕES - RESP LIMITADA;2025-04-30;Ações;93.08
FI;14.113.340/0001-33;;NAVI INSTITUCIONAL FI FINANCEIRO - CIC EM AÇÕES - RESP LIMITADA;2025-04-30;Derivativos;-6.62
FI;14.113.340/0001-33;;NAVI INSTITUCIONAL FI FINANCEIRO - CIC EM AÇÕES - RESP LIMITADA;2025-04-30;Operações compromissadas lastreadas em títulos públicos federais;5.83
FI;14.115.118/0001-70;;MAG INFLAÇÃO REFERENCIADO IMA-B FIF - CI RF LP - RESPONSABILIDADE LIMITADA;2025-04-30;Derivativos;3.31
FI;14.115.118/0001-70;;MAG INFLAÇÃO REFERENCIADO IMA-B FIF - CI RF LP - RESPONSABILIDADE LIMITADA;2025-04-30;Operações compromissadas lastreadas em títulos públicos federais;0.07
FI;14.115.118/0001-70;;MAG INFLAÇÃO REFERENCIADO IMA-B FIF - CI RF LP - RESPONSABILIDADE LIMITADA;2025-04-30;Títulos públicos federais;100.00
FI;14.491.665/0001-50;;TIVIO FI FINANCEIRO - CI RF CRED PRIV - RESP LIMITADA;2025-04-30;Ações;0.00
FI;14.491.665/0001-50;;TIVIO FI FINANCEIRO - CI RF CRED PRIV - RESP LIMITADA;2025-04-30;Depósitos a prazo e outros títulos de instituições financeiras;34.94
FI;14.491.665/0001-50;;TIVIO FI FINANCEIRO - CI RF CRED PRIV - RESP LIMITADA;2025-04-30;Operações compromissadas lastreadas em títulos públicos federais;14.25
FI;14.491.665/0001-50;;TIVIO FI FINANCEIRO - CI RF CRED PRIV - RESP LIMITADA;2025-04-30;Títulos de crédito privado;40.09
FI;14.491.665/0001-50;;TIVIO FI FINANCEIRO - CI RF CRED PRIV - RESP LIMITADA;2025-04-30;Títulos públicos federais;10.79
CLASSES - FIF;14.550.994/0001-24;;MAG BRASIL FUNDO DE INVESTIMENTO FINANCEIRO  CLASSE DE INVESTIMENTO EM AÇÕES  RESP LIMITADA;2025-04-30;Ações;95.12
CLASSES - FIF;14.550.994/0001-24;;MAG BRASIL FUNDO DE INVESTIMENTO FINANCEIRO  CLASSE DE INVESTIMENTO EM AÇÕES  RESP LIMITADA;2025-04-30;Cotas de fundos de investimento 409;0.79
CLASSES - FIF;14.550.994/0001-24;;MAG BRASIL FUNDO DE INVESTIMENTO FINANCEIRO  CLASSE DE INVESTIMENTO EM AÇÕES  RESP LIMITADA;2025-04-30;Derivativos;-0.35
CLASSES - FIF;14.550.994/0001-24;;MAG BRASIL FUNDO DE INVESTIMENTO FINANCEIRO  CLASSE DE INVESTIMENTO EM AÇÕES  RESP LIMITADA;2025-04-30;Operações compromissadas lastreadas em títulos públicos federais;0.20
CLASSES - FIF;14.550.994/0001-24;;MAG BRASIL FUNDO DE INVESTIMENTO FINANCEIRO  CLASSE DE INVESTIMENTO EM AÇÕES  RESP LIMITADA;2025-04-30;Títulos públicos federais;0.37
CLASSES - FIF;14.632.925/0001-60;;MB FUNDO DE INVESTIMENTO FINANCEIRO EM AÇÕES  INSTITUIÇÕES FINANCEIRAS - RESPONSABILIDADE LIMITADA;2025-04-30;Ações;99.05
CLASSES - FIF;14.632.925/0001-60;;MB FUNDO DE INVESTIMENTO FINANCEIRO EM AÇÕES  INSTITUIÇÕES FINANCEIRAS - RESPONSABILIDADE LIMITADA;2025-04-30;Operações compromissadas lastreadas em títulos públicos federais;0.75
CLASSES - FIF;14.632.925/0001-60;;MB FUNDO DE INVESTIMENTO FINANCEIRO EM AÇÕES  INSTITUIÇÕES FINANCEIRAS - RESPONSABILIDADE LIMITADA;2025-04-30;Títulos públicos federais;0.46
FI;14.843.717/0001-00;;JULIUS BAER FEEDER ABSOLUTE VERTEX FI FINANCEIRO - CIC MULT CRED PRIV - RESP LIMITADA;2025-04-30;Cotas de fundos de investimento 409;99.46
FI;14.843.717/0001-00;;JULIUS BAER FEEDER ABSOLUTE VERTEX FI FINANCEIRO - CIC MULT CRED PRIV - RESP LIMITADA;2025-04-30;Operações compromissadas lastreadas em títulos públicos federais;0.15
FI;14.843.717/0001-00;;JULIUS BAER FEEDER ABSOLUTE VERTEX FI FINANCEIRO - CIC MULT CRED PRIV - RESP LIMITADA;2025-04-30;Títulos públicos federais;0.36
CLASSES - FIF;14.843.784/0001-24;;ICATU VANGUARDA SIMPLES SOBERANO FIF - CLASSE DE INVESTIMENTO RENDA FIXA - RESP LIMITADA;2025-04-30;Operações compromissadas lastreadas em títulos públicos federais;39.29
CLASSES - FIF;14.843.784/0001-24;;ICATU VANGUARDA SIMPLES SOBERANO FIF - CLASSE DE INVESTIMENTO RENDA FIXA - RESP LIMITADA;2025-04-30;Títulos públicos federais;60.75
FI;15.019.684/0001-40;;CASH STAR FIF - CLASSE DE INVESTIMENTO RF REFERENCIADO DI - RESP LIMITADA;2025-04-30;Operações compromissadas lastreadas em títulos públicos federais;21.03
FI;15.019.684/0001-40;;CASH STAR FIF - CLASSE DE INVESTIMENTO RF REFERENCIADO DI - RESP LIMITADA;2025-04-30;Títulos públicos federais;79.03
FI;15.212.344/0001-31;;CANVAS ENDURO 30 CSHG FUNDO DE INVESTIMENTO EM COTAS DE FIF MULTIMERCADO - RESPONSABILIDADE LIMITADA;2025-04-30;Cotas de Fundos de Investimento 555;100.18
FI;15.212.344/0001-31;;CANVAS ENDURO 30 CSHG FUNDO DE INVESTIMENTO EM COTAS DE FIF MULTIMERCADO - RESPONSABILIDADE LIMITADA;2025-04-30;Outros;0.13
CLASSES - FIF;15.259.071/0001-80;;BRADESCO H FIF - CLASSE DE  INVESTIMENTO RENDA FIXA NILO - RESPONSABILIDADE LIMITADA;2025-04-30;Derivativos;5.18
CLASSES - FIF;15.259.071/0001-80;;BRADESCO H FIF - CLASSE DE  INVESTIMENTO RENDA FIXA NILO - RESPONSABILIDADE LIMITADA;2025-04-30;Operações compromissadas lastreadas em títulos públicos federais;5.81
CLASSES - FIF;15.259.071/0001-80;;BRADESCO H FIF - CLASSE DE  INVESTIMENTO RENDA FIXA NILO - RESPONSABILIDADE LIMITADA;2025-04-30;Títulos públicos federais;94.21
FI;15.259.423/0001-06;;BRADESCO H FIF - CIC RF LONGO PRAZO INFLAÇÃO 15.000 - RESP LIMITADA;2025-04-30;Cotas de fundos de investimento 409;4.11
FI;15.259.423/0001-06;;BRADESCO H FIF - CIC RF LONGO PRAZO INFLAÇÃO 15.000 - RESP LIMITADA;2025-04-30;Depósitos a prazo e outros títulos de instituições financeiras;2.07
FI;15.259.423/0001-06;;BRADESCO H FIF - CIC RF LONGO PRAZO INFLAÇÃO 15.000 - RESP LIMITADA;2025-04-30;Derivativos;0.68
FI;15.259.423/0001-06;;BRADESCO H FIF - CIC RF LONGO PRAZO INFLAÇÃO 15.000 - RESP LIMITADA;2025-04-30;Operações compromissadas lastreadas em títulos públicos federais;1.40
FI;15.259.423/0001-06;;BRADESCO H FIF - CIC RF LONGO PRAZO INFLAÇÃO 15.000 - RESP LIMITADA;2025-04-30;Títulos públicos federais;92.33
CLASSES - FIF;15.487.918/0001-84;;IBIUNA  HEDGE ST MASTER FIF - CLASSE DE  INVESTIMENTO MULTIMERCADO - RESPONSABILIDADE LIMITADA;2025-04-30;Derivativos;812.49
CLASSES - FIF;15.487.918/0001-84;;IBIUNA  HEDGE ST MASTER FIF - CLASSE DE  INVESTIMENTO MULTIMERCADO - RESPONSABILIDADE LIMITADA;2025-04-30;Investimento no exterior;19.86
CLASSES - FIF;15.487.918/0001-84;;IBIUNA  HEDGE ST MASTER FIF - CLASSE DE  INVESTIMENTO MULTIMERCADO - RESPONSABILIDADE LIMITADA;2025-04-30;Operações compromissadas lastreadas em títulos públicos federais;92.40
CLASSES - FIF;15.487.918/0001-84;;IBIUNA  HEDGE ST MASTER FIF - CLASSE DE  INVESTIMENTO MULTIMERCADO - RESPONSABILIDADE LIMITADA;2025-04-30;Títulos de crédito privado;7.85
CLASSES - FIF;15.487.918/0001-84;;IBIUNA  HEDGE ST MASTER FIF - CLASSE DE  INVESTIMENTO MULTIMERCADO - RESPONSABILIDADE LIMITADA;2025-04-30;Títulos públicos federais;145.29
CLASSES - FIF;15.578.409/0001-67;;ICATU VANGUARDA MULTIESTRATÉGIA FUNDO DE INVESTIMENTO EM COTAS FIF MULT CRED PRIV - RESP LIMITADA;2025-04-30;Cotas de fundos de investimento 409;6.82
CLASSES - FIF;15.578.409/0001-67;;ICATU VANGUARDA MULTIESTRATÉGIA FUNDO DE INVESTIMENTO EM COTAS FIF MULT CRED PRIV - RESP LIMITADA;2025-04-30;Depósitos a prazo e outros títulos de instituições financeiras;13.18
CLASSES - FIF;15.578.409/0001-67;;ICATU VANGUARDA MULTIESTRATÉGIA FUNDO DE INVESTIMENTO EM COTAS FIF MULT CRED PRIV - RESP LIMITADA;2025-04-30;Operações compromissadas lastreadas em títulos públicos federais;16.19
CLASSES - FIF;15.578.409/0001-67;;ICATU VANGUARDA MULTIESTRATÉGIA FUNDO DE INVESTIMENTO EM COTAS FIF MULT CRED PRIV - RESP LIMITADA;2025-04-30;Títulos de crédito privado;28.00
CLASSES - FIF;15.578.409/0001-67;;ICATU VANGUARDA MULTIESTRATÉGIA FUNDO DE INVESTIMENTO EM COTAS FIF MULT CRED PRIV - RESP LIMITADA;2025-04-30;Títulos públicos federais;35.04
CLASSES - FIF;15.586.796/0001-83;;ICATU VANGUARDA DATA ALVO 2040 FUNDO DE INVESTIMENTO EM COTAS FIF MULT CRED PRIV - RESP LIMITADA;2025-04-30;Ações;23.29
CLASSES - FIF;15.586.796/0001-83;;ICATU VANGUARDA DATA ALVO 2040 FUNDO DE INVESTIMENTO EM COTAS FIF MULT CRED PRIV - RESP LIMITADA;2025-04-30;Derivativos;16.66
CLASSES - FIF;15.586.796/0001-83;;ICATU VANGUARDA DATA ALVO 2040 FUNDO DE INVESTIMENTO EM COTAS FIF MULT CRED PRIV - RESP LIMITADA;2025-04-30;Investimento no exterior;8.92
CLASSES - FIF;15.586.796/0001-83;;ICATU VANGUARDA DATA ALVO 2040 FUNDO DE INVESTIMENTO EM COTAS FIF MULT CRED PRIV - RESP LIMITADA;2025-04-30;Títulos de crédito privado;17.36
CLASSES - FIF;15.586.796/0001-83;;ICATU VANGUARDA DATA ALVO 2040 FUNDO DE INVESTIMENTO EM COTAS FIF MULT CRED PRIV - RESP LIMITADA;2025-04-30;Títulos públicos federais;31.74
CLASSES - FIF;15.586.797/0001-28;;ICATU VANGUARDA DATA ALVO 2030 FUNDO DE INVESTIMENTO EM COTAS FIF MULT CRED PRIV - RESP LIMITADA;2025-04-30;Depósitos a prazo e outros títulos de instituições financeiras;11.47
CLASSES - FIF;15.586.797/0001-28;;ICATU VANGUARDA DATA ALVO 2030 FUNDO DE INVESTIMENTO EM COTAS FIF MULT CRED PRIV - RESP LIMITADA;2025-04-30;Derivativos;13.50
CLASSES - FIF;15.586.797/0001-28;;ICATU VANGUARDA DATA ALVO 2030 FUNDO DE INVESTIMENTO EM COTAS FIF MULT CRED PRIV - RESP LIMITADA;2025-04-30;Operações compromissadas lastreadas em títulos públicos federais;12.37
CLASSES - FIF;15.586.797/0001-28;;ICATU VANGUARDA DATA ALVO 2030 FUNDO DE INVESTIMENTO EM COTAS FIF MULT CRED PRIV - RESP LIMITADA;2025-04-30;Títulos de crédito privado;23.56
CLASSES - FIF;15.586.797/0001-28;;ICATU VANGUARDA DATA ALVO 2030 FUNDO DE INVESTIMENTO EM COTAS FIF MULT CRED PRIV - RESP LIMITADA;2025-04-30;Títulos públicos federais;34.07
CLASSES - FIF;15.603.942/0001-31;;IBIUNA HEDGE STR FIF - CLASSE DE INVESTIMENTO EM COTAS MULTIMERCADO -RESP LIMITADA;2025-04-30;Derivativos;846.49
CLASSES - FIF;15.603.942/0001-31;;IBIUNA HEDGE STR FIF - CLASSE DE INVESTIMENTO EM COTAS MULTIMERCADO -RESP LIMITADA;2025-04-30;Investimento no exterior;20.69
CLASSES - FIF;15.603.942/0001-31;;IBIUNA HEDGE STR FIF - CLASSE DE INVESTIMENTO EM COTAS MULTIMERCADO -RESP LIMITADA;2025-04-30;Operações compromissadas lastreadas em títulos públicos federais;96.27
CLASSES - FIF;15.603.942/0001-31;;IBIUNA HEDGE STR FIF - CLASSE DE INVESTIMENTO EM COTAS MULTIMERCADO -RESP LIMITADA;2025-04-30;Títulos de crédito privado;8.18
CLASSES - FIF;15.603.942/0001-31;;IBIUNA HEDGE STR FIF - CLASSE DE INVESTIMENTO EM COTAS MULTIMERCADO -RESP LIMITADA;2025-04-30;Títulos públicos federais;151.37
FI;15.603.945/0001-75;;VINCI SELECTION EQUITIES FIF - CLASSE DE INVESTIMENTO EM AÇÕES - RESP LIMITADA;2025-04-30;Ações;20.84
FI;15.603.945/0001-75;;VINCI SELECTION EQUITIES FIF - CLASSE DE INVESTIMENTO EM AÇÕES - RESP LIMITADA;2025-04-30;Cotas de fundos de investimento 409;54.88
FI;15.603.945/0001-75;;VINCI SELECTION EQUITIES FIF - CLASSE DE INVESTIMENTO EM AÇÕES - RESP LIMITADA;2025-04-30;Derivativos;5.73
FI;15.603.945/0001-75;;VINCI SELECTION EQUITIES FIF - CLASSE DE INVESTIMENTO EM AÇÕES - RESP LIMITADA;2025-04-30;Operações compromissadas lastreadas em títulos públicos federais;4.71
FI;15.603.945/0001-75;;VINCI SELECTION EQUITIES FIF - CLASSE DE INVESTIMENTO EM AÇÕES - RESP LIMITADA;2025-04-30;Títulos públicos federais;18.86
FI;15.675.415/0001-32;;BRAM BANCOS FI FINANCEIRO - CI RF CRED PRIV - RESP LIMITADA;2025-04-30;Depósitos a prazo e outros títulos de instituições financeiras;79.42
FI;15.675.415/0001-32;;BRAM BANCOS FI FINANCEIRO - CI RF CRED PRIV - RESP LIMITADA;2025-04-30;Operações compromissadas lastreadas em títulos públicos federais;18.01
FI;15.675.415/0001-32;;BRAM BANCOS FI FINANCEIRO - CI RF CRED PRIV - RESP LIMITADA;2025-04-30;Títulos públicos federais;2.57
FI;15.675.431/0001-25;;BRAM FIF - CLASSE DE INVESTIMENTO RF REFERENCIADA DI CORAL - RESP LIMITADA;2025-04-30;Cotas de fundos de investimento 409;1.28
FI;15.675.431/0001-25;;BRAM FIF - CLASSE DE INVESTIMENTO RF REFERENCIADA DI CORAL - RESP LIMITADA;2025-04-30;Depósitos a prazo e outros títulos de instituições financeiras;26.78
FI;15.675.431/0001-25;;BRAM FIF - CLASSE DE INVESTIMENTO RF REFERENCIADA DI CORAL - RESP LIMITADA;2025-04-30;Operações compromissadas lastreadas em títulos públicos federais;36.43
FI;15.675.431/0001-25;;BRAM FIF - CLASSE DE INVESTIMENTO RF REFERENCIADA DI CORAL - RESP LIMITADA;2025-04-30;Títulos de crédito privado;12.61
FI;15.675.431/0001-25;;BRAM FIF - CLASSE DE INVESTIMENTO RF REFERENCIADA DI CORAL - RESP LIMITADA;2025-04-30;Títulos públicos federais;22.16
FI;15.675.437/0001-00;;BRAM FI FINANCEIRO - CI RF CRED PRIV - RESP LIMITADA;2025-04-30;Cotas de fundos de investimento 409;3.56
FI;15.675.437/0001-00;;BRAM FI FINANCEIRO - CI RF CRED PRIV - RESP LIMITADA;2025-04-30;Depósitos a prazo e outros títulos de instituições financeiras;47.71
FI;15.675.437/0001-00;;BRAM FI FINANCEIRO - CI RF CRED PRIV - RESP LIMITADA;2025-04-30;Operações compromissadas lastreadas em títulos públicos federais;18.56
FI;15.675.437/0001-00;;BRAM FI FINANCEIRO - CI RF CRED PRIV - RESP LIMITADA;2025-04-30;Outras aplicações;1.56
FI;15.675.437/0001-00;;BRAM FI FINANCEIRO - CI RF CRED PRIV - RESP LIMITADA;2025-04-30;Títulos de crédito privado;28.55
FI;15.714.222/0001-43;;BRADESCO FUNDO DE INVESTIMENTO FINANCEIRO - CIC DE AÇÕES DIVIDENDOS - RESPONSABILIDADE LIMITADA;2025-04-30;Ações;91.93
FI;15.714.222/0001-43;;BRADESCO FUNDO DE INVESTIMENTO FINANCEIRO - CIC DE AÇÕES DIVIDENDOS - RESPONSABILIDADE LIMITADA;2025-04-30;Derivativos;-0.28
FI;15.714.222/0001-43;;BRADESCO FUNDO DE INVESTIMENTO FINANCEIRO - CIC DE AÇÕES DIVIDENDOS - RESPONSABILIDADE LIMITADA;2025-04-30;Operações compromissadas lastreadas em títulos públicos federais;5.37
FI;15.714.258/0001-27;;BRAM IMA-B 5 FI FINANCEIRO - CI RF - RESP LIMITADA;2025-04-30;Derivativos;1.89
FI;15.714.258/0001-27;;BRAM IMA-B 5 FI FINANCEIRO - CI RF - RESP LIMITADA;2025-04-30;Operações compromissadas lastreadas em títulos públicos federais;1.99
FI;15.714.258/0001-27;;BRAM IMA-B 5 FI FINANCEIRO - CI RF - RESP LIMITADA;2025-04-30;Títulos públicos federais;98.01
FI;15.780.914/0001-90;;BRADESCO EXTENDED CREDIT POD FI FINANCEIRO - CIC DE CI MULT - RESP LIMITADA;2025-04-30;Cotas de fundos de investimento 409;4.26
FI;15.780.914/0001-90;;BRADESCO EXTENDED CREDIT POD FI FINANCEIRO - CIC DE CI MULT - RESP LIMITADA;2025-04-30;Operações compromissadas lastreadas em títulos públicos federais;28.04
FI;15.780.914/0001-90;;BRADESCO EXTENDED CREDIT POD FI FINANCEIRO - CIC DE CI MULT - RESP LIMITADA;2025-04-30;Títulos públicos federais;71.81
CLASSES - FIF;15.799.713/0001-34;;IBIUNA HEDGE STH FIF - CLASSE DE INVESTIMENTO EM COTAS MULTIMERCADO - RESP LIMITADA;2025-04-30;Derivativos;816.48
CLASSES - FIF;15.799.713/0001-34;;IBIUNA HEDGE STH FIF - CLASSE DE INVESTIMENTO EM COTAS MULTIMERCADO - RESP LIMITADA;2025-04-30;Investimento no exterior;19.96
CLASSES - FIF;15.799.713/0001-34;;IBIUNA HEDGE STH FIF - CLASSE DE INVESTIMENTO EM COTAS MULTIMERCADO - RESP LIMITADA;2025-04-30;Operações compromissadas lastreadas em títulos públicos federais;92.86
CLASSES - FIF;15.799.713/0001-34;;IBIUNA HEDGE STH FIF - CLASSE DE INVESTIMENTO EM COTAS MULTIMERCADO - RESP LIMITADA;2025-04-30;Títulos de crédito privado;7.89
CLASSES - FIF;15.799.713/0001-34;;IBIUNA HEDGE STH FIF - CLASSE DE INVESTIMENTO EM COTAS MULTIMERCADO - RESP LIMITADA;2025-04-30;Títulos públicos federais;146.00
CLASSES - FIF;15.834.698/0001-18;;MB AÇÕES MERCANTIL DO BRASIL  FUNDO DE INVESTIMENTO FINANCEIRO EM AÇÕES - RESPONSABILIDADE  LIMITADA;2025-04-30;Ações;95.52
CLASSES - FIF;15.834.698/0001-18;;MB AÇÕES MERCANTIL DO BRASIL  FUNDO DE INVESTIMENTO FINANCEIRO EM AÇÕES - RESPONSABILIDADE  LIMITADA;2025-04-30;Operações compromissadas lastreadas em títulos públicos federais;3.49
CLASSES - FIF;15.834.698/0001-18;;MB AÇÕES MERCANTIL DO BRASIL  FUNDO DE INVESTIMENTO FINANCEIRO EM AÇÕES - RESPONSABILIDADE  LIMITADA;2025-04-30;Títulos públicos federais;1.09
CLASSES - FIF;15.862.355/0001-67;;BANESTES TESOURO  FIF RENDA FIXA REFERENCIADO DI RESPONSABILIDADE LIMITADA;2025-04-30;Depósitos a prazo e outros títulos de instituições financeiras;9.58
CLASSES - FIF;15.862.355/0001-67;;BANESTES TESOURO  FIF RENDA FIXA REFERENCIADO DI RESPONSABILIDADE LIMITADA;2025-04-30;Operações compromissadas lastreadas em títulos públicos federais;49.92
CLASSES - FIF;15.862.355/0001-67;;BANESTES TESOURO  FIF RENDA FIXA REFERENCIADO DI RESPONSABILIDADE LIMITADA;2025-04-30;Títulos públicos federais;40.53
FI;16.570.371/0001-49;;BBT MULTIMERCADO FUNDO DE INVESTIMENTO FINANCEIRO;2025-04-30;Ações;41.37
FI;16.570.371/0001-49;;BBT MULTIMERCADO FUNDO DE INVESTIMENTO FINANCEIRO;2025-04-30;Derivativos;20.53
FI;16.570.371/0001-49;;BBT MULTIMERCADO FUNDO DE INVESTIMENTO FINANCEIRO;2025-04-30;Outras Aplicações;2.95
FI;16.570.371/0001-49;;BBT MULTIMERCADO FUNDO DE INVESTIMENTO FINANCEIRO;2025-04-30;Titulos publicos federais;45.34
FI;16.617.593/0001-70;;BBT AÇÕES FUNDO DE INVESTIMENTO FINANCEIRO;2025-04-30;Ações;86.14
FI;16.617.593/0001-70;;BBT AÇÕES FUNDO DE INVESTIMENTO FINANCEIRO;2025-04-30;Outras Aplicações;8.63
FI;16.844.885/0001-45;;BANRISUL FOCO IRF-M FUNDO DE INVESTIMENTO FINANCEIRO RENDA FIXA LONGO PRAZO RESP LIMITADA;2025-04-30;DERIVATIVOS;31.77
FI;16.844.885/0001-45;;BANRISUL FOCO IRF-M FUNDO DE INVESTIMENTO FINANCEIRO RENDA FIXA LONGO PRAZO RESP LIMITADA;2025-04-30;OPERAÇÕES COMPROMISSADAS LASTREADAS EM TÍTULOS PÚBLICOS FEDERAIS;34.20
FI;16.844.885/0001-45;;BANRISUL FOCO IRF-M FUNDO DE INVESTIMENTO FINANCEIRO RENDA FIXA LONGO PRAZO RESP LIMITADA;2025-04-30;TÍTULOS PÚBLICOS FEDERAIS;65.71
FI;16.844.890/0001-58;;BANRISUL FOCO IMA-B FUNDO DE INVESTIMENTO FINANCEIRO RENDA FIXA LONGO PRAZO RESPONSABILIDADE LIMITAD;2025-04-30;OPERAÇÕES COMPROMISSADAS LASTREADAS EM TÍTULOS PÚBLICOS FEDERAIS;1.07
FI;16.844.890/0001-58;;BANRISUL FOCO IMA-B FUNDO DE INVESTIMENTO FINANCEIRO RENDA FIXA LONGO PRAZO RESPONSABILIDADE LIMITAD;2025-04-30;TÍTULOS PÚBLICOS FEDERAIS;98.95
FI;16.880.814/0001-06;;BRAM FUNDO DE INVESTIMENTO FINANCEIRO - CLASSE DE INVESTIMENTO AÇÕES SMALL CAPS - RESP LIMITADA;2025-04-30;Ações;91.88
FI;16.880.814/0001-06;;BRAM FUNDO DE INVESTIMENTO FINANCEIRO - CLASSE DE INVESTIMENTO AÇÕES SMALL CAPS - RESP LIMITADA;2025-04-30;Operações compromissadas lastreadas em títulos públicos federais;6.61
CLASSES - FIF;16.892.122/0001-70;;SULAMÉRICA SELECTION FUNDO DE INVESTIMENTO FINANCEIRO AÇÕES DE RESPONSABILIDADE LIMITADA;2025-04-30;Ações;94.47
CLASSES - FIF;16.892.122/0001-70;;SULAMÉRICA SELECTION FUNDO DE INVESTIMENTO FINANCEIRO AÇÕES DE RESPONSABILIDADE LIMITADA;2025-04-30;Cotas de Fundo;0.00
CLASSES - FIF;16.892.122/0001-70;;SULAMÉRICA SELECTION FUNDO DE INVESTIMENTO FINANCEIRO AÇÕES DE RESPONSABILIDADE LIMITADA;2025-04-30;Op. Compromissadas lastreadas em títulos públicos;5.53
CLASSES - FIF;16.892.122/0001-70;;SULAMÉRICA SELECTION FUNDO DE INVESTIMENTO FINANCEIRO AÇÕES DE RESPONSABILIDADE LIMITADA;2025-04-30;Outros;0.00
CLASSES - FIF;16.892.122/0001-70;;SULAMÉRICA SELECTION FUNDO DE INVESTIMENTO FINANCEIRO AÇÕES DE RESPONSABILIDADE LIMITADA;2025-04-30;Títulos público federais;0.00
CLASSES - FIF;16.964.091/0001-15;;BANESTES SOLIDEZ AUTOMÁTICO FIF RENDA FIXA CURTO PRAZO RESPONSABILIDADE LIMITADA;2025-04-30;Operações compromissadas lastreadas em títulos públicos federais;99.46
FI;17.080.119/0001-14;;BAHIA AM MASTER FIF - CLASSE DE INVESTIMENTO MULTIMERCADO - RESP LIMITADA;2025-04-30;Derivativos;-18.74
FI;17.080.119/0001-14;;BAHIA AM MASTER FIF - CLASSE DE INVESTIMENTO MULTIMERCADO - RESP LIMITADA;2025-04-30;Investimento no exterior;17.49
FI;17.080.119/0001-14;;BAHIA AM MASTER FIF - CLASSE DE INVESTIMENTO MULTIMERCADO - RESP LIMITADA;2025-04-30;Operações compromissadas lastreadas em títulos públicos federais;23.68
FI;17.080.119/0001-14;;BAHIA AM MASTER FIF - CLASSE DE INVESTIMENTO MULTIMERCADO - RESP LIMITADA;2025-04-30;Títulos públicos federais;58.93
FI;17.087.932/0001-16;;BAHIA AM MARAÚ FIF - CLASSE DE INVESTIMENTO EM COTAS MULTIMERCADO - RESP LIMITADA;2025-04-30;Derivativos;-18.69
FI;17.087.932/0001-16;;BAHIA AM MARAÚ FIF - CLASSE DE INVESTIMENTO EM COTAS MULTIMERCADO - RESP LIMITADA;2025-04-30;Investimento no exterior;14.32
FI;17.087.932/0001-16;;BAHIA AM MARAÚ FIF - CLASSE DE INVESTIMENTO EM COTAS MULTIMERCADO - RESP LIMITADA;2025-04-30;Operações compromissadas lastreadas em títulos públicos federais;15.54
FI;17.087.932/0001-16;;BAHIA AM MARAÚ FIF - CLASSE DE INVESTIMENTO EM COTAS MULTIMERCADO - RESP LIMITADA;2025-04-30;Títulos públicos federais;70.52
CLASSES - FIF;17.137.326/0001-68;;IBIUNA HEDGE STHG FIF- CLASSE DE INVESTIMENTO EM COTAS MULTIMERCADO - RESPONSABILIDADE LIMITADA;2025-04-30;Derivativos;814.98
CLASSES - FIF;17.137.326/0001-68;;IBIUNA HEDGE STHG FIF- CLASSE DE INVESTIMENTO EM COTAS MULTIMERCADO - RESPONSABILIDADE LIMITADA;2025-04-30;Investimento no exterior;19.92
CLASSES - FIF;17.137.326/0001-68;;IBIUNA HEDGE STHG FIF- CLASSE DE INVESTIMENTO EM COTAS MULTIMERCADO - RESPONSABILIDADE LIMITADA;2025-04-30;Operações compromissadas lastreadas em títulos públicos federais;92.69
CLASSES - FIF;17.137.326/0001-68;;IBIUNA HEDGE STHG FIF- CLASSE DE INVESTIMENTO EM COTAS MULTIMERCADO - RESPONSABILIDADE LIMITADA;2025-04-30;Títulos de crédito privado;7.87
CLASSES - FIF;17.137.326/0001-68;;IBIUNA HEDGE STHG FIF- CLASSE DE INVESTIMENTO EM COTAS MULTIMERCADO - RESPONSABILIDADE LIMITADA;2025-04-30;Títulos públicos federais;145.74
FI;17.284.948/0001-19;;BRAM H FUNDO DE INVESTIMENTO FINANCEIRO - CLASSE DE  INVESTIMENTO AÇÕES DIVIDENDOS - RESP LIMITADA;2025-04-30;Ações;91.74
FI;17.284.948/0001-19;;BRAM H FUNDO DE INVESTIMENTO FINANCEIRO - CLASSE DE  INVESTIMENTO AÇÕES DIVIDENDOS - RESP LIMITADA;2025-04-30;Derivativos;-0.28
FI;17.284.948/0001-19;;BRAM H FUNDO DE INVESTIMENTO FINANCEIRO - CLASSE DE  INVESTIMENTO AÇÕES DIVIDENDOS - RESP LIMITADA;2025-04-30;Operações compromissadas lastreadas em títulos públicos federais;5.36
FI;17.489.019/0001-46;;BRADESCO FIF - CIC RF CRED PRIVADO EXCLUSIVO BETA - RESP LIMITADA;2025-04-30;Cotas de fundos de investimento 409;2.15
FI;17.489.019/0001-46;;BRADESCO FIF - CIC RF CRED PRIVADO EXCLUSIVO BETA - RESP LIMITADA;2025-04-30;Depósitos a prazo e outros títulos de instituições financeiras;28.48
FI;17.489.019/0001-46;;BRADESCO FIF - CIC RF CRED PRIVADO EXCLUSIVO BETA - RESP LIMITADA;2025-04-30;Operações compromissadas lastreadas em títulos públicos federais;41.49
FI;17.489.019/0001-46;;BRADESCO FIF - CIC RF CRED PRIVADO EXCLUSIVO BETA - RESP LIMITADA;2025-04-30;Títulos de crédito privado;11.46
FI;17.489.019/0001-46;;BRADESCO FIF - CIC RF CRED PRIVADO EXCLUSIVO BETA - RESP LIMITADA;2025-04-30;Títulos públicos federais;16.43
CLASSES - FIF;17.489.031/0001-50;;BAHIA AM MARAÚ A FIF - CIC MULTIM- RESPONSABILIDADE LIMITADA;2025-04-30;Derivativos;-18.69
CLASSES - FIF;17.489.031/0001-50;;BAHIA AM MARAÚ A FIF - CIC MULTIM- RESPONSABILIDADE LIMITADA;2025-04-30;Investimento no exterior;14.32
CLASSES - FIF;17.489.031/0001-50;;BAHIA AM MARAÚ A FIF - CIC MULTIM- RESPONSABILIDADE LIMITADA;2025-04-30;Operações compromissadas lastreadas em títulos públicos federais;15.54
CLASSES - FIF;17.489.031/0001-50;;BAHIA AM MARAÚ A FIF - CIC MULTIM- RESPONSABILIDADE LIMITADA;2025-04-30;Títulos públicos federais;70.53
FI;17.489.100/0001-26;;BRADESCO FIF - CLASSE DE INVESTIMENTO EM AÇÕES BB SEGURIDADE - RESP LIMITADA;2025-04-30;Ações;99.74
FI;17.489.100/0001-26;;BRADESCO FIF - CLASSE DE INVESTIMENTO EM AÇÕES BB SEGURIDADE - RESP LIMITADA;2025-04-30;Operações compromissadas lastreadas em títulos públicos federais;0.33
CLASSES - FIF;17.554.200/0001-99;;IBIUNA LONG BIASED FIF - CLASSE DE INVESTIMENTO EM COTAS MULTIMERCADO - RESPONSABILIDADE LIMITADA;2025-04-30;Ações;95.93
CLASSES - FIF;17.554.200/0001-99;;IBIUNA LONG BIASED FIF - CLASSE DE INVESTIMENTO EM COTAS MULTIMERCADO - RESPONSABILIDADE LIMITADA;2025-04-30;Cotas de fundos de investimento 409;1.58
CLASSES - FIF;17.554.200/0001-99;;IBIUNA LONG BIASED FIF - CLASSE DE INVESTIMENTO EM COTAS MULTIMERCADO - RESPONSABILIDADE LIMITADA;2025-04-30;Derivativos;10.82
CLASSES - FIF;17.554.200/0001-99;;IBIUNA LONG BIASED FIF - CLASSE DE INVESTIMENTO EM COTAS MULTIMERCADO - RESPONSABILIDADE LIMITADA;2025-04-30;Investimento no exterior;12.40
CLASSES - FIF;17.554.200/0001-99;;IBIUNA LONG BIASED FIF - CLASSE DE INVESTIMENTO EM COTAS MULTIMERCADO - RESPONSABILIDADE LIMITADA;2025-04-30;Operações compromissadas lastreadas em títulos públicos federais;21.79
CLASSES - FIF;17.554.210/0001-24;;IBIUNA LONG BIASED MASTER FIF - CLASSE DE INVESTIMENTO MULTIMERCADO - RESPONSABILIDADE LIMITADA;2025-04-30;Ações;95.39
CLASSES - FIF;17.554.210/0001-24;;IBIUNA LONG BIASED MASTER FIF - CLASSE DE INVESTIMENTO MULTIMERCADO - RESPONSABILIDADE LIMITADA;2025-04-30;Cotas de fundos de investimento 409;1.57
CLASSES - FIF;17.554.210/0001-24;;IBIUNA LONG BIASED MASTER FIF - CLASSE DE INVESTIMENTO MULTIMERCADO - RESPONSABILIDADE LIMITADA;2025-04-30;Derivativos;10.76
CLASSES - FIF;17.554.210/0001-24;;IBIUNA LONG BIASED MASTER FIF - CLASSE DE INVESTIMENTO MULTIMERCADO - RESPONSABILIDADE LIMITADA;2025-04-30;Investimento no exterior;12.33
CLASSES - FIF;17.554.210/0001-24;;IBIUNA LONG BIASED MASTER FIF - CLASSE DE INVESTIMENTO MULTIMERCADO - RESPONSABILIDADE LIMITADA;2025-04-30;Operações compromissadas lastreadas em títulos públicos federais;21.66
FI;17.797.493/0001-35;;SULAMÉRICA APOLLO FUNDO DE INVESTIMENTO FINANCEIRO MULTIMERCADO DE RESPONSABILIDADE LIMITADA;2025-04-30;Ações;0.00
FI;17.797.493/0001-35;;SULAMÉRICA APOLLO FUNDO DE INVESTIMENTO FINANCEIRO MULTIMERCADO DE RESPONSABILIDADE LIMITADA;2025-04-30;Cotas de Fundos;0.00
FI;17.797.493/0001-35;;SULAMÉRICA APOLLO FUNDO DE INVESTIMENTO FINANCEIRO MULTIMERCADO DE RESPONSABILIDADE LIMITADA;2025-04-30;Op. Compromissadas lastreadas em títulos públicos;49.20
FI;17.797.493/0001-35;;SULAMÉRICA APOLLO FUNDO DE INVESTIMENTO FINANCEIRO MULTIMERCADO DE RESPONSABILIDADE LIMITADA;2025-04-30;Outros;17.33
FI;17.797.493/0001-35;;SULAMÉRICA APOLLO FUNDO DE INVESTIMENTO FINANCEIRO MULTIMERCADO DE RESPONSABILIDADE LIMITADA;2025-04-30;Títulos público federais;33.47
FI;17.812.153/0001-36;;MÉTODO AMZ FUNDO DE INVESTIMENTO DE AÇÕES;2025-04-30;Ações;2.18
FI;17.812.153/0001-36;;MÉTODO AMZ FUNDO DE INVESTIMENTO DE AÇÕES;2025-04-30;Operações Compromissadas Lastreadas em Títulos Públicos Federais;0.14
FI;17.812.153/0001-36;;MÉTODO AMZ FUNDO DE INVESTIMENTO DE AÇÕES;2025-04-30;Outras Aplicações;97.21
FI;17.979.906/0001-00;;FEEDER FALCON FIF - CLASSE DE INVESTIMENTO EM COTAS DE AÇÕES - RESP LIMITADA;2025-04-30;Cotas de fundos de investimento 409;98.88
FI;17.979.906/0001-00;;FEEDER FALCON FIF - CLASSE DE INVESTIMENTO EM COTAS DE AÇÕES - RESP LIMITADA;2025-04-30;Derivativos;0.00
FI;17.979.906/0001-00;;FEEDER FALCON FIF - CLASSE DE INVESTIMENTO EM COTAS DE AÇÕES - RESP LIMITADA;2025-04-30;Operações compromissadas lastreadas em títulos públicos federais;0.31
FI;17.979.906/0001-00;;FEEDER FALCON FIF - CLASSE DE INVESTIMENTO EM COTAS DE AÇÕES - RESP LIMITADA;2025-04-30;Títulos públicos federais;0.72
FI;18.000.606/0001-92;;BRADESCO FIF - CIC RF IRFM ÁGORA - RESPONSABILIDAE LIMITADA;2025-04-30;Derivativos;8.31
FI;18.000.606/0001-92;;BRADESCO FIF - CIC RF IRFM ÁGORA - RESPONSABILIDAE LIMITADA;2025-04-30;Operações compromissadas lastreadas em títulos públicos federais;8.68
FI;18.000.606/0001-92;;BRADESCO FIF - CIC RF IRFM ÁGORA - RESPONSABILIDAE LIMITADA;2025-04-30;Títulos públicos federais;91.44
FI;18.079.388/0001-23;;BRADESCO BANCOS FI FINANCEIRO - CIC RF CRED PRIV - RESP LIMITADA;2025-04-30;Depósitos a prazo e outros títulos de instituições financeiras;79.44
FI;18.079.388/0001-23;;BRADESCO BANCOS FI FINANCEIRO - CIC RF CRED PRIV - RESP LIMITADA;2025-04-30;Operações compromissadas lastreadas em títulos públicos federais;18.02
FI;18.079.388/0001-23;;BRADESCO BANCOS FI FINANCEIRO - CIC RF CRED PRIV - RESP LIMITADA;2025-04-30;Títulos públicos federais;2.57
FI;18.079.540/0001-78;;BRADESCO S&P 500 MAIS FC - CIC MULT - RESP LIMITADA;2025-04-30;Derivativos;99.85
FI;18.079.540/0001-78;;BRADESCO S&P 500 MAIS FC - CIC MULT - RESP LIMITADA;2025-04-30;Operações compromissadas lastreadas em títulos públicos federais;10.37
FI;18.079.540/0001-78;;BRADESCO S&P 500 MAIS FC - CIC MULT - RESP LIMITADA;2025-04-30;Títulos públicos federais;89.71
FI;18.085.876/0001-43;;BRAM INSTITUCIONAL IRF-M FI FINANCEIRO - CI RF - RESP LIMITADA;2025-04-30;Derivativos;8.28
FI;18.085.876/0001-43;;BRAM INSTITUCIONAL IRF-M FI FINANCEIRO - CI RF - RESP LIMITADA;2025-04-30;Operações compromissadas lastreadas em títulos públicos federais;8.47
FI;18.085.876/0001-43;;BRAM INSTITUCIONAL IRF-M FI FINANCEIRO - CI RF - RESP LIMITADA;2025-04-30;Títulos públicos federais;91.52
FI;18.085.885/0001-34;;BRAM IMA-B 5+ FI FINANCEIRO - CI RF - RESP LIMITADA;2025-04-30;Derivativos;1.11
FI;18.085.885/0001-34;;BRAM IMA-B 5+ FI FINANCEIRO - CI RF - RESP LIMITADA;2025-04-30;Operações compromissadas lastreadas em títulos públicos federais;1.24
FI;18.085.885/0001-34;;BRAM IMA-B 5+ FI FINANCEIRO - CI RF - RESP LIMITADA;2025-04-30;Títulos públicos federais;98.76
FI;18.085.891/0001-91;;BRAM IMA-B TÍTULOS PÚBLICOS FI FINANCEIRO - CI RF - RESP LIMITADA;2025-04-30;Operações compromissadas lastreadas em títulos públicos federais;0.15
FI;18.085.891/0001-91;;BRAM IMA-B TÍTULOS PÚBLICOS FI FINANCEIRO - CI RF - RESP LIMITADA;2025-04-30;Títulos públicos federais;99.86
FI;18.085.913/0001-13;;BRAM IMA-B FI FINANCEIRO - CI RF - RESP LIMITADA;2025-04-30;Cotas de fundos de investimento 409;9.80
FI;18.085.913/0001-13;;BRAM IMA-B FI FINANCEIRO - CI RF - RESP LIMITADA;2025-04-30;Derivativos;2.38
FI;18.085.913/0001-13;;BRAM IMA-B FI FINANCEIRO - CI RF - RESP LIMITADA;2025-04-30;Operações compromissadas lastreadas em títulos públicos federais;2.46
FI;18.085.913/0001-13;;BRAM IMA-B FI FINANCEIRO - CI RF - RESP LIMITADA;2025-04-30;Títulos públicos federais;87.75
CLASSES - FIF;18.391.138/0001-24;;IBIUNA LONG SHORT STLS FIF - CLASSE DE INVESTIMENTO EM COTAS MULTIMERCADO - RESP LIMITADA;2025-04-30;Ações;46.51
CLASSES - FIF;18.391.138/0001-24;;IBIUNA LONG SHORT STLS FIF - CLASSE DE INVESTIMENTO EM COTAS MULTIMERCADO - RESP LIMITADA;2025-04-30;Cotas de fundos de investimento 409;3.40
CLASSES - FIF;18.391.138/0001-24;;IBIUNA LONG SHORT STLS FIF - CLASSE DE INVESTIMENTO EM COTAS MULTIMERCADO - RESP LIMITADA;2025-04-30;Investimento no exterior;17.42
CLASSES - FIF;18.391.138/0001-24;;IBIUNA LONG SHORT STLS FIF - CLASSE DE INVESTIMENTO EM COTAS MULTIMERCADO - RESP LIMITADA;2025-04-30;Operações compromissadas lastreadas em títulos públicos federais;14.76
CLASSES - FIF;18.391.138/0001-24;;IBIUNA LONG SHORT STLS FIF - CLASSE DE INVESTIMENTO EM COTAS MULTIMERCADO - RESP LIMITADA;2025-04-30;Títulos públicos federais;62.81
FI;18.422.272/0001-45;;CSHG ALLOCATION ABSOLUTE VERTEX FUNDO DE INVESTIMENTO EM COTAS DE FIF MULTIMERCADO - RESP LIMITADA;2025-04-30;Outras Cotas de Fundos de Investimento;100.06
FI;18.422.272/0001-45;;CSHG ALLOCATION ABSOLUTE VERTEX FUNDO DE INVESTIMENTO EM COTAS DE FIF MULTIMERCADO - RESP LIMITADA;2025-04-30;Outros;0.00
FI;18.448.137/0001-79;;GERAL DIVIDENDO FUNDO DE INVESTIMENTO EM AÇÕES - RESPONSABILIDADE LIMITADA;2025-04-30;Ações;88.56
FI;18.448.137/0001-79;;GERAL DIVIDENDO FUNDO DE INVESTIMENTO EM AÇÕES - RESPONSABILIDADE LIMITADA;2025-04-30;Operações compromissadas lastreadas em títulospúblicos federais;11.49
FI;18.448.137/0001-79;;GERAL DIVIDENDO FUNDO DE INVESTIMENTO EM AÇÕES - RESPONSABILIDADE LIMITADA;2025-04-30;Outras aplicações;-0.05
FI;18.466.245/0001-74;;BANRISUL FOCO IRF-M 1 FUNDO DE INVESTIMENTO FINANCEIRO RENDA FIXA RESPONSABILIDADE LIMITADA;2025-04-30;DERIVATIVOS;16.97
FI;18.466.245/0001-74;;BANRISUL FOCO IRF-M 1 FUNDO DE INVESTIMENTO FINANCEIRO RENDA FIXA RESPONSABILIDADE LIMITADA;2025-04-30;OPERAÇÕES COMPROMISSADAS LASTREADAS EM TÍTULOS PÚBLICOS FEDERAIS;17.01
FI;18.466.245/0001-74;;BANRISUL FOCO IRF-M 1 FUNDO DE INVESTIMENTO FINANCEIRO RENDA FIXA RESPONSABILIDADE LIMITADA;2025-04-30;TÍTULOS PÚBLICOS FEDERAIS;83.00
CLASSES - FIF;18.558.694/0001-42;;QUARTZO ESTRATÉGIA FUNDO DE INVESTIMENTO FINANCEIRO;2025-04-30;Ações;81.08
CLASSES - FIF;18.558.694/0001-42;;QUARTZO ESTRATÉGIA FUNDO DE INVESTIMENTO FINANCEIRO;2025-04-30;Cotas de Fundos de Investimento 409;6.45
CLASSES - FIF;18.558.694/0001-42;;QUARTZO ESTRATÉGIA FUNDO DE INVESTIMENTO FINANCEIRO;2025-04-30;Derivativos;0.15
CLASSES - FIF;18.558.694/0001-42;;QUARTZO ESTRATÉGIA FUNDO DE INVESTIMENTO FINANCEIRO;2025-04-30;Operações Compromissadas Lastreadas em Títulos Públicos Federais;3.21
CLASSES - FIF;18.558.694/0001-42;;QUARTZO ESTRATÉGIA FUNDO DE INVESTIMENTO FINANCEIRO;2025-04-30;Títulos Públicos Federais;39.06
CLASSES - FIF;18.602.064/0001-28;;FL PREMIUM INSTITUCIONAL FUNDO DE INVESTIMENTO RENDA FIXA LONGO PRAZO;2025-04-30;Acões;0.00
CLASSES - FIF;18.602.064/0001-28;;FL PREMIUM INSTITUCIONAL FUNDO DE INVESTIMENTO RENDA FIXA LONGO PRAZO;2025-04-30;Cotas de Fundos de Investimento 555;0.00
CLASSES - FIF;18.602.064/0001-28;;FL PREMIUM INSTITUCIONAL FUNDO DE INVESTIMENTO RENDA FIXA LONGO PRAZO;2025-04-30;Operacões compromissadas lastreadas em títulos privados;0.00
CLASSES - FIF;18.602.064/0001-28;;FL PREMIUM INSTITUCIONAL FUNDO DE INVESTIMENTO RENDA FIXA LONGO PRAZO;2025-04-30;Operacões compromissadas lastreadas em títulos públicos federais;95.35
CLASSES - FIF;18.602.064/0001-28;;FL PREMIUM INSTITUCIONAL FUNDO DE INVESTIMENTO RENDA FIXA LONGO PRAZO;2025-04-30;Títulos Públicos federais;0.00
FI;18.628.896/0001-13;;GENEBRA COVERED CALL LS FUNDO DE INVESTIMENTO FINANCEIRO;2025-04-30;Cotas de Fundos de Índice de Renda Variável;85.00
FI;18.628.896/0001-13;;GENEBRA COVERED CALL LS FUNDO DE INVESTIMENTO FINANCEIRO;2025-04-30;Cotas de Fundos de Investimento 409;6.44
FI;18.628.896/0001-13;;GENEBRA COVERED CALL LS FUNDO DE INVESTIMENTO FINANCEIRO;2025-04-30;Derivativos;-5.80
FI;18.628.896/0001-13;;GENEBRA COVERED CALL LS FUNDO DE INVESTIMENTO FINANCEIRO;2025-04-30;Outras Aplicações;0.10
FI;18.628.896/0001-13;;GENEBRA COVERED CALL LS FUNDO DE INVESTIMENTO FINANCEIRO;2025-04-30;Títulos Públicos Federais;14.67
CLASSES - FIF;18.799.585/0001-17;;MB FUNDO DE INVESTIMENTO FINANCEIRO EM AÇÕES - RESPONSABILIDADE LIMITADA;2025-04-30;Ações;84.68
CLASSES - FIF;18.799.585/0001-17;;MB FUNDO DE INVESTIMENTO FINANCEIRO EM AÇÕES - RESPONSABILIDADE LIMITADA;2025-04-30;Operações compromissadas lastreadas em títulos públicos federais;14.73
FI;18.810.900/0001-60;;BRADESCO H FIF - CIC MULT  GLOBAL - RESP LIMITADA;2025-04-30;Cotas de fundos de investimento 409;2.76
FI;18.810.900/0001-60;;BRADESCO H FIF - CIC MULT  GLOBAL - RESP LIMITADA;2025-04-30;Derivativos;0.81
FI;18.810.900/0001-60;;BRADESCO H FIF - CIC MULT  GLOBAL - RESP LIMITADA;2025-04-30;Investimento no exterior;16.51
FI;18.810.900/0001-60;;BRADESCO H FIF - CIC MULT  GLOBAL - RESP LIMITADA;2025-04-30;Operações compromissadas lastreadas em títulos públicos federais;23.34
FI;18.810.900/0001-60;;BRADESCO H FIF - CIC MULT  GLOBAL - RESP LIMITADA;2025-04-30;Títulos públicos federais;58.21
CLASSES - FIF;18.820.189/0001-24;;BRADESCO H FIF - CLASSE DE INVESTIMENTO EM COTAS RF REFERENCIADA DI LP AMBAR -RESP LIMITADA;2025-04-30;Depósitos a prazo e outros títulos de instituições financeiras;3.82
CLASSES - FIF;18.820.189/0001-24;;BRADESCO H FIF - CLASSE DE INVESTIMENTO EM COTAS RF REFERENCIADA DI LP AMBAR -RESP LIMITADA;2025-04-30;Operações compromissadas lastreadas em títulos públicos federais;63.52
CLASSES - FIF;18.820.189/0001-24;;BRADESCO H FIF - CLASSE DE INVESTIMENTO EM COTAS RF REFERENCIADA DI LP AMBAR -RESP LIMITADA;2025-04-30;Títulos de crédito privado;0.08
CLASSES - FIF;18.820.189/0001-24;;BRADESCO H FIF - CLASSE DE INVESTIMENTO EM COTAS RF REFERENCIADA DI LP AMBAR -RESP LIMITADA;2025-04-30;Títulos públicos federais;32.44
FI;18.956.713/0001-99;;BRADESCO PRIVATE FUND OF FUNDS LONG BIASED FI FINANCEIRO - CIC MULT - RESP LIMITADA;2025-04-30;Ações;0.58
FI;18.956.713/0001-99;;BRADESCO PRIVATE FUND OF FUNDS LONG BIASED FI FINANCEIRO - CIC MULT - RESP LIMITADA;2025-04-30;Cotas de fundos de investimento 409;96.79
FI;18.956.713/0001-99;;BRADESCO PRIVATE FUND OF FUNDS LONG BIASED FI FINANCEIRO - CIC MULT - RESP LIMITADA;2025-04-30;Derivativos;1.54
FI;18.956.713/0001-99;;BRADESCO PRIVATE FUND OF FUNDS LONG BIASED FI FINANCEIRO - CIC MULT - RESP LIMITADA;2025-04-30;Operações compromissadas lastreadas em títulos públicos federais;1.06
FI;18.956.713/0001-99;;BRADESCO PRIVATE FUND OF FUNDS LONG BIASED FI FINANCEIRO - CIC MULT - RESP LIMITADA;2025-04-30;Títulos públicos federais;1.65
CLASSES - FIF;18.956.729/0001-00;;QUARTZO HEDGE FUNDO DE INVESTIMENTO FINANCEIRO;2025-04-30;Ações;31.75
CLASSES - FIF;18.956.729/0001-00;;QUARTZO HEDGE FUNDO DE INVESTIMENTO FINANCEIRO;2025-04-30;Cotas de Fundos de Investimento 409;21.77
CLASSES - FIF;18.956.729/0001-00;;QUARTZO HEDGE FUNDO DE INVESTIMENTO FINANCEIRO;2025-04-30;Derivativos;0.01
CLASSES - FIF;18.956.729/0001-00;;QUARTZO HEDGE FUNDO DE INVESTIMENTO FINANCEIRO;2025-04-30;Operações Compromissadas Lastreadas em Títulos Públicos Federais;6.96
CLASSES - FIF;18.956.729/0001-00;;QUARTZO HEDGE FUNDO DE INVESTIMENTO FINANCEIRO;2025-04-30;Títulos Públicos Federais;61.81
FI;18.959.094/0001-96;;BRADESCO BOLSA AMERICANA FI FINANCEIRO - CIC MULT - RESP LIMITADA;2025-04-30;Derivativos;99.94
FI;18.959.094/0001-96;;BRADESCO BOLSA AMERICANA FI FINANCEIRO - CIC MULT - RESP LIMITADA;2025-04-30;Operações compromissadas lastreadas em títulos públicos federais;10.38
FI;18.959.094/0001-96;;BRADESCO BOLSA AMERICANA FI FINANCEIRO - CIC MULT - RESP LIMITADA;2025-04-30;Títulos públicos federais;89.80
CLASSES - FIF;18.959.265/0001-87;;BRADESCO FIF - CLASSE DE INVESTIMENTO RENDA FIXA CRÉDITO PRIVADO CREDIT SELECTION - RESP LIMITADA;2025-04-30;Cotas de fundos de investimento 409;0.49
CLASSES - FIF;18.959.265/0001-87;;BRADESCO FIF - CLASSE DE INVESTIMENTO RENDA FIXA CRÉDITO PRIVADO CREDIT SELECTION - RESP LIMITADA;2025-04-30;Depósitos a prazo e outros títulos de instituições financeiras;23.87
CLASSES - FIF;18.959.265/0001-87;;BRADESCO FIF - CLASSE DE INVESTIMENTO RENDA FIXA CRÉDITO PRIVADO CREDIT SELECTION - RESP LIMITADA;2025-04-30;Operações compromissadas lastreadas em títulos públicos federais;32.07
CLASSES - FIF;18.959.265/0001-87;;BRADESCO FIF - CLASSE DE INVESTIMENTO RENDA FIXA CRÉDITO PRIVADO CREDIT SELECTION - RESP LIMITADA;2025-04-30;Títulos de crédito privado;5.76
CLASSES - FIF;18.959.265/0001-87;;BRADESCO FIF - CLASSE DE INVESTIMENTO RENDA FIXA CRÉDITO PRIVADO CREDIT SELECTION - RESP LIMITADA;2025-04-30;Títulos públicos federais;37.89
CLASSES - FIF;19.038.997/0001-05;;FINACAP FI FINANCEIRO - CI MULT CRED PRIV - RESP LIMITADA;2025-04-30;Ações;13.39
CLASSES - FIF;19.038.997/0001-05;;FINACAP FI FINANCEIRO - CI MULT CRED PRIV - RESP LIMITADA;2025-04-30;Depósitos a prazo e outros títulos de instituições financeiras;11.33
CLASSES - FIF;19.038.997/0001-05;;FINACAP FI FINANCEIRO - CI MULT CRED PRIV - RESP LIMITADA;2025-04-30;Operações compromissadas lastreadas em títulos públicos federais;11.08
CLASSES - FIF;19.038.997/0001-05;;FINACAP FI FINANCEIRO - CI MULT CRED PRIV - RESP LIMITADA;2025-04-30;Títulos de crédito privado;17.77
CLASSES - FIF;19.038.997/0001-05;;FINACAP FI FINANCEIRO - CI MULT CRED PRIV - RESP LIMITADA;2025-04-30;Títulos públicos federais;45.11
CLASSES - FIF;19.170.160/0001-07;;BANESTES VALORES FIC DE FIF RENDA FIXA REFERENCIADO DI RESPONSABILIDADE LIMITADA;2025-04-30;Depósitos a prazo e outros títulos de instituições financeiras;11.55
CLASSES - FIF;19.170.160/0001-07;;BANESTES VALORES FIC DE FIF RENDA FIXA REFERENCIADO DI RESPONSABILIDADE LIMITADA;2025-04-30;Operações compromissadas lastreadas em títulos públicos federais;45.28
CLASSES - FIF;19.170.160/0001-07;;BANESTES VALORES FIC DE FIF RENDA FIXA REFERENCIADO DI RESPONSABILIDADE LIMITADA;2025-04-30;Outras cotas de fundos de investimento;1.16
CLASSES - FIF;19.170.160/0001-07;;BANESTES VALORES FIC DE FIF RENDA FIXA REFERENCIADO DI RESPONSABILIDADE LIMITADA;2025-04-30;Títulos de crédito privado;10.17
CLASSES - FIF;19.170.160/0001-07;;BANESTES VALORES FIC DE FIF RENDA FIXA REFERENCIADO DI RESPONSABILIDADE LIMITADA;2025-04-30;Títulos públicos federais;31.87
CLASSES - FIF;19.413.587/0001-99;;IBIUNA HEDGE A FIF - CLASSE DE INVESTIMENTO EM COTAS MULTIMERCADO - RESPONSABILIDADE LIMITADA;2025-04-30;Derivativos;451.30
CLASSES - FIF;19.413.587/0001-99;;IBIUNA HEDGE A FIF - CLASSE DE INVESTIMENTO EM COTAS MULTIMERCADO - RESPONSABILIDADE LIMITADA;2025-04-30;Investimento no exterior;13.34
CLASSES - FIF;19.413.587/0001-99;;IBIUNA HEDGE A FIF - CLASSE DE INVESTIMENTO EM COTAS MULTIMERCADO - RESPONSABILIDADE LIMITADA;2025-04-30;Operações compromissadas lastreadas em títulos públicos federais;46.88
CLASSES - FIF;19.413.587/0001-99;;IBIUNA HEDGE A FIF - CLASSE DE INVESTIMENTO EM COTAS MULTIMERCADO - RESPONSABILIDADE LIMITADA;2025-04-30;Títulos de crédito privado;4.91
CLASSES - FIF;19.413.587/0001-99;;IBIUNA HEDGE A FIF - CLASSE DE INVESTIMENTO EM COTAS MULTIMERCADO - RESPONSABILIDADE LIMITADA;2025-04-30;Títulos públicos federais;31.83
CLASSES - FIF;19.418.031/0001-95;;ICATU VANGUARDA PRÉ-FIXADO FIF - CLASSE DE INVESTIMENTO RENDA FIXA LONGO PRAZO -RESP LIMITADA;2025-04-30;Derivativos;74.40
CLASSES - FIF;19.418.031/0001-95;;ICATU VANGUARDA PRÉ-FIXADO FIF - CLASSE DE INVESTIMENTO RENDA FIXA LONGO PRAZO -RESP LIMITADA;2025-04-30;Operações compromissadas lastreadas em títulos públicos federais;4.74
CLASSES - FIF;19.418.031/0001-95;;ICATU VANGUARDA PRÉ-FIXADO FIF - CLASSE DE INVESTIMENTO RENDA FIXA LONGO PRAZO -RESP LIMITADA;2025-04-30;Títulos públicos federais;95.24
FI;19.719.727/0001-51;;ICATU VANGUARDA INFLAÇÃO FIF - CI RENDA FIXA CRÉD PRIV LONGO PRAZO - RESP LIMITADA;2025-04-30;Depósitos a prazo e outros títulos de instituições financeiras;23.13
FI;19.719.727/0001-51;;ICATU VANGUARDA INFLAÇÃO FIF - CI RENDA FIXA CRÉD PRIV LONGO PRAZO - RESP LIMITADA;2025-04-30;Derivativos;62.03
FI;19.719.727/0001-51;;ICATU VANGUARDA INFLAÇÃO FIF - CI RENDA FIXA CRÉD PRIV LONGO PRAZO - RESP LIMITADA;2025-04-30;Operações compromissadas lastreadas em títulos públicos federais;9.80
FI;19.719.727/0001-51;;ICATU VANGUARDA INFLAÇÃO FIF - CI RENDA FIXA CRÉD PRIV LONGO PRAZO - RESP LIMITADA;2025-04-30;Títulos de crédito privado;55.64
FI;19.719.727/0001-51;;ICATU VANGUARDA INFLAÇÃO FIF - CI RENDA FIXA CRÉD PRIV LONGO PRAZO - RESP LIMITADA;2025-04-30;Títulos públicos federais;11.40
FI;19.821.760/0001-98;;FEEDER KAPITALO KAPPA FIF - CLASSE DE INVESTIMENTO EM COTAS MULTIMERCADO - RESP LIMITADA;2025-04-30;Cotas de fundos de investimento 409;99.39
FI;19.821.760/0001-98;;FEEDER KAPITALO KAPPA FIF - CLASSE DE INVESTIMENTO EM COTAS MULTIMERCADO - RESP LIMITADA;2025-04-30;Derivativos;0.00
FI;19.821.760/0001-98;;FEEDER KAPITALO KAPPA FIF - CLASSE DE INVESTIMENTO EM COTAS MULTIMERCADO - RESP LIMITADA;2025-04-30;Operações compromissadas lastreadas em títulos públicos federais;0.21
FI;19.821.760/0001-98;;FEEDER KAPITALO KAPPA FIF - CLASSE DE INVESTIMENTO EM COTAS MULTIMERCADO - RESP LIMITADA;2025-04-30;Títulos públicos federais;0.49
CLASSES - FIF;20.216.173/0001-59;;BRADESCO FIF RF IE CRÉDITO PRIVADO YIELD EXPLORER BRL - RESP LIMITADA;2025-04-30;Derivativos;0.00
CLASSES - FIF;20.216.173/0001-59;;BRADESCO FIF RF IE CRÉDITO PRIVADO YIELD EXPLORER BRL - RESP LIMITADA;2025-04-30;Investimento no exterior;95.65
CLASSES - FIF;20.216.173/0001-59;;BRADESCO FIF RF IE CRÉDITO PRIVADO YIELD EXPLORER BRL - RESP LIMITADA;2025-04-30;Operações compromissadas lastreadas em títulos públicos federais;0.34
CLASSES - FIF;20.216.173/0001-59;;BRADESCO FIF RF IE CRÉDITO PRIVADO YIELD EXPLORER BRL - RESP LIMITADA;2025-04-30;Títulos públicos federais;4.09
FI;20.216.216/0001-04;;BRADESCO INSTITUCIONAL IMA-B 5 FI FINANCEIRO - CIC RF - RESP LIMITADA;2025-04-30;Derivativos;1.89
FI;20.216.216/0001-04;;BRADESCO INSTITUCIONAL IMA-B 5 FI FINANCEIRO - CIC RF - RESP LIMITADA;2025-04-30;Operações compromissadas lastreadas em títulos públicos federais;1.99
FI;20.216.216/0001-04;;BRADESCO INSTITUCIONAL IMA-B 5 FI FINANCEIRO - CIC RF - RESP LIMITADA;2025-04-30;Títulos públicos federais;98.04
CLASSES - FIF;20.216.279/0001-52;;BRAM LONG BIASED FIF - CLASSE DE INVESTIMENTO EM AÇÕES - RESPONSABILIDADE LIMITADA;2025-04-30;Ações;89.40
CLASSES - FIF;20.216.279/0001-52;;BRAM LONG BIASED FIF - CLASSE DE INVESTIMENTO EM AÇÕES - RESPONSABILIDADE LIMITADA;2025-04-30;Cotas de fundos de investimento 409;12.12
CLASSES - FIF;20.216.279/0001-52;;BRAM LONG BIASED FIF - CLASSE DE INVESTIMENTO EM AÇÕES - RESPONSABILIDADE LIMITADA;2025-04-30;Derivativos;30.02
CLASSES - FIF;20.216.279/0001-52;;BRAM LONG BIASED FIF - CLASSE DE INVESTIMENTO EM AÇÕES - RESPONSABILIDADE LIMITADA;2025-04-30;Investimento no exterior;5.45
CLASSES - FIF;20.216.279/0001-52;;BRAM LONG BIASED FIF - CLASSE DE INVESTIMENTO EM AÇÕES - RESPONSABILIDADE LIMITADA;2025-04-30;Operações compromissadas lastreadas em títulos públicos federais;8.33
CLASSES - FIF;20.216.336/0001-01;;BRADESCO FIF - CIC RENDA FIXA CRÉDITO PRIVADO LP PERFORMANCE 22 - RESPONSABILIDADE LIMITADA;2025-04-30;Cotas de fundos de investimento 409;5.70
CLASSES - FIF;20.216.336/0001-01;;BRADESCO FIF - CIC RENDA FIXA CRÉDITO PRIVADO LP PERFORMANCE 22 - RESPONSABILIDADE LIMITADA;2025-04-30;Depósitos a prazo e outros títulos de instituições financeiras;26.62
CLASSES - FIF;20.216.336/0001-01;;BRADESCO FIF - CIC RENDA FIXA CRÉDITO PRIVADO LP PERFORMANCE 22 - RESPONSABILIDADE LIMITADA;2025-04-30;Operações compromissadas lastreadas em títulos públicos federais;20.65
CLASSES - FIF;20.216.336/0001-01;;BRADESCO FIF - CIC RENDA FIXA CRÉDITO PRIVADO LP PERFORMANCE 22 - RESPONSABILIDADE LIMITADA;2025-04-30;Títulos de crédito privado;46.01
CLASSES - FIF;20.216.336/0001-01;;BRADESCO FIF - CIC RENDA FIXA CRÉDITO PRIVADO LP PERFORMANCE 22 - RESPONSABILIDADE LIMITADA;2025-04-30;Títulos públicos federais;0.79
CLASSES - FIF;20.216.348/0001-28;;BRADESCO FIF - CLASSE DE INVESTIMENTO EM COTAS RENDA FIXA PODIUM II - RESPONSABILIDADE LIMITADA;2025-04-30;Cotas de fundos de investimento 409;19.79
CLASSES - FIF;20.216.348/0001-28;;BRADESCO FIF - CLASSE DE INVESTIMENTO EM COTAS RENDA FIXA PODIUM II - RESPONSABILIDADE LIMITADA;2025-04-30;Depósitos a prazo e outros títulos de instituições financeiras;6.26
CLASSES - FIF;20.216.348/0001-28;;BRADESCO FIF - CLASSE DE INVESTIMENTO EM COTAS RENDA FIXA PODIUM II - RESPONSABILIDADE LIMITADA;2025-04-30;Derivativos;11.09
CLASSES - FIF;20.216.348/0001-28;;BRADESCO FIF - CLASSE DE INVESTIMENTO EM COTAS RENDA FIXA PODIUM II - RESPONSABILIDADE LIMITADA;2025-04-30;Operações compromissadas lastreadas em títulos públicos federais;8.70
CLASSES - FIF;20.216.348/0001-28;;BRADESCO FIF - CLASSE DE INVESTIMENTO EM COTAS RENDA FIXA PODIUM II - RESPONSABILIDADE LIMITADA;2025-04-30;Títulos públicos federais;64.68
FI;20.216.799/0001-65;;BRAM AJAX FIF - CI MULTIMERCADO - RESP LIMITADA;2025-04-30;Títulos públicos federais;104.10
CLASSES - FIF;20.230.719/0001-26;;BANESTES LIQUIDEZ FIF RENDA FIXA REFERENCIADO DI RESPONSABILIDADE LIMITADA;2025-04-30;Depósitos a prazo e outros títulos de instituições financeiras;11.55
CLASSES - FIF;20.230.719/0001-26;;BANESTES LIQUIDEZ FIF RENDA FIXA REFERENCIADO DI RESPONSABILIDADE LIMITADA;2025-04-30;Operações compromissadas lastreadas em títulos públicos federais;45.27
CLASSES - FIF;20.230.719/0001-26;;BANESTES LIQUIDEZ FIF RENDA FIXA REFERENCIADO DI RESPONSABILIDADE LIMITADA;2025-04-30;Outras cotas de fundos de investimento;1.16
CLASSES - FIF;20.230.719/0001-26;;BANESTES LIQUIDEZ FIF RENDA FIXA REFERENCIADO DI RESPONSABILIDADE LIMITADA;2025-04-30;Títulos de crédito privado;10.17
CLASSES - FIF;20.230.719/0001-26;;BANESTES LIQUIDEZ FIF RENDA FIXA REFERENCIADO DI RESPONSABILIDADE LIMITADA;2025-04-30;Títulos públicos federais;31.86
CLASSES - FIF;20.628.685/0001-22;;BRADESCO FIF - CLASSE DE INVESTIMENTO EM COTAS RF REFERENCIADA DI FEDERAL OP - RESP LIMITADA;2025-04-30;Operações compromissadas lastreadas em títulos públicos federais;28.66
CLASSES - FIF;20.628.685/0001-22;;BRADESCO FIF - CLASSE DE INVESTIMENTO EM COTAS RF REFERENCIADA DI FEDERAL OP - RESP LIMITADA;2025-04-30;Títulos públicos federais;71.11
FI;20.867.112/0001-51;;FEEDER SPX NIMITZ FIF - CIC MULTIMERCADO - RESP LIMITADA;2025-04-30;Cotas de fundos de investimento 409;99.20
FI;20.867.112/0001-51;;FEEDER SPX NIMITZ FIF - CIC MULTIMERCADO - RESP LIMITADA;2025-04-30;Derivativos;0.00
FI;20.867.112/0001-51;;FEEDER SPX NIMITZ FIF - CIC MULTIMERCADO - RESP LIMITADA;2025-04-30;Operações compromissadas lastreadas em títulos públicos federais;0.22
FI;20.867.112/0001-51;;FEEDER SPX NIMITZ FIF - CIC MULTIMERCADO - RESP LIMITADA;2025-04-30;Títulos públicos federais;0.52
FI;20.879.578/0001-77;;INTER CONSERVADOR FUNDO DE INVESTIMENTO FINANCEIRO RENDA FIXA CRÉDITO PRIVADO RESP LIMITADA;2025-04-30;Cotas de Fundos de Investimento 555;1.10
FI;20.879.578/0001-77;;INTER CONSERVADOR FUNDO DE INVESTIMENTO FINANCEIRO RENDA FIXA CRÉDITO PRIVADO RESP LIMITADA;2025-04-30;Depósitos a Prazo e Outros Títulos de Instituições Financeiras;38.62
FI;20.879.578/0001-77;;INTER CONSERVADOR FUNDO DE INVESTIMENTO FINANCEIRO RENDA FIXA CRÉDITO PRIVADO RESP LIMITADA;2025-04-30;Operações Compromissadas Lastreadas em Títulos Públicos Federais;1.34
FI;20.879.578/0001-77;;INTER CONSERVADOR FUNDO DE INVESTIMENTO FINANCEIRO RENDA FIXA CRÉDITO PRIVADO RESP LIMITADA;2025-04-30;Títulos de Crédito Privado;25.15
FI;20.879.578/0001-77;;INTER CONSERVADOR FUNDO DE INVESTIMENTO FINANCEIRO RENDA FIXA CRÉDITO PRIVADO RESP LIMITADA;2025-04-30;Títulos Públicos Federais;29.73
CLASSES - FIF;21.005.667/0001-57;;BANESTES IRF-M 1 TÍTULOS PÚBLICOS FIF RENDA FIXA RESPONSABILIDADE LIMITADA;2025-04-30;Derivativos;0.01
CLASSES - FIF;21.005.667/0001-57;;BANESTES IRF-M 1 TÍTULOS PÚBLICOS FIF RENDA FIXA RESPONSABILIDADE LIMITADA;2025-04-30;Operações compromissadas lastreadas em títulos públicos federais;58.91
CLASSES - FIF;21.005.667/0001-57;;BANESTES IRF-M 1 TÍTULOS PÚBLICOS FIF RENDA FIXA RESPONSABILIDADE LIMITADA;2025-04-30;Títulos públicos federais;41.08
FI;21.007.180/0001-03;;BANRISUL FOCO IDKA IPCA 2A FUNDO DE INVESTIMENTO FINANCEIRO RENDA FIXA RESPONSABILIDADE LIMITADA;2025-04-30;DERIVATIVOS;1.66
FI;21.007.180/0001-03;;BANRISUL FOCO IDKA IPCA 2A FUNDO DE INVESTIMENTO FINANCEIRO RENDA FIXA RESPONSABILIDADE LIMITADA;2025-04-30;OPERAÇÕES COMPROMISSADAS LASTREADAS EM TÍTULOS PÚBLICOS FEDERAIS;3.72
FI;21.007.180/0001-03;;BANRISUL FOCO IDKA IPCA 2A FUNDO DE INVESTIMENTO FINANCEIRO RENDA FIXA RESPONSABILIDADE LIMITADA;2025-04-30;TÍTULOS PÚBLICOS FEDERAIS;96.30
FI;21.052.962/0001-64;;KAPITALO KAPPA ÁGORA FIF - CLASSE DE INVESTIMENTO EM COTAS MULTIMERCADO - RESP LIMITADA;2025-04-30;Cotas de fundos de investimento 409;0.49
FI;21.053.080/0001-13;;BRAM ALPHA SISTEMÁTICO FI FINANCEIRO - CI MULT - RESP LIMITADA;2025-04-30;Operações compromissadas lastreadas em títulos públicos federais;8.72
FI;21.053.080/0001-13;;BRAM ALPHA SISTEMÁTICO FI FINANCEIRO - CI MULT - RESP LIMITADA;2025-04-30;Títulos públicos federais;91.20
CLASSES - FIF;21.082.082/0001-30;;ICATU VANGUARDA DATA ALVO 2050 FIF - CLASSE DE INVESTIMENTO EM COTAS MULT CRED PRIV - RESP LIMITADA;2025-04-30;Ações;39.62
CLASSES - FIF;21.082.082/0001-30;;ICATU VANGUARDA DATA ALVO 2050 FIF - CLASSE DE INVESTIMENTO EM COTAS MULT CRED PRIV - RESP LIMITADA;2025-04-30;Derivativos;9.18
CLASSES - FIF;21.082.082/0001-30;;ICATU VANGUARDA DATA ALVO 2050 FIF - CLASSE DE INVESTIMENTO EM COTAS MULT CRED PRIV - RESP LIMITADA;2025-04-30;Investimento no exterior;9.18
CLASSES - FIF;21.082.082/0001-30;;ICATU VANGUARDA DATA ALVO 2050 FIF - CLASSE DE INVESTIMENTO EM COTAS MULT CRED PRIV - RESP LIMITADA;2025-04-30;Títulos de crédito privado;7.44
CLASSES - FIF;21.082.082/0001-30;;ICATU VANGUARDA DATA ALVO 2050 FIF - CLASSE DE INVESTIMENTO EM COTAS MULT CRED PRIV - RESP LIMITADA;2025-04-30;Títulos públicos federais;29.36
FI;21.228.297/0001-17;;BAHIA AM MARAU ÁGORA FIF - CIC MULTIMERCADO - RESP LIMITADA;2025-04-30;Cotas de fundos de investimento 409;98.93
FI;21.228.297/0001-17;;BAHIA AM MARAU ÁGORA FIF - CIC MULTIMERCADO - RESP LIMITADA;2025-04-30;Derivativos;0.00
FI;21.228.297/0001-17;;BAHIA AM MARAU ÁGORA FIF - CIC MULTIMERCADO - RESP LIMITADA;2025-04-30;Operações compromissadas lastreadas em títulos públicos federais;0.30
FI;21.228.297/0001-17;;BAHIA AM MARAU ÁGORA FIF - CIC MULTIMERCADO - RESP LIMITADA;2025-04-30;Títulos públicos federais;0.64
FI;21.287.197/0001-61;;BRAM H OPORTUNIDADE II FI FINANCEIRO - CI MULT - RESP LIMITADA;2025-04-30;Operações compromissadas lastreadas em títulos públicos federais;8.58
FI;21.287.197/0001-61;;BRAM H OPORTUNIDADE II FI FINANCEIRO - CI MULT - RESP LIMITADA;2025-04-30;Títulos públicos federais;91.41
FI;21.287.264/0001-48;;BRAM MACRO INSTITUCIONAL FI FINANCEIRO - CI MULT - RESP LIMITADA;2025-04-30;Derivativos;17.16
FI;21.287.264/0001-48;;BRAM MACRO INSTITUCIONAL FI FINANCEIRO - CI MULT - RESP LIMITADA;2025-04-30;Operações compromissadas lastreadas em títulos públicos federais;27.35
FI;21.287.264/0001-48;;BRAM MACRO INSTITUCIONAL FI FINANCEIRO - CI MULT - RESP LIMITADA;2025-04-30;Títulos públicos federais;72.67
FI;21.287.393/0001-36;;BRADESCO H OPORTUNIDADE II FI FINANCEIRO - CIC MULT - RESP LIMITADA;2025-04-30;Operações compromissadas lastreadas em títulos públicos federais;8.58
FI;21.287.393/0001-36;;BRADESCO H OPORTUNIDADE II FI FINANCEIRO - CIC MULT - RESP LIMITADA;2025-04-30;Títulos públicos federais;91.39
FI;21.287.421/0001-15;;BRADESCO MACRO INSTITUCIONAL FI FINANCEIRO - CIC MULT - RESP LIMITADA;2025-04-30;Derivativos;17.17
FI;21.287.421/0001-15;;BRADESCO MACRO INSTITUCIONAL FI FINANCEIRO - CIC MULT - RESP LIMITADA;2025-04-30;Operações compromissadas lastreadas em títulos públicos federais;27.37
FI;21.287.421/0001-15;;BRADESCO MACRO INSTITUCIONAL FI FINANCEIRO - CIC MULT - RESP LIMITADA;2025-04-30;Títulos públicos federais;72.70
FI;21.287.436/0001-83;;ACUMULAÇÃO 157 FI FINANCEIRO - CIC EM AÇÕES - RESP LIMITADA;2025-04-30;Ações;95.26
FI;21.287.436/0001-83;;ACUMULAÇÃO 157 FI FINANCEIRO - CIC EM AÇÕES - RESP LIMITADA;2025-04-30;Cotas de fundos de investimento 409;0.00
FI;21.287.436/0001-83;;ACUMULAÇÃO 157 FI FINANCEIRO - CIC EM AÇÕES - RESP LIMITADA;2025-04-30;Derivativos;2.86
FI;21.287.436/0001-83;;ACUMULAÇÃO 157 FI FINANCEIRO - CIC EM AÇÕES - RESP LIMITADA;2025-04-30;Operações compromissadas lastreadas em títulos públicos federais;4.44
FI;21.287.464/0001-09;;IBOVESPA 157 FI FINANCEIRO - CIA - RESP LIMITADA;2025-04-30;Ações;98.13
FI;21.287.464/0001-09;;IBOVESPA 157 FI FINANCEIRO - CIA - RESP LIMITADA;2025-04-30;Derivativos;1.66
FI;21.287.464/0001-09;;IBOVESPA 157 FI FINANCEIRO - CIA - RESP LIMITADA;2025-04-30;Operações compromissadas lastreadas em títulos públicos federais;0.84
FI;21.321.454/0001-34;;BRADESCO INSTITUCIONAL FIF - CLASSE DE INVESTIMENTO EM AÇÕES - RESPONSABILIDADE LIMITADA;2025-04-30;Ações;66.19
FI;21.321.454/0001-34;;BRADESCO INSTITUCIONAL FIF - CLASSE DE INVESTIMENTO EM AÇÕES - RESPONSABILIDADE LIMITADA;2025-04-30;Cotas de fundos de investimento 409;18.90
FI;21.321.454/0001-34;;BRADESCO INSTITUCIONAL FIF - CLASSE DE INVESTIMENTO EM AÇÕES - RESPONSABILIDADE LIMITADA;2025-04-30;Investimento no exterior;13.82
FI;21.321.454/0001-34;;BRADESCO INSTITUCIONAL FIF - CLASSE DE INVESTIMENTO EM AÇÕES - RESPONSABILIDADE LIMITADA;2025-04-30;Operações compromissadas lastreadas em títulos públicos federais;1.85
FI;21.347.683/0001-28;;BRADESCO SMART ALLOCATION FI FINANCEIRO - CIA - RESP LIMITADA;2025-04-30;Ações;92.50
FI;21.347.683/0001-28;;BRADESCO SMART ALLOCATION FI FINANCEIRO - CIA - RESP LIMITADA;2025-04-30;Cotas de fundos de investimento 409;5.11
FI;21.347.683/0001-28;;BRADESCO SMART ALLOCATION FI FINANCEIRO - CIA - RESP LIMITADA;2025-04-30;Derivativos;1.27
FI;21.347.683/0001-28;;BRADESCO SMART ALLOCATION FI FINANCEIRO - CIA - RESP LIMITADA;2025-04-30;Operações compromissadas lastreadas em títulos públicos federais;1.28
FI;21.406.387/0001-50;;BRAM QAA ALPHA FI FINANCEIRO - CI MULT - RESP LIMITADA;2025-04-30;Cotas de fundos de investimento 409;22.32
FI;21.406.387/0001-50;;BRAM QAA ALPHA FI FINANCEIRO - CI MULT - RESP LIMITADA;2025-04-30;Derivativos;-21.50
FI;21.406.387/0001-50;;BRAM QAA ALPHA FI FINANCEIRO - CI MULT - RESP LIMITADA;2025-04-30;Operações compromissadas lastreadas em títulos públicos federais;2.56
FI;21.406.387/0001-50;;BRAM QAA ALPHA FI FINANCEIRO - CI MULT - RESP LIMITADA;2025-04-30;Títulos públicos federais;75.07
FI;21.743.480/0001-50;;BANRISUL ABSOLUTO FUNDO DE INVESTIMENTO FINANCEIRO RENDA FIXA LONGO PRAZO RESPONSABILIDADE LIMITADA;2025-04-30;OPERAÇÕES COMPROMISSADAS LASTREADAS EM TÍTULOS PÚBLICOS FEDERAIS;28.41
FI;21.743.480/0001-50;;BANRISUL ABSOLUTO FUNDO DE INVESTIMENTO FINANCEIRO RENDA FIXA LONGO PRAZO RESPONSABILIDADE LIMITADA;2025-04-30;TÍTULOS PÚBLICOS FEDERAIS;71.60
FI;22.003.346/0001-86;;DEVANT SOLIDUS CASH FUNDO DE INVESTIMENTO FINANCEIRO;2025-04-30;Depósitos a Prazo e Outros Títulos de Instituições Financeiras;8.01
FI;22.003.346/0001-86;;DEVANT SOLIDUS CASH FUNDO DE INVESTIMENTO FINANCEIRO;2025-04-30;Operações Compromissadas Lastreadas em Títulos Públicos Federais;31.84
FI;22.003.346/0001-86;;DEVANT SOLIDUS CASH FUNDO DE INVESTIMENTO FINANCEIRO;2025-04-30;Outras Aplicações;0.01
FI;22.003.346/0001-86;;DEVANT SOLIDUS CASH FUNDO DE INVESTIMENTO FINANCEIRO;2025-04-30;Títulos de Crédito Privado;45.74
FI;22.003.346/0001-86;;DEVANT SOLIDUS CASH FUNDO DE INVESTIMENTO FINANCEIRO;2025-04-30;Títulos Públicos Federais;14.50
FI;22.013.560/0001-13;;TIVIO VIVALDI FI FINANCEIRO - CIC MULT - RESP LIMITADA;2025-04-30;Operações compromissadas lastreadas em títulos públicos federais;14.62
FI;22.013.560/0001-13;;TIVIO VIVALDI FI FINANCEIRO - CIC MULT - RESP LIMITADA;2025-04-30;Títulos públicos federais;85.67
FI;22.150.375/0001-70;;ICATU VANGUARDA WM FIF  - CLASSE DE INVESTIMENTO RF  CRÉDITO PRIVADO - RESP  LIMITAD;2025-04-30;Depósitos a prazo e outros títulos de instituições financeiras;21.23
FI;22.150.375/0001-70;;ICATU VANGUARDA WM FIF  - CLASSE DE INVESTIMENTO RF  CRÉDITO PRIVADO - RESP  LIMITAD;2025-04-30;Derivativos;-2.74
FI;22.150.375/0001-70;;ICATU VANGUARDA WM FIF  - CLASSE DE INVESTIMENTO RF  CRÉDITO PRIVADO - RESP  LIMITAD;2025-04-30;Operações compromissadas lastreadas em títulos públicos federais;0.43
FI;22.150.375/0001-70;;ICATU VANGUARDA WM FIF  - CLASSE DE INVESTIMENTO RF  CRÉDITO PRIVADO - RESP  LIMITAD;2025-04-30;Títulos de crédito privado;26.11
FI;22.150.375/0001-70;;ICATU VANGUARDA WM FIF  - CLASSE DE INVESTIMENTO RF  CRÉDITO PRIVADO - RESP  LIMITAD;2025-04-30;Títulos públicos federais;52.34
FI;22.150.587/0001-58;;FIDUC FUNDO DE INVESTIMENTO FINANCEIRO - CLASSE DE  INVESTIMENTO EM COTAS EM AÇÕES - RESP LIMITADA;2025-04-30;Ações;11.40
FI;22.150.587/0001-58;;FIDUC FUNDO DE INVESTIMENTO FINANCEIRO - CLASSE DE  INVESTIMENTO EM COTAS EM AÇÕES - RESP LIMITADA;2025-04-30;Cotas de fundos de investimento 409;86.90
FI;22.150.587/0001-58;;FIDUC FUNDO DE INVESTIMENTO FINANCEIRO - CLASSE DE  INVESTIMENTO EM COTAS EM AÇÕES - RESP LIMITADA;2025-04-30;Derivativos;-3.77
FI;22.150.587/0001-58;;FIDUC FUNDO DE INVESTIMENTO FINANCEIRO - CLASSE DE  INVESTIMENTO EM COTAS EM AÇÕES - RESP LIMITADA;2025-04-30;Operações compromissadas lastreadas em títulos públicos federais;0.65
FI;22.150.587/0001-58;;FIDUC FUNDO DE INVESTIMENTO FINANCEIRO - CLASSE DE  INVESTIMENTO EM COTAS EM AÇÕES - RESP LIMITADA;2025-04-30;Títulos públicos federais;0.88
FI;22.150.600/0001-79;;FIDUC FI FINANCEIRO - CIC RF CRED PRIV LP - RESP LIMITADA;2025-04-30;Cotas de fundos de investimento 409;75.32
FI;22.150.600/0001-79;;FIDUC FI FINANCEIRO - CIC RF CRED PRIV LP - RESP LIMITADA;2025-04-30;Depósitos a prazo e outros títulos de instituições financeiras;1.47
FI;22.150.600/0001-79;;FIDUC FI FINANCEIRO - CIC RF CRED PRIV LP - RESP LIMITADA;2025-04-30;Operações compromissadas lastreadas em títulos públicos federais;6.36
FI;22.150.600/0001-79;;FIDUC FI FINANCEIRO - CIC RF CRED PRIV LP - RESP LIMITADA;2025-04-30;Títulos de crédito privado;9.08
FI;22.150.600/0001-79;;FIDUC FI FINANCEIRO - CIC RF CRED PRIV LP - RESP LIMITADA;2025-04-30;Títulos públicos federais;8.32
FI;22.187.973/0001-14;;CSHG VERDE AM AGAR FUNDO DE INVESTIMENTO EM COTAS DE FIF MULTIMERCADO - RESPONSABILIDADE LIMITADA;2025-04-30;Cotas de Fundos de Investimento 555;99.96
FI;22.187.973/0001-14;;CSHG VERDE AM AGAR FUNDO DE INVESTIMENTO EM COTAS DE FIF MULTIMERCADO - RESPONSABILIDADE LIMITADA;2025-04-30;Outros;0.07
FI;22.188.046/0001-19;;CSHG VERDE 14 FUNDO DE INVESTIMENTO EM COTAS DE FIF MULTIMERCADO - RESPONSABILIDADE LIMITADA;2025-04-30;Cotas de Fundos de Investimento 555;99.97
FI;22.188.046/0001-19;;CSHG VERDE 14 FUNDO DE INVESTIMENTO EM COTAS DE FIF MULTIMERCADO - RESPONSABILIDADE LIMITADA;2025-04-30;Outros;0.04
FI;22.215.116/0001-80;;CSHG VERDE 30 FUNDO DE INVESTIMENTO EM COTAS DE FIF MULTIMERCADO - RESPONSABILIDADE LIMITADA;2025-04-30;Cotas de Fundos de Investimento 555;100.00
FI;22.215.116/0001-80;;CSHG VERDE 30 FUNDO DE INVESTIMENTO EM COTAS DE FIF MULTIMERCADO - RESPONSABILIDADE LIMITADA;2025-04-30;Outros;0.00
FI;22.215.215/0001-62;;CSHG VERDE 90 FUNDO DE INVESTIMENTO EM COTAS DE FIF MULTIMERCADO - RESPONSABILIDADE LIMITADA;2025-04-30;Cotas de Fundos de Investimento 555;99.91
FI;22.215.215/0001-62;;CSHG VERDE 90 FUNDO DE INVESTIMENTO EM COTAS DE FIF MULTIMERCADO - RESPONSABILIDADE LIMITADA;2025-04-30;Outros;0.11
CLASSES - FIF;22.504.092/0001-80;;ICATU VANGUARDA HEDGE FUNDO DE INVESTIMENTO FINANCEIRO MULTIMERCADO -RESP LIMITADA;2025-04-30;Ações;0.04
CLASSES - FIF;22.504.092/0001-80;;ICATU VANGUARDA HEDGE FUNDO DE INVESTIMENTO FINANCEIRO MULTIMERCADO -RESP LIMITADA;2025-04-30;Cotas de fundos de investimento 409;1.65
CLASSES - FIF;22.504.092/0001-80;;ICATU VANGUARDA HEDGE FUNDO DE INVESTIMENTO FINANCEIRO MULTIMERCADO -RESP LIMITADA;2025-04-30;Operações compromissadas lastreadas em títulos públicos federais;7.56
CLASSES - FIF;22.504.092/0001-80;;ICATU VANGUARDA HEDGE FUNDO DE INVESTIMENTO FINANCEIRO MULTIMERCADO -RESP LIMITADA;2025-04-30;Títulos de crédito privado;1.70
CLASSES - FIF;22.504.092/0001-80;;ICATU VANGUARDA HEDGE FUNDO DE INVESTIMENTO FINANCEIRO MULTIMERCADO -RESP LIMITADA;2025-04-30;Títulos públicos federais;89.19
FI;22.759.995/0001-01;;SULAMÉRICA INFRA FIF INCENTIVADO DE INFRAESTRUTURA RENDA FIXA DE RESPONSABILIDADE LIMITADA;2025-04-30;Cotas de Fundo;0.00
FI;22.759.995/0001-01;;SULAMÉRICA INFRA FIF INCENTIVADO DE INFRAESTRUTURA RENDA FIXA DE RESPONSABILIDADE LIMITADA;2025-04-30;Op. Compromissadas;11.68
FI;22.759.995/0001-01;;SULAMÉRICA INFRA FIF INCENTIVADO DE INFRAESTRUTURA RENDA FIXA DE RESPONSABILIDADE LIMITADA;2025-04-30;Outros;0.00
FI;22.759.995/0001-01;;SULAMÉRICA INFRA FIF INCENTIVADO DE INFRAESTRUTURA RENDA FIXA DE RESPONSABILIDADE LIMITADA;2025-04-30;Títulos de crédito privado;87.76
FI;22.759.995/0001-01;;SULAMÉRICA INFRA FIF INCENTIVADO DE INFRAESTRUTURA RENDA FIXA DE RESPONSABILIDADE LIMITADA;2025-04-30;Títulos público federais;0.56
FI;23.339.998/0001-59;;PANORAMA CSHG FUNDO DE INVESTIMENTO EM COTAS DE FIF MULTIMERCADO - CREDITO PRIVADO RESP LIMITADA;2025-04-30;Cotas de Fundos de Investimento 555;99.92
FI;23.339.998/0001-59;;PANORAMA CSHG FUNDO DE INVESTIMENTO EM COTAS DE FIF MULTIMERCADO - CREDITO PRIVADO RESP LIMITADA;2025-04-30;Outros;0.32
FI;23.352.212/0001-33;;RESERVA GRÁFICA VERMELHO FIF - CLASSE DE INVESTIMENTO RENDA FIXA SIMPLES - RESP LIMITADA;2025-04-30;Operações compromissadas lastreadas em títulos públicos federais;1.34
FI;23.352.212/0001-33;;RESERVA GRÁFICA VERMELHO FIF - CLASSE DE INVESTIMENTO RENDA FIXA SIMPLES - RESP LIMITADA;2025-04-30;Títulos públicos federais;98.54
CLASSES - FIF;23.379.083/0001-77;;DIRECT LIQUIDEZ BEM FIF - CLASSE DE INVESTIMENTO EM COTAS RF SIMPLES - RESP LIMITADA;2025-04-30;Operações compromissadas lastreadas em títulos públicos federais;28.89
CLASSES - FIF;23.379.083/0001-77;;DIRECT LIQUIDEZ BEM FIF - CLASSE DE INVESTIMENTO EM COTAS RF SIMPLES - RESP LIMITADA;2025-04-30;Títulos públicos federais;71.16
FI;23.502.654/0001-19;;SULAMÉRICA RETORNO TOTAL FUNDO DE INVESTIMENTO FINANCEIRO RENDA FIXA LONGO PRAZO DE RESPONSABILIDADE;2025-04-30;Deposito a prazo e outros títulos de instituições financeiras;0.00
FI;23.502.654/0001-19;;SULAMÉRICA RETORNO TOTAL FUNDO DE INVESTIMENTO FINANCEIRO RENDA FIXA LONGO PRAZO DE RESPONSABILIDADE;2025-04-30;Op. Compromissadas lastreadas em títulos públicos;54.95
FI;23.502.654/0001-19;;SULAMÉRICA RETORNO TOTAL FUNDO DE INVESTIMENTO FINANCEIRO RENDA FIXA LONGO PRAZO DE RESPONSABILIDADE;2025-04-30;Outros;1.89
FI;23.502.654/0001-19;;SULAMÉRICA RETORNO TOTAL FUNDO DE INVESTIMENTO FINANCEIRO RENDA FIXA LONGO PRAZO DE RESPONSABILIDADE;2025-04-30;Títulos de crédito privado;0.00
FI;23.502.654/0001-19;;SULAMÉRICA RETORNO TOTAL FUNDO DE INVESTIMENTO FINANCEIRO RENDA FIXA LONGO PRAZO DE RESPONSABILIDADE;2025-04-30;Títulos público federais;45.05
FI;23.732.220/0001-05;;BAHIA AM LONG BIASED MÁSTER FIF - CLASSE DE INVESTIMENTO MULTIMERCADO - RESP LIMITADA;2025-04-30;Ações;76.27
FI;23.732.220/0001-05;;BAHIA AM LONG BIASED MÁSTER FIF - CLASSE DE INVESTIMENTO MULTIMERCADO - RESP LIMITADA;2025-04-30;Cotas de fundos de investimento 409;5.01
FI;23.732.220/0001-05;;BAHIA AM LONG BIASED MÁSTER FIF - CLASSE DE INVESTIMENTO MULTIMERCADO - RESP LIMITADA;2025-04-30;Investimento no exterior;11.28
FI;23.732.220/0001-05;;BAHIA AM LONG BIASED MÁSTER FIF - CLASSE DE INVESTIMENTO MULTIMERCADO - RESP LIMITADA;2025-04-30;Operações compromissadas lastreadas em títulos públicos federais;-13.46
FI;23.732.220/0001-05;;BAHIA AM LONG BIASED MÁSTER FIF - CLASSE DE INVESTIMENTO MULTIMERCADO - RESP LIMITADA;2025-04-30;Títulos públicos federais;49.83
FI;23.732.231/0001-95;;BAHIA AM LONG BIASED FIF - CIC MULTIMERCADO - RESPONSABILIDADE LIMITADA;2025-04-30;Ações;76.49
FI;23.732.231/0001-95;;BAHIA AM LONG BIASED FIF - CIC MULTIMERCADO - RESPONSABILIDADE LIMITADA;2025-04-30;Cotas de fundos de investimento 409;5.02
FI;23.732.231/0001-95;;BAHIA AM LONG BIASED FIF - CIC MULTIMERCADO - RESPONSABILIDADE LIMITADA;2025-04-30;Investimento no exterior;11.31
FI;23.732.231/0001-95;;BAHIA AM LONG BIASED FIF - CIC MULTIMERCADO - RESPONSABILIDADE LIMITADA;2025-04-30;Operações compromissadas lastreadas em títulos públicos federais;-13.41
FI;23.732.231/0001-95;;BAHIA AM LONG BIASED FIF - CIC MULTIMERCADO - RESPONSABILIDADE LIMITADA;2025-04-30;Títulos públicos federais;49.98
FI;23.863.573/0001-44;;BANRISUL RENDA FIXA SIMPLES FUNDO DE INVESTIMENTO EM COTAS DE FUNDOS DE INVESTIMENTO FINANCEIRO RESP;2025-04-30;COTAS DE FUNDOS DE INVESTIMENTO 409;96.86
FI;23.863.573/0001-44;;BANRISUL RENDA FIXA SIMPLES FUNDO DE INVESTIMENTO EM COTAS DE FUNDOS DE INVESTIMENTO FINANCEIRO RESP;2025-04-30;OPERAÇÕES COMPROMISSADAS LASTREADAS EM TÍTULOS PÚBLICOS FEDERAIS;3.16
CLASSES - FIF;23.884.623/0001-70;;CSHG ALLOCATION ADAM MACRO FUNDO DE INVESTIMENTO EM COTAS DE FIF MULTIMERCADO - RESP LIMITADA;2025-04-30;Outras Cotas de Fundos de Investimento;100.15
CLASSES - FIF;23.884.623/0001-70;;CSHG ALLOCATION ADAM MACRO FUNDO DE INVESTIMENTO EM COTAS DE FIF MULTIMERCADO - RESP LIMITADA;2025-04-30;Outros;0.04
CLASSES - FIF;23.884.627/0001-58;;ADAM MACRO CSHG FUNDO DE INVESTIMENTO EM COTAS DE FIF MULTIMERCADO - RESPONSABILIDADE LIMITADA;2025-04-30;Cotas de Fundos de Investimento 555;100.16
CLASSES - FIF;23.884.627/0001-58;;ADAM MACRO CSHG FUNDO DE INVESTIMENTO EM COTAS DE FIF MULTIMERCADO - RESPONSABILIDADE LIMITADA;2025-04-30;Outros;0.05
CLASSES - FIF;23.970.201/0001-17;;OURO PRETO REAL FUNDO DE INVESTIMENTO EM COTAS DE FUNDOS DE INVESTIMENTO RENDA FIXA LONGO PRAZO;2025-04-30;Cotas de Fundos de Investimento 409;80.95
CLASSES - FIF;23.970.201/0001-17;;OURO PRETO REAL FUNDO DE INVESTIMENTO EM COTAS DE FUNDOS DE INVESTIMENTO RENDA FIXA LONGO PRAZO;2025-04-30;Operações Compromissadas Lastreadas em Títulos Públicos Federais;0.12
CLASSES - FIF;23.970.201/0001-17;;OURO PRETO REAL FUNDO DE INVESTIMENTO EM COTAS DE FUNDOS DE INVESTIMENTO RENDA FIXA LONGO PRAZO;2025-04-30;Outras Aplicações;0.00
CLASSES - FIF;23.970.201/0001-17;;OURO PRETO REAL FUNDO DE INVESTIMENTO EM COTAS DE FUNDOS DE INVESTIMENTO RENDA FIXA LONGO PRAZO;2025-04-30;Outras Cotas de Fundos de Investimento;18.84
CLASSES - FIF;23.970.201/0001-17;;OURO PRETO REAL FUNDO DE INVESTIMENTO EM COTAS DE FUNDOS DE INVESTIMENTO RENDA FIXA LONGO PRAZO;2025-04-30;Títulos Públicos Federais;0.22
FI;24.022.566/0001-82;;BRADESCO IDKA PRÉ 2 FI FINANCEIRO - CI RF - RESP LIMITADA;2025-04-30;Derivativos;57.39
FI;24.022.566/0001-82;;BRADESCO IDKA PRÉ 2 FI FINANCEIRO - CI RF - RESP LIMITADA;2025-04-30;Operações compromissadas lastreadas em títulos públicos federais;13.13
FI;24.022.566/0001-82;;BRADESCO IDKA PRÉ 2 FI FINANCEIRO - CI RF - RESP LIMITADA;2025-04-30;Títulos públicos federais;86.80
FI;24.069.611/0001-54;;SOMMA GENEBRA FI FINANCEIRO - CI RF REFERENCIADA DI - RESP LIMITADA;2025-04-30;Depósitos a prazo e outros títulos de instituições financeiras;36.12
FI;24.069.611/0001-54;;SOMMA GENEBRA FI FINANCEIRO - CI RF REFERENCIADA DI - RESP LIMITADA;2025-04-30;Operações compromissadas lastreadas em títulos públicos federais;33.46
FI;24.069.611/0001-54;;SOMMA GENEBRA FI FINANCEIRO - CI RF REFERENCIADA DI - RESP LIMITADA;2025-04-30;Títulos públicos federais;30.68
FI;24.270.968/0001-04;;BAHIA AM ESTRATÉGIA MARAÚ FIF - CIC MULTI - RESPONSABILIDADE LIMITADA;2025-04-30;Derivativos;-18.70
FI;24.270.968/0001-04;;BAHIA AM ESTRATÉGIA MARAÚ FIF - CIC MULTI - RESPONSABILIDADE LIMITADA;2025-04-30;Investimento no exterior;14.32
FI;24.270.968/0001-04;;BAHIA AM ESTRATÉGIA MARAÚ FIF - CIC MULTI - RESPONSABILIDADE LIMITADA;2025-04-30;Operações compromissadas lastreadas em títulos públicos federais;15.54
FI;24.270.968/0001-04;;BAHIA AM ESTRATÉGIA MARAÚ FIF - CIC MULTI - RESPONSABILIDADE LIMITADA;2025-04-30;Títulos públicos federais;70.54
FI;24.300.703/0001-01;;NEW CASH STAR FIF - CLASSE DE INVESTIMENTO RF REFERENCIADA DI CRÉDITO PRIVADO - RESP LIMITADA;2025-04-30;Operações compromissadas lastreadas em títulos públicos federais;11.97
FI;24.300.703/0001-01;;NEW CASH STAR FIF - CLASSE DE INVESTIMENTO RF REFERENCIADA DI CRÉDITO PRIVADO - RESP LIMITADA;2025-04-30;Títulos públicos federais;88.09
FI;24.325.096/0001-26;;SUL AMÉRICA PREMIUM FIF RENDA FIXA REFERENCIADO DI CRÉD PRIV DE RESP LIMITADA;2025-04-30;Cotas de Fundo;0.00
FI;24.325.096/0001-26;;SUL AMÉRICA PREMIUM FIF RENDA FIXA REFERENCIADO DI CRÉD PRIV DE RESP LIMITADA;2025-04-30;Op. Compromissadas;11.20
FI;24.325.096/0001-26;;SUL AMÉRICA PREMIUM FIF RENDA FIXA REFERENCIADO DI CRÉD PRIV DE RESP LIMITADA;2025-04-30;Outros;0.22
FI;24.325.096/0001-26;;SUL AMÉRICA PREMIUM FIF RENDA FIXA REFERENCIADO DI CRÉD PRIV DE RESP LIMITADA;2025-04-30;Títulos de crédito privado;77.00
FI;24.325.096/0001-26;;SUL AMÉRICA PREMIUM FIF RENDA FIXA REFERENCIADO DI CRÉD PRIV DE RESP LIMITADA;2025-04-30;Títulos público federais;11.57
FI;24.404.844/0001-66;;H3 VERT FIF - CIC MULTIMERCADO - RESP LIMITADA;2025-04-30;Cotas de fundos de investimento 409;99.04
FI;24.404.844/0001-66;;H3 VERT FIF - CIC MULTIMERCADO - RESP LIMITADA;2025-04-30;Operações compromissadas lastreadas em títulos públicos federais;0.29
FI;24.404.844/0001-66;;H3 VERT FIF - CIC MULTIMERCADO - RESP LIMITADA;2025-04-30;Títulos públicos federais;0.72
FI;24.404.856/0001-90;;H3 VERT 14  FIF - CIC MULTIMERCADO - RESP LIMITADA;2025-04-30;Cotas de fundos de investimento 409;97.97
FI;24.404.856/0001-90;;H3 VERT 14  FIF - CIC MULTIMERCADO - RESP LIMITADA;2025-04-30;Operações compromissadas lastreadas em títulos públicos federais;0.60
FI;24.404.856/0001-90;;H3 VERT 14  FIF - CIC MULTIMERCADO - RESP LIMITADA;2025-04-30;Títulos públicos federais;1.47
FI;24.413.868/0001-81;;FIDUC FC - CIC MULT CRED PRIV - RESP LIMITADA;2025-04-30;Ações;8.88
FI;24.413.868/0001-81;;FIDUC FC - CIC MULT CRED PRIV - RESP LIMITADA;2025-04-30;Cotas de fundos de investimento 409;81.88
FI;24.413.868/0001-81;;FIDUC FC - CIC MULT CRED PRIV - RESP LIMITADA;2025-04-30;Investimento no exterior;1.89
FI;24.413.868/0001-81;;FIDUC FC - CIC MULT CRED PRIV - RESP LIMITADA;2025-04-30;Operações compromissadas lastreadas em títulos públicos federais;3.06
FI;24.413.868/0001-81;;FIDUC FC - CIC MULT CRED PRIV - RESP LIMITADA;2025-04-30;Títulos públicos federais;7.75
FI;24.572.582/0001-49;;VINCI ATLAS FUNDO DE INVESTIMENTO FINANCEIRO - CIC MULTIMERCADO - RESPONSABILIDADE LIMITADA;2025-04-30;Ações;3.23
FI;24.572.582/0001-49;;VINCI ATLAS FUNDO DE INVESTIMENTO FINANCEIRO - CIC MULTIMERCADO - RESPONSABILIDADE LIMITADA;2025-04-30;Cotas de fundos de investimento 409;0.14
FI;24.572.582/0001-49;;VINCI ATLAS FUNDO DE INVESTIMENTO FINANCEIRO - CIC MULTIMERCADO - RESPONSABILIDADE LIMITADA;2025-04-30;Investimento no exterior;16.68
FI;24.572.582/0001-49;;VINCI ATLAS FUNDO DE INVESTIMENTO FINANCEIRO - CIC MULTIMERCADO - RESPONSABILIDADE LIMITADA;2025-04-30;Operações compromissadas lastreadas em títulos públicos federais;7.91
FI;24.572.582/0001-49;;VINCI ATLAS FUNDO DE INVESTIMENTO FINANCEIRO - CIC MULTIMERCADO - RESPONSABILIDADE LIMITADA;2025-04-30;Títulos públicos federais;72.37
FI;24.572.601/0001-37;;VINCI ATLAS MASTER FIF - CLASSE DE INVESTIMENTO MULTIMERCADO - RESP LIMITADA;2025-04-30;Ações;3.23
FI;24.572.601/0001-37;;VINCI ATLAS MASTER FIF - CLASSE DE INVESTIMENTO MULTIMERCADO - RESP LIMITADA;2025-04-30;Cotas de fundos de investimento 409;0.14
FI;24.572.601/0001-37;;VINCI ATLAS MASTER FIF - CLASSE DE INVESTIMENTO MULTIMERCADO - RESP LIMITADA;2025-04-30;Investimento no exterior;16.69
FI;24.572.601/0001-37;;VINCI ATLAS MASTER FIF - CLASSE DE INVESTIMENTO MULTIMERCADO - RESP LIMITADA;2025-04-30;Operações compromissadas lastreadas em títulos públicos federais;7.60
FI;24.572.601/0001-37;;VINCI ATLAS MASTER FIF - CLASSE DE INVESTIMENTO MULTIMERCADO - RESP LIMITADA;2025-04-30;Títulos públicos federais;72.42
FI;24.752.500/0001-48;;BRADESCO LYXOR BRIDGEWATER CORE GLOBAL MACRO FEEDER FIF - CI MULT - RESP LIMITADA;2025-04-30;Derivativos;0.00
FI;24.752.500/0001-48;;BRADESCO LYXOR BRIDGEWATER CORE GLOBAL MACRO FEEDER FIF - CI MULT - RESP LIMITADA;2025-04-30;Investimento no exterior;98.85
FI;24.752.500/0001-48;;BRADESCO LYXOR BRIDGEWATER CORE GLOBAL MACRO FEEDER FIF - CI MULT - RESP LIMITADA;2025-04-30;Operações compromissadas lastreadas em títulos públicos federais;0.09
FI;24.752.500/0001-48;;BRADESCO LYXOR BRIDGEWATER CORE GLOBAL MACRO FEEDER FIF - CI MULT - RESP LIMITADA;2025-04-30;Títulos públicos federais;1.11
FI;24.752.576/0001-73;;BRAM FUNDO DE INVESTIMENTO EM AÇÕES LONG ONLY;2025-04-30;Ações;83.81
FI;24.752.576/0001-73;;BRAM FUNDO DE INVESTIMENTO EM AÇÕES LONG ONLY;2025-04-30;Derivativos;-1.98
FI;24.752.576/0001-73;;BRAM FUNDO DE INVESTIMENTO EM AÇÕES LONG ONLY;2025-04-30;Investimento no exterior;6.60
FI;24.752.576/0001-73;;BRAM FUNDO DE INVESTIMENTO EM AÇÕES LONG ONLY;2025-04-30;Operações compromissadas lastreadas em títulos públicos federais;5.47
FI;25.246.206/0001-27;;TATICA RESEARCH FUNDO DE INVESTIMENTO FINANCEIRO;2025-04-30;Ações;77.66
FI;25.246.206/0001-27;;TATICA RESEARCH FUNDO DE INVESTIMENTO FINANCEIRO;2025-04-30;Cotas de Fundos de Investimento 409;9.13
FI;25.246.206/0001-27;;TATICA RESEARCH FUNDO DE INVESTIMENTO FINANCEIRO;2025-04-30;Derivativos;-0.06
FI;25.246.206/0001-27;;TATICA RESEARCH FUNDO DE INVESTIMENTO FINANCEIRO;2025-04-30;Outras Aplicações;11.52
FI;25.246.206/0001-27;;TATICA RESEARCH FUNDO DE INVESTIMENTO FINANCEIRO;2025-04-30;Outras Cotas de Fundos de Investimento;0.76
FI;25.682.084/0001-11;;CSHG ALLOCATION VERDE AM 60 FUNDO DE INVESTIMENTO EM COTAD DE FIF MULTIMERCADO - RESP LIMITADA;2025-04-30;Outras Cotas de Fundos de Investimento;100.00
FI;25.682.084/0001-11;;CSHG ALLOCATION VERDE AM 60 FUNDO DE INVESTIMENTO EM COTAD DE FIF MULTIMERCADO - RESP LIMITADA;2025-04-30;Outros;0.01
FI;26.089.666/0001-51;;INTER SELECTION DEBENT INCENT FC DE FIF INCENT DE INVEST EM INFRA RENDA FIXA CRÉD PRIV RESP LIMITADA;2025-04-30;Cotas de Fundos de Investimento 555;94.84
FI;26.089.666/0001-51;;INTER SELECTION DEBENT INCENT FC DE FIF INCENT DE INVEST EM INFRA RENDA FIXA CRÉD PRIV RESP LIMITADA;2025-04-30;Operações Compromissadas Lastreadas em Títulos Públicos Federais;3.00
FI;26.089.666/0001-51;;INTER SELECTION DEBENT INCENT FC DE FIF INCENT DE INVEST EM INFRA RENDA FIXA CRÉD PRIV RESP LIMITADA;2025-04-30;Outras Cotas de Fundos de Investimento;2.24
CLASSES - FIF;26.104.747/0001-83;;BANESTES FIC DE FIF INCENTIVADOS DE INVESTIMENTO EM INFRAESTRUTURA RF CRED PRIV RESP LIMITADA;2025-04-30;Cotas de fundos de investimento 555;99.12
CLASSES - FIF;26.104.747/0001-83;;BANESTES FIC DE FIF INCENTIVADOS DE INVESTIMENTO EM INFRAESTRUTURA RF CRED PRIV RESP LIMITADA;2025-04-30;Operações compromissadas lastreadas em títulos públicos federais;0.59
CLASSES - FIF;26.104.747/0001-83;;BANESTES FIC DE FIF INCENTIVADOS DE INVESTIMENTO EM INFRAESTRUTURA RF CRED PRIV RESP LIMITADA;2025-04-30;Títulos públicos federais;0.34
FI;26.142.614/0001-00;;DAYCOVAL DEBÊNTURES INCENTIVADAS FUNDO DE INVESTIMENTO FINANCEIRO;2025-04-30;Cotas de Fundos de Investimento 409;5.89
FI;26.142.614/0001-00;;DAYCOVAL DEBÊNTURES INCENTIVADAS FUNDO DE INVESTIMENTO FINANCEIRO;2025-04-30;Operações Compromissadas Lastreadas em Títulos Públicos Federais;3.67
FI;26.142.614/0001-00;;DAYCOVAL DEBÊNTURES INCENTIVADAS FUNDO DE INVESTIMENTO FINANCEIRO;2025-04-30;Outras Aplicações;0.04
FI;26.142.614/0001-00;;DAYCOVAL DEBÊNTURES INCENTIVADAS FUNDO DE INVESTIMENTO FINANCEIRO;2025-04-30;Títulos de Crédito Privado;90.01
FI;26.142.614/0001-00;;DAYCOVAL DEBÊNTURES INCENTIVADAS FUNDO DE INVESTIMENTO FINANCEIRO;2025-04-30;Títulos Públicos Federais;0.52
FI;26.154.129/0001-48;;BV CASH RENDA FIXA REFERENCIADO DI FC DE FUNDOS DE INVESTIMENTOS;2025-04-30;Operações compromissadas lastreadas em títulos públicos federais;11.89
FI;26.154.129/0001-48;;BV CASH RENDA FIXA REFERENCIADO DI FC DE FUNDOS DE INVESTIMENTOS;2025-04-30;Títulos públicos federais;88.23
FI;26.190.993/0001-03;;TIVIO TOP MULTI ESTILOS FIF - CLASSE DE INVESTIMENTO EM AÇÕES - RESP LIMITADA;2025-04-30;Ações;90.50
FI;26.190.993/0001-03;;TIVIO TOP MULTI ESTILOS FIF - CLASSE DE INVESTIMENTO EM AÇÕES - RESP LIMITADA;2025-04-30;Derivativos;5.95
FI;26.190.993/0001-03;;TIVIO TOP MULTI ESTILOS FIF - CLASSE DE INVESTIMENTO EM AÇÕES - RESP LIMITADA;2025-04-30;Operações compromissadas lastreadas em títulos públicos federais;13.98
FI;26.243.348/0001-01;;IBIUNA EQUITIES 30 FIF - CLASSE DE INVESTIMENTO EM COTAS DE AÇÕES - RESPONSABILIDADE LIMITADA;2025-04-30;Ações;91.58
FI;26.243.348/0001-01;;IBIUNA EQUITIES 30 FIF - CLASSE DE INVESTIMENTO EM COTAS DE AÇÕES - RESPONSABILIDADE LIMITADA;2025-04-30;Operações compromissadas lastreadas em títulos públicos federais;8.87
FI;26.315.539/0001-23;;BRADESCO ESTRATÉGIA IBOVESPA ATIVO FIF - CIC DE AÇÕES - RESP LIMITADA;2025-04-30;Ações;83.92
FI;26.315.539/0001-23;;BRADESCO ESTRATÉGIA IBOVESPA ATIVO FIF - CIC DE AÇÕES - RESP LIMITADA;2025-04-30;Derivativos;-1.98
FI;26.315.539/0001-23;;BRADESCO ESTRATÉGIA IBOVESPA ATIVO FIF - CIC DE AÇÕES - RESP LIMITADA;2025-04-30;Investimento no exterior;6.61
FI;26.315.539/0001-23;;BRADESCO ESTRATÉGIA IBOVESPA ATIVO FIF - CIC DE AÇÕES - RESP LIMITADA;2025-04-30;Operações compromissadas lastreadas em títulos públicos federais;5.48
FI;26.315.550/0001-93;;BRADESCO PRIVATE LONG ONLY FI FINANCEIRO - CIC EM AÇÕES - RESP LIMITADA;2025-04-30;Ações;83.95
FI;26.315.550/0001-93;;BRADESCO PRIVATE LONG ONLY FI FINANCEIRO - CIC EM AÇÕES - RESP LIMITADA;2025-04-30;Derivativos;-1.98
FI;26.315.550/0001-93;;BRADESCO PRIVATE LONG ONLY FI FINANCEIRO - CIC EM AÇÕES - RESP LIMITADA;2025-04-30;Investimento no exterior;6.61
FI;26.315.550/0001-93;;BRADESCO PRIVATE LONG ONLY FI FINANCEIRO - CIC EM AÇÕES - RESP LIMITADA;2025-04-30;Operações compromissadas lastreadas em títulos públicos federais;5.48
CLASSES - FIF;26.559.284/0001-44;;TREND PÓS-FIXADO FUNDO DE INVESTIMENTO EM COTAS RENDA FIXA SIMPLES RESPONSABILIDADE LIMITADA;2025-04-30;Outras aplicações;0.00
FI;26.657.105/0001-01;;AURO AGAH FUNDO DE INVESTIMENTO FINANCEIRO MULTIMERCADO;2025-04-30;Ações;4.21
FI;26.657.105/0001-01;;AURO AGAH FUNDO DE INVESTIMENTO FINANCEIRO MULTIMERCADO;2025-04-30;Cotas de Fundos de Investimento 409;4.57
FI;26.657.105/0001-01;;AURO AGAH FUNDO DE INVESTIMENTO FINANCEIRO MULTIMERCADO;2025-04-30;Outras Aplicações;0.05
FI;26.657.105/0001-01;;AURO AGAH FUNDO DE INVESTIMENTO FINANCEIRO MULTIMERCADO;2025-04-30;Outras Cotas de Fundos de Investimento;18.54
FI;26.657.105/0001-01;;AURO AGAH FUNDO DE INVESTIMENTO FINANCEIRO MULTIMERCADO;2025-04-30;Títulos Públicos Federais;72.87
CLASSES - FIF;26.695.100/0001-73;;CSHG IBOVESPA INDEXADO FUNDO DE INVESTIMENTO FINANCEIRO - MULTIMERCADO RESPONSABILIDADE LIMITADA;2025-04-30;Compromissadas lastreadas em T¿los P¿blicos;7.69
CLASSES - FIF;26.695.100/0001-73;;CSHG IBOVESPA INDEXADO FUNDO DE INVESTIMENTO FINANCEIRO - MULTIMERCADO RESPONSABILIDADE LIMITADA;2025-04-30;Derivativos;0.00
CLASSES - FIF;26.695.100/0001-73;;CSHG IBOVESPA INDEXADO FUNDO DE INVESTIMENTO FINANCEIRO - MULTIMERCADO RESPONSABILIDADE LIMITADA;2025-04-30;Outros;0.24
CLASSES - FIF;26.695.100/0001-73;;CSHG IBOVESPA INDEXADO FUNDO DE INVESTIMENTO FINANCEIRO - MULTIMERCADO RESPONSABILIDADE LIMITADA;2025-04-30;T¿los P¿blicos Federais;92.67
CLASSES - FIF;26.725.138/0001-41;;KPR DIAGRAMA MACRO FIF - CIC MULTIMERCADO LIVRE - RESPONSABILIDADE LIMITADA;2025-04-30;Cotas de fundos de investimento 409;47.33
CLASSES - FIF;26.725.138/0001-41;;KPR DIAGRAMA MACRO FIF - CIC MULTIMERCADO LIVRE - RESPONSABILIDADE LIMITADA;2025-04-30;Derivativos;3.01
CLASSES - FIF;26.725.138/0001-41;;KPR DIAGRAMA MACRO FIF - CIC MULTIMERCADO LIVRE - RESPONSABILIDADE LIMITADA;2025-04-30;Operações compromissadas lastreadas em títulos públicos federais;16.69
CLASSES - FIF;26.725.138/0001-41;;KPR DIAGRAMA MACRO FIF - CIC MULTIMERCADO LIVRE - RESPONSABILIDADE LIMITADA;2025-04-30;Títulos públicos federais;40.46
CLASSES - FIF;26.725.144/0001-07;;KPR DIAGRAMA MACRO FIF - CLASSE DE INVESTIMENTO MULTIMERCADO LIVRE - RESPONSABILIDADE LIMITADA;2025-04-30;Derivativos;49.50
CLASSES - FIF;26.725.144/0001-07;;KPR DIAGRAMA MACRO FIF - CLASSE DE INVESTIMENTO MULTIMERCADO LIVRE - RESPONSABILIDADE LIMITADA;2025-04-30;Operações compromissadas lastreadas em títulos públicos federais;21.48
CLASSES - FIF;26.725.144/0001-07;;KPR DIAGRAMA MACRO FIF - CLASSE DE INVESTIMENTO MULTIMERCADO LIVRE - RESPONSABILIDADE LIMITADA;2025-04-30;Títulos públicos federais;83.16
FI;26.756.412/0001-40;;BRAM RETORNO ABSOLUTO FI FINANCEIRO - CI MULT - RESP LIMITADA;2025-04-30;Ações;1.49
FI;26.756.412/0001-40;;BRAM RETORNO ABSOLUTO FI FINANCEIRO - CI MULT - RESP LIMITADA;2025-04-30;Derivativos;-7.72
FI;26.756.412/0001-40;;BRAM RETORNO ABSOLUTO FI FINANCEIRO - CI MULT - RESP LIMITADA;2025-04-30;Investimento no exterior;19.13
FI;26.756.412/0001-40;;BRAM RETORNO ABSOLUTO FI FINANCEIRO - CI MULT - RESP LIMITADA;2025-04-30;Operações compromissadas lastreadas em títulos públicos federais;15.68
FI;26.756.412/0001-40;;BRAM RETORNO ABSOLUTO FI FINANCEIRO - CI MULT - RESP LIMITADA;2025-04-30;Títulos públicos federais;65.22
CLASSES - FIF;27.011.904/0001-79;;FUTURA ARB FUNDO DE INVESTIMENTO MULTIMERCADO LP - RESPONSABILIDADE LIMITADA;2025-04-30;Ações;38.67
CLASSES - FIF;27.011.904/0001-79;;FUTURA ARB FUNDO DE INVESTIMENTO MULTIMERCADO LP - RESPONSABILIDADE LIMITADA;2025-04-30;Cotas de fundos de investimento 555;47.14
CLASSES - FIF;27.011.904/0001-79;;FUTURA ARB FUNDO DE INVESTIMENTO MULTIMERCADO LP - RESPONSABILIDADE LIMITADA;2025-04-30;Operações compromissadas lastreadas em títulospúblicos federais;5.13
CLASSES - FIF;27.011.904/0001-79;;FUTURA ARB FUNDO DE INVESTIMENTO MULTIMERCADO LP - RESPONSABILIDADE LIMITADA;2025-04-30;Outras aplicações;-103.66
CLASSES - FIF;27.011.904/0001-79;;FUTURA ARB FUNDO DE INVESTIMENTO MULTIMERCADO LP - RESPONSABILIDADE LIMITADA;2025-04-30;Títulos públicos federais;110.84
FI;27.389.566/0001-03;;TARPON GT MASTER FUNDO DE INVESTIMENTO FINANCEIRO;2025-04-30;Ações;95.92
FI;27.389.566/0001-03;;TARPON GT MASTER FUNDO DE INVESTIMENTO FINANCEIRO;2025-04-30;Cotas de Fundos de Investimento 409;4.60
FI;27.389.566/0001-03;;TARPON GT MASTER FUNDO DE INVESTIMENTO FINANCEIRO;2025-04-30;Outras Aplicações;-2.48
CLASSES - FIF;27.825.226/0001-88;;IBIUNA HEDGE STB FIF - CLASSE DE INVESTIMENTO EM COTAS MULTIMERCADO - RESPONSABILIDADE LIMITADA;2025-04-30;Derivativos;821.89
CLASSES - FIF;27.825.226/0001-88;;IBIUNA HEDGE STB FIF - CLASSE DE INVESTIMENTO EM COTAS MULTIMERCADO - RESPONSABILIDADE LIMITADA;2025-04-30;Investimento no exterior;20.09
CLASSES - FIF;27.825.226/0001-88;;IBIUNA HEDGE STB FIF - CLASSE DE INVESTIMENTO EM COTAS MULTIMERCADO - RESPONSABILIDADE LIMITADA;2025-04-30;Operações compromissadas lastreadas em títulos públicos federais;93.47
CLASSES - FIF;27.825.226/0001-88;;IBIUNA HEDGE STB FIF - CLASSE DE INVESTIMENTO EM COTAS MULTIMERCADO - RESPONSABILIDADE LIMITADA;2025-04-30;Títulos de crédito privado;7.94
CLASSES - FIF;27.825.226/0001-88;;IBIUNA HEDGE STB FIF - CLASSE DE INVESTIMENTO EM COTAS MULTIMERCADO - RESPONSABILIDADE LIMITADA;2025-04-30;Títulos públicos federais;146.97
FI;27.826.059/0001-90;;INTER PREMIUM FUNDO DE INVESTIMENTO FINANCEIRO RENDA FIXA CRÉDITO PRIVADO LONGO PRAZO RESP LIMITADA;2025-04-30;Cotas de Fundos de Investimento 555;0.94
FI;27.826.059/0001-90;;INTER PREMIUM FUNDO DE INVESTIMENTO FINANCEIRO RENDA FIXA CRÉDITO PRIVADO LONGO PRAZO RESP LIMITADA;2025-04-30;Depósitos a Prazo e Outros Títulos de Instituições Financeiras;37.98
FI;27.826.059/0001-90;;INTER PREMIUM FUNDO DE INVESTIMENTO FINANCEIRO RENDA FIXA CRÉDITO PRIVADO LONGO PRAZO RESP LIMITADA;2025-04-30;Operações Compromissadas Lastreadas em Títulos Públicos Federais;15.48
FI;27.826.059/0001-90;;INTER PREMIUM FUNDO DE INVESTIMENTO FINANCEIRO RENDA FIXA CRÉDITO PRIVADO LONGO PRAZO RESP LIMITADA;2025-04-30;Títulos de Crédito Privado;36.76
FI;27.826.059/0001-90;;INTER PREMIUM FUNDO DE INVESTIMENTO FINANCEIRO RENDA FIXA CRÉDITO PRIVADO LONGO PRAZO RESP LIMITADA;2025-04-30;Títulos Públicos Federais;5.37
FI;27.865.070/0001-69;;BRADESCO PRIME FIF - CIC DE AÇÕES INDEX - RESP LIMITADA;2025-04-30;Ações;64.69
FI;27.865.070/0001-69;;BRADESCO PRIME FIF - CIC DE AÇÕES INDEX - RESP LIMITADA;2025-04-30;Cotas de fundos de investimento 409;34.49
FI;27.865.070/0001-69;;BRADESCO PRIME FIF - CIC DE AÇÕES INDEX - RESP LIMITADA;2025-04-30;Derivativos;0.87
FI;27.865.070/0001-69;;BRADESCO PRIME FIF - CIC DE AÇÕES INDEX - RESP LIMITADA;2025-04-30;Operações compromissadas lastreadas em títulos públicos federais;0.58
FI;28.206.220/0001-95;;SOMMA TORINO FIF - CI RF CRED PRIV LP - RESP LIMITADA;2025-04-30;Cotas de fundos de investimento 409;5.23
FI;28.206.220/0001-95;;SOMMA TORINO FIF - CI RF CRED PRIV LP - RESP LIMITADA;2025-04-30;Depósitos a prazo e outros títulos de instituições financeiras;24.11
FI;28.206.220/0001-95;;SOMMA TORINO FIF - CI RF CRED PRIV LP - RESP LIMITADA;2025-04-30;Operações compromissadas lastreadas em títulos públicos federais;29.58
FI;28.206.220/0001-95;;SOMMA TORINO FIF - CI RF CRED PRIV LP - RESP LIMITADA;2025-04-30;Títulos de crédito privado;37.19
FI;28.206.220/0001-95;;SOMMA TORINO FIF - CI RF CRED PRIV LP - RESP LIMITADA;2025-04-30;Títulos públicos federais;4.19
FI;28.427.984/0001-00;;BRADESCO MACRO TOP 22 FIF - CIC MULT  - RESP LIMITADA;2025-04-30;Cotas de fundos de investimento 409;99.78
FI;28.427.997/0001-80;;BRADESCO MACRO 22 FIF - CIC MULT  - RESP LIMITADA;2025-04-30;Cotas de fundos de investimento 409;99.63
FI;28.428.129/0001-14;;BRADESCO MULTIGESTORES PLUS FI FINANCEIRO - CIC MULT - RESP LIMITADA;2025-04-30;Cotas de fundos de investimento 409;81.82
FI;28.428.129/0001-14;;BRADESCO MULTIGESTORES PLUS FI FINANCEIRO - CIC MULT - RESP LIMITADA;2025-04-30;Derivativos;0.00
FI;28.428.129/0001-14;;BRADESCO MULTIGESTORES PLUS FI FINANCEIRO - CIC MULT - RESP LIMITADA;2025-04-30;Operações compromissadas lastreadas em títulos públicos federais;0.52
FI;28.428.129/0001-14;;BRADESCO MULTIGESTORES PLUS FI FINANCEIRO - CIC MULT - RESP LIMITADA;2025-04-30;Títulos públicos federais;1.24
FI;28.428.137/0001-60;;BRADESCO MULTIGESTORES BALANCEADO FI FINANCEIRO - CIC EM AÇÕES - RESP LIMITADA;2025-04-30;Ações;1.89
FI;28.428.137/0001-60;;BRADESCO MULTIGESTORES BALANCEADO FI FINANCEIRO - CIC EM AÇÕES - RESP LIMITADA;2025-04-30;Cotas de fundos de investimento 409;92.44
FI;28.428.137/0001-60;;BRADESCO MULTIGESTORES BALANCEADO FI FINANCEIRO - CIC EM AÇÕES - RESP LIMITADA;2025-04-30;Derivativos;5.03
FI;28.428.137/0001-60;;BRADESCO MULTIGESTORES BALANCEADO FI FINANCEIRO - CIC EM AÇÕES - RESP LIMITADA;2025-04-30;Operações compromissadas lastreadas em títulos públicos federais;2.64
FI;28.428.137/0001-60;;BRADESCO MULTIGESTORES BALANCEADO FI FINANCEIRO - CIC EM AÇÕES - RESP LIMITADA;2025-04-30;Títulos públicos federais;3.22
FI;28.428.179/0001-00;;BRADESCO ADAM FIF - CIC MULTIMERCADO - RESP LIMITADA;2025-04-30;Cotas de fundos de investimento 409;98.86
FI;28.428.179/0001-00;;BRADESCO ADAM FIF - CIC MULTIMERCADO - RESP LIMITADA;2025-04-30;Derivativos;0.00
FI;28.428.179/0001-00;;BRADESCO ADAM FIF - CIC MULTIMERCADO - RESP LIMITADA;2025-04-30;Operações compromissadas lastreadas em títulos públicos federais;0.22
FI;28.428.179/0001-00;;BRADESCO ADAM FIF - CIC MULTIMERCADO - RESP LIMITADA;2025-04-30;Títulos públicos federais;0.52
FI;28.428.202/0001-58;;BRADESCO SPX NIMITZ FIF - CLASSE DE INVESTIMENTO EM COTAS MULTIMERCADO - RESP LIMITADA;2025-04-30;Cotas de fundos de investimento 409;99.44
FI;28.428.202/0001-58;;BRADESCO SPX NIMITZ FIF - CLASSE DE INVESTIMENTO EM COTAS MULTIMERCADO - RESP LIMITADA;2025-04-30;Derivativos;0.00
FI;28.428.202/0001-58;;BRADESCO SPX NIMITZ FIF - CLASSE DE INVESTIMENTO EM COTAS MULTIMERCADO - RESP LIMITADA;2025-04-30;Operações compromissadas lastreadas em títulos públicos federais;0.17
FI;28.428.202/0001-58;;BRADESCO SPX NIMITZ FIF - CLASSE DE INVESTIMENTO EM COTAS MULTIMERCADO - RESP LIMITADA;2025-04-30;Títulos públicos federais;0.40
FI;28.428.211/0001-49;;BRADESCO GÁVEA MACRO FIF - CIC MULTIMERCADO - RESPONSABILIDADE LIMITADA;2025-04-30;Cotas de fundos de investimento 409;99.56
FI;28.428.211/0001-49;;BRADESCO GÁVEA MACRO FIF - CIC MULTIMERCADO - RESPONSABILIDADE LIMITADA;2025-04-30;Derivativos;0.00
FI;28.428.211/0001-49;;BRADESCO GÁVEA MACRO FIF - CIC MULTIMERCADO - RESPONSABILIDADE LIMITADA;2025-04-30;Operações compromissadas lastreadas em títulos públicos federais;0.18
FI;28.428.211/0001-49;;BRADESCO GÁVEA MACRO FIF - CIC MULTIMERCADO - RESPONSABILIDADE LIMITADA;2025-04-30;Títulos públicos federais;0.43
FI;28.428.226/0001-07;;BRADESCO KAPITALO KAPPA FIF - CLASSE DE INVESTIMENTO EM COTAS MULTIMERCADO - RESP LIMITADA;2025-04-30;Derivativos;0.00
FI;28.428.226/0001-07;;BRADESCO KAPITALO KAPPA FIF - CLASSE DE INVESTIMENTO EM COTAS MULTIMERCADO - RESP LIMITADA;2025-04-30;Operações compromissadas lastreadas em títulos públicos federais;0.20
FI;28.428.226/0001-07;;BRADESCO KAPITALO KAPPA FIF - CLASSE DE INVESTIMENTO EM COTAS MULTIMERCADO - RESP LIMITADA;2025-04-30;Títulos públicos federais;0.46
FI;28.470.587/0001-11;;VINCI MOSAICO INSTITUCIONAL FIF - CLASSE DE INVESTIMENTO EM AÇÕES - RESP LIMITADA;2025-04-30;Ações;87.17
FI;28.470.587/0001-11;;VINCI MOSAICO INSTITUCIONAL FIF - CLASSE DE INVESTIMENTO EM AÇÕES - RESP LIMITADA;2025-04-30;Operações compromissadas lastreadas em títulos públicos federais;12.45
FI;28.515.850/0001-41;;BRADESCO FIF - CIC RF CRED PRIVADO CAIXA CENTRAL - RESP LIMITADA;2025-04-30;Cotas de fundos de investimento 409;2.15
FI;28.515.850/0001-41;;BRADESCO FIF - CIC RF CRED PRIVADO CAIXA CENTRAL - RESP LIMITADA;2025-04-30;Depósitos a prazo e outros títulos de instituições financeiras;28.48
FI;28.515.850/0001-41;;BRADESCO FIF - CIC RF CRED PRIVADO CAIXA CENTRAL - RESP LIMITADA;2025-04-30;Operações compromissadas lastreadas em títulos públicos federais;41.49
FI;28.515.850/0001-41;;BRADESCO FIF - CIC RF CRED PRIVADO CAIXA CENTRAL - RESP LIMITADA;2025-04-30;Títulos de crédito privado;11.46
FI;28.515.850/0001-41;;BRADESCO FIF - CIC RF CRED PRIVADO CAIXA CENTRAL - RESP LIMITADA;2025-04-30;Títulos públicos federais;16.43
FI;28.515.874/0001-09;;BRADESCO ALOCAÇÃO DINÂMICA FI FINANCEIRO - CIC RF - RESP LIMITADA;2025-04-30;Cotas de fundos de investimento 409;1.57
FI;28.515.874/0001-09;;BRADESCO ALOCAÇÃO DINÂMICA FI FINANCEIRO - CIC RF - RESP LIMITADA;2025-04-30;Derivativos;5.60
FI;28.515.874/0001-09;;BRADESCO ALOCAÇÃO DINÂMICA FI FINANCEIRO - CIC RF - RESP LIMITADA;2025-04-30;Operações compromissadas lastreadas em títulos públicos federais;21.38
FI;28.515.874/0001-09;;BRADESCO ALOCAÇÃO DINÂMICA FI FINANCEIRO - CIC RF - RESP LIMITADA;2025-04-30;Títulos públicos federais;77.04
FI;28.515.917/0001-48;;BRADESCO CORPORATIVO FI FINANCEIRO - CIC RF CRED PRIV - RESP LIMITADA;2025-04-30;Cotas de fundos de investimento 409;1.18
FI;28.515.917/0001-48;;BRADESCO CORPORATIVO FI FINANCEIRO - CIC RF CRED PRIV - RESP LIMITADA;2025-04-30;Investimento no exterior;95.04
FI;28.515.917/0001-48;;BRADESCO CORPORATIVO FI FINANCEIRO - CIC RF CRED PRIV - RESP LIMITADA;2025-04-30;Títulos públicos federais;3.22
FI;28.515.969/0001-14;;BRADESCO SMALL CAPS ÁGORA FI FINANCEIRO - CIC EM AÇÕES - RESP LIMITADA;2025-04-30;Ações;91.81
FI;28.515.969/0001-14;;BRADESCO SMALL CAPS ÁGORA FI FINANCEIRO - CIC EM AÇÕES - RESP LIMITADA;2025-04-30;Operações compromissadas lastreadas em títulos públicos federais;6.61
FI;28.515.996/0001-97;;BRADESCO FI FINANCEIRO - CIC DE CI MULT - S&P 500 ÁGORA - RESP LIMITADA;2025-04-30;Derivativos;99.93
FI;28.515.996/0001-97;;BRADESCO FI FINANCEIRO - CIC DE CI MULT - S&P 500 ÁGORA - RESP LIMITADA;2025-04-30;Operações compromissadas lastreadas em títulos públicos federais;10.38
FI;28.515.996/0001-97;;BRADESCO FI FINANCEIRO - CIC DE CI MULT - S&P 500 ÁGORA - RESP LIMITADA;2025-04-30;Títulos públicos federais;89.79
FI;28.516.010/0001-01;;BRAM S&P FI FINANCEIRO - CI MULT - RESP LIMITADA;2025-04-30;Derivativos;99.84
FI;28.516.010/0001-01;;BRAM S&P FI FINANCEIRO - CI MULT - RESP LIMITADA;2025-04-30;Operações compromissadas lastreadas em títulos públicos federais;10.37
FI;28.516.010/0001-01;;BRAM S&P FI FINANCEIRO - CI MULT - RESP LIMITADA;2025-04-30;Títulos públicos federais;89.70
FI;28.516.048/0001-76;;BRADESCO IBOVESPA ÁGORA FI FINANCEIRO - CIC EM AÇÕES - RESP LIMITADA;2025-04-30;Ações;64.57
FI;28.516.048/0001-76;;BRADESCO IBOVESPA ÁGORA FI FINANCEIRO - CIC EM AÇÕES - RESP LIMITADA;2025-04-30;Cotas de fundos de investimento 409;34.43
FI;28.516.048/0001-76;;BRADESCO IBOVESPA ÁGORA FI FINANCEIRO - CIC EM AÇÕES - RESP LIMITADA;2025-04-30;Derivativos;0.87
FI;28.516.048/0001-76;;BRADESCO IBOVESPA ÁGORA FI FINANCEIRO - CIC EM AÇÕES - RESP LIMITADA;2025-04-30;Operações compromissadas lastreadas em títulos públicos federais;0.57
FI;28.516.058/0001-01;;BRADESCO FIF - CIC DE FUNDO DE INVESTIMENTO CAMBIAL ÁGORA - RESPONSABILIDADE LIMITADA;2025-04-30;Derivativos;99.78
FI;28.516.058/0001-01;;BRADESCO FIF - CIC DE FUNDO DE INVESTIMENTO CAMBIAL ÁGORA - RESPONSABILIDADE LIMITADA;2025-04-30;Operações compromissadas lastreadas em títulos públicos federais;12.04
FI;28.516.058/0001-01;;BRADESCO FIF - CIC DE FUNDO DE INVESTIMENTO CAMBIAL ÁGORA - RESPONSABILIDADE LIMITADA;2025-04-30;Títulos públicos federais;87.52
FI;28.518.497/0001-53;;FEEDER IBIUNA STH FIF - CLASSE DE INVESTIMENTO EM COTAS MULTIMERCADO - RESP LIMITADA;2025-04-30;Cotas de fundos de investimento 409;100.08
FI;28.518.497/0001-53;;FEEDER IBIUNA STH FIF - CLASSE DE INVESTIMENTO EM COTAS MULTIMERCADO - RESP LIMITADA;2025-04-30;Derivativos;0.00
FI;28.518.497/0001-53;;FEEDER IBIUNA STH FIF - CLASSE DE INVESTIMENTO EM COTAS MULTIMERCADO - RESP LIMITADA;2025-04-30;Operações compromissadas lastreadas em títulos públicos federais;0.16
FI;28.518.497/0001-53;;FEEDER IBIUNA STH FIF - CLASSE DE INVESTIMENTO EM COTAS MULTIMERCADO - RESP LIMITADA;2025-04-30;Títulos públicos federais;0.39
FI;28.557.904/0001-31;;BRADESCO IMA-B ÁGORA FI FINANCEIRO - CIC RF - RESP LIMITADA;2025-04-30;Cotas de fundos de investimento 409;9.77
FI;28.557.904/0001-31;;BRADESCO IMA-B ÁGORA FI FINANCEIRO - CIC RF - RESP LIMITADA;2025-04-30;Operações compromissadas lastreadas em títulos públicos federais;0.20
FI;28.557.904/0001-31;;BRADESCO IMA-B ÁGORA FI FINANCEIRO - CIC RF - RESP LIMITADA;2025-04-30;Títulos públicos federais;90.02
FI;28.558.221/0001-07;;GÁVEA ESTRATÉGIA MACRO FIF - CIC MULTIMERCADO - RESPONSABILIDADE LIMITADA;2025-04-30;Ações;9.45
FI;28.558.221/0001-07;;GÁVEA ESTRATÉGIA MACRO FIF - CIC MULTIMERCADO - RESPONSABILIDADE LIMITADA;2025-04-30;Investimento no exterior;14.54
FI;28.558.221/0001-07;;GÁVEA ESTRATÉGIA MACRO FIF - CIC MULTIMERCADO - RESPONSABILIDADE LIMITADA;2025-04-30;Operações compromissadas lastreadas em títulos públicos federais;26.29
FI;28.558.221/0001-07;;GÁVEA ESTRATÉGIA MACRO FIF - CIC MULTIMERCADO - RESPONSABILIDADE LIMITADA;2025-04-30;Títulos de crédito privado;-0.05
FI;28.558.221/0001-07;;GÁVEA ESTRATÉGIA MACRO FIF - CIC MULTIMERCADO - RESPONSABILIDADE LIMITADA;2025-04-30;Títulos públicos federais;51.16
FI;28.558.276/0001-09;;AZ QUEST MULTIMANAGER BBDC FIF - CLASSE DE INVESTIMENTO MULTIMERCADO;2025-04-30;Ações;1.14
FI;28.558.276/0001-09;;AZ QUEST MULTIMANAGER BBDC FIF - CLASSE DE INVESTIMENTO MULTIMERCADO;2025-04-30;Derivativos;-2.83
FI;28.558.276/0001-09;;AZ QUEST MULTIMANAGER BBDC FIF - CLASSE DE INVESTIMENTO MULTIMERCADO;2025-04-30;Operações compromissadas lastreadas em títulos públicos federais;0.96
FI;28.558.276/0001-09;;AZ QUEST MULTIMANAGER BBDC FIF - CLASSE DE INVESTIMENTO MULTIMERCADO;2025-04-30;Títulos públicos federais;94.74
FI;28.581.607/0001-21;;4UM FI FINANCEIRO - CI RF CRED PRIV LP - RESP LIMITADA;2025-04-30;Depósitos a prazo e outros títulos de instituições financeiras;35.11
FI;28.581.607/0001-21;;4UM FI FINANCEIRO - CI RF CRED PRIV LP - RESP LIMITADA;2025-04-30;Derivativos;8.77
FI;28.581.607/0001-21;;4UM FI FINANCEIRO - CI RF CRED PRIV LP - RESP LIMITADA;2025-04-30;Operações compromissadas lastreadas em títulos públicos federais;24.89
FI;28.581.607/0001-21;;4UM FI FINANCEIRO - CI RF CRED PRIV LP - RESP LIMITADA;2025-04-30;Títulos de crédito privado;24.42
FI;28.581.607/0001-21;;4UM FI FINANCEIRO - CI RF CRED PRIV LP - RESP LIMITADA;2025-04-30;Títulos públicos federais;6.99
CLASSES - FIF;28.647.981/0001-82;;IBIUNA HEDGE STS FIF - CIC MULTIMERCADO - RESPONSABILIDADE LIMITADA;2025-04-30;Derivativos;813.99
CLASSES - FIF;28.647.981/0001-82;;IBIUNA HEDGE STS FIF - CIC MULTIMERCADO - RESPONSABILIDADE LIMITADA;2025-04-30;Investimento no exterior;19.90
CLASSES - FIF;28.647.981/0001-82;;IBIUNA HEDGE STS FIF - CIC MULTIMERCADO - RESPONSABILIDADE LIMITADA;2025-04-30;Operações compromissadas lastreadas em títulos públicos federais;92.57
CLASSES - FIF;28.647.981/0001-82;;IBIUNA HEDGE STS FIF - CIC MULTIMERCADO - RESPONSABILIDADE LIMITADA;2025-04-30;Títulos de crédito privado;7.86
CLASSES - FIF;28.647.981/0001-82;;IBIUNA HEDGE STS FIF - CIC MULTIMERCADO - RESPONSABILIDADE LIMITADA;2025-04-30;Títulos públicos federais;145.56
FI;28.695.121/0001-14;;RJI WEGOS VALOR FUNDO DE INVESTIMENTO FINANCEIRO;2025-04-30;Ações;87.24
FI;28.695.121/0001-14;;RJI WEGOS VALOR FUNDO DE INVESTIMENTO FINANCEIRO;2025-04-30;Cotas de Fundos de Investimento 409;4.90
FI;28.695.121/0001-14;;RJI WEGOS VALOR FUNDO DE INVESTIMENTO FINANCEIRO;2025-04-30;Outras Aplicações;9.16
FI;28.747.722/0001-23;;BAHIA AM MARAÚ RED FIF - CLASSE DE INVESTIMENTO EM COTAS MULTIMERCADO - RESP LIMITADA;2025-04-30;Derivativos;-18.70
FI;28.747.722/0001-23;;BAHIA AM MARAÚ RED FIF - CLASSE DE INVESTIMENTO EM COTAS MULTIMERCADO - RESP LIMITADA;2025-04-30;Investimento no exterior;14.33
FI;28.747.722/0001-23;;BAHIA AM MARAÚ RED FIF - CLASSE DE INVESTIMENTO EM COTAS MULTIMERCADO - RESP LIMITADA;2025-04-30;Operações compromissadas lastreadas em títulos públicos federais;15.51
FI;28.747.722/0001-23;;BAHIA AM MARAÚ RED FIF - CLASSE DE INVESTIMENTO EM COTAS MULTIMERCADO - RESP LIMITADA;2025-04-30;Títulos públicos federais;70.56
FI;28.747.733/0001-03;;BAHIA AM MARAÚ ADVISORY FIF - CIC MULTIMERCADO - RESPONSABILIDADE LIMITADA;2025-04-30;Derivativos;-18.69
FI;28.747.733/0001-03;;BAHIA AM MARAÚ ADVISORY FIF - CIC MULTIMERCADO - RESPONSABILIDADE LIMITADA;2025-04-30;Investimento no exterior;14.32
FI;28.747.733/0001-03;;BAHIA AM MARAÚ ADVISORY FIF - CIC MULTIMERCADO - RESPONSABILIDADE LIMITADA;2025-04-30;Operações compromissadas lastreadas em títulos públicos federais;15.54
FI;28.747.733/0001-03;;BAHIA AM MARAÚ ADVISORY FIF - CIC MULTIMERCADO - RESPONSABILIDADE LIMITADA;2025-04-30;Títulos públicos federais;70.53
CLASSES - FIF;28.747.826/0001-38;;IBIUNA LONG SHORT B FIF - CLASSE DE INVESTIMENTO EM COTAS MULTIMERCADO - RESPONSABILIDADE LIMITADA;2025-04-30;Ações;46.49
CLASSES - FIF;28.747.826/0001-38;;IBIUNA LONG SHORT B FIF - CLASSE DE INVESTIMENTO EM COTAS MULTIMERCADO - RESPONSABILIDADE LIMITADA;2025-04-30;Cotas de fundos de investimento 409;3.40
CLASSES - FIF;28.747.826/0001-38;;IBIUNA LONG SHORT B FIF - CLASSE DE INVESTIMENTO EM COTAS MULTIMERCADO - RESPONSABILIDADE LIMITADA;2025-04-30;Investimento no exterior;17.41
CLASSES - FIF;28.747.826/0001-38;;IBIUNA LONG SHORT B FIF - CLASSE DE INVESTIMENTO EM COTAS MULTIMERCADO - RESPONSABILIDADE LIMITADA;2025-04-30;Operações compromissadas lastreadas em títulos públicos federais;14.75
CLASSES - FIF;28.747.826/0001-38;;IBIUNA LONG SHORT B FIF - CLASSE DE INVESTIMENTO EM COTAS MULTIMERCADO - RESPONSABILIDADE LIMITADA;2025-04-30;Títulos públicos federais;62.78
FI;28.788.359/0001-94;;ORI CAPITAL II FIF - CIC EM AÇÕES - RESP LIMITADA;2025-04-30;Ações;92.84
FI;28.788.359/0001-94;;ORI CAPITAL II FIF - CIC EM AÇÕES - RESP LIMITADA;2025-04-30;Investimento no exterior;3.49
FI;28.788.359/0001-94;;ORI CAPITAL II FIF - CIC EM AÇÕES - RESP LIMITADA;2025-04-30;Operações compromissadas lastreadas em títulos públicos federais;5.16
FI;28.788.359/0001-94;;ORI CAPITAL II FIF - CIC EM AÇÕES - RESP LIMITADA;2025-04-30;Títulos públicos federais;0.37
FI;28.788.379/0001-65;;ORI CAPITAL II MÁSTER FI FINANCEIRO - CIA - RESP LIMITADA;2025-04-30;Ações;93.12
FI;28.788.379/0001-65;;ORI CAPITAL II MÁSTER FI FINANCEIRO - CIA - RESP LIMITADA;2025-04-30;Investimento no exterior;3.50
FI;28.788.379/0001-65;;ORI CAPITAL II MÁSTER FI FINANCEIRO - CIA - RESP LIMITADA;2025-04-30;Operações compromissadas lastreadas em títulos públicos federais;5.02
CLASSES - FIF;28.797.658/0001-95;;BRADESCO PIMCO INCOME - FIF - CIC MULTIMERCADO - RESPONSABILIDADE LIMITADA;2025-04-30;Cotas de fundos de investimento 409;99.64
CLASSES - FIF;28.797.658/0001-95;;BRADESCO PIMCO INCOME - FIF - CIC MULTIMERCADO - RESPONSABILIDADE LIMITADA;2025-04-30;Derivativos;0.00
CLASSES - FIF;28.797.658/0001-95;;BRADESCO PIMCO INCOME - FIF - CIC MULTIMERCADO - RESPONSABILIDADE LIMITADA;2025-04-30;Operações compromissadas lastreadas em títulos públicos federais;0.13
CLASSES - FIF;28.797.658/0001-95;;BRADESCO PIMCO INCOME - FIF - CIC MULTIMERCADO - RESPONSABILIDADE LIMITADA;2025-04-30;Títulos públicos federais;0.30
FI;28.797.708/0001-34;;BRADESCO MULTIGESTORES ÁGORA FI FINANCEIRO - CIC EM AÇÕES - RESP LIMITADA;2025-04-30;Ações;8.90
FI;28.797.708/0001-34;;BRADESCO MULTIGESTORES ÁGORA FI FINANCEIRO - CIC EM AÇÕES - RESP LIMITADA;2025-04-30;Cotas de fundos de investimento 409;66.70
FI;28.797.708/0001-34;;BRADESCO MULTIGESTORES ÁGORA FI FINANCEIRO - CIC EM AÇÕES - RESP LIMITADA;2025-04-30;Derivativos;23.62
FI;28.797.708/0001-34;;BRADESCO MULTIGESTORES ÁGORA FI FINANCEIRO - CIC EM AÇÕES - RESP LIMITADA;2025-04-30;Operações compromissadas lastreadas em títulos públicos federais;11.49
FI;28.797.708/0001-34;;BRADESCO MULTIGESTORES ÁGORA FI FINANCEIRO - CIC EM AÇÕES - RESP LIMITADA;2025-04-30;Títulos públicos federais;12.85
FI;28.797.725/0001-71;;ADAM ÁGORA FUNDO DE INVESTIMENTO FINANCEIRO - CIC MULTIMERCADO - RESP LIMITADA;2025-04-30;Cotas de fundos de investimento 409;99.73
FI;28.797.748/0001-86;;GÁVEA MACRO ÁGORA FIF - CIC MULTIMERCADO - RESP LIMITADA;2025-04-30;Cotas de fundos de investimento 409;100.20
FI;28.797.765/0001-13;;CONEXÃO NIMITZ FIF - CLASSE DE INVESTIMENTO EM COTAS MULTIMERCADO - RESP LIMITADA;2025-04-30;Cotas de fundos de investimento 409;100.01
FI;28.819.711/0001-01;;ITABAIANA FUNDO DE INVESTIMENTO RENDA FIXA CRÉDITO PRIVADO;2025-04-30;Acões;0.00
FI;28.819.711/0001-01;;ITABAIANA FUNDO DE INVESTIMENTO RENDA FIXA CRÉDITO PRIVADO;2025-04-30;Cotas de Fundos de Investimento 555;72.49
FI;28.819.711/0001-01;;ITABAIANA FUNDO DE INVESTIMENTO RENDA FIXA CRÉDITO PRIVADO;2025-04-30;Operacões compromissadas lastreadas em títulos privados;0.00
FI;28.819.711/0001-01;;ITABAIANA FUNDO DE INVESTIMENTO RENDA FIXA CRÉDITO PRIVADO;2025-04-30;Operacões compromissadas lastreadas em títulos públicos federais;0.00
FI;28.819.711/0001-01;;ITABAIANA FUNDO DE INVESTIMENTO RENDA FIXA CRÉDITO PRIVADO;2025-04-30;Títulos de crédito privado;18.17
CLASSES - FIF;28.849.736/0001-58;;BRADESCO REFERENCIADA DI SUPREMO FIF - CIC RENDA FIXA -  RESPONSABILIDADE LIMITADA;2025-04-30;Cotas de fundos de investimento 409;1.89
CLASSES - FIF;28.849.736/0001-58;;BRADESCO REFERENCIADA DI SUPREMO FIF - CIC RENDA FIXA -  RESPONSABILIDADE LIMITADA;2025-04-30;Depósitos a prazo e outros títulos de instituições financeiras;26.79
CLASSES - FIF;28.849.736/0001-58;;BRADESCO REFERENCIADA DI SUPREMO FIF - CIC RENDA FIXA -  RESPONSABILIDADE LIMITADA;2025-04-30;Operações compromissadas lastreadas em títulos públicos federais;36.45
CLASSES - FIF;28.849.736/0001-58;;BRADESCO REFERENCIADA DI SUPREMO FIF - CIC RENDA FIXA -  RESPONSABILIDADE LIMITADA;2025-04-30;Títulos de crédito privado;12.62
CLASSES - FIF;28.849.736/0001-58;;BRADESCO REFERENCIADA DI SUPREMO FIF - CIC RENDA FIXA -  RESPONSABILIDADE LIMITADA;2025-04-30;Títulos públicos federais;22.17
CLASSES - FIF;28.849.744/0001-02;;BRADESCO FIC DE FI FINANCEIRO RENDA  FIXA REFERENCIADA DI VIP - RESPONSABILIDADE LIMITADA;2025-04-30;Cotas de fundos de investimento 409;1.89
CLASSES - FIF;28.849.744/0001-02;;BRADESCO FIC DE FI FINANCEIRO RENDA  FIXA REFERENCIADA DI VIP - RESPONSABILIDADE LIMITADA;2025-04-30;Depósitos a prazo e outros títulos de instituições financeiras;26.79
CLASSES - FIF;28.849.744/0001-02;;BRADESCO FIC DE FI FINANCEIRO RENDA  FIXA REFERENCIADA DI VIP - RESPONSABILIDADE LIMITADA;2025-04-30;Operações compromissadas lastreadas em títulos públicos federais;36.44
CLASSES - FIF;28.849.744/0001-02;;BRADESCO FIC DE FI FINANCEIRO RENDA  FIXA REFERENCIADA DI VIP - RESPONSABILIDADE LIMITADA;2025-04-30;Títulos de crédito privado;12.62
CLASSES - FIF;28.849.744/0001-02;;BRADESCO FIC DE FI FINANCEIRO RENDA  FIXA REFERENCIADA DI VIP - RESPONSABILIDADE LIMITADA;2025-04-30;Títulos públicos federais;22.17
FI;28.849.751/0001-04;;BRADESCO FIF - CIC MULT  ABSOLUTO TOP 42 - RESP LIMITADA;2025-04-30;Cotas de fundos de investimento 409;99.52
CLASSES - FIF;28.856.743/0001-87;;CONSTÂNCIA ABSOLUTO FIF - CLASSE DE INVESTIMENTO MULMERCADO - RESPONSABILIDADE LIMITADA;2025-04-30;Ações;79.53
CLASSES - FIF;28.856.743/0001-87;;CONSTÂNCIA ABSOLUTO FIF - CLASSE DE INVESTIMENTO MULMERCADO - RESPONSABILIDADE LIMITADA;2025-04-30;Depósitos a prazo e outros títulos de instituições financeiras;0.28
CLASSES - FIF;28.856.743/0001-87;;CONSTÂNCIA ABSOLUTO FIF - CLASSE DE INVESTIMENTO MULMERCADO - RESPONSABILIDADE LIMITADA;2025-04-30;Investimento no exterior;16.91
CLASSES - FIF;28.856.743/0001-87;;CONSTÂNCIA ABSOLUTO FIF - CLASSE DE INVESTIMENTO MULMERCADO - RESPONSABILIDADE LIMITADA;2025-04-30;Operações compromissadas lastreadas em títulos públicos federais;13.55
CLASSES - FIF;28.856.743/0001-87;;CONSTÂNCIA ABSOLUTO FIF - CLASSE DE INVESTIMENTO MULMERCADO - RESPONSABILIDADE LIMITADA;2025-04-30;Títulos públicos federais;35.38
FI;28.858.089/0001-40;;4UM INFLAÇÃO IMA-B 5 FI FINANCEIRO - CI RF LP - RESP LIMITADA;2025-04-30;Operações compromissadas lastreadas em títulos públicos federais;1.04
FI;28.858.089/0001-40;;4UM INFLAÇÃO IMA-B 5 FI FINANCEIRO - CI RF LP - RESP LIMITADA;2025-04-30;Títulos públicos federais;99.25
CLASSES - FIF;28.881.120/0001-64;;IBIUNA LONG SHORT A FIF - CLASSE DE INVESTIMENTO EM COTAS MULTIMERCADO - RESPONSABILIDADE LIMITADA;2025-04-30;Ações;46.54
CLASSES - FIF;28.881.120/0001-64;;IBIUNA LONG SHORT A FIF - CLASSE DE INVESTIMENTO EM COTAS MULTIMERCADO - RESPONSABILIDADE LIMITADA;2025-04-30;Cotas de fundos de investimento 409;3.40
CLASSES - FIF;28.881.120/0001-64;;IBIUNA LONG SHORT A FIF - CLASSE DE INVESTIMENTO EM COTAS MULTIMERCADO - RESPONSABILIDADE LIMITADA;2025-04-30;Investimento no exterior;17.43
CLASSES - FIF;28.881.120/0001-64;;IBIUNA LONG SHORT A FIF - CLASSE DE INVESTIMENTO EM COTAS MULTIMERCADO - RESPONSABILIDADE LIMITADA;2025-04-30;Operações compromissadas lastreadas em títulos públicos federais;14.77
CLASSES - FIF;28.881.120/0001-64;;IBIUNA LONG SHORT A FIF - CLASSE DE INVESTIMENTO EM COTAS MULTIMERCADO - RESPONSABILIDADE LIMITADA;2025-04-30;Títulos públicos federais;62.86
FI;28.951.182/0001-03;;CANVAS VECTOR S FUNDO DE INVESTIMENTO EM COTAS DE FIF MULTIMERCADO - RESPONSABILIDADE LIMITADA;2025-04-30;Cotas de Fundos de Investimento 555;100.06
FI;28.951.182/0001-03;;CANVAS VECTOR S FUNDO DE INVESTIMENTO EM COTAS DE FIF MULTIMERCADO - RESPONSABILIDADE LIMITADA;2025-04-30;Outros;0.03
CLASSES - FIF;28.951.248/0001-57;;CANVAS ENDURO S FUNDO DE INVESTIMENTO EM COTAS DE FIF MULTIMERCADO - RESPONSABILIDADE LIMITADA;2025-04-30;Cotas de Fundos de Investimento 555;100.02
CLASSES - FIF;28.951.248/0001-57;;CANVAS ENDURO S FUNDO DE INVESTIMENTO EM COTAS DE FIF MULTIMERCADO - RESPONSABILIDADE LIMITADA;2025-04-30;Outros;0.02
FI;29.011.235/0001-60;;ADAM MACRO STRATEGY BP II FIF - CIC MULTIMERCADO - RESPONSABILIDADE LIMITADA;2025-04-30;Cotas de fundos de investimento 409;99.95
FI;29.011.240/0001-73;;BRAM  PORTFÓLIO DE RISCO FIF - CIC MULTIMERCADO - RESPONSABILIDADE LIMITADA.;2025-04-30;Ações;0.45
FI;29.011.240/0001-73;;BRAM  PORTFÓLIO DE RISCO FIF - CIC MULTIMERCADO - RESPONSABILIDADE LIMITADA.;2025-04-30;Cotas de fundos de investimento 409;16.30
FI;29.011.240/0001-73;;BRAM  PORTFÓLIO DE RISCO FIF - CIC MULTIMERCADO - RESPONSABILIDADE LIMITADA.;2025-04-30;Investimento no exterior;13.83
FI;29.011.240/0001-73;;BRAM  PORTFÓLIO DE RISCO FIF - CIC MULTIMERCADO - RESPONSABILIDADE LIMITADA.;2025-04-30;Operações compromissadas lastreadas em títulos públicos federais;7.35
FI;29.011.240/0001-73;;BRAM  PORTFÓLIO DE RISCO FIF - CIC MULTIMERCADO - RESPONSABILIDADE LIMITADA.;2025-04-30;Títulos públicos federais;61.75
FI;29.011.243/0001-07;;BRAM IDKA PRÉ 1 FI FINANCEIRO - CI RF - RESP LIMITADA;2025-04-30;Derivativos;99.04
FI;29.011.243/0001-07;;BRAM IDKA PRÉ 1 FI FINANCEIRO - CI RF - RESP LIMITADA;2025-04-30;Operações compromissadas lastreadas em títulos públicos federais;11.95
FI;29.011.243/0001-07;;BRAM IDKA PRÉ 1 FI FINANCEIRO - CI RF - RESP LIMITADA;2025-04-30;Títulos públicos federais;88.00
FI;29.011.250/0001-09;;BRAM IDKA PRÉ 3 FI FINANCEIRO - CI RF - RESP LIMITADA;2025-04-30;Derivativos;76.74
FI;29.011.250/0001-09;;BRAM IDKA PRÉ 3 FI FINANCEIRO - CI RF - RESP LIMITADA;2025-04-30;Operações compromissadas lastreadas em títulos públicos federais;16.75
FI;29.011.250/0001-09;;BRAM IDKA PRÉ 3 FI FINANCEIRO - CI RF - RESP LIMITADA;2025-04-30;Títulos públicos federais;80.38
FI;29.011.254/0001-97;;BRAM IDKA PRÉ 5 FI FINANCEIRO - CI RF - RESP LIMITADA;2025-04-30;Derivativos;64.18
FI;29.011.254/0001-97;;BRAM IDKA PRÉ 5 FI FINANCEIRO - CI RF - RESP LIMITADA;2025-04-30;Operações compromissadas lastreadas em títulos públicos federais;13.55
FI;29.011.254/0001-97;;BRAM IDKA PRÉ 5 FI FINANCEIRO - CI RF - RESP LIMITADA;2025-04-30;Títulos públicos federais;81.66
FI;29.011.266/0001-11;;BRAM IDKA IPCA 2 FI FINANCEIRO - CI RF - RESP LIMITADA;2025-04-30;Derivativos;0.95
FI;29.011.266/0001-11;;BRAM IDKA IPCA 2 FI FINANCEIRO - CI RF - RESP LIMITADA;2025-04-30;Operações compromissadas lastreadas em títulos públicos federais;0.14
FI;29.011.266/0001-11;;BRAM IDKA IPCA 2 FI FINANCEIRO - CI RF - RESP LIMITADA;2025-04-30;Títulos públicos federais;98.89
FI;29.045.353/0001-90;;MOS INSTITUCIONAL FIF - CLASSE DE INVESTIMENTO AÇÕES - RESP LIMITADA;2025-04-30;Ações;95.70
FI;29.045.353/0001-90;;MOS INSTITUCIONAL FIF - CLASSE DE INVESTIMENTO AÇÕES - RESP LIMITADA;2025-04-30;Cotas de fundos de investimento 409;0.65
FI;29.045.353/0001-90;;MOS INSTITUCIONAL FIF - CLASSE DE INVESTIMENTO AÇÕES - RESP LIMITADA;2025-04-30;Depósitos a prazo e outros títulos de instituições financeiras;0.15
FI;29.045.353/0001-90;;MOS INSTITUCIONAL FIF - CLASSE DE INVESTIMENTO AÇÕES - RESP LIMITADA;2025-04-30;Operações compromissadas lastreadas em títulos públicos federais;2.42
FI;29.045.353/0001-90;;MOS INSTITUCIONAL FIF - CLASSE DE INVESTIMENTO AÇÕES - RESP LIMITADA;2025-04-30;Títulos públicos federais;1.16
FI;29.045.451/0001-27;;BRAM IDKA IPCA 5 FI FINANCEIRO - CI RF - RESP LIMITADA;2025-04-30;Derivativos;0.58
FI;29.045.451/0001-27;;BRAM IDKA IPCA 5 FI FINANCEIRO - CI RF - RESP LIMITADA;2025-04-30;Operações compromissadas lastreadas em títulos públicos federais;0.13
FI;29.045.451/0001-27;;BRAM IDKA IPCA 5 FI FINANCEIRO - CI RF - RESP LIMITADA;2025-04-30;Títulos públicos federais;99.28
FI;29.045.468/0001-84;;BRAM IDKA IPCA 10 FI FINANCEIRO - CI RF - RESP LIMITADA;2025-04-30;Operações compromissadas lastreadas em títulos públicos federais;0.20
FI;29.045.468/0001-84;;BRAM IDKA IPCA 10 FI FINANCEIRO - CI RF - RESP LIMITADA;2025-04-30;Títulos públicos federais;99.86
FI;29.045.642/0001-99;;BRAM GLOBAL FI FINANCEIRO - CI MULT - RESPONSABILIDADE LIMITADA;2025-04-30;Investimento no exterior;98.26
FI;29.045.642/0001-99;;BRAM GLOBAL FI FINANCEIRO - CI MULT - RESPONSABILIDADE LIMITADA;2025-04-30;Operações compromissadas lastreadas em títulos públicos federais;0.32
FI;29.045.642/0001-99;;BRAM GLOBAL FI FINANCEIRO - CI MULT - RESPONSABILIDADE LIMITADA;2025-04-30;Títulos públicos federais;1.42
FI;29.085.439/0001-46;;APEX CASH I FUNDO DE INVESTIMENTO FINANCEIRO RENDA FIXA REFERENCIADO DI LONGO PRAZO;2025-04-30;Cotas de fundos de investimento 555;8.44
FI;29.085.439/0001-46;;APEX CASH I FUNDO DE INVESTIMENTO FINANCEIRO RENDA FIXA REFERENCIADO DI LONGO PRAZO;2025-04-30;Operações compromissadas lastreadas em títulos públicos federais;51.29
FI;29.085.439/0001-46;;APEX CASH I FUNDO DE INVESTIMENTO FINANCEIRO RENDA FIXA REFERENCIADO DI LONGO PRAZO;2025-04-30;Títulos públicos federais;40.28
CLASSES - FIF;29.236.572/0001-56;;LEGACY CAPITAL CSHG FUNDO DE INVESTIMENTO EM COTAS DE FIF MULTIMERCADO - RESP LIMITADA;2025-04-30;Cotas de Fundos de Investimento 555;100.09
CLASSES - FIF;29.236.572/0001-56;;LEGACY CAPITAL CSHG FUNDO DE INVESTIMENTO EM COTAS DE FIF MULTIMERCADO - RESP LIMITADA;2025-04-30;Outros;0.01
FI;29.250.121/0001-73;;DAYCOVAL CLASSIC 30 FUNDO DE INVESTIMENTO FINANCEIRO;2025-04-30;Cotas de Fundos de Investimento 409;12.27
FI;29.250.121/0001-73;;DAYCOVAL CLASSIC 30 FUNDO DE INVESTIMENTO FINANCEIRO;2025-04-30;Depósitos a Prazo e Outros Títulos de Instituições Financeiras;18.15
FI;29.250.121/0001-73;;DAYCOVAL CLASSIC 30 FUNDO DE INVESTIMENTO FINANCEIRO;2025-04-30;Operações Compromissadas Lastreadas em Títulos Públicos Federais;14.24
FI;29.250.121/0001-73;;DAYCOVAL CLASSIC 30 FUNDO DE INVESTIMENTO FINANCEIRO;2025-04-30;Outras Cotas de Fundos de Investimento;15.03
FI;29.250.121/0001-73;;DAYCOVAL CLASSIC 30 FUNDO DE INVESTIMENTO FINANCEIRO;2025-04-30;Títulos de Crédito Privado;40.31
FI;29.319.740/0001-77;;I-TRACK FUNDO DE INVESTIMENTO MULTIMERCADO;2025-04-30;Cotas de fundos de investimento 555;10.11
FI;29.319.740/0001-77;;I-TRACK FUNDO DE INVESTIMENTO MULTIMERCADO;2025-04-30;Operações compromissadas lastreadas em títulospúblicos federais;2.38
FI;29.319.740/0001-77;;I-TRACK FUNDO DE INVESTIMENTO MULTIMERCADO;2025-04-30;Outras aplicações;-0.15
FI;29.319.740/0001-77;;I-TRACK FUNDO DE INVESTIMENTO MULTIMERCADO;2025-04-30;Títulos públicos federais;77.88
FI;29.577.652/0001-75;;CLASSE DE INVESTIMENTO EM AÇÕES RESP LIMITADA DO AMW BRASIL FUNDO DE INVESTIMENTO FINANCEIRO;2025-04-30;Ações;1.04
FI;29.577.652/0001-75;;CLASSE DE INVESTIMENTO EM AÇÕES RESP LIMITADA DO AMW BRASIL FUNDO DE INVESTIMENTO FINANCEIRO;2025-04-30;Cotas de fundos de Investimento;2.48
FI;29.577.652/0001-75;;CLASSE DE INVESTIMENTO EM AÇÕES RESP LIMITADA DO AMW BRASIL FUNDO DE INVESTIMENTO FINANCEIRO;2025-04-30;Derivativos;29.19
FI;29.577.652/0001-75;;CLASSE DE INVESTIMENTO EM AÇÕES RESP LIMITADA DO AMW BRASIL FUNDO DE INVESTIMENTO FINANCEIRO;2025-04-30;Outras Aplicações;11.25
FI;29.577.652/0001-75;;CLASSE DE INVESTIMENTO EM AÇÕES RESP LIMITADA DO AMW BRASIL FUNDO DE INVESTIMENTO FINANCEIRO;2025-04-30;Titulos publicos federais;14.34
FI;29.577.706/0001-00;;AMW USA FUNDO DE INVESTIMENTO FINANCEIRO DE AÇÕES;2025-04-30;Ações;63.91
FI;29.577.706/0001-00;;AMW USA FUNDO DE INVESTIMENTO FINANCEIRO DE AÇÕES;2025-04-30;Cotas de fundos de Investimento;0.00
FI;29.577.706/0001-00;;AMW USA FUNDO DE INVESTIMENTO FINANCEIRO DE AÇÕES;2025-04-30;Derivativos;98.46
FI;29.577.706/0001-00;;AMW USA FUNDO DE INVESTIMENTO FINANCEIRO DE AÇÕES;2025-04-30;Outras Aplicações;5.51
FI;29.577.706/0001-00;;AMW USA FUNDO DE INVESTIMENTO FINANCEIRO DE AÇÕES;2025-04-30;Titulos publicos federais;22.77
FI;29.599.391/0001-94;;HARBOUR IAT FUNDO DE INVESTIMENTO FINANCEIRO EM AÇÕES - RESPONSABILIDADE LIMITADA;2025-04-30;Ações;77.02
FI;29.599.391/0001-94;;HARBOUR IAT FUNDO DE INVESTIMENTO FINANCEIRO EM AÇÕES - RESPONSABILIDADE LIMITADA;2025-04-30;Cotas de Fundos de Investimento 409;0.23
FI;29.599.391/0001-94;;HARBOUR IAT FUNDO DE INVESTIMENTO FINANCEIRO EM AÇÕES - RESPONSABILIDADE LIMITADA;2025-04-30;Outras Aplicações;22.59
FI;29.722.466/0001-82;;SOMMA FUNDAMENTAL FI FINANCEIRO - CIA - RESP LIMITADA;2025-04-30;Ações;83.21
FI;29.722.466/0001-82;;SOMMA FUNDAMENTAL FI FINANCEIRO - CIA - RESP LIMITADA;2025-04-30;Operações compromissadas lastreadas em títulos públicos federais;15.41
CLASSES - FIF;29.732.926/0001-53;;IBIUNA LONG SHORT ADVISORY FIF - CLASSE DE INVESTIMENTO EM COTAS MULTIMERCADO -RESP LIMITADA;2025-04-30;Ações;46.65
CLASSES - FIF;29.732.926/0001-53;;IBIUNA LONG SHORT ADVISORY FIF - CLASSE DE INVESTIMENTO EM COTAS MULTIMERCADO -RESP LIMITADA;2025-04-30;Cotas de fundos de investimento 409;3.41
CLASSES - FIF;29.732.926/0001-53;;IBIUNA LONG SHORT ADVISORY FIF - CLASSE DE INVESTIMENTO EM COTAS MULTIMERCADO -RESP LIMITADA;2025-04-30;Investimento no exterior;17.47
CLASSES - FIF;29.732.926/0001-53;;IBIUNA LONG SHORT ADVISORY FIF - CLASSE DE INVESTIMENTO EM COTAS MULTIMERCADO -RESP LIMITADA;2025-04-30;Operações compromissadas lastreadas em títulos públicos federais;14.80
CLASSES - FIF;29.732.926/0001-53;;IBIUNA LONG SHORT ADVISORY FIF - CLASSE DE INVESTIMENTO EM COTAS MULTIMERCADO -RESP LIMITADA;2025-04-30;Títulos públicos federais;62.99
FI;29.733.842/0001-34;;BAHIA AM MARAÚ FEEDER BOCOM BBM FIF - CLASSE DE INVESTIMENTO EM COTAS MULTIMERCADO - RESP LIMITADA;2025-04-30;Derivativos;-18.69
FI;29.733.842/0001-34;;BAHIA AM MARAÚ FEEDER BOCOM BBM FIF - CLASSE DE INVESTIMENTO EM COTAS MULTIMERCADO - RESP LIMITADA;2025-04-30;Investimento no exterior;14.32
FI;29.733.842/0001-34;;BAHIA AM MARAÚ FEEDER BOCOM BBM FIF - CLASSE DE INVESTIMENTO EM COTAS MULTIMERCADO - RESP LIMITADA;2025-04-30;Operações compromissadas lastreadas em títulos públicos federais;15.54
FI;29.733.842/0001-34;;BAHIA AM MARAÚ FEEDER BOCOM BBM FIF - CLASSE DE INVESTIMENTO EM COTAS MULTIMERCADO - RESP LIMITADA;2025-04-30;Títulos públicos federais;70.53
FI;29.733.915/0001-98;;BAHIA AM MARAÚ BB FIF - CIC MULTIMERCADO - - RESPONSABILIDADE LIMITADA;2025-04-30;Derivativos;-18.69
FI;29.733.915/0001-98;;BAHIA AM MARAÚ BB FIF - CIC MULTIMERCADO - - RESPONSABILIDADE LIMITADA;2025-04-30;Investimento no exterior;14.32
FI;29.733.915/0001-98;;BAHIA AM MARAÚ BB FIF - CIC MULTIMERCADO - - RESPONSABILIDADE LIMITADA;2025-04-30;Operações compromissadas lastreadas em títulos públicos federais;15.54
FI;29.733.915/0001-98;;BAHIA AM MARAÚ BB FIF - CIC MULTIMERCADO - - RESPONSABILIDADE LIMITADA;2025-04-30;Títulos públicos federais;70.53
FI;30.271.177/0001-93;;AMW FUNDO DE INVESTIMENTO FINANCEIRO;2025-04-30;Cotas de Fundos de Investimento 409;55.71
FI;30.271.177/0001-93;;AMW FUNDO DE INVESTIMENTO FINANCEIRO;2025-04-30;Depósitos a Prazo e Outros Títulos de Instituições Financeiras;20.62
FI;30.271.177/0001-93;;AMW FUNDO DE INVESTIMENTO FINANCEIRO;2025-04-30;Operações Compromissadas Lastreadas em Títulos Públicos Federais;4.36
FI;30.271.177/0001-93;;AMW FUNDO DE INVESTIMENTO FINANCEIRO;2025-04-30;Outras Cotas de Fundos de Investimento;8.77
FI;30.271.177/0001-93;;AMW FUNDO DE INVESTIMENTO FINANCEIRO;2025-04-30;Títulos de Crédito Privado;4.20
CLASSES - FIF;30.378.445/0001-70;;BANESTES ESTRATÉGIA FIC DE FIF RENDA FIXA RESPONSABILIDADE LIMITADA;2025-04-30;Depósitos a prazo e outros títulos de instituições financeiras;9.10
CLASSES - FIF;30.378.445/0001-70;;BANESTES ESTRATÉGIA FIC DE FIF RENDA FIXA RESPONSABILIDADE LIMITADA;2025-04-30;Operações compromissadas lastreadas em títulos públicos federais;38.23
CLASSES - FIF;30.378.445/0001-70;;BANESTES ESTRATÉGIA FIC DE FIF RENDA FIXA RESPONSABILIDADE LIMITADA;2025-04-30;Outras cotas de fundos de investimento;0.92
CLASSES - FIF;30.378.445/0001-70;;BANESTES ESTRATÉGIA FIC DE FIF RENDA FIXA RESPONSABILIDADE LIMITADA;2025-04-30;Títulos de crédito privado;8.15
CLASSES - FIF;30.378.445/0001-70;;BANESTES ESTRATÉGIA FIC DE FIF RENDA FIXA RESPONSABILIDADE LIMITADA;2025-04-30;Títulos públicos federais;36.62
CLASSES - FIF;30.378.490/0001-25;;SULAMÉRICA CAPITAL FIF RENDA FIXA LONGO PRAZO - RESPONSABILIDADE LIMITADA;2025-04-30;Cotas de fundos de investimento 409;0.35
CLASSES - FIF;30.378.490/0001-25;;SULAMÉRICA CAPITAL FIF RENDA FIXA LONGO PRAZO - RESPONSABILIDADE LIMITADA;2025-04-30;Depósitos a prazo e outros títulos de instituições financeiras;23.87
CLASSES - FIF;30.378.490/0001-25;;SULAMÉRICA CAPITAL FIF RENDA FIXA LONGO PRAZO - RESPONSABILIDADE LIMITADA;2025-04-30;Operações compromissadas lastreadas em títulos públicos federais;41.91
CLASSES - FIF;30.378.490/0001-25;;SULAMÉRICA CAPITAL FIF RENDA FIXA LONGO PRAZO - RESPONSABILIDADE LIMITADA;2025-04-30;Outras aplicações;0.05
CLASSES - FIF;30.378.490/0001-25;;SULAMÉRICA CAPITAL FIF RENDA FIXA LONGO PRAZO - RESPONSABILIDADE LIMITADA;2025-04-30;Títulos públicos federais;34.12
FI;30.378.522/0001-92;;BRADESCO BAHIA AM MARAÚ FIF - CIC MULTIMERCADO - RESPONSABILIDADE LIMITADA;2025-04-30;Cotas de fundos de investimento 409;99.67
FI;30.378.522/0001-92;;BRADESCO BAHIA AM MARAÚ FIF - CIC MULTIMERCADO - RESPONSABILIDADE LIMITADA;2025-04-30;Operações compromissadas lastreadas em títulos públicos federais;0.18
FI;30.378.522/0001-92;;BRADESCO BAHIA AM MARAÚ FIF - CIC MULTIMERCADO - RESPONSABILIDADE LIMITADA;2025-04-30;Títulos públicos federais;0.36
FI;30.378.569/0001-56;;VERDE ESTRATÉGIA AM B60 FIF - CLASSE DE INVESTIMENTO EM COTAS MULTIMERCADO - RESP LIMITADA;2025-04-30;Cotas de fundos de investimento 409;100.01
FI;30.378.610/0001-94;;BRAM QAA HEDGE FI FINANCEIRO - CI MULT - RESP LIMITADA;2025-04-30;Ações;1.32
FI;30.378.610/0001-94;;BRAM QAA HEDGE FI FINANCEIRO - CI MULT - RESP LIMITADA;2025-04-30;Derivativos;-57.67
FI;30.378.610/0001-94;;BRAM QAA HEDGE FI FINANCEIRO - CI MULT - RESP LIMITADA;2025-04-30;Investimento no exterior;17.84
FI;30.378.610/0001-94;;BRAM QAA HEDGE FI FINANCEIRO - CI MULT - RESP LIMITADA;2025-04-30;Operações compromissadas lastreadas em títulos públicos federais;28.58
FI;30.378.610/0001-94;;BRAM QAA HEDGE FI FINANCEIRO - CI MULT - RESP LIMITADA;2025-04-30;Títulos públicos federais;53.51
FI;30.378.631/0001-00;;BRAM PORTFÓLIO DE RISCO FI FINANCEIRO - CI MULT - RESP LIMITADA;2025-04-30;Derivativos;-4.02
FI;30.378.631/0001-00;;BRAM PORTFÓLIO DE RISCO FI FINANCEIRO - CI MULT - RESP LIMITADA;2025-04-30;Investimento no exterior;4.06
FI;30.378.631/0001-00;;BRAM PORTFÓLIO DE RISCO FI FINANCEIRO - CI MULT - RESP LIMITADA;2025-04-30;Operações compromissadas lastreadas em títulos públicos federais;26.19
FI;30.378.631/0001-00;;BRAM PORTFÓLIO DE RISCO FI FINANCEIRO - CI MULT - RESP LIMITADA;2025-04-30;Títulos públicos federais;69.41
FI;30.378.646/0001-78;;BRADESCO VERDE AM 60 FIF - CLASSE DE INVESTIMENTO EM COTAS MULTIMERCADO - RESP LIMITADA;2025-04-30;Cotas de fundos de investimento 409;99.65
FI;30.378.646/0001-78;;BRADESCO VERDE AM 60 FIF - CLASSE DE INVESTIMENTO EM COTAS MULTIMERCADO - RESP LIMITADA;2025-04-30;Derivativos;0.00
FI;30.378.646/0001-78;;BRADESCO VERDE AM 60 FIF - CLASSE DE INVESTIMENTO EM COTAS MULTIMERCADO - RESP LIMITADA;2025-04-30;Operações compromissadas lastreadas em títulos públicos federais;0.11
FI;30.378.646/0001-78;;BRADESCO VERDE AM 60 FIF - CLASSE DE INVESTIMENTO EM COTAS MULTIMERCADO - RESP LIMITADA;2025-04-30;Títulos públicos federais;0.25
FI;30.378.660/0001-71;;CONEXÃO VERDE AM 60 FIF - CLASSE DE INVESTIMENTO EM COTAS MULTIMERCADO - RESP LIMITADA;2025-04-30;Cotas de fundos de investimento 409;100.02
FI;30.447.352/0001-50;;BRAM INSTITUCIONAL FI FINANCEIRO - CIA - RESP LIMITADA;2025-04-30;Ações;87.17
FI;30.447.352/0001-50;;BRAM INSTITUCIONAL FI FINANCEIRO - CIA - RESP LIMITADA;2025-04-30;Derivativos;0.09
FI;30.447.352/0001-50;;BRAM INSTITUCIONAL FI FINANCEIRO - CIA - RESP LIMITADA;2025-04-30;Operações compromissadas lastreadas em títulos públicos federais;8.23
FI;30.493.304/0001-07;;BAHIA AM MARAÚ S FIF - CLASSE DE INVESTIMENTO EM COTAS MULTIMERCADO - RESP LIMITADA;2025-04-30;Derivativos;-18.71
FI;30.493.304/0001-07;;BAHIA AM MARAÚ S FIF - CLASSE DE INVESTIMENTO EM COTAS MULTIMERCADO - RESP LIMITADA;2025-04-30;Investimento no exterior;14.33
FI;30.493.304/0001-07;;BAHIA AM MARAÚ S FIF - CLASSE DE INVESTIMENTO EM COTAS MULTIMERCADO - RESP LIMITADA;2025-04-30;Operações compromissadas lastreadas em títulos públicos federais;15.52
FI;30.493.304/0001-07;;BAHIA AM MARAÚ S FIF - CLASSE DE INVESTIMENTO EM COTAS MULTIMERCADO - RESP LIMITADA;2025-04-30;Títulos públicos federais;70.59
CLASSES - FIF;30.493.327/0001-03;;IBIUNA HEDGE STSF FIF - CLASSE DE INVESTIMENTO EM COTAS MULTIMERCADO - RESPONSABILIDADE LIMITADA;2025-04-30;Derivativos;817.01
CLASSES - FIF;30.493.327/0001-03;;IBIUNA HEDGE STSF FIF - CLASSE DE INVESTIMENTO EM COTAS MULTIMERCADO - RESPONSABILIDADE LIMITADA;2025-04-30;Investimento no exterior;19.97
CLASSES - FIF;30.493.327/0001-03;;IBIUNA HEDGE STSF FIF - CLASSE DE INVESTIMENTO EM COTAS MULTIMERCADO - RESPONSABILIDADE LIMITADA;2025-04-30;Operações compromissadas lastreadas em títulos públicos federais;92.92
CLASSES - FIF;30.493.327/0001-03;;IBIUNA HEDGE STSF FIF - CLASSE DE INVESTIMENTO EM COTAS MULTIMERCADO - RESPONSABILIDADE LIMITADA;2025-04-30;Títulos de crédito privado;7.89
CLASSES - FIF;30.493.327/0001-03;;IBIUNA HEDGE STSF FIF - CLASSE DE INVESTIMENTO EM COTAS MULTIMERCADO - RESPONSABILIDADE LIMITADA;2025-04-30;Títulos públicos federais;146.10
CLASSES - FIF;30.493.349/0001-73;;IBIUNA HEDGE ST ADVISORY FIF - CLASSE DE INVESTIMENTO EM COTAS MULTIMERCADO - RESP LIMITADA;2025-04-30;Derivativos;817.16
CLASSES - FIF;30.493.349/0001-73;;IBIUNA HEDGE ST ADVISORY FIF - CLASSE DE INVESTIMENTO EM COTAS MULTIMERCADO - RESP LIMITADA;2025-04-30;Investimento no exterior;19.97
CLASSES - FIF;30.493.349/0001-73;;IBIUNA HEDGE ST ADVISORY FIF - CLASSE DE INVESTIMENTO EM COTAS MULTIMERCADO - RESP LIMITADA;2025-04-30;Operações compromissadas lastreadas em títulos públicos federais;92.93
CLASSES - FIF;30.493.349/0001-73;;IBIUNA HEDGE ST ADVISORY FIF - CLASSE DE INVESTIMENTO EM COTAS MULTIMERCADO - RESP LIMITADA;2025-04-30;Títulos de crédito privado;7.89
CLASSES - FIF;30.493.349/0001-73;;IBIUNA HEDGE ST ADVISORY FIF - CLASSE DE INVESTIMENTO EM COTAS MULTIMERCADO - RESP LIMITADA;2025-04-30;Títulos públicos federais;146.13
FI;30.556.797/0001-79;;PWM V FIF - CLASSE DE INVESTIMENTO EM COTAS MULTIMERCADO CRÉDITO PRIVADO - RESP LIMITADA;2025-04-30;Cotas de fundos de investimento 409;98.38
FI;30.556.797/0001-79;;PWM V FIF - CLASSE DE INVESTIMENTO EM COTAS MULTIMERCADO CRÉDITO PRIVADO - RESP LIMITADA;2025-04-30;Operações compromissadas lastreadas em títulos públicos federais;0.48
FI;30.556.797/0001-79;;PWM V FIF - CLASSE DE INVESTIMENTO EM COTAS MULTIMERCADO CRÉDITO PRIVADO - RESP LIMITADA;2025-04-30;Títulos públicos federais;1.19
FI;30.756.847/0001-61;;CSHG VERDE 60 FUNDO DE INVESTIMENTO EM COTAS DE FIF MULTIMERCADO - RESPONSABILDADE LIMITADA;2025-04-30;Cotas de Fundos de Investimento 555;99.98
FI;30.756.847/0001-61;;CSHG VERDE 60 FUNDO DE INVESTIMENTO EM COTAS DE FIF MULTIMERCADO - RESPONSABILDADE LIMITADA;2025-04-30;Outros;0.05
CLASSES - FIF;30.877.528/0001-04;;INTER HEDGE FIF INCENTIVADO DE INVESTIMENTO EM INFRA RENDA FIXA RESPONSABILIDADE LIMITADA;2025-04-30;Debentures;91.46
CLASSES - FIF;30.877.528/0001-04;;INTER HEDGE FIF INCENTIVADO DE INVESTIMENTO EM INFRA RENDA FIXA RESPONSABILIDADE LIMITADA;2025-04-30;Operações Compromissadas Lastreadas em Títulos Públicos Federais;1.08
CLASSES - FIF;30.877.528/0001-04;;INTER HEDGE FIF INCENTIVADO DE INVESTIMENTO EM INFRA RENDA FIXA RESPONSABILIDADE LIMITADA;2025-04-30;Titulos Privados Baixo Risco;2.96
CLASSES - FIF;30.877.528/0001-04;;INTER HEDGE FIF INCENTIVADO DE INVESTIMENTO EM INFRA RENDA FIXA RESPONSABILIDADE LIMITADA;2025-04-30;Titulos Publicos Federais;4.60
FI;31.031.064/0001-83;;CONEXÃO OAKTREE GLOBAL CREDIT FIF - CIC MULTIMERCADO - RESPONSABILIDADE LIMITADA;2025-04-30;Cotas de fundos de investimento 409;99.49
FI;31.031.064/0001-83;;CONEXÃO OAKTREE GLOBAL CREDIT FIF - CIC MULTIMERCADO - RESPONSABILIDADE LIMITADA;2025-04-30;Operações compromissadas lastreadas em títulos públicos federais;0.51
FI;31.031.274/0001-71;;NEXT FIF - CIC DE AÇÕES IBOVESPA - RESP LIMITADA;2025-04-30;Ações;64.65
FI;31.031.274/0001-71;;NEXT FIF - CIC DE AÇÕES IBOVESPA - RESP LIMITADA;2025-04-30;Cotas de fundos de investimento 409;34.47
FI;31.031.274/0001-71;;NEXT FIF - CIC DE AÇÕES IBOVESPA - RESP LIMITADA;2025-04-30;Derivativos;0.87
FI;31.031.274/0001-71;;NEXT FIF - CIC DE AÇÕES IBOVESPA - RESP LIMITADA;2025-04-30;Operações compromissadas lastreadas em títulos públicos federais;0.58
FI;31.031.288/0001-95;;BRADESCO GLOBAL INSTITUCIONAL FI FINANCEIRO - CIC EM AÇÕES - RESP LIMITADA;2025-04-30;Derivativos;0.00
FI;31.031.288/0001-95;;BRADESCO GLOBAL INSTITUCIONAL FI FINANCEIRO - CIC EM AÇÕES - RESP LIMITADA;2025-04-30;Investimento no exterior;99.42
FI;31.031.288/0001-95;;BRADESCO GLOBAL INSTITUCIONAL FI FINANCEIRO - CIC EM AÇÕES - RESP LIMITADA;2025-04-30;Operações compromissadas lastreadas em títulos públicos federais;0.17
FI;31.031.288/0001-95;;BRADESCO GLOBAL INSTITUCIONAL FI FINANCEIRO - CIC EM AÇÕES - RESP LIMITADA;2025-04-30;Títulos públicos federais;0.41
CLASSES - FIF;31.057.597/0001-34;;FEEDER VERDE FIF  - CLASSE DE  INVESTIMENTO EM COTAS MULTIMERCADO - RESPONSABILIDADE LIMITADA;2025-04-30;Cotas de fundos de investimento 409;99.68
CLASSES - FIF;31.057.597/0001-34;;FEEDER VERDE FIF  - CLASSE DE  INVESTIMENTO EM COTAS MULTIMERCADO - RESPONSABILIDADE LIMITADA;2025-04-30;Derivativos;0.00
CLASSES - FIF;31.057.597/0001-34;;FEEDER VERDE FIF  - CLASSE DE  INVESTIMENTO EM COTAS MULTIMERCADO - RESPONSABILIDADE LIMITADA;2025-04-30;Operações compromissadas lastreadas em títulos públicos federais;0.08
CLASSES - FIF;31.057.597/0001-34;;FEEDER VERDE FIF  - CLASSE DE  INVESTIMENTO EM COTAS MULTIMERCADO - RESPONSABILIDADE LIMITADA;2025-04-30;Títulos públicos federais;0.19
CLASSES - FIF;31.145.833/0001-74;;TREND INFLAÇÃO CURTA FUNDO DE INVESTIMENTO EM RENDA FIXA RESPONSABILIDADE LIMITADA;2025-04-30;Outras aplicações;0.00
FI;31.248.238/0001-64;;SAPHIRA FIF - CI MULT CRÉDITO PRIVADO - RESP LIMITADA;2025-04-30;Ações;0.13
FI;31.248.238/0001-64;;SAPHIRA FIF - CI MULT CRÉDITO PRIVADO - RESP LIMITADA;2025-04-30;Cotas de fundos de investimento 409;38.03
FI;31.248.238/0001-64;;SAPHIRA FIF - CI MULT CRÉDITO PRIVADO - RESP LIMITADA;2025-04-30;Operações compromissadas lastreadas em títulos públicos federais;11.99
FI;31.248.238/0001-64;;SAPHIRA FIF - CI MULT CRÉDITO PRIVADO - RESP LIMITADA;2025-04-30;Títulos de crédito privado;0.07
FI;31.248.238/0001-64;;SAPHIRA FIF - CI MULT CRÉDITO PRIVADO - RESP LIMITADA;2025-04-30;Títulos públicos federais;50.62
FI;31.551.438/0001-91;;BOOT FUNDO DE INVESTIMENTO EM COTAS DE FUNDOS DE INVESTIMENTO MULTIMERCADO CP-RESP. LTDA;2025-04-30;Acões;0.00
FI;31.551.438/0001-91;;BOOT FUNDO DE INVESTIMENTO EM COTAS DE FUNDOS DE INVESTIMENTO MULTIMERCADO CP-RESP. LTDA;2025-04-30;Cotas de Fundos de Investimento 555;100.00
FI;31.551.438/0001-91;;BOOT FUNDO DE INVESTIMENTO EM COTAS DE FUNDOS DE INVESTIMENTO MULTIMERCADO CP-RESP. LTDA;2025-04-30;Operacões compromissadas lastreadas em títulos privados;0.00
FI;31.551.438/0001-91;;BOOT FUNDO DE INVESTIMENTO EM COTAS DE FUNDOS DE INVESTIMENTO MULTIMERCADO CP-RESP. LTDA;2025-04-30;Operacões compromissadas lastreadas em títulos públicos federais;0.00
FI;31.551.438/0001-91;;BOOT FUNDO DE INVESTIMENTO EM COTAS DE FUNDOS DE INVESTIMENTO MULTIMERCADO CP-RESP. LTDA;2025-04-30;Títulos Públicos federais;0.00
CLASSES - FIF;31.552.311/0001-97;;CSHG MASTER DIRECIONAL IMA-B 5 FUNDO DE INVESTIMENTO FINANCEIRO RENDA FIXA RESPONSABILIDADE LIMITADA;2025-04-30;Compromissadas lastreadas em T¿los P¿blicos;4.27
CLASSES - FIF;31.552.311/0001-97;;CSHG MASTER DIRECIONAL IMA-B 5 FUNDO DE INVESTIMENTO FINANCEIRO RENDA FIXA RESPONSABILIDADE LIMITADA;2025-04-30;Derivativos;0.00
CLASSES - FIF;31.552.311/0001-97;;CSHG MASTER DIRECIONAL IMA-B 5 FUNDO DE INVESTIMENTO FINANCEIRO RENDA FIXA RESPONSABILIDADE LIMITADA;2025-04-30;Outros;0.01
CLASSES - FIF;31.552.311/0001-97;;CSHG MASTER DIRECIONAL IMA-B 5 FUNDO DE INVESTIMENTO FINANCEIRO RENDA FIXA RESPONSABILIDADE LIMITADA;2025-04-30;T¿los P¿blicos Federais;95.74
CLASSES - FIF;31.552.347/0001-70;;CSHG MASTER DIRECIONAL IDKA 3 FUNDO DE INVESTIMENTO FINANCEIRO RENDA FIXA RESPONSABILIDADE LIMITADA;2025-04-30;Compromissadas lastreadas em T¿los P¿blicos;7.78
CLASSES - FIF;31.552.347/0001-70;;CSHG MASTER DIRECIONAL IDKA 3 FUNDO DE INVESTIMENTO FINANCEIRO RENDA FIXA RESPONSABILIDADE LIMITADA;2025-04-30;Derivativos;0.00
CLASSES - FIF;31.552.347/0001-70;;CSHG MASTER DIRECIONAL IDKA 3 FUNDO DE INVESTIMENTO FINANCEIRO RENDA FIXA RESPONSABILIDADE LIMITADA;2025-04-30;Outros;0.19
CLASSES - FIF;31.552.347/0001-70;;CSHG MASTER DIRECIONAL IDKA 3 FUNDO DE INVESTIMENTO FINANCEIRO RENDA FIXA RESPONSABILIDADE LIMITADA;2025-04-30;T¿los P¿blicos Federais;91.92
CLASSES - FIF;31.552.352/0001-83;;CSHG MASTER DIRECIONAL IMA-B RENDA FIXA FUNDO DE INVESTIMENTO FINANCEIRO - RESPONSABILIDADE LIMITADA;2025-04-30;Compromissadas lastreadas em T¿los P¿blicos;5.00
CLASSES - FIF;31.552.352/0001-83;;CSHG MASTER DIRECIONAL IMA-B RENDA FIXA FUNDO DE INVESTIMENTO FINANCEIRO - RESPONSABILIDADE LIMITADA;2025-04-30;Derivativos;0.00
CLASSES - FIF;31.552.352/0001-83;;CSHG MASTER DIRECIONAL IMA-B RENDA FIXA FUNDO DE INVESTIMENTO FINANCEIRO - RESPONSABILIDADE LIMITADA;2025-04-30;Outros;0.01
CLASSES - FIF;31.552.352/0001-83;;CSHG MASTER DIRECIONAL IMA-B RENDA FIXA FUNDO DE INVESTIMENTO FINANCEIRO - RESPONSABILIDADE LIMITADA;2025-04-30;T¿los P¿blicos Federais;95.27
CLASSES - FIF;31.594.549/0001-85;;CS EVOLUTION DI PLUS PRIVATE FUNDO DE INVESTIMENTO EM COTAS DE FIF RENDA FIXA REF - RESP LIMITADA;2025-04-30;Outras Cotas de Fundos de Investimento;100.03
CLASSES - FIF;31.594.549/0001-85;;CS EVOLUTION DI PLUS PRIVATE FUNDO DE INVESTIMENTO EM COTAS DE FIF RENDA FIXA REF - RESP LIMITADA;2025-04-30;Outros;0.00
CLASSES - FIF;31.690.733/0001-29;;CSHG MASTER IBOVESPA PLUS FUNDO DE INVESTIMENTO FINANCEIRO EM AÇÕES - RESPONSABILIDADE LIMITADA;2025-04-30;A¿s;70.37
CLASSES - FIF;31.690.733/0001-29;;CSHG MASTER IBOVESPA PLUS FUNDO DE INVESTIMENTO FINANCEIRO EM AÇÕES - RESPONSABILIDADE LIMITADA;2025-04-30;Compromissadas lastreadas em T¿los P¿blicos;10.84
CLASSES - FIF;31.690.733/0001-29;;CSHG MASTER IBOVESPA PLUS FUNDO DE INVESTIMENTO FINANCEIRO EM AÇÕES - RESPONSABILIDADE LIMITADA;2025-04-30;Derivativos;0.00
CLASSES - FIF;31.690.733/0001-29;;CSHG MASTER IBOVESPA PLUS FUNDO DE INVESTIMENTO FINANCEIRO EM AÇÕES - RESPONSABILIDADE LIMITADA;2025-04-30;Outras Cotas de Fundos de Investimento;17.64
CLASSES - FIF;31.690.733/0001-29;;CSHG MASTER IBOVESPA PLUS FUNDO DE INVESTIMENTO FINANCEIRO EM AÇÕES - RESPONSABILIDADE LIMITADA;2025-04-30;Outros;0.11
FI;31.713.958/0001-53;;AXSP FUNDO DE INVESTIMENTO EM COTAS DE FUNDOS DE INVESTIMENTO MULTIMERCADO CP - RESP LTDA;2025-04-30;Acões;0.00
FI;31.713.958/0001-53;;AXSP FUNDO DE INVESTIMENTO EM COTAS DE FUNDOS DE INVESTIMENTO MULTIMERCADO CP - RESP LTDA;2025-04-30;Cotas de Fundos de Investimento 555;100.00
FI;31.713.958/0001-53;;AXSP FUNDO DE INVESTIMENTO EM COTAS DE FUNDOS DE INVESTIMENTO MULTIMERCADO CP - RESP LTDA;2025-04-30;Operacões compromissadas lastreadas em títulos privados;0.00
FI;31.713.958/0001-53;;AXSP FUNDO DE INVESTIMENTO EM COTAS DE FUNDOS DE INVESTIMENTO MULTIMERCADO CP - RESP LTDA;2025-04-30;Operacões compromissadas lastreadas em títulos públicos federais;0.00
FI;31.713.958/0001-53;;AXSP FUNDO DE INVESTIMENTO EM COTAS DE FUNDOS DE INVESTIMENTO MULTIMERCADO CP - RESP LTDA;2025-04-30;Títulos Públicos federais;0.00
FI;31.848.238/0001-03;;ÁFIRA VALOR FUNDO DE INVESTIMENTO FINANCEIRO;2025-04-30;Ações;68.45
FI;31.848.238/0001-03;;ÁFIRA VALOR FUNDO DE INVESTIMENTO FINANCEIRO;2025-04-30;Derivativos;0.13
FI;31.848.238/0001-03;;ÁFIRA VALOR FUNDO DE INVESTIMENTO FINANCEIRO;2025-04-30;Operações Compromissadas Lastreadas em Títulos Públicos Federais;21.71
FI;31.848.238/0001-03;;ÁFIRA VALOR FUNDO DE INVESTIMENTO FINANCEIRO;2025-04-30;Outras Aplicações;5.33
FI;31.963.396/0001-04;;DEVANT MAGNA FUNDO DE INVESTIMENTO FINANCEIRO RESPONSABILIDADE LIMITADA;2025-04-30;Derivativos;0.00
FI;31.963.396/0001-04;;DEVANT MAGNA FUNDO DE INVESTIMENTO FINANCEIRO RESPONSABILIDADE LIMITADA;2025-04-30;Operações Compromissadas Lastreadas em Títulos Públicos Federais;31.03
FI;31.963.396/0001-04;;DEVANT MAGNA FUNDO DE INVESTIMENTO FINANCEIRO RESPONSABILIDADE LIMITADA;2025-04-30;Outras Aplicações;9.71
FI;31.963.396/0001-04;;DEVANT MAGNA FUNDO DE INVESTIMENTO FINANCEIRO RESPONSABILIDADE LIMITADA;2025-04-30;Títulos de Crédito Privado;40.72
FI;31.963.396/0001-04;;DEVANT MAGNA FUNDO DE INVESTIMENTO FINANCEIRO RESPONSABILIDADE LIMITADA;2025-04-30;Títulos Públicos Federais;18.89
FI;32.138.793/0001-04;;NAVI COMPASS FIF - CLASSE DE INVESTIMENTO EM COTAS MULTIMERCADO - RESP LIMITADA;2025-04-30;Ações;75.73
FI;32.138.793/0001-04;;NAVI COMPASS FIF - CLASSE DE INVESTIMENTO EM COTAS MULTIMERCADO - RESP LIMITADA;2025-04-30;Cotas de fundos de investimento 409;0.23
FI;32.138.793/0001-04;;NAVI COMPASS FIF - CLASSE DE INVESTIMENTO EM COTAS MULTIMERCADO - RESP LIMITADA;2025-04-30;Investimento no exterior;17.67
FI;32.138.793/0001-04;;NAVI COMPASS FIF - CLASSE DE INVESTIMENTO EM COTAS MULTIMERCADO - RESP LIMITADA;2025-04-30;Operações compromissadas lastreadas em títulos públicos federais;6.86
FI;32.138.793/0001-04;;NAVI COMPASS FIF - CLASSE DE INVESTIMENTO EM COTAS MULTIMERCADO - RESP LIMITADA;2025-04-30;Títulos públicos federais;22.89
CLASSES - FIF;32.158.393/0001-52;;IBIUNA LONG SHORT SF FIF - CLASSE DE INVESTIMENTO EM COTAS MULTIMERCADO - RESPONSABILIDADE  LIMITADA;2025-04-30;Ações;46.84
CLASSES - FIF;32.158.393/0001-52;;IBIUNA LONG SHORT SF FIF - CLASSE DE INVESTIMENTO EM COTAS MULTIMERCADO - RESPONSABILIDADE  LIMITADA;2025-04-30;Cotas de fundos de investimento 409;3.42
CLASSES - FIF;32.158.393/0001-52;;IBIUNA LONG SHORT SF FIF - CLASSE DE INVESTIMENTO EM COTAS MULTIMERCADO - RESPONSABILIDADE  LIMITADA;2025-04-30;Investimento no exterior;17.54
CLASSES - FIF;32.158.393/0001-52;;IBIUNA LONG SHORT SF FIF - CLASSE DE INVESTIMENTO EM COTAS MULTIMERCADO - RESPONSABILIDADE  LIMITADA;2025-04-30;Operações compromissadas lastreadas em títulos públicos federais;14.87
CLASSES - FIF;32.158.393/0001-52;;IBIUNA LONG SHORT SF FIF - CLASSE DE INVESTIMENTO EM COTAS MULTIMERCADO - RESPONSABILIDADE  LIMITADA;2025-04-30;Títulos públicos federais;63.26
FI;32.158.410/0001-51;;BRADESCO ASSET FIF - CLASSE DE INVESTIMENTO EM COTAS RENDA FIXA REFERENCIADA DI - RESP LIMITADA;2025-04-30;Cotas de fundos de investimento 409;2.15
FI;32.158.410/0001-51;;BRADESCO ASSET FIF - CLASSE DE INVESTIMENTO EM COTAS RENDA FIXA REFERENCIADA DI - RESP LIMITADA;2025-04-30;Depósitos a prazo e outros títulos de instituições financeiras;28.48
FI;32.158.410/0001-51;;BRADESCO ASSET FIF - CLASSE DE INVESTIMENTO EM COTAS RENDA FIXA REFERENCIADA DI - RESP LIMITADA;2025-04-30;Operações compromissadas lastreadas em títulos públicos federais;41.49
FI;32.158.410/0001-51;;BRADESCO ASSET FIF - CLASSE DE INVESTIMENTO EM COTAS RENDA FIXA REFERENCIADA DI - RESP LIMITADA;2025-04-30;Títulos de crédito privado;11.46
FI;32.158.410/0001-51;;BRADESCO ASSET FIF - CLASSE DE INVESTIMENTO EM COTAS RENDA FIXA REFERENCIADA DI - RESP LIMITADA;2025-04-30;Títulos públicos federais;16.43
FI;32.158.424/0001-75;;BRADESCO ASSET ALOCAÇÃO ARROJADA FI FINANCEIRO - CIC MULT - RESP LIMITADA;2025-04-30;Cotas de fundos de investimento 409;95.92
FI;32.158.424/0001-75;;BRADESCO ASSET ALOCAÇÃO ARROJADA FI FINANCEIRO - CIC MULT - RESP LIMITADA;2025-04-30;Operações compromissadas lastreadas em títulos públicos federais;1.18
FI;32.158.424/0001-75;;BRADESCO ASSET ALOCAÇÃO ARROJADA FI FINANCEIRO - CIC MULT - RESP LIMITADA;2025-04-30;Títulos públicos federais;3.01
FI;32.158.430/0001-22;;BRADESCO CENTURION DIVIDENDOS FIF - CLASSE DE INVESTIMENTO EM COTAS DE AÇÕES - RESP LIMITADA;2025-04-30;Ações;91.92
FI;32.158.430/0001-22;;BRADESCO CENTURION DIVIDENDOS FIF - CLASSE DE INVESTIMENTO EM COTAS DE AÇÕES - RESP LIMITADA;2025-04-30;Derivativos;-0.28
FI;32.158.430/0001-22;;BRADESCO CENTURION DIVIDENDOS FIF - CLASSE DE INVESTIMENTO EM COTAS DE AÇÕES - RESP LIMITADA;2025-04-30;Operações compromissadas lastreadas em títulos públicos federais;5.37
FI;32.158.441/0001-02;;BRADESCO ASSET LONG ONLY FI FINANCEIRO - CIC EM AÇÕES - RESP LIMITADA;2025-04-30;Ações;83.78
FI;32.158.441/0001-02;;BRADESCO ASSET LONG ONLY FI FINANCEIRO - CIC EM AÇÕES - RESP LIMITADA;2025-04-30;Derivativos;-1.98
FI;32.158.441/0001-02;;BRADESCO ASSET LONG ONLY FI FINANCEIRO - CIC EM AÇÕES - RESP LIMITADA;2025-04-30;Investimento no exterior;6.60
FI;32.158.441/0001-02;;BRADESCO ASSET LONG ONLY FI FINANCEIRO - CIC EM AÇÕES - RESP LIMITADA;2025-04-30;Operações compromissadas lastreadas em títulos públicos federais;5.47
FI;32.159.627/0001-86;;VANQUISH LONG BIAS MASTER FIM;2025-04-30;Acões;92.53
FI;32.159.627/0001-86;;VANQUISH LONG BIAS MASTER FIM;2025-04-30;Cotas de Fundos de Investimento 555;3.37
FI;32.159.627/0001-86;;VANQUISH LONG BIAS MASTER FIM;2025-04-30;Depósito a prazo e outros títulos de instituições financeiras;2.58
FI;32.159.627/0001-86;;VANQUISH LONG BIAS MASTER FIM;2025-04-30;Operacões compromissadas lastreadas em títulos privados;0.00
FI;32.159.627/0001-86;;VANQUISH LONG BIAS MASTER FIM;2025-04-30;Títulos Públicos federais;1.53
FI;32.240.613/0001-92;;GÁVEA MACRO BB FIF - CIC MULTIMERCADO - RESP LIMITADA;2025-04-30;Ações;9.45
FI;32.240.613/0001-92;;GÁVEA MACRO BB FIF - CIC MULTIMERCADO - RESP LIMITADA;2025-04-30;Investimento no exterior;14.54
FI;32.240.613/0001-92;;GÁVEA MACRO BB FIF - CIC MULTIMERCADO - RESP LIMITADA;2025-04-30;Operações compromissadas lastreadas em títulos públicos federais;26.29
FI;32.240.613/0001-92;;GÁVEA MACRO BB FIF - CIC MULTIMERCADO - RESP LIMITADA;2025-04-30;Títulos de crédito privado;-0.05
FI;32.240.613/0001-92;;GÁVEA MACRO BB FIF - CIC MULTIMERCADO - RESP LIMITADA;2025-04-30;Títulos públicos federais;51.16
FI;32.240.637/0001-41;;GÁVEA MACRO ADVISORY FIF - CLASSE DE INVESTIMENTO EM COTAS MULTIMERCADO - RESP LIMITADA;2025-04-30;Ações;9.45
FI;32.240.637/0001-41;;GÁVEA MACRO ADVISORY FIF - CLASSE DE INVESTIMENTO EM COTAS MULTIMERCADO - RESP LIMITADA;2025-04-30;Investimento no exterior;14.53
FI;32.240.637/0001-41;;GÁVEA MACRO ADVISORY FIF - CLASSE DE INVESTIMENTO EM COTAS MULTIMERCADO - RESP LIMITADA;2025-04-30;Operações compromissadas lastreadas em títulos públicos federais;26.29
FI;32.240.637/0001-41;;GÁVEA MACRO ADVISORY FIF - CLASSE DE INVESTIMENTO EM COTAS MULTIMERCADO - RESP LIMITADA;2025-04-30;Títulos de crédito privado;-0.05
FI;32.240.637/0001-41;;GÁVEA MACRO ADVISORY FIF - CLASSE DE INVESTIMENTO EM COTAS MULTIMERCADO - RESP LIMITADA;2025-04-30;Títulos públicos federais;51.17
FI;32.273.497/0001-08;;BRAM FIF - CLASSE DE INVESTIMENTO RF REFERENCIADA DI FEDERAL III - RESP LIMITADA;2025-04-30;Operações compromissadas lastreadas em títulos públicos federais;28.72
FI;32.273.497/0001-08;;BRAM FIF - CLASSE DE INVESTIMENTO RF REFERENCIADA DI FEDERAL III - RESP LIMITADA;2025-04-30;Títulos públicos federais;71.28
FI;32.273.503/0001-27;;BRADESCO IBIUNA HEDGE STH FIF - CIC MULTIMERCADO - RESPONSABILIDADE LIMITADA;2025-04-30;Cotas de fundos de investimento 409;100.59
FI;32.273.503/0001-27;;BRADESCO IBIUNA HEDGE STH FIF - CIC MULTIMERCADO - RESPONSABILIDADE LIMITADA;2025-04-30;Derivativos;0.00
FI;32.273.503/0001-27;;BRADESCO IBIUNA HEDGE STH FIF - CIC MULTIMERCADO - RESPONSABILIDADE LIMITADA;2025-04-30;Operações compromissadas lastreadas em títulos públicos federais;0.17
FI;32.273.503/0001-27;;BRADESCO IBIUNA HEDGE STH FIF - CIC MULTIMERCADO - RESPONSABILIDADE LIMITADA;2025-04-30;Títulos públicos federais;0.40
FI;32.273.507/0001-05;;BRADESCO VERDE MULTIESTRATÉGIA FIF - CLASSE DE INVESTIMENTO EM COTAS MULTIMERCADO - RESP LIMITADA;2025-04-30;Cotas de fundos de investimento 409;99.46
FI;32.273.507/0001-05;;BRADESCO VERDE MULTIESTRATÉGIA FIF - CLASSE DE INVESTIMENTO EM COTAS MULTIMERCADO - RESP LIMITADA;2025-04-30;Derivativos;0.00
FI;32.273.507/0001-05;;BRADESCO VERDE MULTIESTRATÉGIA FIF - CLASSE DE INVESTIMENTO EM COTAS MULTIMERCADO - RESP LIMITADA;2025-04-30;Operações compromissadas lastreadas em títulos públicos federais;0.16
FI;32.273.507/0001-05;;BRADESCO VERDE MULTIESTRATÉGIA FIF - CLASSE DE INVESTIMENTO EM COTAS MULTIMERCADO - RESP LIMITADA;2025-04-30;Títulos públicos federais;0.38
FI;32.273.514/0001-07;;BRADESCO RPS EQUITY HEDGE FIF - CLASSE DE INVESTIMENTO EM COTAS MULTIMERCADO - RESP LIMITADA;2025-04-30;Cotas de fundos de investimento 409;98.35
FI;32.273.514/0001-07;;BRADESCO RPS EQUITY HEDGE FIF - CLASSE DE INVESTIMENTO EM COTAS MULTIMERCADO - RESP LIMITADA;2025-04-30;Derivativos;0.00
FI;32.273.514/0001-07;;BRADESCO RPS EQUITY HEDGE FIF - CLASSE DE INVESTIMENTO EM COTAS MULTIMERCADO - RESP LIMITADA;2025-04-30;Operações compromissadas lastreadas em títulos públicos federais;0.43
FI;32.273.514/0001-07;;BRADESCO RPS EQUITY HEDGE FIF - CLASSE DE INVESTIMENTO EM COTAS MULTIMERCADO - RESP LIMITADA;2025-04-30;Títulos públicos federais;1.03
FI;32.273.523/0001-06;;BRADESCO LONG BIASED APEX INFINITY FIF - CIC AÇÕES - RESPONSABILIDADE LIMITADA;2025-04-30;Cotas de fundos de investimento 409;99.54
FI;32.273.523/0001-06;;BRADESCO LONG BIASED APEX INFINITY FIF - CIC AÇÕES - RESPONSABILIDADE LIMITADA;2025-04-30;Operações compromissadas lastreadas em títulos públicos federais;0.13
FI;32.273.523/0001-06;;BRADESCO LONG BIASED APEX INFINITY FIF - CIC AÇÕES - RESPONSABILIDADE LIMITADA;2025-04-30;Títulos públicos federais;0.34
FI;32.273.528/0001-20;;BRADESCO TRUXT I LONG SHORT FIF - CIC MULTIMERCADO - RESP LIMITADA;2025-04-30;Cotas de fundos de investimento 409;100.03
FI;32.273.536/0001-77;;BRADESCO JGP STRATEGY FIF - CLASSE DE INVESTIMENTO EM COTAS MULTIMERCADO - RESP LIMITADA;2025-04-30;Cotas de fundos de investimento 409;99.40
FI;32.273.536/0001-77;;BRADESCO JGP STRATEGY FIF - CLASSE DE INVESTIMENTO EM COTAS MULTIMERCADO - RESP LIMITADA;2025-04-30;Derivativos;0.00
FI;32.273.536/0001-77;;BRADESCO JGP STRATEGY FIF - CLASSE DE INVESTIMENTO EM COTAS MULTIMERCADO - RESP LIMITADA;2025-04-30;Operações compromissadas lastreadas em títulos públicos federais;0.17
FI;32.273.536/0001-77;;BRADESCO JGP STRATEGY FIF - CLASSE DE INVESTIMENTO EM COTAS MULTIMERCADO - RESP LIMITADA;2025-04-30;Títulos públicos federais;0.41
FI;32.273.540/0001-35;;JGP STRATEGY FIF - CLASSE DE INVESTIMENTO EM COTAS MULTIMERCADO- RESPONSABILIDADE LIMITADA;2025-04-30;Cotas de fundos de investimento 409;100.03
FI;32.273.549/0001-46;;BRADESCO VERDE MULTIESTRATÉGIA ÁGORA FIF - CLASSE DE INVESTIMENTO EM COTAS MULT - RESP LIMITADA;2025-04-30;Cotas de fundos de investimento 409;100.05
FI;32.273.554/0001-59;;IBIUNA HEDGE STH IMERCADO ÁGORA FIF - CLASSE DE INVESTIMENTO EM COTAS MULTIMERCADO - RESP LIMITADA;2025-04-30;Cotas de fundos de investimento 409;100.40
FI;32.273.554/0001-59;;IBIUNA HEDGE STH IMERCADO ÁGORA FIF - CLASSE DE INVESTIMENTO EM COTAS MULTIMERCADO - RESP LIMITADA;2025-04-30;Derivativos;0.00
FI;32.273.554/0001-59;;IBIUNA HEDGE STH IMERCADO ÁGORA FIF - CLASSE DE INVESTIMENTO EM COTAS MULTIMERCADO - RESP LIMITADA;2025-04-30;Operações compromissadas lastreadas em títulos públicos federais;0.23
FI;32.273.554/0001-59;;IBIUNA HEDGE STH IMERCADO ÁGORA FIF - CLASSE DE INVESTIMENTO EM COTAS MULTIMERCADO - RESP LIMITADA;2025-04-30;Títulos públicos federais;0.54
FI;32.287.553/0001-63;;FEEDER OCEANA SELECTION FIF - CLASSE DE INVESTIMENTO EM COTAS DE AÇÕES - RESP LIMITADA;2025-04-30;Cotas de fundos de investimento 409;99.15
FI;32.287.553/0001-63;;FEEDER OCEANA SELECTION FIF - CLASSE DE INVESTIMENTO EM COTAS DE AÇÕES - RESP LIMITADA;2025-04-30;Derivativos;0.00
FI;32.287.553/0001-63;;FEEDER OCEANA SELECTION FIF - CLASSE DE INVESTIMENTO EM COTAS DE AÇÕES - RESP LIMITADA;2025-04-30;Operações compromissadas lastreadas em títulos públicos federais;0.25
FI;32.287.553/0001-63;;FEEDER OCEANA SELECTION FIF - CLASSE DE INVESTIMENTO EM COTAS DE AÇÕES - RESP LIMITADA;2025-04-30;Títulos públicos federais;0.59
CLASSES - FIF;32.287.561/0001-00;;FEEDER ATMOS FIF - CLASSE DE  INVESTIMENTO EM COTAS AÇÕES - RESPONSABILIDADE LIMITADA;2025-04-30;Cotas de fundos de investimento 409;98.94
CLASSES - FIF;32.287.561/0001-00;;FEEDER ATMOS FIF - CLASSE DE  INVESTIMENTO EM COTAS AÇÕES - RESPONSABILIDADE LIMITADA;2025-04-30;Derivativos;0.00
CLASSES - FIF;32.287.561/0001-00;;FEEDER ATMOS FIF - CLASSE DE  INVESTIMENTO EM COTAS AÇÕES - RESPONSABILIDADE LIMITADA;2025-04-30;Operações compromissadas lastreadas em títulos públicos federais;0.31
CLASSES - FIF;32.287.561/0001-00;;FEEDER ATMOS FIF - CLASSE DE  INVESTIMENTO EM COTAS AÇÕES - RESPONSABILIDADE LIMITADA;2025-04-30;Títulos públicos federais;0.74
FI;32.287.581/0001-80;;FEEDER ABSOLUTE VERTEX FIF - CLASSE DE INVESTIMENTO EM COTAS MULTIMERCADO - RESP LIMITADA;2025-04-30;Cotas de fundos de investimento 409;99.42
FI;32.287.581/0001-80;;FEEDER ABSOLUTE VERTEX FIF - CLASSE DE INVESTIMENTO EM COTAS MULTIMERCADO - RESP LIMITADA;2025-04-30;Derivativos;0.00
FI;32.287.581/0001-80;;FEEDER ABSOLUTE VERTEX FIF - CLASSE DE INVESTIMENTO EM COTAS MULTIMERCADO - RESP LIMITADA;2025-04-30;Operações compromissadas lastreadas em títulos públicos federais;0.16
FI;32.287.581/0001-80;;FEEDER ABSOLUTE VERTEX FIF - CLASSE DE INVESTIMENTO EM COTAS MULTIMERCADO - RESP LIMITADA;2025-04-30;Títulos públicos federais;0.38
FI;32.291.850/0001-82;;TRUXT I LONG SHORT ÁGORA FIF - CIC MULTIMERCADO - RESPONSABILIDADE LIMITADA;2025-04-30;Cotas de fundos de investimento 409;100.04
FI;32.291.899/0001-35;;RPS EQUITY HEDGE BP FIF - CLASSE DE INVESTIMENTO EM COTAS MULTIMERCADO - RESP LIMITADA;2025-04-30;Cotas de fundos de investimento 409;100.01
FI;32.291.910/0001-67;;ABSOLUTE VERTEX BP FIF - CLASSE DE INVESTIMENTO EM COTAS MULTIMERCADO - RESP LIMITADA;2025-04-30;Cotas de fundos de investimento 409;99.43
FI;32.291.910/0001-67;;ABSOLUTE VERTEX BP FIF - CLASSE DE INVESTIMENTO EM COTAS MULTIMERCADO - RESP LIMITADA;2025-04-30;Derivativos;0.00
FI;32.291.910/0001-67;;ABSOLUTE VERTEX BP FIF - CLASSE DE INVESTIMENTO EM COTAS MULTIMERCADO - RESP LIMITADA;2025-04-30;Operações compromissadas lastreadas em títulos públicos federais;0.17
FI;32.291.910/0001-67;;ABSOLUTE VERTEX BP FIF - CLASSE DE INVESTIMENTO EM COTAS MULTIMERCADO - RESP LIMITADA;2025-04-30;Títulos públicos federais;0.40
FI;32.291.936/0001-05;;ABSOLUTE VERTEX ÁGORA FIF - CLASSE DE INVESTIMENTO EM COTAS MULTIMERCADO - RESPONSABILIDADE LIMITADA;2025-04-30;Cotas de fundos de investimento 409;98.76
FI;32.291.936/0001-05;;ABSOLUTE VERTEX ÁGORA FIF - CLASSE DE INVESTIMENTO EM COTAS MULTIMERCADO - RESPONSABILIDADE LIMITADA;2025-04-30;Derivativos;0.00
FI;32.291.936/0001-05;;ABSOLUTE VERTEX ÁGORA FIF - CLASSE DE INVESTIMENTO EM COTAS MULTIMERCADO - RESPONSABILIDADE LIMITADA;2025-04-30;Operações compromissadas lastreadas em títulos públicos federais;0.37
FI;32.291.936/0001-05;;ABSOLUTE VERTEX ÁGORA FIF - CLASSE DE INVESTIMENTO EM COTAS MULTIMERCADO - RESPONSABILIDADE LIMITADA;2025-04-30;Títulos públicos federais;0.87
FI;32.291.944/0001-51;;AZ QUEST MULTI MAX ÁGORA FIF - CIC MULTIMERCADO - RESPONSABILIDADE LIMITADA;2025-04-30;Cotas de fundos de investimento 409;99.47
FI;32.291.944/0001-51;;AZ QUEST MULTI MAX ÁGORA FIF - CIC MULTIMERCADO - RESPONSABILIDADE LIMITADA;2025-04-30;Operações compromissadas lastreadas em títulos públicos federais;0.40
FI;32.291.956/0001-86;;CONEXÃO MOAT CAPITAL FIF - CLASSE DE INVESTIMENTO EM COTAS DE AÇÕES - RESP LIMITADA;2025-04-30;Cotas de fundos de investimento 409;100.04
FI;32.300.880/0001-08;;SMARTQUANT TRE FUNDO DE INVESTIMENTO MULTIMERCADO;2025-04-30;Ações;5.68
FI;32.300.880/0001-08;;SMARTQUANT TRE FUNDO DE INVESTIMENTO MULTIMERCADO;2025-04-30;Derivativos;42.94
FI;32.300.880/0001-08;;SMARTQUANT TRE FUNDO DE INVESTIMENTO MULTIMERCADO;2025-04-30;Outras Aplicações;10.11
FI;32.300.880/0001-08;;SMARTQUANT TRE FUNDO DE INVESTIMENTO MULTIMERCADO;2025-04-30;Titulos publicos federais;83.97
CLASSES - FIF;32.308.852/0001-37;;BAHIA AM VALUATION A FIF - CI EM COTAS DE AÇÕES - RESPONSABILIDADE LIMITADA;2025-04-30;Ações;82.78
CLASSES - FIF;32.308.852/0001-37;;BAHIA AM VALUATION A FIF - CI EM COTAS DE AÇÕES - RESPONSABILIDADE LIMITADA;2025-04-30;Derivativos;12.77
CLASSES - FIF;32.308.852/0001-37;;BAHIA AM VALUATION A FIF - CI EM COTAS DE AÇÕES - RESPONSABILIDADE LIMITADA;2025-04-30;Operações compromissadas lastreadas em títulos públicos federais;14.15
FI;32.312.071/0001-16;;BRADESCO ESTRATÉGIA DIVIDENDOS FI FINANCEIRO - CIC EM AÇÕES - RESP LIMITADA;2025-04-30;Ações;91.85
FI;32.312.071/0001-16;;BRADESCO ESTRATÉGIA DIVIDENDOS FI FINANCEIRO - CIC EM AÇÕES - RESP LIMITADA;2025-04-30;Derivativos;-0.28
FI;32.312.071/0001-16;;BRADESCO ESTRATÉGIA DIVIDENDOS FI FINANCEIRO - CIC EM AÇÕES - RESP LIMITADA;2025-04-30;Operações compromissadas lastreadas em títulos públicos federais;5.36
FI;32.312.090/0001-42;;LEGACY CAPITAL ÁGORA FIF - CLASSE DE INVESTIMENTO EM COTAS MULTIMERCADO - RESP LIMITADA;2025-04-30;Cotas de fundos de investimento 409;99.04
FI;32.312.090/0001-42;;LEGACY CAPITAL ÁGORA FIF - CLASSE DE INVESTIMENTO EM COTAS MULTIMERCADO - RESP LIMITADA;2025-04-30;Derivativos;0.00
FI;32.312.090/0001-42;;LEGACY CAPITAL ÁGORA FIF - CLASSE DE INVESTIMENTO EM COTAS MULTIMERCADO - RESP LIMITADA;2025-04-30;Operações compromissadas lastreadas em títulos públicos federais;0.29
FI;32.312.090/0001-42;;LEGACY CAPITAL ÁGORA FIF - CLASSE DE INVESTIMENTO EM COTAS MULTIMERCADO - RESP LIMITADA;2025-04-30;Títulos públicos federais;0.68
FI;32.312.094/0001-20;;CONEXÃO LEGACY CAPITAL FIF - CLASSE DE INVESTIMENTO EM COTAS MULTIMERCADO - RESP LIMITADA;2025-04-30;Cotas de fundos de investimento 409;99.49
FI;32.312.094/0001-20;;CONEXÃO LEGACY CAPITAL FIF - CLASSE DE INVESTIMENTO EM COTAS MULTIMERCADO - RESP LIMITADA;2025-04-30;Derivativos;0.00
FI;32.312.094/0001-20;;CONEXÃO LEGACY CAPITAL FIF - CLASSE DE INVESTIMENTO EM COTAS MULTIMERCADO - RESP LIMITADA;2025-04-30;Operações compromissadas lastreadas em títulos públicos federais;0.15
FI;32.312.094/0001-20;;CONEXÃO LEGACY CAPITAL FIF - CLASSE DE INVESTIMENTO EM COTAS MULTIMERCADO - RESP LIMITADA;2025-04-30;Títulos públicos federais;0.36
FI;32.312.120/0001-10;;BRAM CORAL II FIF - CLASSE DE INVESTIMENTO RENDA FIXA REFERENCIADA DI - RESP LIMITADA;2025-04-30;Cotas de fundos de investimento 409;1.28
FI;32.312.120/0001-10;;BRAM CORAL II FIF - CLASSE DE INVESTIMENTO RENDA FIXA REFERENCIADA DI - RESP LIMITADA;2025-04-30;Depósitos a prazo e outros títulos de instituições financeiras;28.48
FI;32.312.120/0001-10;;BRAM CORAL II FIF - CLASSE DE INVESTIMENTO RENDA FIXA REFERENCIADA DI - RESP LIMITADA;2025-04-30;Operações compromissadas lastreadas em títulos públicos federais;41.48
FI;32.312.120/0001-10;;BRAM CORAL II FIF - CLASSE DE INVESTIMENTO RENDA FIXA REFERENCIADA DI - RESP LIMITADA;2025-04-30;Títulos de crédito privado;11.46
FI;32.312.120/0001-10;;BRAM CORAL II FIF - CLASSE DE INVESTIMENTO RENDA FIXA REFERENCIADA DI - RESP LIMITADA;2025-04-30;Títulos públicos federais;16.43
FI;32.312.124/0001-07;;BRADESCO FIF - CIC RENDA FIXA REFERENCIADA DI MAX - RESP LIMITADA;2025-04-30;Cotas de fundos de investimento 409;2.15
FI;32.312.124/0001-07;;BRADESCO FIF - CIC RENDA FIXA REFERENCIADA DI MAX - RESP LIMITADA;2025-04-30;Depósitos a prazo e outros títulos de instituições financeiras;28.49
FI;32.312.124/0001-07;;BRADESCO FIF - CIC RENDA FIXA REFERENCIADA DI MAX - RESP LIMITADA;2025-04-30;Operações compromissadas lastreadas em títulos públicos federais;41.49
FI;32.312.124/0001-07;;BRADESCO FIF - CIC RENDA FIXA REFERENCIADA DI MAX - RESP LIMITADA;2025-04-30;Títulos de crédito privado;11.46
FI;32.312.124/0001-07;;BRADESCO FIF - CIC RENDA FIXA REFERENCIADA DI MAX - RESP LIMITADA;2025-04-30;Títulos públicos federais;16.43
FI;32.387.924/0001-89;;BRADESCO FIF - CIC RENDA FIXA CRÉDITO PRIVADO PLUS - RESP LIMITADA;2025-04-30;Cotas de fundos de investimento 409;4.88
FI;32.387.924/0001-89;;BRADESCO FIF - CIC RENDA FIXA CRÉDITO PRIVADO PLUS - RESP LIMITADA;2025-04-30;Depósitos a prazo e outros títulos de instituições financeiras;31.50
FI;32.387.924/0001-89;;BRADESCO FIF - CIC RENDA FIXA CRÉDITO PRIVADO PLUS - RESP LIMITADA;2025-04-30;Operações compromissadas lastreadas em títulos públicos federais;22.85
FI;32.387.924/0001-89;;BRADESCO FIF - CIC RENDA FIXA CRÉDITO PRIVADO PLUS - RESP LIMITADA;2025-04-30;Títulos de crédito privado;39.75
FI;32.387.924/0001-89;;BRADESCO FIF - CIC RENDA FIXA CRÉDITO PRIVADO PLUS - RESP LIMITADA;2025-04-30;Títulos públicos federais;0.89
FI;32.387.966/0001-10;;BRADESCO FIF - CIC DE AÇÕES IBOVESPA - RESP LIMITADA;2025-04-30;Ações;64.66
FI;32.387.966/0001-10;;BRADESCO FIF - CIC DE AÇÕES IBOVESPA - RESP LIMITADA;2025-04-30;Cotas de fundos de investimento 409;34.47
FI;32.387.966/0001-10;;BRADESCO FIF - CIC DE AÇÕES IBOVESPA - RESP LIMITADA;2025-04-30;Derivativos;0.87
FI;32.387.966/0001-10;;BRADESCO FIF - CIC DE AÇÕES IBOVESPA - RESP LIMITADA;2025-04-30;Operações compromissadas lastreadas em títulos públicos federais;0.58
FI;32.387.983/0001-57;;BRADESCO ESTRATÉGIA SMALL CAPS FI FINANCEIRO - CIC EM AÇÕES - RESP LIMITADA;2025-04-30;Ações;92.00
FI;32.387.983/0001-57;;BRADESCO ESTRATÉGIA SMALL CAPS FI FINANCEIRO - CIC EM AÇÕES - RESP LIMITADA;2025-04-30;Operações compromissadas lastreadas em títulos públicos federais;6.62
FI;32.388.002/0001-96;;BRADESCO OAKTREE GLOBAL CREDIT FIF - CIC MULTIMERCADO - RESP LIMITADA;2025-04-30;Cotas de fundos de investimento 409;99.52
FI;32.388.002/0001-96;;BRADESCO OAKTREE GLOBAL CREDIT FIF - CIC MULTIMERCADO - RESP LIMITADA;2025-04-30;Derivativos;0.00
FI;32.388.002/0001-96;;BRADESCO OAKTREE GLOBAL CREDIT FIF - CIC MULTIMERCADO - RESP LIMITADA;2025-04-30;Operações compromissadas lastreadas em títulos públicos federais;0.14
FI;32.388.002/0001-96;;BRADESCO OAKTREE GLOBAL CREDIT FIF - CIC MULTIMERCADO - RESP LIMITADA;2025-04-30;Títulos públicos federais;0.34
FI;32.388.007/0001-19;;BRADESCO FIF - CIC RF REFERENCIADA DI PLUS;2025-04-30;Cotas de fundos de investimento 409;2.15
FI;32.388.007/0001-19;;BRADESCO FIF - CIC RF REFERENCIADA DI PLUS;2025-04-30;Depósitos a prazo e outros títulos de instituições financeiras;28.49
FI;32.388.007/0001-19;;BRADESCO FIF - CIC RF REFERENCIADA DI PLUS;2025-04-30;Operações compromissadas lastreadas em títulos públicos federais;41.50
FI;32.388.007/0001-19;;BRADESCO FIF - CIC RF REFERENCIADA DI PLUS;2025-04-30;Títulos de crédito privado;11.46
FI;32.388.007/0001-19;;BRADESCO FIF - CIC RF REFERENCIADA DI PLUS;2025-04-30;Títulos públicos federais;16.44
FI;32.388.012/0001-21;;BRADESCO DEBÊNTURES INCENTIVADAS CDI INFRA FIF - CIC INCENTIVADA DE INV EM INFRA RF - RESP LIMITADA;2025-04-30;Cotas de fundos de investimento 409;0.09
FI;32.388.012/0001-21;;BRADESCO DEBÊNTURES INCENTIVADAS CDI INFRA FIF - CIC INCENTIVADA DE INV EM INFRA RF - RESP LIMITADA;2025-04-30;Depósitos a prazo e outros títulos de instituições financeiras;1.60
FI;32.388.012/0001-21;;BRADESCO DEBÊNTURES INCENTIVADAS CDI INFRA FIF - CIC INCENTIVADA DE INV EM INFRA RF - RESP LIMITADA;2025-04-30;Operações compromissadas lastreadas em títulos públicos federais;5.90
FI;32.388.012/0001-21;;BRADESCO DEBÊNTURES INCENTIVADAS CDI INFRA FIF - CIC INCENTIVADA DE INV EM INFRA RF - RESP LIMITADA;2025-04-30;Títulos de crédito privado;83.46
FI;32.388.012/0001-21;;BRADESCO DEBÊNTURES INCENTIVADAS CDI INFRA FIF - CIC INCENTIVADA DE INV EM INFRA RF - RESP LIMITADA;2025-04-30;Títulos públicos federais;9.20
FI;32.388.028/0001-34;;BRAM DEBENTURES INCENTIVADAS CDI FI FINANCEIRO - CI EM INFRA RF - RESP LIMITADA;2025-04-30;Depósitos a prazo e outros títulos de instituições financeiras;0.52
FI;32.388.028/0001-34;;BRAM DEBENTURES INCENTIVADAS CDI FI FINANCEIRO - CI EM INFRA RF - RESP LIMITADA;2025-04-30;Derivativos;-75.18
FI;32.388.028/0001-34;;BRAM DEBENTURES INCENTIVADAS CDI FI FINANCEIRO - CI EM INFRA RF - RESP LIMITADA;2025-04-30;Operações compromissadas lastreadas em títulos públicos federais;1.24
FI;32.388.028/0001-34;;BRAM DEBENTURES INCENTIVADAS CDI FI FINANCEIRO - CI EM INFRA RF - RESP LIMITADA;2025-04-30;Títulos de crédito privado;89.48
FI;32.388.028/0001-34;;BRAM DEBENTURES INCENTIVADAS CDI FI FINANCEIRO - CI EM INFRA RF - RESP LIMITADA;2025-04-30;Títulos públicos federais;8.95
FI;32.388.052/0001-73;;BRADESCO FIF - CIC RF PREFIXADO LONGO - RESP LIMITADA;2025-04-30;Derivativos;64.21
FI;32.388.052/0001-73;;BRADESCO FIF - CIC RF PREFIXADO LONGO - RESP LIMITADA;2025-04-30;Operações compromissadas lastreadas em títulos públicos federais;13.56
FI;32.388.052/0001-73;;BRADESCO FIF - CIC RF PREFIXADO LONGO - RESP LIMITADA;2025-04-30;Títulos públicos federais;81.70
FI;32.388.055/0001-07;;BRAM FUNDO DE INVESTIMENTO FINANCEIRO - CLASSE DE INVESTIMENTO RENDA FIXA SIMPLES - RESP LIMITADA;2025-04-30;Operações compromissadas lastreadas em títulos públicos federais;40.07
FI;32.388.055/0001-07;;BRAM FUNDO DE INVESTIMENTO FINANCEIRO - CLASSE DE INVESTIMENTO RENDA FIXA SIMPLES - RESP LIMITADA;2025-04-30;Títulos públicos federais;57.39
FI;32.388.058/0001-40;;BRADESCO FIF - CIC RF SIMPLES - RESP LIMITADA;2025-04-30;Operações compromissadas lastreadas em títulos públicos federais;40.10
FI;32.388.058/0001-40;;BRADESCO FIF - CIC RF SIMPLES - RESP LIMITADA;2025-04-30;Títulos públicos federais;57.43
FI;32.388.077/0001-77;;BRAM CAPITAL II FIF - CLASSE DE INVESTIMENTO RENDA FIXA CRÉDITO PRIVADO - RESP LIMITADA;2025-04-30;Cotas de fundos de investimento 409;3.37
FI;32.388.077/0001-77;;BRAM CAPITAL II FIF - CLASSE DE INVESTIMENTO RENDA FIXA CRÉDITO PRIVADO - RESP LIMITADA;2025-04-30;Depósitos a prazo e outros títulos de instituições financeiras;31.46
FI;32.388.077/0001-77;;BRAM CAPITAL II FIF - CLASSE DE INVESTIMENTO RENDA FIXA CRÉDITO PRIVADO - RESP LIMITADA;2025-04-30;Operações compromissadas lastreadas em títulos públicos federais;22.82
FI;32.388.077/0001-77;;BRAM CAPITAL II FIF - CLASSE DE INVESTIMENTO RENDA FIXA CRÉDITO PRIVADO - RESP LIMITADA;2025-04-30;Outras aplicações;1.76
FI;32.388.077/0001-77;;BRAM CAPITAL II FIF - CLASSE DE INVESTIMENTO RENDA FIXA CRÉDITO PRIVADO - RESP LIMITADA;2025-04-30;Títulos de crédito privado;39.71
FI;32.471.624/0001-83;;TIVIO USD SHORT FUNDO DE INVESTIMENTO FINANCEIRO - CIC CAMBIAL - RESP LIMITADA;2025-04-30;Derivativos;-99.16
FI;32.471.624/0001-83;;TIVIO USD SHORT FUNDO DE INVESTIMENTO FINANCEIRO - CIC CAMBIAL - RESP LIMITADA;2025-04-30;Operações compromissadas lastreadas em títulos públicos federais;10.27
FI;32.471.624/0001-83;;TIVIO USD SHORT FUNDO DE INVESTIMENTO FINANCEIRO - CIC CAMBIAL - RESP LIMITADA;2025-04-30;Títulos públicos federais;90.27
CLASSES - FIF;32.485.590/0001-86;;TIVIO PLUS FIF - CI RENDA FIXA INCENTIVADO INVESTIMENTO EM INFRAESTRUTURA - RESP LIMITADA;2025-04-30;Operações compromissadas lastreadas em títulos públicos federais;2.63
CLASSES - FIF;32.485.590/0001-86;;TIVIO PLUS FIF - CI RENDA FIXA INCENTIVADO INVESTIMENTO EM INFRAESTRUTURA - RESP LIMITADA;2025-04-30;Títulos de crédito privado;93.50
CLASSES - FIF;32.485.590/0001-86;;TIVIO PLUS FIF - CI RENDA FIXA INCENTIVADO INVESTIMENTO EM INFRAESTRUTURA - RESP LIMITADA;2025-04-30;Títulos públicos federais;4.28
FI;32.485.602/0001-72;;TIVIO ALOCAÇÃO USD SHORT FIF - CLASSE DE INVESTIMENTO CAMBIAL - RESP LIMITADA;2025-04-30;Derivativos;-99.34
FI;32.485.602/0001-72;;TIVIO ALOCAÇÃO USD SHORT FIF - CLASSE DE INVESTIMENTO CAMBIAL - RESP LIMITADA;2025-04-30;Operações compromissadas lastreadas em títulos públicos federais;10.29
FI;32.485.602/0001-72;;TIVIO ALOCAÇÃO USD SHORT FIF - CLASSE DE INVESTIMENTO CAMBIAL - RESP LIMITADA;2025-04-30;Títulos públicos federais;90.43
FI;32.655.641/0001-70;;TIVIO EQUITY LONG TERM FI FINANCEIRO - CIA - RESP LIMITADA;2025-04-30;Ações;91.54
FI;32.655.641/0001-70;;TIVIO EQUITY LONG TERM FI FINANCEIRO - CIA - RESP LIMITADA;2025-04-30;Derivativos;6.07
FI;32.655.641/0001-70;;TIVIO EQUITY LONG TERM FI FINANCEIRO - CIA - RESP LIMITADA;2025-04-30;Operações compromissadas lastreadas em títulos públicos federais;7.29
FI;32.704.998/0001-00;;AMW OMAHA FUNDO DE INVESTIMENTO FINANCEIRO;2025-04-30;Cotas de Fundos de Investimento 409;100.45
FI;32.704.998/0001-00;;AMW OMAHA FUNDO DE INVESTIMENTO FINANCEIRO;2025-04-30;Outras Aplicações;1.83
FI;32.710.503/0001-47;;CSHG ALLOCATION SHARP IBOVESPA ATIVO FUNDO DE INVESTIMENTO EM COTAS DE FIF AÇÕES - RESP LIMITADA;2025-04-30;Outras Cotas de Fundos de Investimento;100.04
FI;32.710.503/0001-47;;CSHG ALLOCATION SHARP IBOVESPA ATIVO FUNDO DE INVESTIMENTO EM COTAS DE FIF AÇÕES - RESP LIMITADA;2025-04-30;Outros;0.04
FI;32.742.225/0001-00;;BRADESCO PORTFÓLIO INFLAÇÃO FI FINANCEIRO - CIC RF - RESP LIMITADA;2025-04-30;Cotas de fundos de investimento 409;3.96
FI;32.742.225/0001-00;;BRADESCO PORTFÓLIO INFLAÇÃO FI FINANCEIRO - CIC RF - RESP LIMITADA;2025-04-30;Derivativos;0.65
FI;32.742.225/0001-00;;BRADESCO PORTFÓLIO INFLAÇÃO FI FINANCEIRO - CIC RF - RESP LIMITADA;2025-04-30;Operações compromissadas lastreadas em títulos públicos federais;0.95
FI;32.742.225/0001-00;;BRADESCO PORTFÓLIO INFLAÇÃO FI FINANCEIRO - CIC RF - RESP LIMITADA;2025-04-30;Títulos públicos federais;95.12
FI;32.742.493/0001-21;;KADIMA ÁGORA FIF - CLASSE DE INVESTIMENTO EM COTAS MULTIMERCADO - RESP LIMITADA;2025-04-30;Cotas de fundos de investimento 409;96.68
FI;32.742.493/0001-21;;KADIMA ÁGORA FIF - CLASSE DE INVESTIMENTO EM COTAS MULTIMERCADO - RESP LIMITADA;2025-04-30;Derivativos;0.00
FI;32.742.493/0001-21;;KADIMA ÁGORA FIF - CLASSE DE INVESTIMENTO EM COTAS MULTIMERCADO - RESP LIMITADA;2025-04-30;Operações compromissadas lastreadas em títulos públicos federais;0.70
FI;32.742.493/0001-21;;KADIMA ÁGORA FIF - CLASSE DE INVESTIMENTO EM COTAS MULTIMERCADO - RESP LIMITADA;2025-04-30;Títulos públicos federais;1.67
FI;32.742.599/0001-25;;BRAM INDEX IMA-B FI FINANCEIRO - CI RF - RESP LIMITADA;2025-04-30;Cotas de fundos de investimento 409;9.78
FI;32.742.599/0001-25;;BRAM INDEX IMA-B FI FINANCEIRO - CI RF - RESP LIMITADA;2025-04-30;Operações compromissadas lastreadas em títulos públicos federais;0.20
FI;32.742.599/0001-25;;BRAM INDEX IMA-B FI FINANCEIRO - CI RF - RESP LIMITADA;2025-04-30;Títulos públicos federais;90.08
FI;32.742.636/0001-03;;BRAM INDEX IMA-B5 FI FINANCEIRO - CI RF - RESP LIMITADA;2025-04-30;Operações compromissadas lastreadas em títulos públicos federais;0.13
FI;32.742.636/0001-03;;BRAM INDEX IMA-B5 FI FINANCEIRO - CI RF - RESP LIMITADA;2025-04-30;Títulos públicos federais;99.90
FI;32.742.742/0001-89;;BRADESCO FIF - CIC RENDA FIXA INFLAÇÃO CURTA - RESPONSABILIDADE LIMITADA;2025-04-30;Operações compromissadas lastreadas em títulos públicos federais;0.13
FI;32.742.742/0001-89;;BRADESCO FIF - CIC RENDA FIXA INFLAÇÃO CURTA - RESPONSABILIDADE LIMITADA;2025-04-30;Títulos públicos federais;99.94
FI;32.742.869/0001-06;;BRAM BOND II FI FINANCEIRO - CI RF LP - RESP LIMITADA;2025-04-30;Cotas de fundos de investimento 409;3.22
FI;32.742.869/0001-06;;BRAM BOND II FI FINANCEIRO - CI RF LP - RESP LIMITADA;2025-04-30;Depósitos a prazo e outros títulos de instituições financeiras;12.79
FI;32.742.869/0001-06;;BRAM BOND II FI FINANCEIRO - CI RF LP - RESP LIMITADA;2025-04-30;Operações compromissadas lastreadas em títulos públicos federais;15.84
FI;32.742.869/0001-06;;BRAM BOND II FI FINANCEIRO - CI RF LP - RESP LIMITADA;2025-04-30;Títulos de crédito privado;8.87
FI;32.742.869/0001-06;;BRAM BOND II FI FINANCEIRO - CI RF LP - RESP LIMITADA;2025-04-30;Títulos públicos federais;59.67
FI;32.743.313/0001-26;;BRADESCO FIF - CIC RENDA FIXA LONGO PRAZO MULTI-ÍNDICES MAX - RESP LIMITADA;2025-04-30;Cotas de fundos de investimento 409;13.26
FI;32.743.313/0001-26;;BRADESCO FIF - CIC RENDA FIXA LONGO PRAZO MULTI-ÍNDICES MAX - RESP LIMITADA;2025-04-30;Depósitos a prazo e outros títulos de instituições financeiras;5.59
FI;32.743.313/0001-26;;BRADESCO FIF - CIC RENDA FIXA LONGO PRAZO MULTI-ÍNDICES MAX - RESP LIMITADA;2025-04-30;Derivativos;-3.42
FI;32.743.313/0001-26;;BRADESCO FIF - CIC RENDA FIXA LONGO PRAZO MULTI-ÍNDICES MAX - RESP LIMITADA;2025-04-30;Operações compromissadas lastreadas em títulos públicos federais;20.58
FI;32.743.313/0001-26;;BRADESCO FIF - CIC RENDA FIXA LONGO PRAZO MULTI-ÍNDICES MAX - RESP LIMITADA;2025-04-30;Títulos públicos federais;61.04
FI;32.743.384/0001-29;;BRADESCO MULTIGESTORES MAX FI FINANCEIRO - CIC MULT CRED PRIV - RESP LIMITADA;2025-04-30;Cotas de fundos de investimento 409;99.54
FI;32.743.483/0001-00;;BRADESCO MULTIGESTORES FI FINANCEIRO - CIC EM AÇÕES - RESP LIMITADA;2025-04-30;Ações;2.00
FI;32.743.483/0001-00;;BRADESCO MULTIGESTORES FI FINANCEIRO - CIC EM AÇÕES - RESP LIMITADA;2025-04-30;Cotas de fundos de investimento 409;92.24
FI;32.743.483/0001-00;;BRADESCO MULTIGESTORES FI FINANCEIRO - CIC EM AÇÕES - RESP LIMITADA;2025-04-30;Derivativos;5.32
FI;32.743.483/0001-00;;BRADESCO MULTIGESTORES FI FINANCEIRO - CIC EM AÇÕES - RESP LIMITADA;2025-04-30;Operações compromissadas lastreadas em títulos públicos federais;2.70
FI;32.743.483/0001-00;;BRADESCO MULTIGESTORES FI FINANCEIRO - CIC EM AÇÕES - RESP LIMITADA;2025-04-30;Títulos públicos federais;3.19
CLASSES - FIF;32.745.001/0001-51;;GAVEA MACRO A FUNDO DE INVESTIMENTO EM COTAS DE FIF MULTIMERCADO - RESP LIMITADA;2025-04-30;Ações;9.45
CLASSES - FIF;32.745.001/0001-51;;GAVEA MACRO A FUNDO DE INVESTIMENTO EM COTAS DE FIF MULTIMERCADO - RESP LIMITADA;2025-04-30;Investimento no exterior;14.54
CLASSES - FIF;32.745.001/0001-51;;GAVEA MACRO A FUNDO DE INVESTIMENTO EM COTAS DE FIF MULTIMERCADO - RESP LIMITADA;2025-04-30;Operações compromissadas lastreadas em títulos públicos federais;26.27
CLASSES - FIF;32.745.001/0001-51;;GAVEA MACRO A FUNDO DE INVESTIMENTO EM COTAS DE FIF MULTIMERCADO - RESP LIMITADA;2025-04-30;Títulos de crédito privado;-0.05
CLASSES - FIF;32.745.001/0001-51;;GAVEA MACRO A FUNDO DE INVESTIMENTO EM COTAS DE FIF MULTIMERCADO - RESP LIMITADA;2025-04-30;Títulos públicos federais;51.13
FI;32.760.072/0001-23;;ICATU VANGUARDA CREDIT PLUS MASTER FIF - CLASSE DE INVESTIMENTO RF CRED PRIV - RESP LIMITADA;2025-04-30;Cotas de fundos de investimento 409;20.02
FI;32.760.072/0001-23;;ICATU VANGUARDA CREDIT PLUS MASTER FIF - CLASSE DE INVESTIMENTO RF CRED PRIV - RESP LIMITADA;2025-04-30;Depósitos a prazo e outros títulos de instituições financeiras;10.20
FI;32.760.072/0001-23;;ICATU VANGUARDA CREDIT PLUS MASTER FIF - CLASSE DE INVESTIMENTO RF CRED PRIV - RESP LIMITADA;2025-04-30;Operações compromissadas lastreadas em títulos públicos federais;4.58
FI;32.760.072/0001-23;;ICATU VANGUARDA CREDIT PLUS MASTER FIF - CLASSE DE INVESTIMENTO RF CRED PRIV - RESP LIMITADA;2025-04-30;Títulos de crédito privado;60.93
FI;32.760.072/0001-23;;ICATU VANGUARDA CREDIT PLUS MASTER FIF - CLASSE DE INVESTIMENTO RF CRED PRIV - RESP LIMITADA;2025-04-30;Títulos públicos federais;1.62
FI;32.760.138/0001-85;;IBOVESPA ALOCAÇÃO FIF - CLASSE DE INVESTIMENTO EM AÇÕES - RESP LIMITADA;2025-04-30;Cotas de fundos de investimento 409;79.63
FI;32.760.138/0001-85;;IBOVESPA ALOCAÇÃO FIF - CLASSE DE INVESTIMENTO EM AÇÕES - RESP LIMITADA;2025-04-30;Operações compromissadas lastreadas em títulos públicos federais;0.73
FI;32.760.138/0001-85;;IBOVESPA ALOCAÇÃO FIF - CLASSE DE INVESTIMENTO EM AÇÕES - RESP LIMITADA;2025-04-30;Títulos públicos federais;1.79
FI;32.773.560/0001-75;;SULAMÉRICA LONG BIASED FUNDO DE INVESTIMENTO FINANCEIRO MULTIMERCADO DE RESPONSABILIDADE LIMITADA;2025-04-30;Ações;72.71
FI;32.773.560/0001-75;;SULAMÉRICA LONG BIASED FUNDO DE INVESTIMENTO FINANCEIRO MULTIMERCADO DE RESPONSABILIDADE LIMITADA;2025-04-30;Op. Compromissadas lastreadas em títulos públicos;19.55
FI;32.773.560/0001-75;;SULAMÉRICA LONG BIASED FUNDO DE INVESTIMENTO FINANCEIRO MULTIMERCADO DE RESPONSABILIDADE LIMITADA;2025-04-30;Outros;7.69
FI;32.773.560/0001-75;;SULAMÉRICA LONG BIASED FUNDO DE INVESTIMENTO FINANCEIRO MULTIMERCADO DE RESPONSABILIDADE LIMITADA;2025-04-30;Títulos de crédito privado;0.00
FI;32.773.560/0001-75;;SULAMÉRICA LONG BIASED FUNDO DE INVESTIMENTO FINANCEIRO MULTIMERCADO DE RESPONSABILIDADE LIMITADA;2025-04-30;Títulos público federais;5.09
FI;32.812.291/0001-09;;NAVI INSTITUCIONAL MASTER FIF  - CLASSE DE INVESTIMENTO EM AÇÕES - RESP  LIMITADA;2025-04-30;Ações;93.08
FI;32.812.291/0001-09;;NAVI INSTITUCIONAL MASTER FIF  - CLASSE DE INVESTIMENTO EM AÇÕES - RESP  LIMITADA;2025-04-30;Derivativos;-6.62
FI;32.812.291/0001-09;;NAVI INSTITUCIONAL MASTER FIF  - CLASSE DE INVESTIMENTO EM AÇÕES - RESP  LIMITADA;2025-04-30;Operações compromissadas lastreadas em títulos públicos federais;5.71
FI;32.812.338/0001-34;;NAVI LONG SHORT MASTER FIF - CLASSE DE INVESTIMENTO MULT - RESP LIMITADA;2025-04-30;Ações;75.73
FI;32.812.338/0001-34;;NAVI LONG SHORT MASTER FIF - CLASSE DE INVESTIMENTO MULT - RESP LIMITADA;2025-04-30;Cotas de fundos de investimento 409;0.23
FI;32.812.338/0001-34;;NAVI LONG SHORT MASTER FIF - CLASSE DE INVESTIMENTO MULT - RESP LIMITADA;2025-04-30;Investimento no exterior;17.67
FI;32.812.338/0001-34;;NAVI LONG SHORT MASTER FIF - CLASSE DE INVESTIMENTO MULT - RESP LIMITADA;2025-04-30;Operações compromissadas lastreadas em títulos públicos federais;6.33
FI;32.812.338/0001-34;;NAVI LONG SHORT MASTER FIF - CLASSE DE INVESTIMENTO MULT - RESP LIMITADA;2025-04-30;Títulos públicos federais;22.89
FI;32.862.354/0001-31;;BAHIA AM ADVISORY FIF - CLASSE DE INVESTIMENTO EM COTAS MULTIMERCADO - RESP LIMITADA;2025-04-30;Derivativos;-11.21
FI;32.862.354/0001-31;;BAHIA AM ADVISORY FIF - CLASSE DE INVESTIMENTO EM COTAS MULTIMERCADO - RESP LIMITADA;2025-04-30;Investimento no exterior;8.59
FI;32.862.354/0001-31;;BAHIA AM ADVISORY FIF - CLASSE DE INVESTIMENTO EM COTAS MULTIMERCADO - RESP LIMITADA;2025-04-30;Operações compromissadas lastreadas em títulos públicos federais;26.20
FI;32.862.354/0001-31;;BAHIA AM ADVISORY FIF - CLASSE DE INVESTIMENTO EM COTAS MULTIMERCADO - RESP LIMITADA;2025-04-30;Títulos públicos federais;65.46
CLASSES - FIF;32.892.326/0001-67;;TREND PÓS-FIXADO MASTER FUNDO DE INVESTIMENTO EM RENDA FIXA SIMPLES RESPONSABILIDADE LIMITADA;2025-04-30;Outras aplicações;0.00
CLASSES - FIF;32.893.503/0001-20;;TREND DI SIMPLES FUNDO DE INVESTIMENTO EM RENDA FIXA SIMPLES RESPONSABILIDADE LIMITADA;2025-04-30;Outras aplicações;0.00
FI;33.269.833/0001-01;;MAJORA ALLOCATION FUNDO DE INVESTIMENTO EM COTAS DE FUNDO DE INVESTIMENTO FINANCEIRO;2025-04-30;Ações;15.28
FI;33.269.833/0001-01;;MAJORA ALLOCATION FUNDO DE INVESTIMENTO EM COTAS DE FUNDO DE INVESTIMENTO FINANCEIRO;2025-04-30;Cotas de Fundos de Investimento 409;63.19
FI;33.269.833/0001-01;;MAJORA ALLOCATION FUNDO DE INVESTIMENTO EM COTAS DE FUNDO DE INVESTIMENTO FINANCEIRO;2025-04-30;Outras Aplicações;3.98
FI;33.269.833/0001-01;;MAJORA ALLOCATION FUNDO DE INVESTIMENTO EM COTAS DE FUNDO DE INVESTIMENTO FINANCEIRO;2025-04-30;Outras Cotas de Fundos de Investimento;16.55
FI;33.269.833/0001-01;;MAJORA ALLOCATION FUNDO DE INVESTIMENTO EM COTAS DE FUNDO DE INVESTIMENTO FINANCEIRO;2025-04-30;Títulos Públicos Federais;2.18
FI;33.270.025/0001-64;;SIMÉTRICA BR FUNDO DE INVESTIMENTO FINANCEIRO;2025-04-30;Ações;41.30
FI;33.270.025/0001-64;;SIMÉTRICA BR FUNDO DE INVESTIMENTO FINANCEIRO;2025-04-30;Cotas de Fundos de Investimento 409;0.19
FI;33.270.025/0001-64;;SIMÉTRICA BR FUNDO DE INVESTIMENTO FINANCEIRO;2025-04-30;Outras Aplicações;11.95
FI;33.289.660/0001-93;;VANQUISH LONG BIAS FIC FIM;2025-04-30;Acões;0.00
FI;33.289.660/0001-93;;VANQUISH LONG BIAS FIC FIM;2025-04-30;Cotas de Fundos de Investimento 555;99.63
FI;33.289.660/0001-93;;VANQUISH LONG BIAS FIC FIM;2025-04-30;Depósito a prazo e outros títulos de instituições financeiras;0.37
FI;33.289.660/0001-93;;VANQUISH LONG BIAS FIC FIM;2025-04-30;Operacões compromissadas lastreadas em títulos privados;0.00
FI;33.289.660/0001-93;;VANQUISH LONG BIAS FIC FIM;2025-04-30;Operacões compromissadas lastreadas em títulos públicos federais;0.00
FI;33.289.698/0001-66;;VANQUISH IPÊ FIC FIA;2025-04-30;Acões;0.00
FI;33.289.698/0001-66;;VANQUISH IPÊ FIC FIA;2025-04-30;Cotas de Fundos de Investimento 555;100.33
FI;33.289.698/0001-66;;VANQUISH IPÊ FIC FIA;2025-04-30;Operacões compromissadas lastreadas em títulos privados;0.00
FI;33.289.698/0001-66;;VANQUISH IPÊ FIC FIA;2025-04-30;Operacões compromissadas lastreadas em títulos públicos federais;0.00
FI;33.289.698/0001-66;;VANQUISH IPÊ FIC FIA;2025-04-30;Títulos Públicos federais;0.00
FI;33.341.984/0001-23;;VANQUISH AÇÕES IPÊ MASTER FIA;2025-04-30;Acões;83.84
FI;33.341.984/0001-23;;VANQUISH AÇÕES IPÊ MASTER FIA;2025-04-30;Cotas de Fundos de Investimento 555;7.63
FI;33.341.984/0001-23;;VANQUISH AÇÕES IPÊ MASTER FIA;2025-04-30;Depósito a prazo e outros títulos de instituições financeiras;3.31
FI;33.341.984/0001-23;;VANQUISH AÇÕES IPÊ MASTER FIA;2025-04-30;Operacões compromissadas lastreadas em títulos privados;0.00
FI;33.341.984/0001-23;;VANQUISH AÇÕES IPÊ MASTER FIA;2025-04-30;Títulos Públicos federais;5.22
FI;33.624.201/0001-19;;4UM VALOR INSTITUCIONAL FIF - CLASSE DE INVESTIMENTO EM AÇÕES - RESPONSABILIDADE LIMITADA;2025-04-30;Ações;84.94
FI;33.624.201/0001-19;;4UM VALOR INSTITUCIONAL FIF - CLASSE DE INVESTIMENTO EM AÇÕES - RESPONSABILIDADE LIMITADA;2025-04-30;Operações compromissadas lastreadas em títulos públicos federais;12.70
FI;33.768.948/0001-40;;NAVI LS ESTRUTURADO FUNDO DE INVESTIMENTO EM COTAS DE FUNDO DE INVESTIMENTO MULTIMERCADO;2025-04-30;Ações;75.72
FI;33.768.948/0001-40;;NAVI LS ESTRUTURADO FUNDO DE INVESTIMENTO EM COTAS DE FUNDO DE INVESTIMENTO MULTIMERCADO;2025-04-30;Cotas de fundos de investimento 409;0.23
FI;33.768.948/0001-40;;NAVI LS ESTRUTURADO FUNDO DE INVESTIMENTO EM COTAS DE FUNDO DE INVESTIMENTO MULTIMERCADO;2025-04-30;Investimento no exterior;17.67
FI;33.768.948/0001-40;;NAVI LS ESTRUTURADO FUNDO DE INVESTIMENTO EM COTAS DE FUNDO DE INVESTIMENTO MULTIMERCADO;2025-04-30;Operações compromissadas lastreadas em títulos públicos federais;6.89
FI;33.768.948/0001-40;;NAVI LS ESTRUTURADO FUNDO DE INVESTIMENTO EM COTAS DE FUNDO DE INVESTIMENTO MULTIMERCADO;2025-04-30;Títulos públicos federais;22.89
CLASSES - FIF;33.769.079/0001-79;;NAVI INSTITUCIONAL A FIF - CLASSE DE INVESTIMENTO EM COTAS DE AÇÕES - RESP LIMITADA;2025-04-30;Ações;93.09
CLASSES - FIF;33.769.079/0001-79;;NAVI INSTITUCIONAL A FIF - CLASSE DE INVESTIMENTO EM COTAS DE AÇÕES - RESP LIMITADA;2025-04-30;Derivativos;-6.62
CLASSES - FIF;33.769.079/0001-79;;NAVI INSTITUCIONAL A FIF - CLASSE DE INVESTIMENTO EM COTAS DE AÇÕES - RESP LIMITADA;2025-04-30;Operações compromissadas lastreadas em títulos públicos federais;5.93
CLASSES - FIF;33.786.226/0001-19;;AMARIL FRANKLIN FUNDO DE INVESTIMENTO FINANCEIRO  MULTIMERCADO - CRÉDITO PRIVADO - RESP LIMITADA;2025-04-30;Depósitos a prazo e outros títulos de instituições financeiras;40.11
CLASSES - FIF;33.786.226/0001-19;;AMARIL FRANKLIN FUNDO DE INVESTIMENTO FINANCEIRO  MULTIMERCADO - CRÉDITO PRIVADO - RESP LIMITADA;2025-04-30;Derivativos;0.51
CLASSES - FIF;33.786.226/0001-19;;AMARIL FRANKLIN FUNDO DE INVESTIMENTO FINANCEIRO  MULTIMERCADO - CRÉDITO PRIVADO - RESP LIMITADA;2025-04-30;Operações compromissadas lastreadas em títulos públicos federais;29.12
CLASSES - FIF;33.786.226/0001-19;;AMARIL FRANKLIN FUNDO DE INVESTIMENTO FINANCEIRO  MULTIMERCADO - CRÉDITO PRIVADO - RESP LIMITADA;2025-04-30;Títulos públicos federais;30.37
FI;33.863.652/0001-09;;BANRISUL MULTIMERCADO LIVRE FUNDO DE INVESTIMENTO FINANCEIRO LONGO PRAZO RESPONSABILIDADE LIMITADA;2025-04-30;AÇÕES;4.69
FI;33.863.652/0001-09;;BANRISUL MULTIMERCADO LIVRE FUNDO DE INVESTIMENTO FINANCEIRO LONGO PRAZO RESPONSABILIDADE LIMITADA;2025-04-30;COTAS DE FUNDOS DE INVESTIMENTO 409;7.46
FI;33.863.652/0001-09;;BANRISUL MULTIMERCADO LIVRE FUNDO DE INVESTIMENTO FINANCEIRO LONGO PRAZO RESPONSABILIDADE LIMITADA;2025-04-30;DERIVATIVOS;-11.54
FI;33.863.652/0001-09;;BANRISUL MULTIMERCADO LIVRE FUNDO DE INVESTIMENTO FINANCEIRO LONGO PRAZO RESPONSABILIDADE LIMITADA;2025-04-30;OPERAÇÕES COMPROMISSADAS LASTREADAS EM TÍTULOS PÚBLICOS FEDERAIS;14.81
FI;33.863.652/0001-09;;BANRISUL MULTIMERCADO LIVRE FUNDO DE INVESTIMENTO FINANCEIRO LONGO PRAZO RESPONSABILIDADE LIMITADA;2025-04-30;TÍTULOS PÚBLICOS FEDERAIS;73.79
FI;34.028.054/0001-87;;BRADESCO FIF - CLASSE DE INVESTIMENTO EM RF LP MULTI-ÍNDICES PLUS - RESP LIMITADA;2025-04-30;Cotas de fundos de investimento 409;13.12
FI;34.028.054/0001-87;;BRADESCO FIF - CLASSE DE INVESTIMENTO EM RF LP MULTI-ÍNDICES PLUS - RESP LIMITADA;2025-04-30;Depósitos a prazo e outros títulos de instituições financeiras;5.98
FI;34.028.054/0001-87;;BRADESCO FIF - CLASSE DE INVESTIMENTO EM RF LP MULTI-ÍNDICES PLUS - RESP LIMITADA;2025-04-30;Derivativos;-6.45
FI;34.028.054/0001-87;;BRADESCO FIF - CLASSE DE INVESTIMENTO EM RF LP MULTI-ÍNDICES PLUS - RESP LIMITADA;2025-04-30;Operações compromissadas lastreadas em títulos públicos federais;17.30
FI;34.028.054/0001-87;;BRADESCO FIF - CLASSE DE INVESTIMENTO EM RF LP MULTI-ÍNDICES PLUS - RESP LIMITADA;2025-04-30;Títulos públicos federais;64.10
FI;34.028.082/0001-02;;BRADESCO FIF - CIC DE AÇÕES BDR NÍVEL I PLUS - RESP LIMITADA;2025-04-30;Ações;66.39
FI;34.028.082/0001-02;;BRADESCO FIF - CIC DE AÇÕES BDR NÍVEL I PLUS - RESP LIMITADA;2025-04-30;Cotas de fundos de investimento 409;18.20
FI;34.028.082/0001-02;;BRADESCO FIF - CIC DE AÇÕES BDR NÍVEL I PLUS - RESP LIMITADA;2025-04-30;Investimento no exterior;14.30
FI;34.028.082/0001-02;;BRADESCO FIF - CIC DE AÇÕES BDR NÍVEL I PLUS - RESP LIMITADA;2025-04-30;Operações compromissadas lastreadas em títulos públicos federais;1.15
FI;34.054.867/0001-41;;BRADESCO ASSET SMALL CAPS FI FINANCEIRO - CIC EM AÇÕES - RESP LIMITADA;2025-04-30;Ações;91.93
FI;34.054.867/0001-41;;BRADESCO ASSET SMALL CAPS FI FINANCEIRO - CIC EM AÇÕES - RESP LIMITADA;2025-04-30;Operações compromissadas lastreadas em títulos públicos federais;6.62
FI;34.054.876/0001-32;;BRADESCO KADIMA FIF - CLASSE DE INVESTIMENTO EM COTAS MULTIMERCADO - RESP LIMITADA;2025-04-30;Cotas de fundos de investimento 409;99.28
FI;34.054.876/0001-32;;BRADESCO KADIMA FIF - CLASSE DE INVESTIMENTO EM COTAS MULTIMERCADO - RESP LIMITADA;2025-04-30;Derivativos;0.00
FI;34.054.876/0001-32;;BRADESCO KADIMA FIF - CLASSE DE INVESTIMENTO EM COTAS MULTIMERCADO - RESP LIMITADA;2025-04-30;Operações compromissadas lastreadas em títulos públicos federais;0.18
FI;34.054.876/0001-32;;BRADESCO KADIMA FIF - CLASSE DE INVESTIMENTO EM COTAS MULTIMERCADO - RESP LIMITADA;2025-04-30;Títulos públicos federais;0.43
FI;34.054.886/0001-78;;BRADESCO BNP PARIBAS FIF - CIC RF INCENTIVADO DE INVESTIMENTO EM INFRAESTRUTURA - RESP LIMITADA;2025-04-30;Cotas de fundos de investimento 409;99.33
FI;34.054.886/0001-78;;BRADESCO BNP PARIBAS FIF - CIC RF INCENTIVADO DE INVESTIMENTO EM INFRAESTRUTURA - RESP LIMITADA;2025-04-30;Derivativos;0.00
FI;34.054.886/0001-78;;BRADESCO BNP PARIBAS FIF - CIC RF INCENTIVADO DE INVESTIMENTO EM INFRAESTRUTURA - RESP LIMITADA;2025-04-30;Operações compromissadas lastreadas em títulos públicos federais;0.20
FI;34.054.886/0001-78;;BRADESCO BNP PARIBAS FIF - CIC RF INCENTIVADO DE INVESTIMENTO EM INFRAESTRUTURA - RESP LIMITADA;2025-04-30;Títulos públicos federais;0.47
CLASSES - FIF;34.054.934/0001-28;;BRADESCO CORPORATE FUNDO DE INVESTIMENTO EM COTAS FIF RF REFERENCIADA DI MAX - RESP LIMITADA;2025-04-30;Cotas de fundos de investimento 409;2.14
CLASSES - FIF;34.054.934/0001-28;;BRADESCO CORPORATE FUNDO DE INVESTIMENTO EM COTAS FIF RF REFERENCIADA DI MAX - RESP LIMITADA;2025-04-30;Depósitos a prazo e outros títulos de instituições financeiras;28.40
CLASSES - FIF;34.054.934/0001-28;;BRADESCO CORPORATE FUNDO DE INVESTIMENTO EM COTAS FIF RF REFERENCIADA DI MAX - RESP LIMITADA;2025-04-30;Operações compromissadas lastreadas em títulos públicos federais;41.57
CLASSES - FIF;34.054.934/0001-28;;BRADESCO CORPORATE FUNDO DE INVESTIMENTO EM COTAS FIF RF REFERENCIADA DI MAX - RESP LIMITADA;2025-04-30;Títulos de crédito privado;11.42
CLASSES - FIF;34.054.934/0001-28;;BRADESCO CORPORATE FUNDO DE INVESTIMENTO EM COTAS FIF RF REFERENCIADA DI MAX - RESP LIMITADA;2025-04-30;Títulos públicos federais;16.49
CLASSES - FIF;34.080.987/0001-13;;BRADESCO FIF DEDICADO ANS - CLASSE DE INVESTIMENTO RENDA FIXA CRÉDITO PRIVADO - RESP LIMITADA;2025-04-30;Depósitos a prazo e outros títulos de instituições financeiras;21.90
CLASSES - FIF;34.080.987/0001-13;;BRADESCO FIF DEDICADO ANS - CLASSE DE INVESTIMENTO RENDA FIXA CRÉDITO PRIVADO - RESP LIMITADA;2025-04-30;Derivativos;4.01
CLASSES - FIF;34.080.987/0001-13;;BRADESCO FIF DEDICADO ANS - CLASSE DE INVESTIMENTO RENDA FIXA CRÉDITO PRIVADO - RESP LIMITADA;2025-04-30;Operações compromissadas lastreadas em títulos públicos federais;20.20
CLASSES - FIF;34.080.987/0001-13;;BRADESCO FIF DEDICADO ANS - CLASSE DE INVESTIMENTO RENDA FIXA CRÉDITO PRIVADO - RESP LIMITADA;2025-04-30;Títulos de crédito privado;46.12
CLASSES - FIF;34.080.987/0001-13;;BRADESCO FIF DEDICADO ANS - CLASSE DE INVESTIMENTO RENDA FIXA CRÉDITO PRIVADO - RESP LIMITADA;2025-04-30;Títulos públicos federais;8.85
FI;34.081.002/0001-74;;CONEXÃO GARIN FIF - CLASSE DE INVESTIMENTO EM COTAS MULTIMERCADO - RESP LIMITADA;2025-04-30;Cotas de fundos de investimento 409;99.74
FI;34.081.012/0001-00;;CONEXÃO CANVAS VECTOR FIF - CIC MULTIMERCADO - RESPONSABILIDADE LIMITADA;2025-04-30;Cotas de fundos de investimento 409;98.48
FI;34.081.012/0001-00;;CONEXÃO CANVAS VECTOR FIF - CIC MULTIMERCADO - RESPONSABILIDADE LIMITADA;2025-04-30;Derivativos;0.00
FI;34.081.012/0001-00;;CONEXÃO CANVAS VECTOR FIF - CIC MULTIMERCADO - RESPONSABILIDADE LIMITADA;2025-04-30;Operações compromissadas lastreadas em títulos públicos federais;0.45
FI;34.081.012/0001-00;;CONEXÃO CANVAS VECTOR FIF - CIC MULTIMERCADO - RESPONSABILIDADE LIMITADA;2025-04-30;Títulos públicos federais;1.06
FI;34.081.022/0001-45;;BNP PARIBAS RUBI ÁGORA FIF - CIC RF CRÉDITO PRIVADO - RESP LIMITADA;2025-04-30;Cotas de fundos de investimento 409;99.41
FI;34.081.022/0001-45;;BNP PARIBAS RUBI ÁGORA FIF - CIC RF CRÉDITO PRIVADO - RESP LIMITADA;2025-04-30;Derivativos;0.00
FI;34.081.022/0001-45;;BNP PARIBAS RUBI ÁGORA FIF - CIC RF CRÉDITO PRIVADO - RESP LIMITADA;2025-04-30;Operações compromissadas lastreadas em títulos públicos federais;0.18
FI;34.081.022/0001-45;;BNP PARIBAS RUBI ÁGORA FIF - CIC RF CRÉDITO PRIVADO - RESP LIMITADA;2025-04-30;Títulos públicos federais;0.42
FI;34.081.031/0001-36;;CANVAS VECTOR ÁGORA FIF - CLASSE DE INVESTIMENTO EM COTAS MULTIMERCADO - RESP LIMITADA;2025-04-30;Cotas de fundos de investimento 409;99.37
FI;34.081.031/0001-36;;CANVAS VECTOR ÁGORA FIF - CLASSE DE INVESTIMENTO EM COTAS MULTIMERCADO - RESP LIMITADA;2025-04-30;Operações compromissadas lastreadas em títulos públicos federais;0.13
FI;34.081.031/0001-36;;CANVAS VECTOR ÁGORA FIF - CLASSE DE INVESTIMENTO EM COTAS MULTIMERCADO - RESP LIMITADA;2025-04-30;Títulos públicos federais;0.32
CLASSES - FIF;34.081.041/0001-71;;BRADESCO CORPORATE FIC DE FIF RENDA FIXA REFERENCIADA DI PLUS - RESPONSABILIDADE LIMITADA;2025-04-30;Cotas de fundos de investimento 409;2.15
CLASSES - FIF;34.081.041/0001-71;;BRADESCO CORPORATE FIC DE FIF RENDA FIXA REFERENCIADA DI PLUS - RESPONSABILIDADE LIMITADA;2025-04-30;Depósitos a prazo e outros títulos de instituições financeiras;28.49
CLASSES - FIF;34.081.041/0001-71;;BRADESCO CORPORATE FIC DE FIF RENDA FIXA REFERENCIADA DI PLUS - RESPONSABILIDADE LIMITADA;2025-04-30;Operações compromissadas lastreadas em títulos públicos federais;41.49
CLASSES - FIF;34.081.041/0001-71;;BRADESCO CORPORATE FIC DE FIF RENDA FIXA REFERENCIADA DI PLUS - RESPONSABILIDADE LIMITADA;2025-04-30;Títulos de crédito privado;11.46
CLASSES - FIF;34.081.041/0001-71;;BRADESCO CORPORATE FIC DE FIF RENDA FIXA REFERENCIADA DI PLUS - RESPONSABILIDADE LIMITADA;2025-04-30;Títulos públicos federais;16.43
CLASSES - FIF;34.081.049/0001-38;;BRADESCO CORPORATE FIF -CLASSE DE INVESTIMENTO EM COTAS RENDA FIXA SIMPLES - RESP LIMITADA;2025-04-30;Operações compromissadas lastreadas em títulos públicos federais;40.07
CLASSES - FIF;34.081.049/0001-38;;BRADESCO CORPORATE FIF -CLASSE DE INVESTIMENTO EM COTAS RENDA FIXA SIMPLES - RESP LIMITADA;2025-04-30;Títulos públicos federais;57.39
FI;34.081.135/0001-40;;NAVI ESTRATÉGIA LS FUNDO DE INVESTIMENTO FINANCEIRO - CIC MULTIMERCADO - RESP LIMITADA;2025-04-30;Ações;75.74
FI;34.081.135/0001-40;;NAVI ESTRATÉGIA LS FUNDO DE INVESTIMENTO FINANCEIRO - CIC MULTIMERCADO - RESP LIMITADA;2025-04-30;Cotas de fundos de investimento 409;0.23
FI;34.081.135/0001-40;;NAVI ESTRATÉGIA LS FUNDO DE INVESTIMENTO FINANCEIRO - CIC MULTIMERCADO - RESP LIMITADA;2025-04-30;Investimento no exterior;17.67
FI;34.081.135/0001-40;;NAVI ESTRATÉGIA LS FUNDO DE INVESTIMENTO FINANCEIRO - CIC MULTIMERCADO - RESP LIMITADA;2025-04-30;Operações compromissadas lastreadas em títulos públicos federais;6.53
FI;34.081.135/0001-40;;NAVI ESTRATÉGIA LS FUNDO DE INVESTIMENTO FINANCEIRO - CIC MULTIMERCADO - RESP LIMITADA;2025-04-30;Títulos públicos federais;22.90
FI;34.081.162/0001-13;;NAVI LS RED FIF - CLASSE DE INVESTIMENTO EM COTAS MULTIMERCADO - RESP LIMITADA;2025-04-30;Ações;75.74
FI;34.081.162/0001-13;;NAVI LS RED FIF - CLASSE DE INVESTIMENTO EM COTAS MULTIMERCADO - RESP LIMITADA;2025-04-30;Cotas de fundos de investimento 409;0.23
FI;34.081.162/0001-13;;NAVI LS RED FIF - CLASSE DE INVESTIMENTO EM COTAS MULTIMERCADO - RESP LIMITADA;2025-04-30;Investimento no exterior;17.67
FI;34.081.162/0001-13;;NAVI LS RED FIF - CLASSE DE INVESTIMENTO EM COTAS MULTIMERCADO - RESP LIMITADA;2025-04-30;Operações compromissadas lastreadas em títulos públicos federais;6.59
FI;34.081.162/0001-13;;NAVI LS RED FIF - CLASSE DE INVESTIMENTO EM COTAS MULTIMERCADO - RESP LIMITADA;2025-04-30;Títulos públicos federais;22.90
FI;34.081.172/0001-59;;NAVI LS BB FUNDO DE INVESTIMENTO FINANCEIRO - CIC MULTIMERCADO - RESP LIMITADA;2025-04-30;Ações;75.73
FI;34.081.172/0001-59;;NAVI LS BB FUNDO DE INVESTIMENTO FINANCEIRO - CIC MULTIMERCADO - RESP LIMITADA;2025-04-30;Cotas de fundos de investimento 409;0.23
FI;34.081.172/0001-59;;NAVI LS BB FUNDO DE INVESTIMENTO FINANCEIRO - CIC MULTIMERCADO - RESP LIMITADA;2025-04-30;Investimento no exterior;17.67
FI;34.081.172/0001-59;;NAVI LS BB FUNDO DE INVESTIMENTO FINANCEIRO - CIC MULTIMERCADO - RESP LIMITADA;2025-04-30;Operações compromissadas lastreadas em títulos públicos federais;6.53
FI;34.081.172/0001-59;;NAVI LS BB FUNDO DE INVESTIMENTO FINANCEIRO - CIC MULTIMERCADO - RESP LIMITADA;2025-04-30;Títulos públicos federais;22.90
CLASSES - FIF;34.081.223/0001-42;;IBIUNA LONG SHORT RED FIF - CIC MULTIMERCADO - RESPONSABILIDADE LIMITADA;2025-04-30;Ações;46.51
CLASSES - FIF;34.081.223/0001-42;;IBIUNA LONG SHORT RED FIF - CIC MULTIMERCADO - RESPONSABILIDADE LIMITADA;2025-04-30;Cotas de fundos de investimento 409;3.40
CLASSES - FIF;34.081.223/0001-42;;IBIUNA LONG SHORT RED FIF - CIC MULTIMERCADO - RESPONSABILIDADE LIMITADA;2025-04-30;Investimento no exterior;17.42
CLASSES - FIF;34.081.223/0001-42;;IBIUNA LONG SHORT RED FIF - CIC MULTIMERCADO - RESPONSABILIDADE LIMITADA;2025-04-30;Operações compromissadas lastreadas em títulos públicos federais;14.76
CLASSES - FIF;34.081.223/0001-42;;IBIUNA LONG SHORT RED FIF - CIC MULTIMERCADO - RESPONSABILIDADE LIMITADA;2025-04-30;Títulos públicos federais;62.80
FI;34.081.230/0001-44;;BAHIA AM LONG BIASED E FIF - CIC MULTIMERCADO - RESPONSABILIDADE LIMITADA;2025-04-30;Ações;76.24
FI;34.081.230/0001-44;;BAHIA AM LONG BIASED E FIF - CIC MULTIMERCADO - RESPONSABILIDADE LIMITADA;2025-04-30;Cotas de fundos de investimento 409;5.01
FI;34.081.230/0001-44;;BAHIA AM LONG BIASED E FIF - CIC MULTIMERCADO - RESPONSABILIDADE LIMITADA;2025-04-30;Investimento no exterior;11.27
FI;34.081.230/0001-44;;BAHIA AM LONG BIASED E FIF - CIC MULTIMERCADO - RESPONSABILIDADE LIMITADA;2025-04-30;Operações compromissadas lastreadas em títulos públicos federais;-13.40
FI;34.081.230/0001-44;;BAHIA AM LONG BIASED E FIF - CIC MULTIMERCADO - RESPONSABILIDADE LIMITADA;2025-04-30;Títulos públicos federais;49.81
FI;34.081.246/0001-57;;BAHIA AM LONG BIASED RED FIF - CIC MULTIMERCADO - RESPONSABILIDADE LIMITADA;2025-04-30;Ações;76.45
FI;34.081.246/0001-57;;BAHIA AM LONG BIASED RED FIF - CIC MULTIMERCADO - RESPONSABILIDADE LIMITADA;2025-04-30;Cotas de fundos de investimento 409;5.02
FI;34.081.246/0001-57;;BAHIA AM LONG BIASED RED FIF - CIC MULTIMERCADO - RESPONSABILIDADE LIMITADA;2025-04-30;Investimento no exterior;11.30
FI;34.081.246/0001-57;;BAHIA AM LONG BIASED RED FIF - CIC MULTIMERCADO - RESPONSABILIDADE LIMITADA;2025-04-30;Operações compromissadas lastreadas em títulos públicos federais;-13.49
FI;34.081.246/0001-57;;BAHIA AM LONG BIASED RED FIF - CIC MULTIMERCADO - RESPONSABILIDADE LIMITADA;2025-04-30;Títulos públicos federais;49.95
FI;34.109.613/0001-83;;BRADESCO ALOCAÇÃO ARROJADA ÁGORA FC - CIC MULT - RESP LIMITADA;2025-04-30;Cotas de fundos de investimento 409;95.90
FI;34.109.613/0001-83;;BRADESCO ALOCAÇÃO ARROJADA ÁGORA FC - CIC MULT - RESP LIMITADA;2025-04-30;Operações compromissadas lastreadas em títulos públicos federais;1.16
FI;34.109.613/0001-83;;BRADESCO ALOCAÇÃO ARROJADA ÁGORA FC - CIC MULT - RESP LIMITADA;2025-04-30;Títulos públicos federais;2.97
FI;34.109.625/0001-08;;BRADESCO ÁGORA BDR NÍVEL I - FIF -  CIC EM AÇÕES - RESPONSABILIDADE LIMITADA.;2025-04-30;Ações;65.20
FI;34.109.625/0001-08;;BRADESCO ÁGORA BDR NÍVEL I - FIF -  CIC EM AÇÕES - RESPONSABILIDADE LIMITADA.;2025-04-30;Cotas de fundos de investimento 409;18.52
FI;34.109.625/0001-08;;BRADESCO ÁGORA BDR NÍVEL I - FIF -  CIC EM AÇÕES - RESPONSABILIDADE LIMITADA.;2025-04-30;Investimento no exterior;14.86
FI;34.109.625/0001-08;;BRADESCO ÁGORA BDR NÍVEL I - FIF -  CIC EM AÇÕES - RESPONSABILIDADE LIMITADA.;2025-04-30;Operações compromissadas lastreadas em títulos públicos federais;1.33
FI;34.109.636/0001-98;;BRADESCO ALOCAÇÃO MODERADA ÁGORA FC - CIC MULT - RESP LIMITADA;2025-04-30;Cotas de fundos de investimento 409;11.93
FI;34.109.636/0001-98;;BRADESCO ALOCAÇÃO MODERADA ÁGORA FC - CIC MULT - RESP LIMITADA;2025-04-30;Derivativos;7.50
FI;34.109.636/0001-98;;BRADESCO ALOCAÇÃO MODERADA ÁGORA FC - CIC MULT - RESP LIMITADA;2025-04-30;Investimento no exterior;2.54
FI;34.109.636/0001-98;;BRADESCO ALOCAÇÃO MODERADA ÁGORA FC - CIC MULT - RESP LIMITADA;2025-04-30;Operações compromissadas lastreadas em títulos públicos federais;15.86
FI;34.109.636/0001-98;;BRADESCO ALOCAÇÃO MODERADA ÁGORA FC - CIC MULT - RESP LIMITADA;2025-04-30;Títulos públicos federais;69.44
FI;34.109.644/0001-34;;BRADESCO ALOCAÇÃO DINÂMICA ÁGORA FIF -  CIC MULTIMERCADO - RESPONSABILIDADE LIMITADA;2025-04-30;Cotas de fundos de investimento 409;72.12
FI;34.109.644/0001-34;;BRADESCO ALOCAÇÃO DINÂMICA ÁGORA FIF -  CIC MULTIMERCADO - RESPONSABILIDADE LIMITADA;2025-04-30;Operações compromissadas lastreadas em títulos públicos federais;7.84
FI;34.109.644/0001-34;;BRADESCO ALOCAÇÃO DINÂMICA ÁGORA FIF -  CIC MULTIMERCADO - RESPONSABILIDADE LIMITADA;2025-04-30;Títulos públicos federais;20.07
FI;34.109.663/0001-60;;ÁGORA DIVIDENDOS INDEX FIF - CLASSE DE INVESTIMENTO EM AÇÕES - RESP LIMITADA;2025-04-30;Ações;96.65
FI;34.109.663/0001-60;;ÁGORA DIVIDENDOS INDEX FIF - CLASSE DE INVESTIMENTO EM AÇÕES - RESP LIMITADA;2025-04-30;Derivativos;3.32
FI;34.109.663/0001-60;;ÁGORA DIVIDENDOS INDEX FIF - CLASSE DE INVESTIMENTO EM AÇÕES - RESP LIMITADA;2025-04-30;Operações compromissadas lastreadas em títulos públicos federais;0.43
CLASSES - FIF;34.109.668/0001-93;;ÁGORA TOP 10 INDEX FIF - CLASSE DE INVESTIMENTO AÇÕES - RESPONSABILIDADE LIMITADA;2025-04-30;Ações;97.56
CLASSES - FIF;34.109.668/0001-93;;ÁGORA TOP 10 INDEX FIF - CLASSE DE INVESTIMENTO AÇÕES - RESPONSABILIDADE LIMITADA;2025-04-30;Derivativos;2.36
CLASSES - FIF;34.109.668/0001-93;;ÁGORA TOP 10 INDEX FIF - CLASSE DE INVESTIMENTO AÇÕES - RESPONSABILIDADE LIMITADA;2025-04-30;Operações compromissadas lastreadas em títulos públicos federais;0.43
CLASSES - FIF;34.109.677/0001-84;;ÁGORA SMALL CAPS INDEX FIF - CLASSE DE INVESTIMENTO AÇÕES - RESPONSABILIDADE LIMITADA;2025-04-30;Ações;98.59
CLASSES - FIF;34.109.677/0001-84;;ÁGORA SMALL CAPS INDEX FIF - CLASSE DE INVESTIMENTO AÇÕES - RESPONSABILIDADE LIMITADA;2025-04-30;Derivativos;1.10
CLASSES - FIF;34.109.677/0001-84;;ÁGORA SMALL CAPS INDEX FIF - CLASSE DE INVESTIMENTO AÇÕES - RESPONSABILIDADE LIMITADA;2025-04-30;Operações compromissadas lastreadas em títulos públicos federais;0.55
CLASSES - FIF;34.109.690/0001-33;;ÁGORA ARROJADA INDEX FIF -CLASSE DE INVESTIMENTO AÇÕES - RESPONSABILIDADE LIMITADA;2025-04-30;Ações;99.08
CLASSES - FIF;34.109.690/0001-33;;ÁGORA ARROJADA INDEX FIF -CLASSE DE INVESTIMENTO AÇÕES - RESPONSABILIDADE LIMITADA;2025-04-30;Derivativos;0.87
CLASSES - FIF;34.109.690/0001-33;;ÁGORA ARROJADA INDEX FIF -CLASSE DE INVESTIMENTO AÇÕES - RESPONSABILIDADE LIMITADA;2025-04-30;Operações compromissadas lastreadas em títulos públicos federais;0.28
FI;34.109.756/0001-95;;CONEXÃO AZ QUEST ALTRO FIF - CLASSE DE INVESTIMENTO EM COTAS MULT CRÉDITO PRIVADO - RESP LIMITADA;2025-04-30;Cotas de fundos de investimento 409;99.52
FI;34.109.756/0001-95;;CONEXÃO AZ QUEST ALTRO FIF - CLASSE DE INVESTIMENTO EM COTAS MULT CRÉDITO PRIVADO - RESP LIMITADA;2025-04-30;Derivativos;0.00
FI;34.109.756/0001-95;;CONEXÃO AZ QUEST ALTRO FIF - CLASSE DE INVESTIMENTO EM COTAS MULT CRÉDITO PRIVADO - RESP LIMITADA;2025-04-30;Operações compromissadas lastreadas em títulos públicos federais;0.14
FI;34.109.756/0001-95;;CONEXÃO AZ QUEST ALTRO FIF - CLASSE DE INVESTIMENTO EM COTAS MULT CRÉDITO PRIVADO - RESP LIMITADA;2025-04-30;Títulos públicos federais;0.34
FI;34.109.764/0001-31;;CONEXÃO AZ QUEST TOP LONG BIASED FIF - CIC AÇÕES - RESPONSABILIDADE LIMITADA;2025-04-30;Cotas de fundos de investimento 409;98.18
FI;34.109.764/0001-31;;CONEXÃO AZ QUEST TOP LONG BIASED FIF - CIC AÇÕES - RESPONSABILIDADE LIMITADA;2025-04-30;Derivativos;0.00
FI;34.109.764/0001-31;;CONEXÃO AZ QUEST TOP LONG BIASED FIF - CIC AÇÕES - RESPONSABILIDADE LIMITADA;2025-04-30;Operações compromissadas lastreadas em títulos públicos federais;0.48
FI;34.109.764/0001-31;;CONEXÃO AZ QUEST TOP LONG BIASED FIF - CIC AÇÕES - RESPONSABILIDADE LIMITADA;2025-04-30;Títulos públicos federais;1.15
FI;34.109.771/0001-33;;BRADESCO AZ QUEST TOP LONG BIASED FIF - CLASSE DE INVESTIMENTO EM COTAS DE AÇÕES - RESP LIMITADA;2025-04-30;Cotas de fundos de investimento 409;99.58
FI;34.109.771/0001-33;;BRADESCO AZ QUEST TOP LONG BIASED FIF - CLASSE DE INVESTIMENTO EM COTAS DE AÇÕES - RESP LIMITADA;2025-04-30;Derivativos;0.00
FI;34.109.771/0001-33;;BRADESCO AZ QUEST TOP LONG BIASED FIF - CLASSE DE INVESTIMENTO EM COTAS DE AÇÕES - RESP LIMITADA;2025-04-30;Operações compromissadas lastreadas em títulos públicos federais;0.12
FI;34.109.771/0001-33;;BRADESCO AZ QUEST TOP LONG BIASED FIF - CLASSE DE INVESTIMENTO EM COTAS DE AÇÕES - RESP LIMITADA;2025-04-30;Títulos públicos federais;0.29
CLASSES - FIF;34.109.794/0001-48;;CONEXÃO GLOBAL STOCK INDEX FIF - CIC DE AÇÕES - RESPONSABILIDADE LIMITADA;2025-04-30;Investimento no exterior;98.77
FI;34.109.809/0001-78;;BRADESCO ZUPO FI FINANCEIRO - CIC RF CRED PRIV LP - RESP LIMITADA;2025-04-30;Cotas de fundos de investimento 409;4.87
FI;34.109.809/0001-78;;BRADESCO ZUPO FI FINANCEIRO - CIC RF CRED PRIV LP - RESP LIMITADA;2025-04-30;Depósitos a prazo e outros títulos de instituições financeiras;31.48
FI;34.109.809/0001-78;;BRADESCO ZUPO FI FINANCEIRO - CIC RF CRED PRIV LP - RESP LIMITADA;2025-04-30;Operações compromissadas lastreadas em títulos públicos federais;22.83
FI;34.109.809/0001-78;;BRADESCO ZUPO FI FINANCEIRO - CIC RF CRED PRIV LP - RESP LIMITADA;2025-04-30;Títulos de crédito privado;39.72
FI;34.109.809/0001-78;;BRADESCO ZUPO FI FINANCEIRO - CIC RF CRED PRIV LP - RESP LIMITADA;2025-04-30;Títulos públicos federais;0.89
FI;34.109.825/0001-60;;BRADESCO EMPRESARIAL PLUS FI FINANCEIRO - CIC RF CRED PRIV - RESP LIMITADA;2025-04-30;Cotas de fundos de investimento 409;100.46
FI;34.109.838/0001-30;;BRASIL CAPITAL 30 ÁGORA FIF - CLASSE DE INVESTIMENTO EM COTAS DE AÇÕES - RESP LIMITADA;2025-04-30;Cotas de fundos de investimento 409;99.53
FI;34.109.838/0001-30;;BRASIL CAPITAL 30 ÁGORA FIF - CLASSE DE INVESTIMENTO EM COTAS DE AÇÕES - RESP LIMITADA;2025-04-30;Derivativos;0.00
FI;34.109.838/0001-30;;BRASIL CAPITAL 30 ÁGORA FIF - CLASSE DE INVESTIMENTO EM COTAS DE AÇÕES - RESP LIMITADA;2025-04-30;Operações compromissadas lastreadas em títulos públicos federais;0.07
FI;34.109.838/0001-30;;BRASIL CAPITAL 30 ÁGORA FIF - CLASSE DE INVESTIMENTO EM COTAS DE AÇÕES - RESP LIMITADA;2025-04-30;Títulos públicos federais;0.18
FI;34.109.840/0001-09;;BRADESCO BRASIL CAPITAL 30 FIF - CLASSE DE INVESTIMENTO EM COTAS AÇÕES - RESP LIMITADA;2025-04-30;Cotas de fundos de investimento 409;99.33
FI;34.109.840/0001-09;;BRADESCO BRASIL CAPITAL 30 FIF - CLASSE DE INVESTIMENTO EM COTAS AÇÕES - RESP LIMITADA;2025-04-30;Derivativos;0.00
FI;34.109.840/0001-09;;BRADESCO BRASIL CAPITAL 30 FIF - CLASSE DE INVESTIMENTO EM COTAS AÇÕES - RESP LIMITADA;2025-04-30;Operações compromissadas lastreadas em títulos públicos federais;0.18
FI;34.109.840/0001-09;;BRADESCO BRASIL CAPITAL 30 FIF - CLASSE DE INVESTIMENTO EM COTAS AÇÕES - RESP LIMITADA;2025-04-30;Títulos públicos federais;0.42
FI;34.109.912/0001-18;;BRADESCO EQUITAS SELECTION FIF - CLASSE DE INVESTIMENTO EM COTAS DE AÇÕES - RESP LIMITADA;2025-04-30;Cotas de fundos de investimento 409;99.35
FI;34.109.912/0001-18;;BRADESCO EQUITAS SELECTION FIF - CLASSE DE INVESTIMENTO EM COTAS DE AÇÕES - RESP LIMITADA;2025-04-30;Derivativos;0.00
FI;34.109.912/0001-18;;BRADESCO EQUITAS SELECTION FIF - CLASSE DE INVESTIMENTO EM COTAS DE AÇÕES - RESP LIMITADA;2025-04-30;Operações compromissadas lastreadas em títulos públicos federais;0.18
FI;34.109.912/0001-18;;BRADESCO EQUITAS SELECTION FIF - CLASSE DE INVESTIMENTO EM COTAS DE AÇÕES - RESP LIMITADA;2025-04-30;Títulos públicos federais;0.44
FI;34.109.921/0001-09;;CONEXÃO EQUITAS SELECTION FIF - CLASSE DE INVESTIMENTO EM COTAS DE AÇÕES - RESP LIMITADA;2025-04-30;Cotas de fundos de investimento 409;99.54
FI;34.109.921/0001-09;;CONEXÃO EQUITAS SELECTION FIF - CLASSE DE INVESTIMENTO EM COTAS DE AÇÕES - RESP LIMITADA;2025-04-30;Derivativos;0.00
FI;34.109.921/0001-09;;CONEXÃO EQUITAS SELECTION FIF - CLASSE DE INVESTIMENTO EM COTAS DE AÇÕES - RESP LIMITADA;2025-04-30;Operações compromissadas lastreadas em títulos públicos federais;0.09
FI;34.109.921/0001-09;;CONEXÃO EQUITAS SELECTION FIF - CLASSE DE INVESTIMENTO EM COTAS DE AÇÕES - RESP LIMITADA;2025-04-30;Títulos públicos federais;0.21
FI;34.109.945/0001-68;;BRADESCO CONSTELLATION FIF - CIC DE AÇÕES - RESPONSABILIDADE LIMITADA;2025-04-30;Cotas de fundos de investimento 409;100.07
FI;34.109.945/0001-68;;BRADESCO CONSTELLATION FIF - CIC DE AÇÕES - RESPONSABILIDADE LIMITADA;2025-04-30;Derivativos;0.00
FI;34.109.945/0001-68;;BRADESCO CONSTELLATION FIF - CIC DE AÇÕES - RESPONSABILIDADE LIMITADA;2025-04-30;Operações compromissadas lastreadas em títulos públicos federais;0.15
FI;34.109.945/0001-68;;BRADESCO CONSTELLATION FIF - CIC DE AÇÕES - RESPONSABILIDADE LIMITADA;2025-04-30;Títulos públicos federais;0.36
FI;34.109.948/0001-00;;CONEXÃO CONSTELLATION FIF - CLASSE DE INVESTIMENTO EM COTAS DE AÇÕES - RESP LIMITADA;2025-04-30;Cotas de fundos de investimento 409;99.42
FI;34.109.948/0001-00;;CONEXÃO CONSTELLATION FIF - CLASSE DE INVESTIMENTO EM COTAS DE AÇÕES - RESP LIMITADA;2025-04-30;Operações compromissadas lastreadas em títulos públicos federais;0.15
FI;34.109.948/0001-00;;CONEXÃO CONSTELLATION FIF - CLASSE DE INVESTIMENTO EM COTAS DE AÇÕES - RESP LIMITADA;2025-04-30;Títulos públicos federais;0.38
FI;34.109.961/0001-50;;BRADESCO BLACKROCK GLOBAL BOND INCOME FIF - CIC MULTIMERCADO - RESP LIMITADA;2025-04-30;Cotas de fundos de investimento 409;99.04
FI;34.109.961/0001-50;;BRADESCO BLACKROCK GLOBAL BOND INCOME FIF - CIC MULTIMERCADO - RESP LIMITADA;2025-04-30;Derivativos;0.00
FI;34.109.961/0001-50;;BRADESCO BLACKROCK GLOBAL BOND INCOME FIF - CIC MULTIMERCADO - RESP LIMITADA;2025-04-30;Operações compromissadas lastreadas em títulos públicos federais;0.17
FI;34.109.961/0001-50;;BRADESCO BLACKROCK GLOBAL BOND INCOME FIF - CIC MULTIMERCADO - RESP LIMITADA;2025-04-30;Títulos públicos federais;0.40
FI;34.109.974/0001-20;;BLACKROCK GLOBAL BOND INCOME AGORA FIF - CIC MULT - RESP LIMITADA;2025-04-30;Cotas de fundos de investimento 409;97.12
FI;34.109.974/0001-20;;BLACKROCK GLOBAL BOND INCOME AGORA FIF - CIC MULT - RESP LIMITADA;2025-04-30;Derivativos;0.00
FI;34.109.974/0001-20;;BLACKROCK GLOBAL BOND INCOME AGORA FIF - CIC MULT - RESP LIMITADA;2025-04-30;Operações compromissadas lastreadas em títulos públicos federais;0.63
FI;34.109.974/0001-20;;BLACKROCK GLOBAL BOND INCOME AGORA FIF - CIC MULT - RESP LIMITADA;2025-04-30;Títulos públicos federais;1.50
FI;34.123.524/0001-91;;BRADESCO KIRON FIF - CLASSE DE INVESTIMENTO EM COTAS AÇÕES - RESP LIMITADA;2025-04-30;Cotas de fundos de investimento 409;98.77
FI;34.123.524/0001-91;;BRADESCO KIRON FIF - CLASSE DE INVESTIMENTO EM COTAS AÇÕES - RESP LIMITADA;2025-04-30;Derivativos;0.00
FI;34.123.524/0001-91;;BRADESCO KIRON FIF - CLASSE DE INVESTIMENTO EM COTAS AÇÕES - RESP LIMITADA;2025-04-30;Operações compromissadas lastreadas em títulos públicos federais;0.35
FI;34.123.524/0001-91;;BRADESCO KIRON FIF - CLASSE DE INVESTIMENTO EM COTAS AÇÕES - RESP LIMITADA;2025-04-30;Títulos públicos federais;0.83
CLASSES - FIF;34.123.529/0001-14;;BRADESCO ESTRATÉGIA CRESCIMENTO FIF - CLASSE DE INVESTIMENTO EM COTAS AÇÕES - RESP LIMITADA;2025-04-30;Ações;87.17
CLASSES - FIF;34.123.529/0001-14;;BRADESCO ESTRATÉGIA CRESCIMENTO FIF - CLASSE DE INVESTIMENTO EM COTAS AÇÕES - RESP LIMITADA;2025-04-30;Derivativos;-0.03
CLASSES - FIF;34.123.529/0001-14;;BRADESCO ESTRATÉGIA CRESCIMENTO FIF - CLASSE DE INVESTIMENTO EM COTAS AÇÕES - RESP LIMITADA;2025-04-30;Operações compromissadas lastreadas em títulos públicos federais;11.68
CLASSES - FIF;34.123.534/0001-27;;BRADESCO SEQUOIA SELEÇÃO FIF - CLASSE DE INVESTIMENTO EM COTAS AÇÕES - RESP LIMITADA;2025-04-30;Ações;87.74
CLASSES - FIF;34.123.534/0001-27;;BRADESCO SEQUOIA SELEÇÃO FIF - CLASSE DE INVESTIMENTO EM COTAS AÇÕES - RESP LIMITADA;2025-04-30;Derivativos;-0.03
CLASSES - FIF;34.123.534/0001-27;;BRADESCO SEQUOIA SELEÇÃO FIF - CLASSE DE INVESTIMENTO EM COTAS AÇÕES - RESP LIMITADA;2025-04-30;Operações compromissadas lastreadas em títulos públicos federais;11.76
FI;34.475.217/0001-70;;BRASIL CAPITAL STB FIF - CLASSE DE INVESTIMENTO EM COTAS DE AÇÕES - RESP LIMITADA;2025-04-30;Ações;95.34
FI;34.475.217/0001-70;;BRASIL CAPITAL STB FIF - CLASSE DE INVESTIMENTO EM COTAS DE AÇÕES - RESP LIMITADA;2025-04-30;Cotas de fundos de investimento 409;1.15
FI;34.475.217/0001-70;;BRASIL CAPITAL STB FIF - CLASSE DE INVESTIMENTO EM COTAS DE AÇÕES - RESP LIMITADA;2025-04-30;Derivativos;-1.23
FI;34.475.217/0001-70;;BRASIL CAPITAL STB FIF - CLASSE DE INVESTIMENTO EM COTAS DE AÇÕES - RESP LIMITADA;2025-04-30;Investimento no exterior;1.30
FI;34.475.217/0001-70;;BRASIL CAPITAL STB FIF - CLASSE DE INVESTIMENTO EM COTAS DE AÇÕES - RESP LIMITADA;2025-04-30;Operações compromissadas lastreadas em títulos públicos federais;1.16
CLASSES - FIF;34.475.424/0001-24;;TREND INFLAÇÃO GERAL FUNDO DE INVESTIMENTO EM RENDA FIXA RESPONSABILIDADE LIMITADA;2025-04-30;Outras aplicações;0.00
CLASSES - FIF;34.525.051/0001-59;;SULAMÉRICA CRÉDITO INSTITUCIONAL ESG FIF RF CRED PRIV LONGO PRAZO IS - RESP LIMITADA;2025-04-30;Cotas de fundos de investimento 409;3.68
CLASSES - FIF;34.525.051/0001-59;;SULAMÉRICA CRÉDITO INSTITUCIONAL ESG FIF RF CRED PRIV LONGO PRAZO IS - RESP LIMITADA;2025-04-30;Depósitos a prazo e outros títulos de instituições financeiras;41.95
CLASSES - FIF;34.525.051/0001-59;;SULAMÉRICA CRÉDITO INSTITUCIONAL ESG FIF RF CRED PRIV LONGO PRAZO IS - RESP LIMITADA;2025-04-30;Operações compromissadas lastreadas em títulos públicos federais;10.99
CLASSES - FIF;34.525.051/0001-59;;SULAMÉRICA CRÉDITO INSTITUCIONAL ESG FIF RF CRED PRIV LONGO PRAZO IS - RESP LIMITADA;2025-04-30;Outras aplicações;0.11
CLASSES - FIF;34.525.051/0001-59;;SULAMÉRICA CRÉDITO INSTITUCIONAL ESG FIF RF CRED PRIV LONGO PRAZO IS - RESP LIMITADA;2025-04-30;Títulos de crédito privado;43.44
FI;34.525.068/0001-06;;SUL AMÉRICA SELECTION FIF - CLASSE DE INVESTIMENTO EM COTAS EM AÇÕES - RESP LIMITADA;2025-04-30;Ações;92.90
FI;34.525.068/0001-06;;SUL AMÉRICA SELECTION FIF - CLASSE DE INVESTIMENTO EM COTAS EM AÇÕES - RESP LIMITADA;2025-04-30;Operações compromissadas lastreadas em títulos públicos federais;8.80
FI;34.617.291/0001-83;;INTER SELECTION MACRO FUNDO DE INVESTIMENTO FINANCEIRO RENDA FIXA RESPONSABILIDADE LIMITADA;2025-04-30;Cotas de Fundos de Investimento 555;97.15
FI;34.617.291/0001-83;;INTER SELECTION MACRO FUNDO DE INVESTIMENTO FINANCEIRO RENDA FIXA RESPONSABILIDADE LIMITADA;2025-04-30;Operações Compromissadas Lastreadas em Títulos Públicos Federais;2.98
FI;34.626.178/0001-64;;ENTERCAPITAL TURING FI FINANCEIRO - CI MULT - RESP LIMITADA;2025-04-30;Ações;39.74
FI;34.626.178/0001-64;;ENTERCAPITAL TURING FI FINANCEIRO - CI MULT - RESP LIMITADA;2025-04-30;Cotas de fundos de investimento 409;1.52
FI;34.626.178/0001-64;;ENTERCAPITAL TURING FI FINANCEIRO - CI MULT - RESP LIMITADA;2025-04-30;Derivativos;708.66
FI;34.626.178/0001-64;;ENTERCAPITAL TURING FI FINANCEIRO - CI MULT - RESP LIMITADA;2025-04-30;Operações compromissadas lastreadas em títulos públicos federais;41.42
FI;34.626.178/0001-64;;ENTERCAPITAL TURING FI FINANCEIRO - CI MULT - RESP LIMITADA;2025-04-30;Títulos públicos federais;52.37
FI;34.626.199/0001-80;;ENTERCAPITAL TURING FI FINANCEIRO - CIC MULT - RESP LIMITADA;2025-04-30;Ações;39.72
FI;34.626.199/0001-80;;ENTERCAPITAL TURING FI FINANCEIRO - CIC MULT - RESP LIMITADA;2025-04-30;Cotas de fundos de investimento 409;1.52
FI;34.626.199/0001-80;;ENTERCAPITAL TURING FI FINANCEIRO - CIC MULT - RESP LIMITADA;2025-04-30;Derivativos;708.33
FI;34.626.199/0001-80;;ENTERCAPITAL TURING FI FINANCEIRO - CIC MULT - RESP LIMITADA;2025-04-30;Operações compromissadas lastreadas em títulos públicos federais;44.03
FI;34.626.199/0001-80;;ENTERCAPITAL TURING FI FINANCEIRO - CIC MULT - RESP LIMITADA;2025-04-30;Títulos públicos federais;52.34
FI;34.633.357/0001-29;;BRAM MULTI-ÍNDICES II FI FINANCEIRO - CI RF LP - RESP LIMITADA;2025-04-30;Derivativos;-0.07
FI;34.633.357/0001-29;;BRAM MULTI-ÍNDICES II FI FINANCEIRO - CI RF LP - RESP LIMITADA;2025-04-30;Operações compromissadas lastreadas em títulos públicos federais;14.82
FI;34.633.357/0001-29;;BRAM MULTI-ÍNDICES II FI FINANCEIRO - CI RF LP - RESP LIMITADA;2025-04-30;Títulos públicos federais;85.22
FI;34.644.314/0001-49;;INDIE FIFE PREVIDÊNCIA FI FINANCEIRO - CI MULT - RESP LIMITADA;2025-04-30;Ações;91.69
FI;34.644.314/0001-49;;INDIE FIFE PREVIDÊNCIA FI FINANCEIRO - CI MULT - RESP LIMITADA;2025-04-30;Operações compromissadas lastreadas em títulos públicos federais;7.70
CLASSES - FIF;34.658.753/0001-00;;DAYCOVAL BOLSA AMERICANA USD BDR-AÇÕES FUNDO DE  INVESTIMENTO FINANCEIRO;2025-04-30;Operações Compromissadas Lastreadas em Títulos Públicos Federais;1.39
CLASSES - FIF;34.658.753/0001-00;;DAYCOVAL BOLSA AMERICANA USD BDR-AÇÕES FUNDO DE  INVESTIMENTO FINANCEIRO;2025-04-30;Outras Aplicações;0.11
CLASSES - FIF;34.658.753/0001-00;;DAYCOVAL BOLSA AMERICANA USD BDR-AÇÕES FUNDO DE  INVESTIMENTO FINANCEIRO;2025-04-30;Outras Cotas de Fundos de Investimento;9.90
FI;34.658.789/0001-94;;DAYCOVAL TÍTULOS PUBLICOS I FUNDO DE INVESTIMENTO FINANCEIRO;2025-04-30;Operações Compromissadas Lastreadas em Títulos Públicos Federais;28.11
FI;34.658.789/0001-94;;DAYCOVAL TÍTULOS PUBLICOS I FUNDO DE INVESTIMENTO FINANCEIRO;2025-04-30;Outras Aplicações;0.00
FI;34.658.789/0001-94;;DAYCOVAL TÍTULOS PUBLICOS I FUNDO DE INVESTIMENTO FINANCEIRO;2025-04-30;Títulos Públicos Federais;71.90
FI;34.658.859/0001-04;;DAYCOVAL TITULOS PUBLICOS II FUNDO DE INVESTIMENTO FINANCEIRO;2025-04-30;Operações Compromissadas Lastreadas em Títulos Públicos Federais;31.87
FI;34.658.859/0001-04;;DAYCOVAL TITULOS PUBLICOS II FUNDO DE INVESTIMENTO FINANCEIRO;2025-04-30;Outras Aplicações;0.00
FI;34.658.859/0001-04;;DAYCOVAL TITULOS PUBLICOS II FUNDO DE INVESTIMENTO FINANCEIRO;2025-04-30;Títulos Públicos Federais;68.14
FI;34.659.901/0001-01;;NAVI INSTITUCIONAL II FI FINANCEIRO - CIC EM AÇÕES - RESP LIMITADA;2025-04-30;Ações;93.08
FI;34.659.901/0001-01;;NAVI INSTITUCIONAL II FI FINANCEIRO - CIC EM AÇÕES - RESP LIMITADA;2025-04-30;Derivativos;-6.62
FI;34.659.901/0001-01;;NAVI INSTITUCIONAL II FI FINANCEIRO - CIC EM AÇÕES - RESP LIMITADA;2025-04-30;Operações compromissadas lastreadas em títulos públicos federais;5.88
FI;34.691.579/0001-06;;TUCHE ONE FUNDO DE INVESTIMENTO MULTIMERCADO CRÉDITO PRIVADO;2025-04-30;Acões;25.45
FI;34.691.579/0001-06;;TUCHE ONE FUNDO DE INVESTIMENTO MULTIMERCADO CRÉDITO PRIVADO;2025-04-30;Cotas de Fundos de Investimento 555;0.00
FI;34.691.579/0001-06;;TUCHE ONE FUNDO DE INVESTIMENTO MULTIMERCADO CRÉDITO PRIVADO;2025-04-30;Depósito a prazo e outros títulos de instituições financeiras;2.80
FI;34.691.579/0001-06;;TUCHE ONE FUNDO DE INVESTIMENTO MULTIMERCADO CRÉDITO PRIVADO;2025-04-30;Operacões compromissadas lastreadas em títulos privados;0.00
FI;34.691.579/0001-06;;TUCHE ONE FUNDO DE INVESTIMENTO MULTIMERCADO CRÉDITO PRIVADO;2025-04-30;Títulos Públicos federais;71.76
FI;34.713.026/0001-07;;TARPON INTERSECTION FUNDO DE INVESTIMENTO FINANCEIRO;2025-04-30;Ações;78.68
FI;34.713.026/0001-07;;TARPON INTERSECTION FUNDO DE INVESTIMENTO FINANCEIRO;2025-04-30;Cotas de Fundos de Investimento 409;2.05
FI;34.713.026/0001-07;;TARPON INTERSECTION FUNDO DE INVESTIMENTO FINANCEIRO;2025-04-30;Outras Aplicações;0.29
FI;34.713.026/0001-07;;TARPON INTERSECTION FUNDO DE INVESTIMENTO FINANCEIRO;2025-04-30;Outras Cotas de Fundos de Investimento;18.08
FI;34.713.026/0001-07;;TARPON INTERSECTION FUNDO DE INVESTIMENTO FINANCEIRO;2025-04-30;Títulos Públicos Federais;0.82
FI;34.790.765/0001-94;;NAVI CRUISE MÉTODO FI FINANCEIRO - CIC EM AÇÕES - RESP LIMITADA;2025-04-30;Ações;86.82
FI;34.790.765/0001-94;;NAVI CRUISE MÉTODO FI FINANCEIRO - CIC EM AÇÕES - RESP LIMITADA;2025-04-30;Derivativos;-6.29
FI;34.790.765/0001-94;;NAVI CRUISE MÉTODO FI FINANCEIRO - CIC EM AÇÕES - RESP LIMITADA;2025-04-30;Investimento no exterior;5.94
FI;34.790.765/0001-94;;NAVI CRUISE MÉTODO FI FINANCEIRO - CIC EM AÇÕES - RESP LIMITADA;2025-04-30;Operações compromissadas lastreadas em títulos públicos federais;4.76
FI;34.790.765/0001-94;;NAVI CRUISE MÉTODO FI FINANCEIRO - CIC EM AÇÕES - RESP LIMITADA;2025-04-30;Títulos públicos federais;0.05
FI;34.791.421/0001-08;;NAVI CRUISE MASTER FI FINANCEIRO - CIA - RESP LIMITADA;2025-04-30;Ações;86.81
FI;34.791.421/0001-08;;NAVI CRUISE MASTER FI FINANCEIRO - CIA - RESP LIMITADA;2025-04-30;Derivativos;-6.29
FI;34.791.421/0001-08;;NAVI CRUISE MASTER FI FINANCEIRO - CIA - RESP LIMITADA;2025-04-30;Investimento no exterior;5.93
FI;34.791.421/0001-08;;NAVI CRUISE MASTER FI FINANCEIRO - CIA - RESP LIMITADA;2025-04-30;Operações compromissadas lastreadas em títulos públicos federais;4.60
FI;34.791.421/0001-08;;NAVI CRUISE MASTER FI FINANCEIRO - CIA - RESP LIMITADA;2025-04-30;Títulos públicos federais;0.05
FI;34.791.444/0001-04;;NAVI CRUISE FI FINANCEIRO - CIC EM AÇÕES - RESP LIMITADA;2025-04-30;Ações;86.80
FI;34.791.444/0001-04;;NAVI CRUISE FI FINANCEIRO - CIC EM AÇÕES - RESP LIMITADA;2025-04-30;Derivativos;-6.29
FI;34.791.444/0001-04;;NAVI CRUISE FI FINANCEIRO - CIC EM AÇÕES - RESP LIMITADA;2025-04-30;Investimento no exterior;5.93
FI;34.791.444/0001-04;;NAVI CRUISE FI FINANCEIRO - CIC EM AÇÕES - RESP LIMITADA;2025-04-30;Operações compromissadas lastreadas em títulos públicos federais;5.13
FI;34.791.444/0001-04;;NAVI CRUISE FI FINANCEIRO - CIC EM AÇÕES - RESP LIMITADA;2025-04-30;Títulos públicos federais;0.05
FI;34.791.820/0001-60;;BRAM CRESCIMENTO FI FINANCEIRO - CIA - RESP LIMITADA;2025-04-30;Ações;87.16
FI;34.791.820/0001-60;;BRAM CRESCIMENTO FI FINANCEIRO - CIA - RESP LIMITADA;2025-04-30;Derivativos;-0.03
FI;34.791.820/0001-60;;BRAM CRESCIMENTO FI FINANCEIRO - CIA - RESP LIMITADA;2025-04-30;Operações compromissadas lastreadas em títulos públicos federais;11.68
FI;34.792.842/0001-45;;ÁGORA ESMERALDA FI FINANCEIRO - CI MULT - RESP LIMITADA;2025-04-30;Ações;8.54
FI;34.792.842/0001-45;;ÁGORA ESMERALDA FI FINANCEIRO - CI MULT - RESP LIMITADA;2025-04-30;Cotas de fundos de investimento 409;80.11
FI;34.792.842/0001-45;;ÁGORA ESMERALDA FI FINANCEIRO - CI MULT - RESP LIMITADA;2025-04-30;Operações compromissadas lastreadas em títulos públicos federais;9.44
FI;34.792.842/0001-45;;ÁGORA ESMERALDA FI FINANCEIRO - CI MULT - RESP LIMITADA;2025-04-30;Títulos públicos federais;2.58
FI;34.793.078/0001-22;;NAVI CRUISE ADVISORY FC - CIC EM AÇÕES - RESP LIMITADA;2025-04-30;Ações;86.82
FI;34.793.078/0001-22;;NAVI CRUISE ADVISORY FC - CIC EM AÇÕES - RESP LIMITADA;2025-04-30;Derivativos;-6.29
FI;34.793.078/0001-22;;NAVI CRUISE ADVISORY FC - CIC EM AÇÕES - RESP LIMITADA;2025-04-30;Investimento no exterior;5.94
FI;34.793.078/0001-22;;NAVI CRUISE ADVISORY FC - CIC EM AÇÕES - RESP LIMITADA;2025-04-30;Operações compromissadas lastreadas em títulos públicos federais;4.79
FI;34.793.078/0001-22;;NAVI CRUISE ADVISORY FC - CIC EM AÇÕES - RESP LIMITADA;2025-04-30;Títulos públicos federais;0.05
CLASSES - FIF;34.793.093/0001-70;;NAVI CRUISE A FIF - CLASSE DE COTAS DE INVESTIMENTO EM AÇÕES - RESP LIMITADA;2025-04-30;Ações;86.82
CLASSES - FIF;34.793.093/0001-70;;NAVI CRUISE A FIF - CLASSE DE COTAS DE INVESTIMENTO EM AÇÕES - RESP LIMITADA;2025-04-30;Derivativos;-6.29
CLASSES - FIF;34.793.093/0001-70;;NAVI CRUISE A FIF - CLASSE DE COTAS DE INVESTIMENTO EM AÇÕES - RESP LIMITADA;2025-04-30;Investimento no exterior;5.94
CLASSES - FIF;34.793.093/0001-70;;NAVI CRUISE A FIF - CLASSE DE COTAS DE INVESTIMENTO EM AÇÕES - RESP LIMITADA;2025-04-30;Operações compromissadas lastreadas em títulos públicos federais;4.77
CLASSES - FIF;34.793.093/0001-70;;NAVI CRUISE A FIF - CLASSE DE COTAS DE INVESTIMENTO EM AÇÕES - RESP LIMITADA;2025-04-30;Títulos públicos federais;0.05
FI;34.793.170/0001-92;;ICATU VANGUARDA FIF INCENTIVADO EM INFRA - CLASSE RENDA FIXA LONGO PRAZO - RESP LIMITADA;2025-04-30;Depósitos a prazo e outros títulos de instituições financeiras;0.38
FI;34.793.170/0001-92;;ICATU VANGUARDA FIF INCENTIVADO EM INFRA - CLASSE RENDA FIXA LONGO PRAZO - RESP LIMITADA;2025-04-30;Derivativos;7.53
FI;34.793.170/0001-92;;ICATU VANGUARDA FIF INCENTIVADO EM INFRA - CLASSE RENDA FIXA LONGO PRAZO - RESP LIMITADA;2025-04-30;Operações compromissadas lastreadas em títulos públicos federais;1.57
FI;34.793.170/0001-92;;ICATU VANGUARDA FIF INCENTIVADO EM INFRA - CLASSE RENDA FIXA LONGO PRAZO - RESP LIMITADA;2025-04-30;Títulos de crédito privado;90.71
FI;34.793.170/0001-92;;ICATU VANGUARDA FIF INCENTIVADO EM INFRA - CLASSE RENDA FIXA LONGO PRAZO - RESP LIMITADA;2025-04-30;Títulos públicos federais;7.79
FI;34.799.162/0001-53;;BOCOM BBM CORPORATE CREDIT FIF - CLASSE DE INVESTIMENTO RF CRED PRIV - RESP LIMITADA;2025-04-30;Depósitos a prazo e outros títulos de instituições financeiras;37.98
FI;34.799.162/0001-53;;BOCOM BBM CORPORATE CREDIT FIF - CLASSE DE INVESTIMENTO RF CRED PRIV - RESP LIMITADA;2025-04-30;Investimento no exterior;6.98
FI;34.799.162/0001-53;;BOCOM BBM CORPORATE CREDIT FIF - CLASSE DE INVESTIMENTO RF CRED PRIV - RESP LIMITADA;2025-04-30;Operações compromissadas lastreadas em títulos públicos federais;10.47
FI;34.799.162/0001-53;;BOCOM BBM CORPORATE CREDIT FIF - CLASSE DE INVESTIMENTO RF CRED PRIV - RESP LIMITADA;2025-04-30;Títulos de crédito privado;41.39
FI;34.799.162/0001-53;;BOCOM BBM CORPORATE CREDIT FIF - CLASSE DE INVESTIMENTO RF CRED PRIV - RESP LIMITADA;2025-04-30;Títulos públicos federais;1.86
FI;34.799.186/0001-02;;BOCOM BBM CORPORATE CREDIT FIF - CIC RF CRED PRIV - RESP LIMITADA;2025-04-30;Cotas de fundos de investimento 409;10.33
FI;34.799.186/0001-02;;BOCOM BBM CORPORATE CREDIT FIF - CIC RF CRED PRIV - RESP LIMITADA;2025-04-30;Depósitos a prazo e outros títulos de instituições financeiras;38.01
FI;34.799.186/0001-02;;BOCOM BBM CORPORATE CREDIT FIF - CIC RF CRED PRIV - RESP LIMITADA;2025-04-30;Operações compromissadas lastreadas em títulos públicos federais;9.92
FI;34.799.186/0001-02;;BOCOM BBM CORPORATE CREDIT FIF - CIC RF CRED PRIV - RESP LIMITADA;2025-04-30;Títulos de crédito privado;41.42
FI;34.799.186/0001-02;;BOCOM BBM CORPORATE CREDIT FIF - CIC RF CRED PRIV - RESP LIMITADA;2025-04-30;Títulos públicos federais;0.44
CLASSES - FIF;34.831.200/0001-08;;CSHG PORTFOLIO IBOVESPA PLUS FUNDO DE INVESTIMENTO EM COTAS DE FIF AÇÕES - RESPONSABILIDADE LIMITADA;2025-04-30;Outras Cotas de Fundos de Investimento;100.05
CLASSES - FIF;34.831.200/0001-08;;CSHG PORTFOLIO IBOVESPA PLUS FUNDO DE INVESTIMENTO EM COTAS DE FIF AÇÕES - RESPONSABILIDADE LIMITADA;2025-04-30;Outros;0.06
FI;35.167.346/0001-63;;FUNDO DE INVESTIMENTO DE AÇÕES AUDAX;2025-04-30;Acões;89.84
FI;35.167.346/0001-63;;FUNDO DE INVESTIMENTO DE AÇÕES AUDAX;2025-04-30;Derivativos;0.02
FI;35.167.346/0001-63;;FUNDO DE INVESTIMENTO DE AÇÕES AUDAX;2025-04-30;Operacões compromissadas lastreadas em títulos privados;0.00
FI;35.167.346/0001-63;;FUNDO DE INVESTIMENTO DE AÇÕES AUDAX;2025-04-30;Operacões compromissadas lastreadas em títulos públicos federais;12.09
FI;35.167.346/0001-63;;FUNDO DE INVESTIMENTO DE AÇÕES AUDAX;2025-04-30;Outras Cotas de Fundos de Investimento;0.88
FI;35.502.496/0001-86;;ESH PROSPERA FUNDO DE INVESTIMENTO EM AÇÕES;2025-04-30;Acões;98.65
FI;35.502.496/0001-86;;ESH PROSPERA FUNDO DE INVESTIMENTO EM AÇÕES;2025-04-30;Depósito a prazo e outros títulos de instituições financeiras;0.95
FI;35.502.496/0001-86;;ESH PROSPERA FUNDO DE INVESTIMENTO EM AÇÕES;2025-04-30;Operacões compromissadas lastreadas em títulos privados;0.00
FI;35.502.496/0001-86;;ESH PROSPERA FUNDO DE INVESTIMENTO EM AÇÕES;2025-04-30;Operacões compromissadas lastreadas em títulos públicos federais;0.40
FI;35.502.496/0001-86;;ESH PROSPERA FUNDO DE INVESTIMENTO EM AÇÕES;2025-04-30;Títulos Públicos federais;0.00
FI;35.587.562/0001-68;;SUL AMÉRICA SELECTION MASTER I FIF - CLASSE DE INVESTIMENTO EM AÇÕES - RESP LIMITADA;2025-04-30;Ações;94.35
FI;35.587.562/0001-68;;SUL AMÉRICA SELECTION MASTER I FIF - CLASSE DE INVESTIMENTO EM AÇÕES - RESP LIMITADA;2025-04-30;Operações compromissadas lastreadas em títulos públicos federais;7.01
FI;35.600.780/0001-95;;VINCI ATLAS INSTITUCIONAL FIF - CIC MULTIMERCADO -  RESPONSABILIDADE LIMITADA;2025-04-30;Ações;3.23
FI;35.600.780/0001-95;;VINCI ATLAS INSTITUCIONAL FIF - CIC MULTIMERCADO -  RESPONSABILIDADE LIMITADA;2025-04-30;Cotas de fundos de investimento 409;0.14
FI;35.600.780/0001-95;;VINCI ATLAS INSTITUCIONAL FIF - CIC MULTIMERCADO -  RESPONSABILIDADE LIMITADA;2025-04-30;Investimento no exterior;16.66
FI;35.600.780/0001-95;;VINCI ATLAS INSTITUCIONAL FIF - CIC MULTIMERCADO -  RESPONSABILIDADE LIMITADA;2025-04-30;Operações compromissadas lastreadas em títulos públicos federais;7.89
FI;35.600.780/0001-95;;VINCI ATLAS INSTITUCIONAL FIF - CIC MULTIMERCADO -  RESPONSABILIDADE LIMITADA;2025-04-30;Títulos públicos federais;72.29
CLASSES - FIF;35.609.382/0001-30;;ICATU VANGUARDA IPORÃ PG FIF CLASSE DE INVESTIMENTO MULTIMERCADO CRED PRIV - RESP LIMITADA;2025-04-30;Cotas de fundos de investimento 409;9.97
CLASSES - FIF;35.609.382/0001-30;;ICATU VANGUARDA IPORÃ PG FIF CLASSE DE INVESTIMENTO MULTIMERCADO CRED PRIV - RESP LIMITADA;2025-04-30;Depósitos a prazo e outros títulos de instituições financeiras;17.88
CLASSES - FIF;35.609.382/0001-30;;ICATU VANGUARDA IPORÃ PG FIF CLASSE DE INVESTIMENTO MULTIMERCADO CRED PRIV - RESP LIMITADA;2025-04-30;Operações compromissadas lastreadas em títulos públicos federais;15.02
CLASSES - FIF;35.609.382/0001-30;;ICATU VANGUARDA IPORÃ PG FIF CLASSE DE INVESTIMENTO MULTIMERCADO CRED PRIV - RESP LIMITADA;2025-04-30;Títulos de crédito privado;54.27
CLASSES - FIF;35.609.382/0001-30;;ICATU VANGUARDA IPORÃ PG FIF CLASSE DE INVESTIMENTO MULTIMERCADO CRED PRIV - RESP LIMITADA;2025-04-30;Títulos públicos federais;1.17
FI;35.636.871/0001-80;;VINCI TOTAL RETURN FIF - CLASSE DE INVESTIMENTO MULTIMERCADO - RESPONSABILIDADE LIMITADA;2025-04-30;Ações;100.13
FI;35.636.871/0001-80;;VINCI TOTAL RETURN FIF - CLASSE DE INVESTIMENTO MULTIMERCADO - RESPONSABILIDADE LIMITADA;2025-04-30;Derivativos;-6.58
FI;35.636.871/0001-80;;VINCI TOTAL RETURN FIF - CLASSE DE INVESTIMENTO MULTIMERCADO - RESPONSABILIDADE LIMITADA;2025-04-30;Operações compromissadas lastreadas em títulos públicos federais;12.80
FI;35.636.909/0001-15;;VINCI TOTAL RETURN FIF - CLASSE DE INVESTIMENTO EM COTAS MULTIMERCADO - RESP LIMITADA;2025-04-30;Ações;100.07
FI;35.636.909/0001-15;;VINCI TOTAL RETURN FIF - CLASSE DE INVESTIMENTO EM COTAS MULTIMERCADO - RESP LIMITADA;2025-04-30;Derivativos;-6.58
FI;35.636.909/0001-15;;VINCI TOTAL RETURN FIF - CLASSE DE INVESTIMENTO EM COTAS MULTIMERCADO - RESP LIMITADA;2025-04-30;Operações compromissadas lastreadas em títulos públicos federais;13.03
CLASSES - FIF;35.637.151/0001-30;;ICATU VANGUARDA IGARATÉ LONG BIASED FIF - CLASSE DE INVESTIMENTO MULTIMERCADO - RESP LIMITADA;2025-04-30;Ações;59.13
CLASSES - FIF;35.637.151/0001-30;;ICATU VANGUARDA IGARATÉ LONG BIASED FIF - CLASSE DE INVESTIMENTO MULTIMERCADO - RESP LIMITADA;2025-04-30;Cotas de fundos de investimento 409;12.01
CLASSES - FIF;35.637.151/0001-30;;ICATU VANGUARDA IGARATÉ LONG BIASED FIF - CLASSE DE INVESTIMENTO MULTIMERCADO - RESP LIMITADA;2025-04-30;Investimento no exterior;2.63
CLASSES - FIF;35.637.151/0001-30;;ICATU VANGUARDA IGARATÉ LONG BIASED FIF - CLASSE DE INVESTIMENTO MULTIMERCADO - RESP LIMITADA;2025-04-30;Operações compromissadas lastreadas em títulos públicos federais;1.83
CLASSES - FIF;35.637.151/0001-30;;ICATU VANGUARDA IGARATÉ LONG BIASED FIF - CLASSE DE INVESTIMENTO MULTIMERCADO - RESP LIMITADA;2025-04-30;Títulos públicos federais;26.18
FI;35.726.741/0001-39;;TARPON GT INSTITUCIONAL I FUNDO DE INVESTIMENTO FINANCEIRO;2025-04-30;Ações;100.50
FI;35.726.741/0001-39;;TARPON GT INSTITUCIONAL I FUNDO DE INVESTIMENTO FINANCEIRO;2025-04-30;Cotas de Fundos de Investimento 409;4.82
FI;35.726.741/0001-39;;TARPON GT INSTITUCIONAL I FUNDO DE INVESTIMENTO FINANCEIRO;2025-04-30;Operações Compromissadas Lastreadas em Títulos Públicos Federais;0.01
FI;35.726.741/0001-39;;TARPON GT INSTITUCIONAL I FUNDO DE INVESTIMENTO FINANCEIRO;2025-04-30;Outras Aplicações;-2.60
FI;35.726.741/0001-39;;TARPON GT INSTITUCIONAL I FUNDO DE INVESTIMENTO FINANCEIRO;2025-04-30;Títulos Públicos Federais;0.01
FI;35.806.167/0001-29;;POLYFACE FUNDO DE INVESTIMENTO MULTIMERCADO;2025-04-30;Ações;0.00
FI;35.806.167/0001-29;;POLYFACE FUNDO DE INVESTIMENTO MULTIMERCADO;2025-04-30;Cotas de fundos de Investimento;7.44
FI;35.806.167/0001-29;;POLYFACE FUNDO DE INVESTIMENTO MULTIMERCADO;2025-04-30;Outras Aplicações;0.22
FI;35.806.167/0001-29;;POLYFACE FUNDO DE INVESTIMENTO MULTIMERCADO;2025-04-30;Titulos publicos federais;92.57
CLASSES - FIF;35.844.973/0001-91;;OBY LONG SHORT FIF - CLASSE DE INVESTIMENTO EM COTAS MULTIMERCADO - RESPONSABILIDADE LIMITADA;2025-04-30;Ações;51.14
CLASSES - FIF;35.844.973/0001-91;;OBY LONG SHORT FIF - CLASSE DE INVESTIMENTO EM COTAS MULTIMERCADO - RESPONSABILIDADE LIMITADA;2025-04-30;Cotas de fundos de investimento 409;10.04
CLASSES - FIF;35.844.973/0001-91;;OBY LONG SHORT FIF - CLASSE DE INVESTIMENTO EM COTAS MULTIMERCADO - RESPONSABILIDADE LIMITADA;2025-04-30;Derivativos;-21.80
CLASSES - FIF;35.844.973/0001-91;;OBY LONG SHORT FIF - CLASSE DE INVESTIMENTO EM COTAS MULTIMERCADO - RESPONSABILIDADE LIMITADA;2025-04-30;Operações compromissadas lastreadas em títulos públicos federais;12.27
CLASSES - FIF;35.844.973/0001-91;;OBY LONG SHORT FIF - CLASSE DE INVESTIMENTO EM COTAS MULTIMERCADO - RESPONSABILIDADE LIMITADA;2025-04-30;Títulos públicos federais;43.89
CLASSES - FIF;35.844.975/0001-80;;OBY LONG SHORT FIF - CLASSE DE INVESTIMENTO MULTIMERCADO - RESPONSABILIDADE LIMITADA;2025-04-30;Ações;50.98
CLASSES - FIF;35.844.975/0001-80;;OBY LONG SHORT FIF - CLASSE DE INVESTIMENTO MULTIMERCADO - RESPONSABILIDADE LIMITADA;2025-04-30;Cotas de fundos de investimento 409;0.04
CLASSES - FIF;35.844.975/0001-80;;OBY LONG SHORT FIF - CLASSE DE INVESTIMENTO MULTIMERCADO - RESPONSABILIDADE LIMITADA;2025-04-30;Derivativos;-21.73
CLASSES - FIF;35.844.975/0001-80;;OBY LONG SHORT FIF - CLASSE DE INVESTIMENTO MULTIMERCADO - RESPONSABILIDADE LIMITADA;2025-04-30;Operações compromissadas lastreadas em títulos públicos federais;15.11
CLASSES - FIF;35.844.975/0001-80;;OBY LONG SHORT FIF - CLASSE DE INVESTIMENTO MULTIMERCADO - RESPONSABILIDADE LIMITADA;2025-04-30;Títulos públicos federais;50.83
FI;35.845.001/0001-11;;BRADESCO FOF ALOCAÇÃO FI FINANCEIRO - CIC MULT - RESP LIMITADA;2025-04-30;Cotas de fundos de investimento 409;69.19
FI;35.845.001/0001-11;;BRADESCO FOF ALOCAÇÃO FI FINANCEIRO - CIC MULT - RESP LIMITADA;2025-04-30;Operações compromissadas lastreadas em títulos públicos federais;8.67
FI;35.845.001/0001-11;;BRADESCO FOF ALOCAÇÃO FI FINANCEIRO - CIC MULT - RESP LIMITADA;2025-04-30;Títulos públicos federais;22.21
FI;35.845.002/0001-66;;BRADESCO MULTIGESTORES SIRIUS FI FINANCEIRO - CIC MULT CRED PRIV - RESP LIMITADA;2025-04-30;Cotas de fundos de investimento 409;88.63
FI;35.845.002/0001-66;;BRADESCO MULTIGESTORES SIRIUS FI FINANCEIRO - CIC MULT CRED PRIV - RESP LIMITADA;2025-04-30;Operações compromissadas lastreadas em títulos públicos federais;3.23
FI;35.845.002/0001-66;;BRADESCO MULTIGESTORES SIRIUS FI FINANCEIRO - CIC MULT CRED PRIV - RESP LIMITADA;2025-04-30;Títulos públicos federais;8.27
FI;35.845.044/0001-05;;CONEXÃO CLARITAS LONG SHORT FIF - CLASSE DE INVESTIMENTO EM COTAS MULTIMERCADO - RESP LIMITADA;2025-04-30;Cotas de fundos de investimento 409;98.04
FI;35.845.044/0001-05;;CONEXÃO CLARITAS LONG SHORT FIF - CLASSE DE INVESTIMENTO EM COTAS MULTIMERCADO - RESP LIMITADA;2025-04-30;Derivativos;0.00
FI;35.845.044/0001-05;;CONEXÃO CLARITAS LONG SHORT FIF - CLASSE DE INVESTIMENTO EM COTAS MULTIMERCADO - RESP LIMITADA;2025-04-30;Operações compromissadas lastreadas em títulos públicos federais;0.50
FI;35.845.044/0001-05;;CONEXÃO CLARITAS LONG SHORT FIF - CLASSE DE INVESTIMENTO EM COTAS MULTIMERCADO - RESP LIMITADA;2025-04-30;Títulos públicos federais;1.17
FI;35.845.046/0001-96;;BRADESCO CLARITAS LONG SHORT FIF - CLASSE DE INVESTIMENTO EM COTAS MULTIMERCADO - RESP LIMITADA;2025-04-30;Cotas de fundos de investimento 409;99.45
FI;35.845.046/0001-96;;BRADESCO CLARITAS LONG SHORT FIF - CLASSE DE INVESTIMENTO EM COTAS MULTIMERCADO - RESP LIMITADA;2025-04-30;Derivativos;0.00
FI;35.845.046/0001-96;;BRADESCO CLARITAS LONG SHORT FIF - CLASSE DE INVESTIMENTO EM COTAS MULTIMERCADO - RESP LIMITADA;2025-04-30;Operações compromissadas lastreadas em títulos públicos federais;0.19
FI;35.845.046/0001-96;;BRADESCO CLARITAS LONG SHORT FIF - CLASSE DE INVESTIMENTO EM COTAS MULTIMERCADO - RESP LIMITADA;2025-04-30;Títulos públicos federais;0.44
FI;35.847.505/0001-70;;BRADESCO PRIVATE S&P 500 BRL FI FINANCEIRO - CIC MULT - RESP LIMITADA;2025-04-30;Derivativos;99.85
FI;35.847.505/0001-70;;BRADESCO PRIVATE S&P 500 BRL FI FINANCEIRO - CIC MULT - RESP LIMITADA;2025-04-30;Operações compromissadas lastreadas em títulos públicos federais;10.37
FI;35.847.505/0001-70;;BRADESCO PRIVATE S&P 500 BRL FI FINANCEIRO - CIC MULT - RESP LIMITADA;2025-04-30;Títulos públicos federais;89.71
FI;35.847.901/0001-06;;BRADESCO FIF - CIC MULT  SIGMA - RESP LIMITADA;2025-04-30;Cotas de fundos de investimento 409;100.40
FI;35.847.960/0001-76;;BRADESCO FIF - CIC MULTIMERCADO ÔMEGA - RESP LIMITADA;2025-04-30;Cotas de fundos de investimento 409;99.74
FI;35.847.977/0001-23;;INDIE ÁGORA FIF - CLASSE DE INVESTIMENTO EM COTAS DE AÇÕES - RESP LIMITADA;2025-04-30;Cotas de fundos de investimento 409;99.70
FI;35.847.977/0001-23;;INDIE ÁGORA FIF - CLASSE DE INVESTIMENTO EM COTAS DE AÇÕES - RESP LIMITADA;2025-04-30;Derivativos;0.00
FI;35.847.977/0001-23;;INDIE ÁGORA FIF - CLASSE DE INVESTIMENTO EM COTAS DE AÇÕES - RESP LIMITADA;2025-04-30;Operações compromissadas lastreadas em títulos públicos federais;0.08
FI;35.847.977/0001-23;;INDIE ÁGORA FIF - CLASSE DE INVESTIMENTO EM COTAS DE AÇÕES - RESP LIMITADA;2025-04-30;Títulos públicos federais;0.20
FI;35.848.004/0001-09;;LEBLON AÇÕES II ÁGORA FIF - CLASSE DE INVESTIMENTO EM COTAS DE AÇÕES - RESP LIMITADA;2025-04-30;Cotas de fundos de investimento 409;98.55
FI;35.848.004/0001-09;;LEBLON AÇÕES II ÁGORA FIF - CLASSE DE INVESTIMENTO EM COTAS DE AÇÕES - RESP LIMITADA;2025-04-30;Derivativos;0.00
FI;35.848.004/0001-09;;LEBLON AÇÕES II ÁGORA FIF - CLASSE DE INVESTIMENTO EM COTAS DE AÇÕES - RESP LIMITADA;2025-04-30;Operações compromissadas lastreadas em títulos públicos federais;0.19
FI;35.848.004/0001-09;;LEBLON AÇÕES II ÁGORA FIF - CLASSE DE INVESTIMENTO EM COTAS DE AÇÕES - RESP LIMITADA;2025-04-30;Títulos públicos federais;0.46
FI;35.848.011/0001-00;;CONEXÃO ABSOLUTE PACE LONG BIASED FIF - CLASSE DE INVESTIMENTO EM COTAS DE AÇÕES - RESP LIMITADA;2025-04-30;Cotas de fundos de investimento 409;99.50
FI;35.848.011/0001-00;;CONEXÃO ABSOLUTE PACE LONG BIASED FIF - CLASSE DE INVESTIMENTO EM COTAS DE AÇÕES - RESP LIMITADA;2025-04-30;Derivativos;0.00
FI;35.848.011/0001-00;;CONEXÃO ABSOLUTE PACE LONG BIASED FIF - CLASSE DE INVESTIMENTO EM COTAS DE AÇÕES - RESP LIMITADA;2025-04-30;Operações compromissadas lastreadas em títulos públicos federais;0.14
FI;35.848.011/0001-00;;CONEXÃO ABSOLUTE PACE LONG BIASED FIF - CLASSE DE INVESTIMENTO EM COTAS DE AÇÕES - RESP LIMITADA;2025-04-30;Títulos públicos federais;0.34
FI;35.848.014/0001-44;;DAHLIA TOTAL RETURN ÁGORA FIF - CIC MULTIMERCADO - RESP LIMITADA;2025-04-30;Cotas de fundos de investimento 409;99.54
FI;35.848.014/0001-44;;DAHLIA TOTAL RETURN ÁGORA FIF - CIC MULTIMERCADO - RESP LIMITADA;2025-04-30;Derivativos;0.00
FI;35.848.014/0001-44;;DAHLIA TOTAL RETURN ÁGORA FIF - CIC MULTIMERCADO - RESP LIMITADA;2025-04-30;Operações compromissadas lastreadas em títulos públicos federais;0.13
FI;35.848.014/0001-44;;DAHLIA TOTAL RETURN ÁGORA FIF - CIC MULTIMERCADO - RESP LIMITADA;2025-04-30;Títulos públicos federais;0.31
FI;35.848.026/0001-79;;CLARITAS VALOR FIF - CLASSE DE INVESTIMENTO EM COTAS DE AÇÕES - RESP LIMITADA;2025-04-30;Cotas de fundos de investimento 409;98.68
FI;35.848.026/0001-79;;CLARITAS VALOR FIF - CLASSE DE INVESTIMENTO EM COTAS DE AÇÕES - RESP LIMITADA;2025-04-30;Derivativos;0.00
FI;35.848.026/0001-79;;CLARITAS VALOR FIF - CLASSE DE INVESTIMENTO EM COTAS DE AÇÕES - RESP LIMITADA;2025-04-30;Operações compromissadas lastreadas em títulos públicos federais;0.24
FI;35.848.026/0001-79;;CLARITAS VALOR FIF - CLASSE DE INVESTIMENTO EM COTAS DE AÇÕES - RESP LIMITADA;2025-04-30;Títulos públicos federais;0.57
FI;35.848.032/0001-26;;PACÍFICO ÁGORA FIF - CLASSE DE INVESTIMENTO EM COTAS DE AÇÕES - RESP LIMITADA;2025-04-30;Cotas de fundos de investimento 409;99.02
FI;35.848.032/0001-26;;PACÍFICO ÁGORA FIF - CLASSE DE INVESTIMENTO EM COTAS DE AÇÕES - RESP LIMITADA;2025-04-30;Derivativos;0.00
FI;35.848.032/0001-26;;PACÍFICO ÁGORA FIF - CLASSE DE INVESTIMENTO EM COTAS DE AÇÕES - RESP LIMITADA;2025-04-30;Operações compromissadas lastreadas em títulos públicos federais;0.22
FI;35.848.032/0001-26;;PACÍFICO ÁGORA FIF - CLASSE DE INVESTIMENTO EM COTAS DE AÇÕES - RESP LIMITADA;2025-04-30;Títulos públicos federais;0.53
FI;35.848.046/0001-40;;SHARP EQUITY VALUE INSTITUCIONAL FIF - CLASSE DE INVESTIMENTO EM COTAS DE AÇÕES - RESP LIMITADA;2025-04-30;Cotas de fundos de investimento 409;98.75
FI;35.848.046/0001-40;;SHARP EQUITY VALUE INSTITUCIONAL FIF - CLASSE DE INVESTIMENTO EM COTAS DE AÇÕES - RESP LIMITADA;2025-04-30;Derivativos;0.00
FI;35.848.046/0001-40;;SHARP EQUITY VALUE INSTITUCIONAL FIF - CLASSE DE INVESTIMENTO EM COTAS DE AÇÕES - RESP LIMITADA;2025-04-30;Operações compromissadas lastreadas em títulos públicos federais;0.29
FI;35.848.046/0001-40;;SHARP EQUITY VALUE INSTITUCIONAL FIF - CLASSE DE INVESTIMENTO EM COTAS DE AÇÕES - RESP LIMITADA;2025-04-30;Títulos públicos federais;0.70
FI;35.848.052/0001-05;;CANVAS ENDURO ÁGORA FIF - CLASSE DE INVESTIMENTO EM COTAS MULTIMERCADO - RESP LIMITADA;2025-04-30;Cotas de fundos de investimento 409;99.11
FI;35.848.052/0001-05;;CANVAS ENDURO ÁGORA FIF - CLASSE DE INVESTIMENTO EM COTAS MULTIMERCADO - RESP LIMITADA;2025-04-30;Derivativos;0.00
FI;35.848.052/0001-05;;CANVAS ENDURO ÁGORA FIF - CLASSE DE INVESTIMENTO EM COTAS MULTIMERCADO - RESP LIMITADA;2025-04-30;Operações compromissadas lastreadas em títulos públicos federais;0.14
FI;35.848.052/0001-05;;CANVAS ENDURO ÁGORA FIF - CLASSE DE INVESTIMENTO EM COTAS MULTIMERCADO - RESP LIMITADA;2025-04-30;Títulos públicos federais;0.34
FI;35.848.055/0001-30;;CONEXÃO MOAT CAPITAL LONG BIAS FIF - CLASSE DE INVESTIMENTO EM COTAS MULTIMERCADO - RESP LIMITADA;2025-04-30;Cotas de fundos de investimento 409;99.39
FI;35.848.055/0001-30;;CONEXÃO MOAT CAPITAL LONG BIAS FIF - CLASSE DE INVESTIMENTO EM COTAS MULTIMERCADO - RESP LIMITADA;2025-04-30;Derivativos;0.00
FI;35.848.055/0001-30;;CONEXÃO MOAT CAPITAL LONG BIAS FIF - CLASSE DE INVESTIMENTO EM COTAS MULTIMERCADO - RESP LIMITADA;2025-04-30;Operações compromissadas lastreadas em títulos públicos federais;0.12
FI;35.848.055/0001-30;;CONEXÃO MOAT CAPITAL LONG BIAS FIF - CLASSE DE INVESTIMENTO EM COTAS MULTIMERCADO - RESP LIMITADA;2025-04-30;Títulos públicos federais;0.27
FI;35.848.058/0001-74;;CONEXÃO MOAT CAPITAL EQUITY HEDGE FIF - CLASSE DE INVESTIMENTO EM COTAS MULTIMERCADO - RESP LIMITADA;2025-04-30;Cotas de fundos de investimento 409;98.70
FI;35.848.058/0001-74;;CONEXÃO MOAT CAPITAL EQUITY HEDGE FIF - CLASSE DE INVESTIMENTO EM COTAS MULTIMERCADO - RESP LIMITADA;2025-04-30;Derivativos;0.00
FI;35.848.058/0001-74;;CONEXÃO MOAT CAPITAL EQUITY HEDGE FIF - CLASSE DE INVESTIMENTO EM COTAS MULTIMERCADO - RESP LIMITADA;2025-04-30;Operações compromissadas lastreadas em títulos públicos federais;0.36
FI;35.848.058/0001-74;;CONEXÃO MOAT CAPITAL EQUITY HEDGE FIF - CLASSE DE INVESTIMENTO EM COTAS MULTIMERCADO - RESP LIMITADA;2025-04-30;Títulos públicos federais;0.85
FI;35.848.062/0001-32;;CONEXÃO ABSOLUTE HEDGE FIF - CLASSE DE INVESTIMENTO EM COTAS MULTIMERCADO - RESP LIMITADA;2025-04-30;Cotas de fundos de investimento 409;99.22
FI;35.848.062/0001-32;;CONEXÃO ABSOLUTE HEDGE FIF - CLASSE DE INVESTIMENTO EM COTAS MULTIMERCADO - RESP LIMITADA;2025-04-30;Derivativos;0.00
FI;35.848.062/0001-32;;CONEXÃO ABSOLUTE HEDGE FIF - CLASSE DE INVESTIMENTO EM COTAS MULTIMERCADO - RESP LIMITADA;2025-04-30;Operações compromissadas lastreadas em títulos públicos federais;0.20
FI;35.848.062/0001-32;;CONEXÃO ABSOLUTE HEDGE FIF - CLASSE DE INVESTIMENTO EM COTAS MULTIMERCADO - RESP LIMITADA;2025-04-30;Títulos públicos federais;0.48
FI;35.848.079/0001-90;;NEO MULTI ESTRATÉGIA 30 ÁGORA FIF - CLASSE DE INVESTIMENTO EM COTAS MULTIMERCADO - RESP LIMITADA;2025-04-30;Cotas de fundos de investimento 409;99.27
FI;35.848.079/0001-90;;NEO MULTI ESTRATÉGIA 30 ÁGORA FIF - CLASSE DE INVESTIMENTO EM COTAS MULTIMERCADO - RESP LIMITADA;2025-04-30;Derivativos;0.00
FI;35.848.079/0001-90;;NEO MULTI ESTRATÉGIA 30 ÁGORA FIF - CLASSE DE INVESTIMENTO EM COTAS MULTIMERCADO - RESP LIMITADA;2025-04-30;Operações compromissadas lastreadas em títulos públicos federais;0.20
FI;35.848.079/0001-90;;NEO MULTI ESTRATÉGIA 30 ÁGORA FIF - CLASSE DE INVESTIMENTO EM COTAS MULTIMERCADO - RESP LIMITADA;2025-04-30;Títulos públicos federais;0.48
FI;35.865.460/0001-67;;GENOA CAPITAL RADAR CSHG II CIC DE CLASSES DE INVESTIMENTO MULTIMERCADO - RESP LIMITADA;2025-04-30;Outras Cotas de Fundos de Investimento;100.17
FI;35.865.460/0001-67;;GENOA CAPITAL RADAR CSHG II CIC DE CLASSES DE INVESTIMENTO MULTIMERCADO - RESP LIMITADA;2025-04-30;Outros;0.00
CLASSES - FIF;35.868.808/0001-70;;BANESTES FUNSES FIF MULTIMERCADO RESPONSABILIDADE LIMITADA;2025-04-30;Cotas de fundos de investimento 555;1.32
CLASSES - FIF;35.868.808/0001-70;;BANESTES FUNSES FIF MULTIMERCADO RESPONSABILIDADE LIMITADA;2025-04-30;Depósitos a prazo e outros títulos de instituições financeiras;6.88
CLASSES - FIF;35.868.808/0001-70;;BANESTES FUNSES FIF MULTIMERCADO RESPONSABILIDADE LIMITADA;2025-04-30;Operações compromissadas lastreadas em títulos públicos federais;18.20
CLASSES - FIF;35.868.808/0001-70;;BANESTES FUNSES FIF MULTIMERCADO RESPONSABILIDADE LIMITADA;2025-04-30;Títulos de crédito privado;4.32
CLASSES - FIF;35.868.808/0001-70;;BANESTES FUNSES FIF MULTIMERCADO RESPONSABILIDADE LIMITADA;2025-04-30;Títulos públicos federais;68.49
FI;35.998.413/0001-91;;BANESTES DIVIDENDOS FIC DE FIF DE AÇÕES RESPONSABILIDADE LIMITADA;2025-04-30;Cotas de fundos de investimento 555;98.93
FI;35.998.413/0001-91;;BANESTES DIVIDENDOS FIC DE FIF DE AÇÕES RESPONSABILIDADE LIMITADA;2025-04-30;Operações compromissadas lastreadas em títulos públicos federais;0.72
FI;35.998.413/0001-91;;BANESTES DIVIDENDOS FIC DE FIF DE AÇÕES RESPONSABILIDADE LIMITADA;2025-04-30;Títulos públicos federais;0.42
CLASSES - FIF;36.347.706/0001-71;;BANESTES INVEST PUBLIC AUTOMÁTICO FIF RENDA FIXA CURTO PRAZO RESPONSABILIDADE LIMITADA;2025-04-30;Operações compromissadas lastreadas em títulos públicos federais;91.18
FI;36.352.662/0001-78;;ARX INCOME MASTER FIF - CLASSE DE INVESTIMENTO EM AÇÕES - RESP LIMITADA;2025-04-30;Ações;94.13
FI;36.352.662/0001-78;;ARX INCOME MASTER FIF - CLASSE DE INVESTIMENTO EM AÇÕES - RESP LIMITADA;2025-04-30;Operações compromissadas lastreadas em títulos públicos federais;5.90
FI;36.443.522/0001-05;;INTER CORPORATE FUNDO DE INVESTIMENTO FINANCEIRO RENDA FIXA CRÉDITO PRIVADO RESP LIMITADA;2025-04-30;Depósitos a Prazo e Outros Títulos de Instituições Financeiras;61.40
FI;36.443.522/0001-05;;INTER CORPORATE FUNDO DE INVESTIMENTO FINANCEIRO RENDA FIXA CRÉDITO PRIVADO RESP LIMITADA;2025-04-30;Operações Compromissadas Lastreadas em Títulos Públicos Federais;3.29
FI;36.443.522/0001-05;;INTER CORPORATE FUNDO DE INVESTIMENTO FINANCEIRO RENDA FIXA CRÉDITO PRIVADO RESP LIMITADA;2025-04-30;Títulos de Crédito Privado;9.14
FI;36.443.522/0001-05;;INTER CORPORATE FUNDO DE INVESTIMENTO FINANCEIRO RENDA FIXA CRÉDITO PRIVADO RESP LIMITADA;2025-04-30;Títulos Públicos Federais;23.46
FI;36.443.587/0001-50;;INTER ACCESS LEGACY CAPITAL FUNDO DE INVESTIMENTO EM COTAS DE FUNDO DE INVESTIMENTO FINANCEIRO MULTI;2025-04-30;Cotas de Fundos de Investimento 555;97.16
FI;36.443.587/0001-50;;INTER ACCESS LEGACY CAPITAL FUNDO DE INVESTIMENTO EM COTAS DE FUNDO DE INVESTIMENTO FINANCEIRO MULTI;2025-04-30;Operações Compromissadas Lastreadas em Títulos Públicos Federais;2.95
FI;36.499.392/0001-22;;TARPON US EQUITIES INSTITUCIONAL FUNDO DE INVESTIMENTO FINANCEIRO;2025-04-30;Cotas de Fundos de Investimento 409;0.37
FI;36.499.392/0001-22;;TARPON US EQUITIES INSTITUCIONAL FUNDO DE INVESTIMENTO FINANCEIRO;2025-04-30;Outras Aplicações;0.01
FI;36.499.392/0001-22;;TARPON US EQUITIES INSTITUCIONAL FUNDO DE INVESTIMENTO FINANCEIRO;2025-04-30;Outras Cotas de Fundos de Investimento;18.76
FI;36.521.750/0001-56;;ICATU VANGUARDA CRÉDITO PRIVADO INSTITUCIONAL FIF CLASSE DE INVESTIMENTO RENDA FIXA - RESP LIMITADA;2025-04-30;Cotas de fundos de investimento 409;9.39
FI;36.521.750/0001-56;;ICATU VANGUARDA CRÉDITO PRIVADO INSTITUCIONAL FIF CLASSE DE INVESTIMENTO RENDA FIXA - RESP LIMITADA;2025-04-30;Depósitos a prazo e outros títulos de instituições financeiras;22.25
FI;36.521.750/0001-56;;ICATU VANGUARDA CRÉDITO PRIVADO INSTITUCIONAL FIF CLASSE DE INVESTIMENTO RENDA FIXA - RESP LIMITADA;2025-04-30;Operações compromissadas lastreadas em títulos públicos federais;3.99
FI;36.521.750/0001-56;;ICATU VANGUARDA CRÉDITO PRIVADO INSTITUCIONAL FIF CLASSE DE INVESTIMENTO RENDA FIXA - RESP LIMITADA;2025-04-30;Títulos de crédito privado;58.37
FI;36.521.750/0001-56;;ICATU VANGUARDA CRÉDITO PRIVADO INSTITUCIONAL FIF CLASSE DE INVESTIMENTO RENDA FIXA - RESP LIMITADA;2025-04-30;Títulos públicos federais;5.93
FI;36.521.777/0001-49;;BRADESCO CEDRO LONG BIAS IQ FIF - CIC DE AÇÕES - RESP LIMITADA;2025-04-30;Ações;89.42
FI;36.521.777/0001-49;;BRADESCO CEDRO LONG BIAS IQ FIF - CIC DE AÇÕES - RESP LIMITADA;2025-04-30;Cotas de fundos de investimento 409;12.12
FI;36.521.777/0001-49;;BRADESCO CEDRO LONG BIAS IQ FIF - CIC DE AÇÕES - RESP LIMITADA;2025-04-30;Derivativos;30.03
FI;36.521.777/0001-49;;BRADESCO CEDRO LONG BIAS IQ FIF - CIC DE AÇÕES - RESP LIMITADA;2025-04-30;Investimento no exterior;5.46
FI;36.521.777/0001-49;;BRADESCO CEDRO LONG BIAS IQ FIF - CIC DE AÇÕES - RESP LIMITADA;2025-04-30;Operações compromissadas lastreadas em títulos públicos federais;8.33
FI;36.521.791/0001-42;;BRADESCO CEDRO LONG BIASED FIF - CLASSE DE INVESTIMENTO EM COTAS AÇÕES - RESP LIMITADA;2025-04-30;Ações;89.47
FI;36.521.791/0001-42;;BRADESCO CEDRO LONG BIASED FIF - CLASSE DE INVESTIMENTO EM COTAS AÇÕES - RESP LIMITADA;2025-04-30;Cotas de fundos de investimento 409;12.13
FI;36.521.791/0001-42;;BRADESCO CEDRO LONG BIASED FIF - CLASSE DE INVESTIMENTO EM COTAS AÇÕES - RESP LIMITADA;2025-04-30;Derivativos;30.05
FI;36.521.791/0001-42;;BRADESCO CEDRO LONG BIASED FIF - CLASSE DE INVESTIMENTO EM COTAS AÇÕES - RESP LIMITADA;2025-04-30;Investimento no exterior;5.46
FI;36.521.791/0001-42;;BRADESCO CEDRO LONG BIASED FIF - CLASSE DE INVESTIMENTO EM COTAS AÇÕES - RESP LIMITADA;2025-04-30;Operações compromissadas lastreadas em títulos públicos federais;8.33
FI;36.617.518/0001-16;;GÁVEA MACRO FEEDER I FI FINANCEIRO - CIC MULT - RESP LIMITADA;2025-04-30;Ações;9.43
FI;36.617.518/0001-16;;GÁVEA MACRO FEEDER I FI FINANCEIRO - CIC MULT - RESP LIMITADA;2025-04-30;Investimento no exterior;14.50
FI;36.617.518/0001-16;;GÁVEA MACRO FEEDER I FI FINANCEIRO - CIC MULT - RESP LIMITADA;2025-04-30;Operações compromissadas lastreadas em títulos públicos federais;26.29
FI;36.617.518/0001-16;;GÁVEA MACRO FEEDER I FI FINANCEIRO - CIC MULT - RESP LIMITADA;2025-04-30;Títulos de crédito privado;-0.05
FI;36.617.518/0001-16;;GÁVEA MACRO FEEDER I FI FINANCEIRO - CIC MULT - RESP LIMITADA;2025-04-30;Títulos públicos federais;51.20
FI;36.617.669/0001-74;;CONEXÃO TRUXT LONG BIAS FIF CLASSE DE INVESTIMENTO EM COTAS MULTIMERCADO - RESP LIMITADA;2025-04-30;Cotas de fundos de investimento 409;98.76
FI;36.617.669/0001-74;;CONEXÃO TRUXT LONG BIAS FIF CLASSE DE INVESTIMENTO EM COTAS MULTIMERCADO - RESP LIMITADA;2025-04-30;Derivativos;0.00
FI;36.617.669/0001-74;;CONEXÃO TRUXT LONG BIAS FIF CLASSE DE INVESTIMENTO EM COTAS MULTIMERCADO - RESP LIMITADA;2025-04-30;Operações compromissadas lastreadas em títulos públicos federais;0.35
FI;36.617.669/0001-74;;CONEXÃO TRUXT LONG BIAS FIF CLASSE DE INVESTIMENTO EM COTAS MULTIMERCADO - RESP LIMITADA;2025-04-30;Títulos públicos federais;0.83
FI;36.617.800/0001-01;;AZ QUEST MULTI ÁGORA FIF - CIC MULTIMERCADO - RESPONSABILIDADE LIMITADA;2025-04-30;Cotas de fundos de investimento 409;98.75
FI;36.617.800/0001-01;;AZ QUEST MULTI ÁGORA FIF - CIC MULTIMERCADO - RESPONSABILIDADE LIMITADA;2025-04-30;Derivativos;0.00
FI;36.617.800/0001-01;;AZ QUEST MULTI ÁGORA FIF - CIC MULTIMERCADO - RESPONSABILIDADE LIMITADA;2025-04-30;Operações compromissadas lastreadas em títulos públicos federais;0.36
FI;36.617.800/0001-01;;AZ QUEST MULTI ÁGORA FIF - CIC MULTIMERCADO - RESPONSABILIDADE LIMITADA;2025-04-30;Títulos públicos federais;0.85
FI;36.619.752/0001-82;;CONEXÃO ACE CAPITAL FIF - CIC MULTIMERCADO - RESPONSABILIDADE LIMITADA;2025-04-30;Cotas de fundos de investimento 409;99.47
FI;36.619.752/0001-82;;CONEXÃO ACE CAPITAL FIF - CIC MULTIMERCADO - RESPONSABILIDADE LIMITADA;2025-04-30;Derivativos;0.00
FI;36.619.752/0001-82;;CONEXÃO ACE CAPITAL FIF - CIC MULTIMERCADO - RESPONSABILIDADE LIMITADA;2025-04-30;Operações compromissadas lastreadas em títulos públicos federais;0.16
FI;36.619.752/0001-82;;CONEXÃO ACE CAPITAL FIF - CIC MULTIMERCADO - RESPONSABILIDADE LIMITADA;2025-04-30;Títulos públicos federais;0.39
FI;36.619.783/0001-33;;GAP ABSOLUTO ÁGORA FIF - CIC MULTIMERCADO - RESPONSABILIDADE LIMITADA;2025-04-30;Cotas de fundos de investimento 409;99.51
FI;36.619.783/0001-33;;GAP ABSOLUTO ÁGORA FIF - CIC MULTIMERCADO - RESPONSABILIDADE LIMITADA;2025-04-30;Derivativos;0.00
FI;36.619.783/0001-33;;GAP ABSOLUTO ÁGORA FIF - CIC MULTIMERCADO - RESPONSABILIDADE LIMITADA;2025-04-30;Operações compromissadas lastreadas em títulos públicos federais;0.15
FI;36.619.783/0001-33;;GAP ABSOLUTO ÁGORA FIF - CIC MULTIMERCADO - RESPONSABILIDADE LIMITADA;2025-04-30;Títulos públicos federais;0.35
FI;36.619.844/0001-62;;CONEXÃO TORK 60 FIF - CLASSE DE INVESTIMENTO EM COTAS DE AÇÕES - RESP LIMITADA;2025-04-30;Cotas de fundos de investimento 409;99.51
FI;36.619.844/0001-62;;CONEXÃO TORK 60 FIF - CLASSE DE INVESTIMENTO EM COTAS DE AÇÕES - RESP LIMITADA;2025-04-30;Derivativos;0.00
FI;36.619.844/0001-62;;CONEXÃO TORK 60 FIF - CLASSE DE INVESTIMENTO EM COTAS DE AÇÕES - RESP LIMITADA;2025-04-30;Operações compromissadas lastreadas em títulos públicos federais;0.15
FI;36.619.844/0001-62;;CONEXÃO TORK 60 FIF - CLASSE DE INVESTIMENTO EM COTAS DE AÇÕES - RESP LIMITADA;2025-04-30;Títulos públicos federais;0.36
FI;36.619.937/0001-97;;TORK LONG ONLY INSTITUCIONAL ÁGORA FIF - CLASSE DE INVESTIMENTO EM COTAS DE AÇÕES - RESP LIMITADA;2025-04-30;Cotas de fundos de investimento 409;99.68
FI;36.619.937/0001-97;;TORK LONG ONLY INSTITUCIONAL ÁGORA FIF - CLASSE DE INVESTIMENTO EM COTAS DE AÇÕES - RESP LIMITADA;2025-04-30;Derivativos;0.00
FI;36.619.937/0001-97;;TORK LONG ONLY INSTITUCIONAL ÁGORA FIF - CLASSE DE INVESTIMENTO EM COTAS DE AÇÕES - RESP LIMITADA;2025-04-30;Operações compromissadas lastreadas em títulos públicos federais;0.04
FI;36.619.937/0001-97;;TORK LONG ONLY INSTITUCIONAL ÁGORA FIF - CLASSE DE INVESTIMENTO EM COTAS DE AÇÕES - RESP LIMITADA;2025-04-30;Títulos públicos federais;0.11
FI;36.620.118/0001-60;;ATLAS ONE FUNDO DE INVESTIMENTO EM COTAS DE FUNDOS DE INVESTIMENTO EM AÇÕES ÁGORA;2025-04-30;Cotas de fundos de investimento 409;99.34
FI;36.620.118/0001-60;;ATLAS ONE FUNDO DE INVESTIMENTO EM COTAS DE FUNDOS DE INVESTIMENTO EM AÇÕES ÁGORA;2025-04-30;Derivativos;0.00
FI;36.620.118/0001-60;;ATLAS ONE FUNDO DE INVESTIMENTO EM COTAS DE FUNDOS DE INVESTIMENTO EM AÇÕES ÁGORA;2025-04-30;Operações compromissadas lastreadas em títulos públicos federais;0.14
FI;36.620.118/0001-60;;ATLAS ONE FUNDO DE INVESTIMENTO EM COTAS DE FUNDOS DE INVESTIMENTO EM AÇÕES ÁGORA;2025-04-30;Títulos públicos federais;0.33
CLASSES - FIF;36.620.345/0001-95;;PIMCO INCOME DÓLAR ÁGORA FIF - CLASSE DE INVESTIMENTO EM COTAS MULTIMERCADO - RESP LIMITADA;2025-04-30;Cotas de fundos de investimento 409;99.53
CLASSES - FIF;36.620.345/0001-95;;PIMCO INCOME DÓLAR ÁGORA FIF - CLASSE DE INVESTIMENTO EM COTAS MULTIMERCADO - RESP LIMITADA;2025-04-30;Derivativos;0.00
CLASSES - FIF;36.620.345/0001-95;;PIMCO INCOME DÓLAR ÁGORA FIF - CLASSE DE INVESTIMENTO EM COTAS MULTIMERCADO - RESP LIMITADA;2025-04-30;Operações compromissadas lastreadas em títulos públicos federais;0.16
CLASSES - FIF;36.620.345/0001-95;;PIMCO INCOME DÓLAR ÁGORA FIF - CLASSE DE INVESTIMENTO EM COTAS MULTIMERCADO - RESP LIMITADA;2025-04-30;Títulos públicos federais;0.37
FI;36.620.364/0001-11;;KADIMA HIGH VOL ÁGORA FIF - CLASSE DE INVESTIMENTO EM COTAS MULTIMERCADO - RESP LIMITADA;2025-04-30;Cotas de fundos de investimento 409;99.28
FI;36.620.364/0001-11;;KADIMA HIGH VOL ÁGORA FIF - CLASSE DE INVESTIMENTO EM COTAS MULTIMERCADO - RESP LIMITADA;2025-04-30;Derivativos;0.00
FI;36.620.364/0001-11;;KADIMA HIGH VOL ÁGORA FIF - CLASSE DE INVESTIMENTO EM COTAS MULTIMERCADO - RESP LIMITADA;2025-04-30;Operações compromissadas lastreadas em títulos públicos federais;0.12
FI;36.620.364/0001-11;;KADIMA HIGH VOL ÁGORA FIF - CLASSE DE INVESTIMENTO EM COTAS MULTIMERCADO - RESP LIMITADA;2025-04-30;Títulos públicos federais;0.29
FI;36.620.660/0001-12;;GAUSS ÁGORA FIF - CLASSE DE INVESTIMENTO EM COTAS MULTIMERCADO - RESP LIMITADA;2025-04-30;Cotas de fundos de investimento 409;98.99
FI;36.620.660/0001-12;;GAUSS ÁGORA FIF - CLASSE DE INVESTIMENTO EM COTAS MULTIMERCADO - RESP LIMITADA;2025-04-30;Derivativos;0.00
FI;36.620.660/0001-12;;GAUSS ÁGORA FIF - CLASSE DE INVESTIMENTO EM COTAS MULTIMERCADO - RESP LIMITADA;2025-04-30;Operações compromissadas lastreadas em títulos públicos federais;0.24
FI;36.620.660/0001-12;;GAUSS ÁGORA FIF - CLASSE DE INVESTIMENTO EM COTAS MULTIMERCADO - RESP LIMITADA;2025-04-30;Títulos públicos federais;0.56
FI;36.620.688/0001-50;;GÁVEA MACRO DÓLAR ÁGORA FIF - CIC MULTIMERCADO - RESPONSABILIDADE LIMITADA;2025-04-30;Cotas de fundos de investimento 409;99.45
FI;36.620.688/0001-50;;GÁVEA MACRO DÓLAR ÁGORA FIF - CIC MULTIMERCADO - RESPONSABILIDADE LIMITADA;2025-04-30;Derivativos;0.00
FI;36.620.688/0001-50;;GÁVEA MACRO DÓLAR ÁGORA FIF - CIC MULTIMERCADO - RESPONSABILIDADE LIMITADA;2025-04-30;Operações compromissadas lastreadas em títulos públicos federais;0.19
FI;36.620.688/0001-50;;GÁVEA MACRO DÓLAR ÁGORA FIF - CIC MULTIMERCADO - RESPONSABILIDADE LIMITADA;2025-04-30;Títulos públicos federais;0.44
FI;36.620.874/0001-99;;BRADESCO MOAT CAPITAL FIF - CLASSE DE INVESTIMENTO EM COTAS DE AÇÕES - RESP LIMITADA;2025-04-30;Cotas de fundos de investimento 409;99.52
FI;36.620.874/0001-99;;BRADESCO MOAT CAPITAL FIF - CLASSE DE INVESTIMENTO EM COTAS DE AÇÕES - RESP LIMITADA;2025-04-30;Derivativos;0.00
FI;36.620.874/0001-99;;BRADESCO MOAT CAPITAL FIF - CLASSE DE INVESTIMENTO EM COTAS DE AÇÕES - RESP LIMITADA;2025-04-30;Operações compromissadas lastreadas em títulos públicos federais;0.15
FI;36.620.874/0001-99;;BRADESCO MOAT CAPITAL FIF - CLASSE DE INVESTIMENTO EM COTAS DE AÇÕES - RESP LIMITADA;2025-04-30;Títulos públicos federais;0.35
CLASSES - FIF;36.656.529/0001-05;;CSHG ALLOCATION IBIUNA HEDGE STHG II FUNDO DE INVESTIMENTO EM COTAS DE FIF MULT - RESP LTDA;2025-04-30;Outras Cotas de Fundos de Investimento;100.07
CLASSES - FIF;36.656.529/0001-05;;CSHG ALLOCATION IBIUNA HEDGE STHG II FUNDO DE INVESTIMENTO EM COTAS DE FIF MULT - RESP LTDA;2025-04-30;Outros;0.00
FI;36.671.831/0001-32;;DAYCOVAL TITULOS PUBLICOS III FUNDO DE INVESTIMENTO FINANCEIRO;2025-04-30;Operações Compromissadas Lastreadas em Títulos Públicos Federais;35.39
FI;36.671.831/0001-32;;DAYCOVAL TITULOS PUBLICOS III FUNDO DE INVESTIMENTO FINANCEIRO;2025-04-30;Outras Aplicações;0.00
FI;36.671.831/0001-32;;DAYCOVAL TITULOS PUBLICOS III FUNDO DE INVESTIMENTO FINANCEIRO;2025-04-30;Títulos Públicos Federais;64.64
CLASSES - FIF;36.671.926/0001-56;;TRIGONO FLAGSHIP SMALL CAPS INSTITUCIONAL FIF- CIC DE AÇÕES - RESP LIMITADA;2025-04-30;Cotas de fundos de investimento 409;99.64
CLASSES - FIF;36.671.926/0001-56;;TRIGONO FLAGSHIP SMALL CAPS INSTITUCIONAL FIF- CIC DE AÇÕES - RESP LIMITADA;2025-04-30;Operações compromissadas lastreadas em títulos públicos federais;0.16
CLASSES - FIF;36.671.926/0001-56;;TRIGONO FLAGSHIP SMALL CAPS INSTITUCIONAL FIF- CIC DE AÇÕES - RESP LIMITADA;2025-04-30;Títulos públicos federais;0.39
FI;36.672.171/0001-04;;ALAMOS COMPASS FUNDO DE INVESTIMENTO FINANCEIRO;2025-04-30;Cotas de Fundos de Investimento 409;7.89
FI;36.672.171/0001-04;;ALAMOS COMPASS FUNDO DE INVESTIMENTO FINANCEIRO;2025-04-30;Derivativos;0.08
FI;36.672.171/0001-04;;ALAMOS COMPASS FUNDO DE INVESTIMENTO FINANCEIRO;2025-04-30;Outras Aplicações;0.00
FI;36.672.171/0001-04;;ALAMOS COMPASS FUNDO DE INVESTIMENTO FINANCEIRO;2025-04-30;Títulos Públicos Federais;92.10
FI;36.771.013/0001-01;;TARPON INTERSECTION MASTER FUNDO DE INVESTIMENTO FINANCEIRO;2025-04-30;Ações;78.61
FI;36.771.013/0001-01;;TARPON INTERSECTION MASTER FUNDO DE INVESTIMENTO FINANCEIRO;2025-04-30;Cotas de Fundos de Investimento 409;2.04
FI;36.771.013/0001-01;;TARPON INTERSECTION MASTER FUNDO DE INVESTIMENTO FINANCEIRO;2025-04-30;Outras Aplicações;0.29
FI;36.771.013/0001-01;;TARPON INTERSECTION MASTER FUNDO DE INVESTIMENTO FINANCEIRO;2025-04-30;Outras Cotas de Fundos de Investimento;18.07
FI;36.771.013/0001-01;;TARPON INTERSECTION MASTER FUNDO DE INVESTIMENTO FINANCEIRO;2025-04-30;Títulos Públicos Federais;0.77
CLASSES - FIF;36.771.076/0001-68;;ALAMOS SELECTION FUNDO DE INVESTIMENTO FINANCEIRO;2025-04-30;Ações;22.17
CLASSES - FIF;36.771.076/0001-68;;ALAMOS SELECTION FUNDO DE INVESTIMENTO FINANCEIRO;2025-04-30;Cotas de Fundos de Investimento 409;73.98
CLASSES - FIF;36.771.076/0001-68;;ALAMOS SELECTION FUNDO DE INVESTIMENTO FINANCEIRO;2025-04-30;Operações Compromissadas Lastreadas em Títulos Públicos Federais;0.64
CLASSES - FIF;36.771.076/0001-68;;ALAMOS SELECTION FUNDO DE INVESTIMENTO FINANCEIRO;2025-04-30;Outras Cotas de Fundos de Investimento;2.65
CLASSES - FIF;36.771.076/0001-68;;ALAMOS SELECTION FUNDO DE INVESTIMENTO FINANCEIRO;2025-04-30;Títulos Públicos Federais;1.65
FI;36.771.600/0001-09;;AURO CARTEIRA MODERADA FUNDO DE INVESTIMENTO FINANCEIRO MULTIMERCADO;2025-04-30;Cotas de Fundos de Investimento 409;85.59
FI;36.771.600/0001-09;;AURO CARTEIRA MODERADA FUNDO DE INVESTIMENTO FINANCEIRO MULTIMERCADO;2025-04-30;Outras Aplicações;1.04
FI;36.771.600/0001-09;;AURO CARTEIRA MODERADA FUNDO DE INVESTIMENTO FINANCEIRO MULTIMERCADO;2025-04-30;Outras Cotas de Fundos de Investimento;1.22
FI;36.771.600/0001-09;;AURO CARTEIRA MODERADA FUNDO DE INVESTIMENTO FINANCEIRO MULTIMERCADO;2025-04-30;Títulos Públicos Federais;12.59
FI;36.771.728/0001-64;;DAYCOVAL TITULOS PUBLICOS IV FUNDO DE INVESTIMENTO FINANCEIRO;2025-04-30;Operações Compromissadas Lastreadas em Títulos Públicos Federais;35.64
FI;36.771.728/0001-64;;DAYCOVAL TITULOS PUBLICOS IV FUNDO DE INVESTIMENTO FINANCEIRO;2025-04-30;Outras Aplicações;0.00
FI;36.771.728/0001-64;;DAYCOVAL TITULOS PUBLICOS IV FUNDO DE INVESTIMENTO FINANCEIRO;2025-04-30;Títulos Públicos Federais;64.37
FI;36.854.581/0001-76;;AMW VÊNUS FUNDO DE INVESTIMENTO FINANCEIRO;2025-04-30;Cotas de Fundos de Investimento 409;14.62
FI;36.854.581/0001-76;;AMW VÊNUS FUNDO DE INVESTIMENTO FINANCEIRO;2025-04-30;Depósitos a Prazo e Outros Títulos de Instituições Financeiras;47.15
FI;36.854.581/0001-76;;AMW VÊNUS FUNDO DE INVESTIMENTO FINANCEIRO;2025-04-30;Operações Compromissadas Lastreadas em Títulos Públicos Federais;10.79
FI;36.854.581/0001-76;;AMW VÊNUS FUNDO DE INVESTIMENTO FINANCEIRO;2025-04-30;Títulos de Crédito Privado;10.02
FI;36.854.581/0001-76;;AMW VÊNUS FUNDO DE INVESTIMENTO FINANCEIRO;2025-04-30;Títulos Públicos Federais;6.73
FI;36.935.494/0001-43;;SULAMÉRICA INCOME FIF - CLASSE DE INVESTIMENTO RENDA FIXA LONGO PRAZO - RESP LIMITADA;2025-04-30;Operações compromissadas lastreadas em títulos públicos federais;0.12
FI;36.935.494/0001-43;;SULAMÉRICA INCOME FIF - CLASSE DE INVESTIMENTO RENDA FIXA LONGO PRAZO - RESP LIMITADA;2025-04-30;Títulos públicos federais;100.01
FI;36.954.526/0001-58;;DAYCOVAL TITULOS PUBLICOS VI FUNDO DE INVESTIMENTO FINANCEIRO CURTO PRAZO;2025-04-30;Operações Compromissadas Lastreadas em Títulos Públicos Federais;100.03
FI;36.954.526/0001-58;;DAYCOVAL TITULOS PUBLICOS VI FUNDO DE INVESTIMENTO FINANCEIRO CURTO PRAZO;2025-04-30;Outras Aplicações;0.00
FI;37.235.748/0001-83;;BRADESCO OURO USD FI FINANCEIRO - CIC MULT - RESP LIMITADA;2025-04-30;Derivativos;3.86
FI;37.235.748/0001-83;;BRADESCO OURO USD FI FINANCEIRO - CIC MULT - RESP LIMITADA;2025-04-30;Operações compromissadas lastreadas em títulos públicos federais;15.94
FI;37.235.748/0001-83;;BRADESCO OURO USD FI FINANCEIRO - CIC MULT - RESP LIMITADA;2025-04-30;Títulos públicos federais;80.78
FI;37.235.773/0001-67;;BRADESCO OURO FI FINANCEIRO - CIC MULT - RESP LIMITADA;2025-04-30;Derivativos;1.04
FI;37.235.773/0001-67;;BRADESCO OURO FI FINANCEIRO - CIC MULT - RESP LIMITADA;2025-04-30;Operações compromissadas lastreadas em títulos públicos federais;18.86
FI;37.235.773/0001-67;;BRADESCO OURO FI FINANCEIRO - CIC MULT - RESP LIMITADA;2025-04-30;Títulos públicos federais;75.65
FI;37.235.820/0001-72;;BRAM OURO USD FI FINANCEIRO - CI MULT - RESP LIMITADA;2025-04-30;Derivativos;3.86
FI;37.235.820/0001-72;;BRAM OURO USD FI FINANCEIRO - CI MULT - RESP LIMITADA;2025-04-30;Operações compromissadas lastreadas em títulos públicos federais;15.94
FI;37.235.820/0001-72;;BRAM OURO USD FI FINANCEIRO - CI MULT - RESP LIMITADA;2025-04-30;Títulos públicos federais;80.75
FI;37.235.861/0001-69;;BRAM OURO FI FINANCEIRO - CI MULT - RESP LIMITADA;2025-04-30;Derivativos;1.04
FI;37.235.861/0001-69;;BRAM OURO FI FINANCEIRO - CI MULT - RESP LIMITADA;2025-04-30;Operações compromissadas lastreadas em títulos públicos federais;18.85
FI;37.235.861/0001-69;;BRAM OURO FI FINANCEIRO - CI MULT - RESP LIMITADA;2025-04-30;Títulos públicos federais;75.62
FI;37.235.981/0001-66;;CONEXÃO RPS SELECTION LONG BIAS D30 FIF - CIC DE AÇÕES - RESPONSABILIDADE LIMITADA;2025-04-30;Cotas de fundos de investimento 409;99.12
FI;37.235.981/0001-66;;CONEXÃO RPS SELECTION LONG BIAS D30 FIF - CIC DE AÇÕES - RESPONSABILIDADE LIMITADA;2025-04-30;Derivativos;0.00
FI;37.235.981/0001-66;;CONEXÃO RPS SELECTION LONG BIAS D30 FIF - CIC DE AÇÕES - RESPONSABILIDADE LIMITADA;2025-04-30;Operações compromissadas lastreadas em títulos públicos federais;0.21
FI;37.235.981/0001-66;;CONEXÃO RPS SELECTION LONG BIAS D30 FIF - CIC DE AÇÕES - RESPONSABILIDADE LIMITADA;2025-04-30;Títulos públicos federais;0.49
FI;37.248.132/0001-47;;CONEXÃO RPS SELECTION FIF - CLASSE DE INVESTIMENTO EM COTAS DE AÇÕES - RESP LIMITADA;2025-04-30;Cotas de fundos de investimento 409;99.54
FI;37.248.132/0001-47;;CONEXÃO RPS SELECTION FIF - CLASSE DE INVESTIMENTO EM COTAS DE AÇÕES - RESP LIMITADA;2025-04-30;Derivativos;0.00
FI;37.248.132/0001-47;;CONEXÃO RPS SELECTION FIF - CLASSE DE INVESTIMENTO EM COTAS DE AÇÕES - RESP LIMITADA;2025-04-30;Operações compromissadas lastreadas em títulos públicos federais;0.17
FI;37.248.132/0001-47;;CONEXÃO RPS SELECTION FIF - CLASSE DE INVESTIMENTO EM COTAS DE AÇÕES - RESP LIMITADA;2025-04-30;Títulos públicos federais;0.39
FI;37.265.082/0001-06;;BNP PARIBAS SMALL CAPS ÁGORA FIF - CLASSE DE INVESTIMENTO EM COTAS DE AÇÕES - RESP LIMITADA;2025-04-30;Cotas de fundos de investimento 409;99.14
FI;37.265.082/0001-06;;BNP PARIBAS SMALL CAPS ÁGORA FIF - CLASSE DE INVESTIMENTO EM COTAS DE AÇÕES - RESP LIMITADA;2025-04-30;Derivativos;0.00
FI;37.265.082/0001-06;;BNP PARIBAS SMALL CAPS ÁGORA FIF - CLASSE DE INVESTIMENTO EM COTAS DE AÇÕES - RESP LIMITADA;2025-04-30;Operações compromissadas lastreadas em títulos públicos federais;0.27
FI;37.265.082/0001-06;;BNP PARIBAS SMALL CAPS ÁGORA FIF - CLASSE DE INVESTIMENTO EM COTAS DE AÇÕES - RESP LIMITADA;2025-04-30;Títulos públicos federais;0.64
FI;37.265.158/0001-01;;BAHIA AM ÁGORA FIF - CIC MULTIMERCADO - RESP LIMITADA;2025-04-30;Cotas de fundos de investimento 409;99.38
FI;37.265.158/0001-01;;BAHIA AM ÁGORA FIF - CIC MULTIMERCADO - RESP LIMITADA;2025-04-30;Operações compromissadas lastreadas em títulos públicos federais;0.19
FI;37.265.158/0001-01;;BAHIA AM ÁGORA FIF - CIC MULTIMERCADO - RESP LIMITADA;2025-04-30;Títulos públicos federais;0.41
FI;37.265.183/0001-87;;BAHIA AM VALUATION ÁGORA FIF - CIC DE AÇÕES - RESPONSABILIDADE LIMITADA;2025-04-30;Cotas de fundos de investimento 409;97.78
FI;37.265.183/0001-87;;BAHIA AM VALUATION ÁGORA FIF - CIC DE AÇÕES - RESPONSABILIDADE LIMITADA;2025-04-30;Operações compromissadas lastreadas em títulos públicos federais;2.07
FI;37.280.124/0001-88;;AZ QUEST YIELD ÁGORA FIF - CLASSE DE INVESTIMENTO EM COTAS RF LONGO PRAZO - RESP LIMITADA;2025-04-30;Cotas de fundos de investimento 409;99.58
FI;37.280.124/0001-88;;AZ QUEST YIELD ÁGORA FIF - CLASSE DE INVESTIMENTO EM COTAS RF LONGO PRAZO - RESP LIMITADA;2025-04-30;Operações compromissadas lastreadas em títulos públicos federais;0.49
FI;37.280.163/0001-85;;IBIUNA LONG BIASED ÁGORA FIF - CLASSE DE INVESTIMENTO EM COTAS MULTIMERCADO - RESP LIMITADA;2025-04-30;Cotas de fundos de investimento 409;100.14
FI;37.280.163/0001-85;;IBIUNA LONG BIASED ÁGORA FIF - CLASSE DE INVESTIMENTO EM COTAS MULTIMERCADO - RESP LIMITADA;2025-04-30;Operações compromissadas lastreadas em títulos públicos federais;0.13
FI;37.280.163/0001-85;;IBIUNA LONG BIASED ÁGORA FIF - CLASSE DE INVESTIMENTO EM COTAS MULTIMERCADO - RESP LIMITADA;2025-04-30;Títulos públicos federais;0.34
FI;37.280.206/0001-22;;IBIUNA EQUITIES 30 ÁGORA FIF - CIC DE AÇÕES - RESPONSABILIDADE LIMITADA;2025-04-30;Cotas de fundos de investimento 409;99.13
FI;37.280.206/0001-22;;IBIUNA EQUITIES 30 ÁGORA FIF - CIC DE AÇÕES - RESPONSABILIDADE LIMITADA;2025-04-30;Derivativos;0.00
FI;37.280.206/0001-22;;IBIUNA EQUITIES 30 ÁGORA FIF - CIC DE AÇÕES - RESPONSABILIDADE LIMITADA;2025-04-30;Operações compromissadas lastreadas em títulos públicos federais;0.31
FI;37.280.206/0001-22;;IBIUNA EQUITIES 30 ÁGORA FIF - CIC DE AÇÕES - RESPONSABILIDADE LIMITADA;2025-04-30;Títulos públicos federais;0.74
FI;37.280.235/0001-94;;AZ QUEST ÁGORA FIF - CIC DE AÇÕES - RESP LIMITADA;2025-04-30;Operações compromissadas lastreadas em títulos públicos federais;3.22
FI;37.280.263/0001-01;;SUL AMÉRICA ATIVO ÁGORA FIF - CIC RF LONGO PRAZO - RESPONSABILIDADE LIMITADA;2025-04-30;Derivativos;-0.60
FI;37.280.263/0001-01;;SUL AMÉRICA ATIVO ÁGORA FIF - CIC RF LONGO PRAZO - RESPONSABILIDADE LIMITADA;2025-04-30;Operações compromissadas lastreadas em títulos públicos federais;47.10
FI;37.280.263/0001-01;;SUL AMÉRICA ATIVO ÁGORA FIF - CIC RF LONGO PRAZO - RESPONSABILIDADE LIMITADA;2025-04-30;Títulos públicos federais;53.11
FI;37.282.299/0001-24;;BTG PACTUAL ABSOLUTO LS ÁGORA FIF - CLASSE DE INVESTIMENTO EM COTAS DE AÇÕES - RESP LIMITADA;2025-04-30;Cotas de fundos de investimento 409;98.33
FI;37.282.299/0001-24;;BTG PACTUAL ABSOLUTO LS ÁGORA FIF - CLASSE DE INVESTIMENTO EM COTAS DE AÇÕES - RESP LIMITADA;2025-04-30;Derivativos;0.00
FI;37.282.299/0001-24;;BTG PACTUAL ABSOLUTO LS ÁGORA FIF - CLASSE DE INVESTIMENTO EM COTAS DE AÇÕES - RESP LIMITADA;2025-04-30;Operações compromissadas lastreadas em títulos públicos federais;0.41
FI;37.282.299/0001-24;;BTG PACTUAL ABSOLUTO LS ÁGORA FIF - CLASSE DE INVESTIMENTO EM COTAS DE AÇÕES - RESP LIMITADA;2025-04-30;Títulos públicos federais;0.97
FI;37.298.928/0001-04;;BRADESCO FRANKLIN WELLINGTON TECH LONG AND SHORT FI FINANCEIRO - CIC MULT - RESP LIMITADA;2025-04-30;Derivativos;0.00
FI;37.298.928/0001-04;;BRADESCO FRANKLIN WELLINGTON TECH LONG AND SHORT FI FINANCEIRO - CIC MULT - RESP LIMITADA;2025-04-30;Operações compromissadas lastreadas em títulos públicos federais;29.78
FI;37.298.928/0001-04;;BRADESCO FRANKLIN WELLINGTON TECH LONG AND SHORT FI FINANCEIRO - CIC MULT - RESP LIMITADA;2025-04-30;Títulos públicos federais;70.45
FI;37.299.026/0001-92;;BRADESCO VINCI ATLAS FIF - CLASSE DE INVESTIMENTO EM COTAS MULTIMERCADO - RESP LIMITADA;2025-04-30;Cotas de fundos de investimento 409;99.19
FI;37.299.026/0001-92;;BRADESCO VINCI ATLAS FIF - CLASSE DE INVESTIMENTO EM COTAS MULTIMERCADO - RESP LIMITADA;2025-04-30;Derivativos;0.00
FI;37.299.026/0001-92;;BRADESCO VINCI ATLAS FIF - CLASSE DE INVESTIMENTO EM COTAS MULTIMERCADO - RESP LIMITADA;2025-04-30;Operações compromissadas lastreadas em títulos públicos federais;0.54
FI;37.299.026/0001-92;;BRADESCO VINCI ATLAS FIF - CLASSE DE INVESTIMENTO EM COTAS MULTIMERCADO - RESP LIMITADA;2025-04-30;Títulos públicos federais;0.55
FI;37.310.314/0001-09;;BRADESCO ALOCAÇÃO ALPHA FI FINANCEIRO - CIC MULT - RESP LIMITADA;2025-04-30;Cotas de fundos de investimento 409;26.44
FI;37.310.314/0001-09;;BRADESCO ALOCAÇÃO ALPHA FI FINANCEIRO - CIC MULT - RESP LIMITADA;2025-04-30;Derivativos;49.73
FI;37.310.314/0001-09;;BRADESCO ALOCAÇÃO ALPHA FI FINANCEIRO - CIC MULT - RESP LIMITADA;2025-04-30;Operações compromissadas lastreadas em títulos públicos federais;10.16
FI;37.310.314/0001-09;;BRADESCO ALOCAÇÃO ALPHA FI FINANCEIRO - CIC MULT - RESP LIMITADA;2025-04-30;Títulos de crédito privado;12.14
FI;37.310.314/0001-09;;BRADESCO ALOCAÇÃO ALPHA FI FINANCEIRO - CIC MULT - RESP LIMITADA;2025-04-30;Títulos públicos federais;48.21
CLASSES - FIF;37.310.657/0001-65;;IBIUNA CREDIT FIF - CLASSE DE INVESTIMENTO EM COTAS MULTIMERCADO CRÉDITO PRIVADO - RESP LIMITADA;2025-04-30;Cotas de fundos de investimento 409;6.59
CLASSES - FIF;37.310.657/0001-65;;IBIUNA CREDIT FIF - CLASSE DE INVESTIMENTO EM COTAS MULTIMERCADO CRÉDITO PRIVADO - RESP LIMITADA;2025-04-30;Depósitos a prazo e outros títulos de instituições financeiras;13.76
CLASSES - FIF;37.310.657/0001-65;;IBIUNA CREDIT FIF - CLASSE DE INVESTIMENTO EM COTAS MULTIMERCADO CRÉDITO PRIVADO - RESP LIMITADA;2025-04-30;Investimento no exterior;15.42
CLASSES - FIF;37.310.657/0001-65;;IBIUNA CREDIT FIF - CLASSE DE INVESTIMENTO EM COTAS MULTIMERCADO CRÉDITO PRIVADO - RESP LIMITADA;2025-04-30;Operações compromissadas lastreadas em títulos públicos federais;12.73
CLASSES - FIF;37.310.657/0001-65;;IBIUNA CREDIT FIF - CLASSE DE INVESTIMENTO EM COTAS MULTIMERCADO CRÉDITO PRIVADO - RESP LIMITADA;2025-04-30;Títulos de crédito privado;48.82
CLASSES - FIF;37.322.048/0001-26;;IBIUNA CREDIT FIF - CLASSE DE INVESTIMENTO MULTIMERCADO CRÉDITO PRIVADO - RESP LIMITADA;2025-04-30;Cotas de fundos de investimento 409;6.23
CLASSES - FIF;37.322.048/0001-26;;IBIUNA CREDIT FIF - CLASSE DE INVESTIMENTO MULTIMERCADO CRÉDITO PRIVADO - RESP LIMITADA;2025-04-30;Depósitos a prazo e outros títulos de instituições financeiras;13.74
CLASSES - FIF;37.322.048/0001-26;;IBIUNA CREDIT FIF - CLASSE DE INVESTIMENTO MULTIMERCADO CRÉDITO PRIVADO - RESP LIMITADA;2025-04-30;Investimento no exterior;15.40
CLASSES - FIF;37.322.048/0001-26;;IBIUNA CREDIT FIF - CLASSE DE INVESTIMENTO MULTIMERCADO CRÉDITO PRIVADO - RESP LIMITADA;2025-04-30;Operações compromissadas lastreadas em títulos públicos federais;12.71
CLASSES - FIF;37.322.048/0001-26;;IBIUNA CREDIT FIF - CLASSE DE INVESTIMENTO MULTIMERCADO CRÉDITO PRIVADO - RESP LIMITADA;2025-04-30;Títulos de crédito privado;48.75
FI;37.322.097/0001-69;;PLURAL BDR FUNDO DE INVESTIMENTO FINANCEIRO - CLASSE DE INVESTIMENTO EM AÇÕES - RESP LIMITADA;2025-04-30;Ações;91.26
FI;37.322.097/0001-69;;PLURAL BDR FUNDO DE INVESTIMENTO FINANCEIRO - CLASSE DE INVESTIMENTO EM AÇÕES - RESP LIMITADA;2025-04-30;Operações compromissadas lastreadas em títulos públicos federais;8.12
FI;37.351.284/0001-70;;DIRECT GENOA CAPITAL RADAR FI FINANCEIRO EM COTAS DE FUNDOS DE INVESTIMENTO MULTIMERCADO;2025-04-30;Cotas de fundos de investimento 409;99.01
FI;37.351.284/0001-70;;DIRECT GENOA CAPITAL RADAR FI FINANCEIRO EM COTAS DE FUNDOS DE INVESTIMENTO MULTIMERCADO;2025-04-30;Operações compromissadas lastreadas em títulos públicos federais;0.29
FI;37.351.284/0001-70;;DIRECT GENOA CAPITAL RADAR FI FINANCEIRO EM COTAS DE FUNDOS DE INVESTIMENTO MULTIMERCADO;2025-04-30;Títulos públicos federais;0.71
FI;37.510.387/0001-36;;ENTERCAPITAL TURING ÁGORA FIF - CLASSE DE INVESTIMENTO EM COTAS MULTIMERCADO - RESP LIMITADA;2025-04-30;Cotas de fundos de investimento 409;98.08
FI;37.510.387/0001-36;;ENTERCAPITAL TURING ÁGORA FIF - CLASSE DE INVESTIMENTO EM COTAS MULTIMERCADO - RESP LIMITADA;2025-04-30;Derivativos;0.00
FI;37.510.387/0001-36;;ENTERCAPITAL TURING ÁGORA FIF - CLASSE DE INVESTIMENTO EM COTAS MULTIMERCADO - RESP LIMITADA;2025-04-30;Operações compromissadas lastreadas em títulos públicos federais;3.17
FI;37.510.387/0001-36;;ENTERCAPITAL TURING ÁGORA FIF - CLASSE DE INVESTIMENTO EM COTAS MULTIMERCADO - RESP LIMITADA;2025-04-30;Títulos públicos federais;1.40
FI;37.510.628/0001-47;;CONEXÃO GIANT DARIUS FIF - CLASSE DE INVESTIMENTO EM COTAS MULTIMERCADO - RESP LIMITADA;2025-04-30;Cotas de fundos de investimento 409;99.45
FI;37.510.628/0001-47;;CONEXÃO GIANT DARIUS FIF - CLASSE DE INVESTIMENTO EM COTAS MULTIMERCADO - RESP LIMITADA;2025-04-30;Derivativos;0.00
FI;37.510.628/0001-47;;CONEXÃO GIANT DARIUS FIF - CLASSE DE INVESTIMENTO EM COTAS MULTIMERCADO - RESP LIMITADA;2025-04-30;Operações compromissadas lastreadas em títulos públicos federais;0.13
FI;37.510.628/0001-47;;CONEXÃO GIANT DARIUS FIF - CLASSE DE INVESTIMENTO EM COTAS MULTIMERCADO - RESP LIMITADA;2025-04-30;Títulos públicos federais;0.31
FI;37.510.734/0001-20;;CONEXÃO CLARITAS TOTAL RETURN FIF - CLASSE DE INVESTIMENTO EM COTAS MULTIMERCADO - RESP LIMITADA;2025-04-30;Cotas de fundos de investimento 409;99.00
FI;37.510.734/0001-20;;CONEXÃO CLARITAS TOTAL RETURN FIF - CLASSE DE INVESTIMENTO EM COTAS MULTIMERCADO - RESP LIMITADA;2025-04-30;Derivativos;0.00
FI;37.510.734/0001-20;;CONEXÃO CLARITAS TOTAL RETURN FIF - CLASSE DE INVESTIMENTO EM COTAS MULTIMERCADO - RESP LIMITADA;2025-04-30;Operações compromissadas lastreadas em títulos públicos federais;0.23
FI;37.510.734/0001-20;;CONEXÃO CLARITAS TOTAL RETURN FIF - CLASSE DE INVESTIMENTO EM COTAS MULTIMERCADO - RESP LIMITADA;2025-04-30;Títulos públicos federais;0.55
FI;37.510.960/0001-01;;GIANT SIGMA FUNDO DE INVESTIMENTO EM COTAS DE FUNDOS DE INVESTIMENTO MULTIMERCADO ÁGORA;2025-04-30;Cotas de fundos de investimento 409;97.34
FI;37.510.960/0001-01;;GIANT SIGMA FUNDO DE INVESTIMENTO EM COTAS DE FUNDOS DE INVESTIMENTO MULTIMERCADO ÁGORA;2025-04-30;Derivativos;0.00
FI;37.510.960/0001-01;;GIANT SIGMA FUNDO DE INVESTIMENTO EM COTAS DE FUNDOS DE INVESTIMENTO MULTIMERCADO ÁGORA;2025-04-30;Operações compromissadas lastreadas em títulos públicos federais;0.80
FI;37.510.960/0001-01;;GIANT SIGMA FUNDO DE INVESTIMENTO EM COTAS DE FUNDOS DE INVESTIMENTO MULTIMERCADO ÁGORA;2025-04-30;Títulos públicos federais;1.89
FI;37.511.023/0001-70;;CONEXÃO GENOA CAPITAL RADAR FIF - CLASSE DE INVESTIMENTO EM COTAS MULTIMERCADO - RESP LIMITADA;2025-04-30;Cotas de fundos de investimento 409;99.58
FI;37.511.023/0001-70;;CONEXÃO GENOA CAPITAL RADAR FIF - CLASSE DE INVESTIMENTO EM COTAS MULTIMERCADO - RESP LIMITADA;2025-04-30;Derivativos;0.00
FI;37.511.023/0001-70;;CONEXÃO GENOA CAPITAL RADAR FIF - CLASSE DE INVESTIMENTO EM COTAS MULTIMERCADO - RESP LIMITADA;2025-04-30;Operações compromissadas lastreadas em títulos públicos federais;0.13
FI;37.511.023/0001-70;;CONEXÃO GENOA CAPITAL RADAR FIF - CLASSE DE INVESTIMENTO EM COTAS MULTIMERCADO - RESP LIMITADA;2025-04-30;Títulos públicos federais;0.30
FI;37.511.070/0001-14;;CONEXÃO NOVUS INSTITUCIONAL FIF - CIC MULTIMERCADO - RESPONSABILIDADE LIMITADA;2025-04-30;Cotas de fundos de investimento 409;96.86
FI;37.511.070/0001-14;;CONEXÃO NOVUS INSTITUCIONAL FIF - CIC MULTIMERCADO - RESPONSABILIDADE LIMITADA;2025-04-30;Derivativos;0.00
FI;37.511.070/0001-14;;CONEXÃO NOVUS INSTITUCIONAL FIF - CIC MULTIMERCADO - RESPONSABILIDADE LIMITADA;2025-04-30;Operações compromissadas lastreadas em títulos públicos federais;1.09
FI;37.511.070/0001-14;;CONEXÃO NOVUS INSTITUCIONAL FIF - CIC MULTIMERCADO - RESPONSABILIDADE LIMITADA;2025-04-30;Títulos públicos federais;2.57
FI;37.511.173/0001-84;;CONEXÃO GARDE DARTAGNAN FIF - CLASSE DE INVESTIMENTO EM COTAS MULTIMERCADO - RESP LIMITADA;2025-04-30;Cotas de fundos de investimento 409;99.37
FI;37.511.173/0001-84;;CONEXÃO GARDE DARTAGNAN FIF - CLASSE DE INVESTIMENTO EM COTAS MULTIMERCADO - RESP LIMITADA;2025-04-30;Derivativos;0.00
FI;37.511.173/0001-84;;CONEXÃO GARDE DARTAGNAN FIF - CLASSE DE INVESTIMENTO EM COTAS MULTIMERCADO - RESP LIMITADA;2025-04-30;Operações compromissadas lastreadas em títulos públicos federais;0.23
FI;37.511.173/0001-84;;CONEXÃO GARDE DARTAGNAN FIF - CLASSE DE INVESTIMENTO EM COTAS MULTIMERCADO - RESP LIMITADA;2025-04-30;Títulos públicos federais;0.54
FI;37.526.554/0001-37;;FRANKLIN VALOR E LIQUIDEZ FVL ÁGORA FIF - CLASSE DE INVESTIMENTO EM COTAS DE AÇÕES - RESP LIMITADA;2025-04-30;Cotas de fundos de investimento 409;98.57
FI;37.526.554/0001-37;;FRANKLIN VALOR E LIQUIDEZ FVL ÁGORA FIF - CLASSE DE INVESTIMENTO EM COTAS DE AÇÕES - RESP LIMITADA;2025-04-30;Derivativos;0.00
FI;37.526.554/0001-37;;FRANKLIN VALOR E LIQUIDEZ FVL ÁGORA FIF - CLASSE DE INVESTIMENTO EM COTAS DE AÇÕES - RESP LIMITADA;2025-04-30;Operações compromissadas lastreadas em títulos públicos federais;0.42
FI;37.526.554/0001-37;;FRANKLIN VALOR E LIQUIDEZ FVL ÁGORA FIF - CLASSE DE INVESTIMENTO EM COTAS DE AÇÕES - RESP LIMITADA;2025-04-30;Títulos públicos federais;1.00
FI;37.526.588/0001-21;;IP PARTICIPAÇÕES IPG ÁGORA FIF - CLASSE DE INVESTIMENTO EM COTAS DE AÇÕES - RESP LIMITADA;2025-04-30;Cotas de fundos de investimento 409;99.29
FI;37.526.588/0001-21;;IP PARTICIPAÇÕES IPG ÁGORA FIF - CLASSE DE INVESTIMENTO EM COTAS DE AÇÕES - RESP LIMITADA;2025-04-30;Derivativos;0.00
FI;37.526.588/0001-21;;IP PARTICIPAÇÕES IPG ÁGORA FIF - CLASSE DE INVESTIMENTO EM COTAS DE AÇÕES - RESP LIMITADA;2025-04-30;Operações compromissadas lastreadas em títulos públicos federais;0.19
FI;37.526.588/0001-21;;IP PARTICIPAÇÕES IPG ÁGORA FIF - CLASSE DE INVESTIMENTO EM COTAS DE AÇÕES - RESP LIMITADA;2025-04-30;Títulos públicos federais;0.45
FI;37.527.106/0001-58;;VERDE AM LONG BIAS ÁGORA FIF - CLASSE DE INVESTIMENTO EM COTAS DE AÇÕES - RESP LIMITADA;2025-04-30;Cotas de fundos de investimento 409;99.33
FI;37.527.106/0001-58;;VERDE AM LONG BIAS ÁGORA FIF - CLASSE DE INVESTIMENTO EM COTAS DE AÇÕES - RESP LIMITADA;2025-04-30;Derivativos;0.00
FI;37.527.106/0001-58;;VERDE AM LONG BIAS ÁGORA FIF - CLASSE DE INVESTIMENTO EM COTAS DE AÇÕES - RESP LIMITADA;2025-04-30;Operações compromissadas lastreadas em títulos públicos federais;0.21
FI;37.527.106/0001-58;;VERDE AM LONG BIAS ÁGORA FIF - CLASSE DE INVESTIMENTO EM COTAS DE AÇÕES - RESP LIMITADA;2025-04-30;Títulos públicos federais;0.50
FI;37.527.569/0001-10;;BRADESCO MULTIMANAGER EQUITY USD FI FINANCEIRO - CIC AÇÕES - RESP LIMITADA;2025-04-30;Cotas de fundos de investimento 409;4.98
FI;37.527.569/0001-10;;BRADESCO MULTIMANAGER EQUITY USD FI FINANCEIRO - CIC AÇÕES - RESP LIMITADA;2025-04-30;Investimento no exterior;95.05
FI;37.532.786/0001-06;;BRADESCO ULTRA FI FINANCEIRO - CIC RF CRED PRIV LP - RESP LIMITADA;2025-04-30;Cotas de fundos de investimento 409;15.66
FI;37.532.786/0001-06;;BRADESCO ULTRA FI FINANCEIRO - CIC RF CRED PRIV LP - RESP LIMITADA;2025-04-30;Depósitos a prazo e outros títulos de instituições financeiras;10.94
FI;37.532.786/0001-06;;BRADESCO ULTRA FI FINANCEIRO - CIC RF CRED PRIV LP - RESP LIMITADA;2025-04-30;Operações compromissadas lastreadas em títulos públicos federais;13.44
FI;37.532.786/0001-06;;BRADESCO ULTRA FI FINANCEIRO - CIC RF CRED PRIV LP - RESP LIMITADA;2025-04-30;Outras Cotas de fundos de investimento;1.25
FI;37.532.786/0001-06;;BRADESCO ULTRA FI FINANCEIRO - CIC RF CRED PRIV LP - RESP LIMITADA;2025-04-30;Títulos de crédito privado;57.28
FI;37.554.220/0001-77;;ABSOLUTE ALPHA GLOBAL ÁGORA FIF - CLASSE DE INVESTIMENTO EM COTAS MULTIMERCADO - RESP LIMITADA;2025-04-30;Cotas de fundos de investimento 409;99.16
FI;37.554.220/0001-77;;ABSOLUTE ALPHA GLOBAL ÁGORA FIF - CLASSE DE INVESTIMENTO EM COTAS MULTIMERCADO - RESP LIMITADA;2025-04-30;Derivativos;0.00
FI;37.554.220/0001-77;;ABSOLUTE ALPHA GLOBAL ÁGORA FIF - CLASSE DE INVESTIMENTO EM COTAS MULTIMERCADO - RESP LIMITADA;2025-04-30;Operações compromissadas lastreadas em títulos públicos federais;0.21
FI;37.554.220/0001-77;;ABSOLUTE ALPHA GLOBAL ÁGORA FIF - CLASSE DE INVESTIMENTO EM COTAS MULTIMERCADO - RESP LIMITADA;2025-04-30;Títulos públicos federais;0.50
FI;37.554.255/0001-06;;CONEXÃO KINEA CHRONOS FIF - CLASSE DE INVESTIMENTO EM COTAS MULTIMERCADO - RESP LIMITADA;2025-04-30;Cotas de fundos de investimento 409;98.99
FI;37.554.255/0001-06;;CONEXÃO KINEA CHRONOS FIF - CLASSE DE INVESTIMENTO EM COTAS MULTIMERCADO - RESP LIMITADA;2025-04-30;Derivativos;0.00
FI;37.554.255/0001-06;;CONEXÃO KINEA CHRONOS FIF - CLASSE DE INVESTIMENTO EM COTAS MULTIMERCADO - RESP LIMITADA;2025-04-30;Operações compromissadas lastreadas em títulos públicos federais;0.22
FI;37.554.255/0001-06;;CONEXÃO KINEA CHRONOS FIF - CLASSE DE INVESTIMENTO EM COTAS MULTIMERCADO - RESP LIMITADA;2025-04-30;Títulos públicos federais;0.52
FI;37.554.478/0001-73;;IBIUNA HEDGE ÁGORA FI FINANCEIRO - CIC MULT - RESP LIMITADA;2025-04-30;Cotas de fundos de investimento 409;100.00
FI;37.554.478/0001-73;;IBIUNA HEDGE ÁGORA FI FINANCEIRO - CIC MULT - RESP LIMITADA;2025-04-30;Derivativos;0.00
FI;37.554.478/0001-73;;IBIUNA HEDGE ÁGORA FI FINANCEIRO - CIC MULT - RESP LIMITADA;2025-04-30;Operações compromissadas lastreadas em títulos públicos federais;0.21
FI;37.554.478/0001-73;;IBIUNA HEDGE ÁGORA FI FINANCEIRO - CIC MULT - RESP LIMITADA;2025-04-30;Títulos públicos federais;0.49
FI;37.565.155/0001-85;;BRADESCO MULT ORION FIF - CLASSE DE INVESTIMENTO EM COTAS MULT CRÉDITO PRIVADO - RESP LIMITADA;2025-04-30;Cotas de fundos de investimento 409;46.75
FI;37.565.155/0001-85;;BRADESCO MULT ORION FIF - CLASSE DE INVESTIMENTO EM COTAS MULT CRÉDITO PRIVADO - RESP LIMITADA;2025-04-30;Derivativos;0.00
FI;37.565.155/0001-85;;BRADESCO MULT ORION FIF - CLASSE DE INVESTIMENTO EM COTAS MULT CRÉDITO PRIVADO - RESP LIMITADA;2025-04-30;Operações compromissadas lastreadas em títulos públicos federais;15.61
FI;37.565.155/0001-85;;BRADESCO MULT ORION FIF - CLASSE DE INVESTIMENTO EM COTAS MULT CRÉDITO PRIVADO - RESP LIMITADA;2025-04-30;Títulos públicos federais;36.93
FI;37.565.243/0001-87;;CONEXÃO VINLAND MACRO FIF - CIC MULTIMERCADO - RESPONSABILIDADE LIMITADA;2025-04-30;Cotas de fundos de investimento 409;99.49
FI;37.565.243/0001-87;;CONEXÃO VINLAND MACRO FIF - CIC MULTIMERCADO - RESPONSABILIDADE LIMITADA;2025-04-30;Derivativos;0.00
FI;37.565.243/0001-87;;CONEXÃO VINLAND MACRO FIF - CIC MULTIMERCADO - RESPONSABILIDADE LIMITADA;2025-04-30;Operações compromissadas lastreadas em títulos públicos federais;0.16
FI;37.565.243/0001-87;;CONEXÃO VINLAND MACRO FIF - CIC MULTIMERCADO - RESPONSABILIDADE LIMITADA;2025-04-30;Títulos públicos federais;0.39
FI;37.565.324/0001-87;;BRADESCO MULTIASSET USD FI FINANCEIRO - CIC MULT CRED PRIV - RESP LIMITADA;2025-04-30;Cotas de fundos de investimento 409;18.04
FI;37.565.324/0001-87;;BRADESCO MULTIASSET USD FI FINANCEIRO - CIC MULT CRED PRIV - RESP LIMITADA;2025-04-30;Investimento no exterior;81.52
FI;37.565.324/0001-87;;BRADESCO MULTIASSET USD FI FINANCEIRO - CIC MULT CRED PRIV - RESP LIMITADA;2025-04-30;Títulos públicos federais;0.49
FI;37.569.846/0001-57;;AZ QUEST BAYES SISTEMÁTICO FUNDO DE INVESTIMENTO FINANCEIRO EM AÇÕES RESPONSABILIDADE LIMITADA;2025-04-30;Ações;97.81
FI;37.569.846/0001-57;;AZ QUEST BAYES SISTEMÁTICO FUNDO DE INVESTIMENTO FINANCEIRO EM AÇÕES RESPONSABILIDADE LIMITADA;2025-04-30;Operações compromissadas lastreadas em títulos públicos federais;0.37
FI;37.570.154/0001-29;;CONEXÃO A1 HEDGE FIF - CLASSE DE INVESTIMENTO EM COTAS MULTIMERCADO - RESP LIMITADA;2025-04-30;Cotas de fundos de investimento 409;98.54
FI;37.570.154/0001-29;;CONEXÃO A1 HEDGE FIF - CLASSE DE INVESTIMENTO EM COTAS MULTIMERCADO - RESP LIMITADA;2025-04-30;Derivativos;0.00
FI;37.570.154/0001-29;;CONEXÃO A1 HEDGE FIF - CLASSE DE INVESTIMENTO EM COTAS MULTIMERCADO - RESP LIMITADA;2025-04-30;Operações compromissadas lastreadas em títulos públicos federais;0.33
FI;37.570.154/0001-29;;CONEXÃO A1 HEDGE FIF - CLASSE DE INVESTIMENTO EM COTAS MULTIMERCADO - RESP LIMITADA;2025-04-30;Títulos públicos federais;0.78
FI;37.577.063/0001-15;;KADIMA LT ÁGORA FIF - CLASSE DE INVESTIMENTO EM COTAS MULTIMERCADO - RESP LIMITADA;2025-04-30;Cotas de fundos de investimento 409;99.12
FI;37.577.063/0001-15;;KADIMA LT ÁGORA FIF - CLASSE DE INVESTIMENTO EM COTAS MULTIMERCADO - RESP LIMITADA;2025-04-30;Derivativos;0.00
FI;37.577.063/0001-15;;KADIMA LT ÁGORA FIF - CLASSE DE INVESTIMENTO EM COTAS MULTIMERCADO - RESP LIMITADA;2025-04-30;Operações compromissadas lastreadas em títulos públicos federais;0.33
FI;37.577.063/0001-15;;KADIMA LT ÁGORA FIF - CLASSE DE INVESTIMENTO EM COTAS MULTIMERCADO - RESP LIMITADA;2025-04-30;Títulos públicos federais;0.78
FI;37.577.173/0001-87;;ADAM MACRO II ÁGORA FIF - CIC MULTIMERCADO - RESPONSABILIDADE LIMITADA;2025-04-30;Cotas de fundos de investimento 409;99.23
FI;37.577.173/0001-87;;ADAM MACRO II ÁGORA FIF - CIC MULTIMERCADO - RESPONSABILIDADE LIMITADA;2025-04-30;Derivativos;0.00
FI;37.577.173/0001-87;;ADAM MACRO II ÁGORA FIF - CIC MULTIMERCADO - RESPONSABILIDADE LIMITADA;2025-04-30;Operações compromissadas lastreadas em títulos públicos federais;0.27
FI;37.577.173/0001-87;;ADAM MACRO II ÁGORA FIF - CIC MULTIMERCADO - RESPONSABILIDADE LIMITADA;2025-04-30;Títulos públicos federais;0.63
CLASSES - FIF;37.590.561/0001-06;;CONEXÃO CONSTELLATION COMPOUNDERS FIF - CIC AÇÕES - RESPONSABILIDADE LIMITADA;2025-04-30;Cotas de fundos de investimento 409;99.76
CLASSES - FIF;37.590.561/0001-06;;CONEXÃO CONSTELLATION COMPOUNDERS FIF - CIC AÇÕES - RESPONSABILIDADE LIMITADA;2025-04-30;Derivativos;0.00
CLASSES - FIF;37.590.561/0001-06;;CONEXÃO CONSTELLATION COMPOUNDERS FIF - CIC AÇÕES - RESPONSABILIDADE LIMITADA;2025-04-30;Operações compromissadas lastreadas em títulos públicos federais;0.13
CLASSES - FIF;37.590.561/0001-06;;CONEXÃO CONSTELLATION COMPOUNDERS FIF - CIC AÇÕES - RESPONSABILIDADE LIMITADA;2025-04-30;Títulos públicos federais;0.30
CLASSES - FIF;37.591.185/0001-66;;OCEANA LONG BIASED ÁGORA FIF - CLASSE DE INVESTIMENTO EM COTAS AÇÕES - RESP LIMITADA;2025-04-30;Cotas de fundos de investimento 409;99.44
CLASSES - FIF;37.591.185/0001-66;;OCEANA LONG BIASED ÁGORA FIF - CLASSE DE INVESTIMENTO EM COTAS AÇÕES - RESP LIMITADA;2025-04-30;Derivativos;0.00
CLASSES - FIF;37.591.185/0001-66;;OCEANA LONG BIASED ÁGORA FIF - CLASSE DE INVESTIMENTO EM COTAS AÇÕES - RESP LIMITADA;2025-04-30;Operações compromissadas lastreadas em títulos públicos federais;0.18
CLASSES - FIF;37.591.185/0001-66;;OCEANA LONG BIASED ÁGORA FIF - CLASSE DE INVESTIMENTO EM COTAS AÇÕES - RESP LIMITADA;2025-04-30;Títulos públicos federais;0.42
FI;37.703.536/0001-83;;WARREN MULTIGESTORES AÇÕES FUNDO DE INVESTIMENTO FINANCEIRO;2025-04-30;Ações;12.14
FI;37.703.536/0001-83;;WARREN MULTIGESTORES AÇÕES FUNDO DE INVESTIMENTO FINANCEIRO;2025-04-30;Cotas de Fundos de Investimento 409;85.30
FI;37.703.536/0001-83;;WARREN MULTIGESTORES AÇÕES FUNDO DE INVESTIMENTO FINANCEIRO;2025-04-30;Outras Aplicações;2.65
FI;37.703.644/0001-56;;BRADESCO MULTIGESTORES GLOBAL EQUITY ESG USD IS FIF - CI SUSTENTÁVEL EM AÇÕES - RESP LIMITADA;2025-04-30;Derivativos;0.00
FI;37.703.644/0001-56;;BRADESCO MULTIGESTORES GLOBAL EQUITY ESG USD IS FIF - CI SUSTENTÁVEL EM AÇÕES - RESP LIMITADA;2025-04-30;Investimento no exterior;96.79
FI;37.703.644/0001-56;;BRADESCO MULTIGESTORES GLOBAL EQUITY ESG USD IS FIF - CI SUSTENTÁVEL EM AÇÕES - RESP LIMITADA;2025-04-30;Operações compromissadas lastreadas em títulos públicos federais;0.91
FI;37.703.644/0001-56;;BRADESCO MULTIGESTORES GLOBAL EQUITY ESG USD IS FIF - CI SUSTENTÁVEL EM AÇÕES - RESP LIMITADA;2025-04-30;Títulos públicos federais;2.15
FI;37.751.417/0001-04;;CLUBE DO VALOR AÇÕES BARATAS FUNDO DE INVESTIMENTO FINANCEIRO;2025-04-30;Cotas de Fundos de Investimento 409;100.68
FI;37.751.417/0001-04;;CLUBE DO VALOR AÇÕES BARATAS FUNDO DE INVESTIMENTO FINANCEIRO;2025-04-30;Operações Compromissadas Lastreadas em Títulos Públicos Federais;0.20
FI;37.751.417/0001-04;;CLUBE DO VALOR AÇÕES BARATAS FUNDO DE INVESTIMENTO FINANCEIRO;2025-04-30;Outras Aplicações;0.01
FI;37.751.417/0001-04;;CLUBE DO VALOR AÇÕES BARATAS FUNDO DE INVESTIMENTO FINANCEIRO;2025-04-30;Títulos Públicos Federais;0.36
CLASSES - FIF;37.830.134/0001-40;;OBY IBOVESPA ATIVO FIF - CLASSE DE INVESTIMENTO EM AÇÕES - RESPONSABILIDADE LIMITADA;2025-04-30;Ações;98.16
CLASSES - FIF;37.830.134/0001-40;;OBY IBOVESPA ATIVO FIF - CLASSE DE INVESTIMENTO EM AÇÕES - RESPONSABILIDADE LIMITADA;2025-04-30;Derivativos;0.09
CLASSES - FIF;37.830.134/0001-40;;OBY IBOVESPA ATIVO FIF - CLASSE DE INVESTIMENTO EM AÇÕES - RESPONSABILIDADE LIMITADA;2025-04-30;Operações compromissadas lastreadas em títulos públicos federais;0.37
CLASSES - FIF;37.830.134/0001-40;;OBY IBOVESPA ATIVO FIF - CLASSE DE INVESTIMENTO EM AÇÕES - RESPONSABILIDADE LIMITADA;2025-04-30;Títulos públicos federais;0.90
CLASSES - FIF;37.830.181/0001-93;;OBY IBOVESPA ATIVO FIF - CLASSE DE INVESTIMENTO EM COTAS DE AÇÕES - RESPONSABILIDADE LIMITADA;2025-04-30;Ações;98.29
CLASSES - FIF;37.830.181/0001-93;;OBY IBOVESPA ATIVO FIF - CLASSE DE INVESTIMENTO EM COTAS DE AÇÕES - RESPONSABILIDADE LIMITADA;2025-04-30;Cotas de fundos de investimento 409;1.27
CLASSES - FIF;37.830.181/0001-93;;OBY IBOVESPA ATIVO FIF - CLASSE DE INVESTIMENTO EM COTAS DE AÇÕES - RESPONSABILIDADE LIMITADA;2025-04-30;Derivativos;0.09
FI;37.987.158/0001-07;;IBIUNA HEDGE ST FEEDER I FIF - CLASSE DE INVESTIMENTO EMCOTAS MULTIMERCADO - RESP LIMITADA;2025-04-30;Derivativos;814.34
FI;37.987.158/0001-07;;IBIUNA HEDGE ST FEEDER I FIF - CLASSE DE INVESTIMENTO EMCOTAS MULTIMERCADO - RESP LIMITADA;2025-04-30;Investimento no exterior;19.90
FI;37.987.158/0001-07;;IBIUNA HEDGE ST FEEDER I FIF - CLASSE DE INVESTIMENTO EMCOTAS MULTIMERCADO - RESP LIMITADA;2025-04-30;Operações compromissadas lastreadas em títulos públicos federais;92.61
FI;37.987.158/0001-07;;IBIUNA HEDGE ST FEEDER I FIF - CLASSE DE INVESTIMENTO EMCOTAS MULTIMERCADO - RESP LIMITADA;2025-04-30;Títulos de crédito privado;7.87
FI;37.987.158/0001-07;;IBIUNA HEDGE ST FEEDER I FIF - CLASSE DE INVESTIMENTO EMCOTAS MULTIMERCADO - RESP LIMITADA;2025-04-30;Títulos públicos federais;145.62
FI;38.027.169/0001-08;;ARX INCOME INSTITUCIONAL FIF - CLASSE DE INVESTIMENTO EM COTAS AÇÕES - RESP LIMITADA;2025-04-30;Ações;93.85
FI;38.027.169/0001-08;;ARX INCOME INSTITUCIONAL FIF - CLASSE DE INVESTIMENTO EM COTAS AÇÕES - RESP LIMITADA;2025-04-30;Operações compromissadas lastreadas em títulos públicos federais;6.71
CLASSES - FIF;38.028.730/0001-73;;IBIUNA HEDGE STP FIF - CLASSE DE INVESTIMENTO EM COTAS MULTIMERCADO - RESP LIMITADA;2025-04-30;Derivativos;814.89
CLASSES - FIF;38.028.730/0001-73;;IBIUNA HEDGE STP FIF - CLASSE DE INVESTIMENTO EM COTAS MULTIMERCADO - RESP LIMITADA;2025-04-30;Investimento no exterior;19.92
CLASSES - FIF;38.028.730/0001-73;;IBIUNA HEDGE STP FIF - CLASSE DE INVESTIMENTO EM COTAS MULTIMERCADO - RESP LIMITADA;2025-04-30;Operações compromissadas lastreadas em títulos públicos federais;92.67
CLASSES - FIF;38.028.730/0001-73;;IBIUNA HEDGE STP FIF - CLASSE DE INVESTIMENTO EM COTAS MULTIMERCADO - RESP LIMITADA;2025-04-30;Títulos de crédito privado;7.87
CLASSES - FIF;38.028.730/0001-73;;IBIUNA HEDGE STP FIF - CLASSE DE INVESTIMENTO EM COTAS MULTIMERCADO - RESP LIMITADA;2025-04-30;Títulos públicos federais;145.72
FI;38.028.868/0001-72;;TARUA MASTER FI FINANCEIRO - CIA - RESP LIMITADA;2025-04-30;Ações;44.07
FI;38.028.868/0001-72;;TARUA MASTER FI FINANCEIRO - CIA - RESP LIMITADA;2025-04-30;Cotas de fundos de investimento 409;30.83
FI;38.028.868/0001-72;;TARUA MASTER FI FINANCEIRO - CIA - RESP LIMITADA;2025-04-30;Derivativos;1.82
FI;38.028.868/0001-72;;TARUA MASTER FI FINANCEIRO - CIA - RESP LIMITADA;2025-04-30;Operações compromissadas lastreadas em títulos públicos federais;19.24
FI;38.028.896/0001-90;;TARUÁ FIF - CLASSE DE INVESTIMENTO EM COTAS EM AÇÕES - RESP LIMITADA;2025-04-30;Ações;44.22
FI;38.028.896/0001-90;;TARUÁ FIF - CLASSE DE INVESTIMENTO EM COTAS EM AÇÕES - RESP LIMITADA;2025-04-30;Cotas de fundos de investimento 409;30.93
FI;38.028.896/0001-90;;TARUÁ FIF - CLASSE DE INVESTIMENTO EM COTAS EM AÇÕES - RESP LIMITADA;2025-04-30;Derivativos;1.83
FI;38.028.896/0001-90;;TARUÁ FIF - CLASSE DE INVESTIMENTO EM COTAS EM AÇÕES - RESP LIMITADA;2025-04-30;Operações compromissadas lastreadas em títulos públicos federais;19.31
FI;38.074.718/0001-03;;AURO CARTEIRA DINÂMICA FUNDO DE INVESTIMENTO FINANCEIRO MULTIMERCADO;2025-04-30;Cotas de Fundos de Investimento 409;86.35
FI;38.074.718/0001-03;;AURO CARTEIRA DINÂMICA FUNDO DE INVESTIMENTO FINANCEIRO MULTIMERCADO;2025-04-30;Outras Aplicações;0.01
FI;38.074.718/0001-03;;AURO CARTEIRA DINÂMICA FUNDO DE INVESTIMENTO FINANCEIRO MULTIMERCADO;2025-04-30;Outras Cotas de Fundos de Investimento;2.39
FI;38.074.718/0001-03;;AURO CARTEIRA DINÂMICA FUNDO DE INVESTIMENTO FINANCEIRO MULTIMERCADO;2025-04-30;Títulos Públicos Federais;11.44
FI;38.134.833/0001-18;;GARÍN CÍCLICO LONG BIASED ÁGORA FIF - CIC MULT - RESP LIMITADA;2025-04-30;Cotas de fundos de investimento 409;105.10
FI;38.134.833/0001-18;;GARÍN CÍCLICO LONG BIASED ÁGORA FIF - CIC MULT - RESP LIMITADA;2025-04-30;Derivativos;0.00
FI;38.134.833/0001-18;;GARÍN CÍCLICO LONG BIASED ÁGORA FIF - CIC MULT - RESP LIMITADA;2025-04-30;Operações compromissadas lastreadas em títulos públicos federais;0.21
FI;38.134.833/0001-18;;GARÍN CÍCLICO LONG BIASED ÁGORA FIF - CIC MULT - RESP LIMITADA;2025-04-30;Títulos públicos federais;0.50
FI;38.195.760/0001-74;;IBIUNA HEDGE STC FIF - CLASSE DE INVESTIMENTO EM COTAS MULTIMERCADO - RESP LIMITADA;2025-04-30;Derivativos;818.45
FI;38.195.760/0001-74;;IBIUNA HEDGE STC FIF - CLASSE DE INVESTIMENTO EM COTAS MULTIMERCADO - RESP LIMITADA;2025-04-30;Investimento no exterior;20.00
FI;38.195.760/0001-74;;IBIUNA HEDGE STC FIF - CLASSE DE INVESTIMENTO EM COTAS MULTIMERCADO - RESP LIMITADA;2025-04-30;Operações compromissadas lastreadas em títulos públicos federais;93.08
FI;38.195.760/0001-74;;IBIUNA HEDGE STC FIF - CLASSE DE INVESTIMENTO EM COTAS MULTIMERCADO - RESP LIMITADA;2025-04-30;Títulos de crédito privado;7.91
FI;38.195.760/0001-74;;IBIUNA HEDGE STC FIF - CLASSE DE INVESTIMENTO EM COTAS MULTIMERCADO - RESP LIMITADA;2025-04-30;Títulos públicos federais;146.36
FI;38.195.945/0001-89;;VINCI AÇÕES A FIF - CLASSE DE INVESTIMENTO EM AÇÕES - RESP LIMITADA;2025-04-30;Ações;86.93
FI;38.195.945/0001-89;;VINCI AÇÕES A FIF - CLASSE DE INVESTIMENTO EM AÇÕES - RESP LIMITADA;2025-04-30;Operações compromissadas lastreadas em títulos públicos federais;12.42
FI;38.280.883/0001-03;;GUEPARDO VALOR INSTITUCIONAL FUNDO DE INVESTIMENTO FINANCEIRO;2025-04-30;Cotas de Fundos de Investimento 409;100.14
FI;38.280.883/0001-03;;GUEPARDO VALOR INSTITUCIONAL FUNDO DE INVESTIMENTO FINANCEIRO;2025-04-30;Outras Aplicações;0.02
FI;38.306.286/0001-00;;CONEXÃO TÁVOLA ABSOLUTO II FIF- CLASSE DE INVESTIMENTO EM COTAS DE AÇÕES - RESP LIMITADA;2025-04-30;Cotas de fundos de investimento 409;98.81
FI;38.306.286/0001-00;;CONEXÃO TÁVOLA ABSOLUTO II FIF- CLASSE DE INVESTIMENTO EM COTAS DE AÇÕES - RESP LIMITADA;2025-04-30;Derivativos;0.00
FI;38.306.286/0001-00;;CONEXÃO TÁVOLA ABSOLUTO II FIF- CLASSE DE INVESTIMENTO EM COTAS DE AÇÕES - RESP LIMITADA;2025-04-30;Operações compromissadas lastreadas em títulos públicos federais;0.38
FI;38.306.286/0001-00;;CONEXÃO TÁVOLA ABSOLUTO II FIF- CLASSE DE INVESTIMENTO EM COTAS DE AÇÕES - RESP LIMITADA;2025-04-30;Títulos públicos federais;0.89
FI;38.306.308/0001-32;;SULAMÉRICA SELECTION ÁGORA FIF - CLASSE DE INVESTIMENTO EM COTAS DE AÇÕES - RESP LIMITADA;2025-04-30;Cotas de fundos de investimento 409;97.88
FI;38.306.308/0001-32;;SULAMÉRICA SELECTION ÁGORA FIF - CLASSE DE INVESTIMENTO EM COTAS DE AÇÕES - RESP LIMITADA;2025-04-30;Derivativos;0.00
FI;38.306.308/0001-32;;SULAMÉRICA SELECTION ÁGORA FIF - CLASSE DE INVESTIMENTO EM COTAS DE AÇÕES - RESP LIMITADA;2025-04-30;Operações compromissadas lastreadas em títulos públicos federais;2.10
FI;38.306.308/0001-32;;SULAMÉRICA SELECTION ÁGORA FIF - CLASSE DE INVESTIMENTO EM COTAS DE AÇÕES - RESP LIMITADA;2025-04-30;Títulos públicos federais;0.48
FI;38.306.366/0001-66;;SULAMÉRICA INFLATIE ÁGORA FIF - CIC RF LONGO PRAZO - RESP LIMITADA;2025-04-30;Derivativos;11.46
FI;38.306.366/0001-66;;SULAMÉRICA INFLATIE ÁGORA FIF - CIC RF LONGO PRAZO - RESP LIMITADA;2025-04-30;Operações compromissadas lastreadas em títulos públicos federais;16.26
FI;38.306.366/0001-66;;SULAMÉRICA INFLATIE ÁGORA FIF - CIC RF LONGO PRAZO - RESP LIMITADA;2025-04-30;Títulos públicos federais;83.64
FI;38.306.388/0001-26;;CONEXÃO SULAMERICA INCOME FIF - CIC RF LONGO PRAZO - RESPONSABILIDADE LIMITADA;2025-04-30;Operações compromissadas lastreadas em títulos públicos federais;0.84
FI;38.306.388/0001-26;;CONEXÃO SULAMERICA INCOME FIF - CIC RF LONGO PRAZO - RESPONSABILIDADE LIMITADA;2025-04-30;Títulos públicos federais;98.84
FI;38.315.700/0001-48;;NAVI LONG BIASED ÁGORA FIF - CIC MULTIMERCADO - RESPONSABILIDADE LIMITADA;2025-04-30;Cotas de fundos de investimento 409;99.12
FI;38.315.700/0001-48;;NAVI LONG BIASED ÁGORA FIF - CIC MULTIMERCADO - RESPONSABILIDADE LIMITADA;2025-04-30;Derivativos;0.00
FI;38.315.700/0001-48;;NAVI LONG BIASED ÁGORA FIF - CIC MULTIMERCADO - RESPONSABILIDADE LIMITADA;2025-04-30;Operações compromissadas lastreadas em títulos públicos federais;1.00
FI;38.315.700/0001-48;;NAVI LONG BIASED ÁGORA FIF - CIC MULTIMERCADO - RESPONSABILIDADE LIMITADA;2025-04-30;Títulos públicos federais;0.71
FI;38.315.724/0001-05;;CONEXÃO VINLAND LONG BIAS FIF CLASSE DE INVESTIMENTO EM COTAS MULTIMERCADO - RESP LIMITADA;2025-04-30;Cotas de fundos de investimento 409;99.39
FI;38.315.724/0001-05;;CONEXÃO VINLAND LONG BIAS FIF CLASSE DE INVESTIMENTO EM COTAS MULTIMERCADO - RESP LIMITADA;2025-04-30;Derivativos;0.00
FI;38.315.724/0001-05;;CONEXÃO VINLAND LONG BIAS FIF CLASSE DE INVESTIMENTO EM COTAS MULTIMERCADO - RESP LIMITADA;2025-04-30;Operações compromissadas lastreadas em títulos públicos federais;0.13
FI;38.315.724/0001-05;;CONEXÃO VINLAND LONG BIAS FIF CLASSE DE INVESTIMENTO EM COTAS MULTIMERCADO - RESP LIMITADA;2025-04-30;Títulos públicos federais;0.31
FI;38.315.751/0001-70;;CONEXÃO JGP HEDGE FIF - CLASSE DE INVESTIMENTO EM COTAS MULTIMERCADO - RESP LIMITADA;2025-04-30;Cotas de fundos de investimento 409;99.62
FI;38.315.751/0001-70;;CONEXÃO JGP HEDGE FIF - CLASSE DE INVESTIMENTO EM COTAS MULTIMERCADO - RESP LIMITADA;2025-04-30;Derivativos;0.00
FI;38.315.751/0001-70;;CONEXÃO JGP HEDGE FIF - CLASSE DE INVESTIMENTO EM COTAS MULTIMERCADO - RESP LIMITADA;2025-04-30;Operações compromissadas lastreadas em títulos públicos federais;0.20
FI;38.315.751/0001-70;;CONEXÃO JGP HEDGE FIF - CLASSE DE INVESTIMENTO EM COTAS MULTIMERCADO - RESP LIMITADA;2025-04-30;Títulos públicos federais;0.48
FI;38.330.383/0001-39;;DAHLIA GLOBAL ALLOCATION ÁGORA FIF - CIC MULTIMERCADO - RESPONSABILIDADE LIMITADA;2025-04-30;Cotas de fundos de investimento 409;99.29
FI;38.330.383/0001-39;;DAHLIA GLOBAL ALLOCATION ÁGORA FIF - CIC MULTIMERCADO - RESPONSABILIDADE LIMITADA;2025-04-30;Derivativos;0.00
FI;38.330.383/0001-39;;DAHLIA GLOBAL ALLOCATION ÁGORA FIF - CIC MULTIMERCADO - RESPONSABILIDADE LIMITADA;2025-04-30;Operações compromissadas lastreadas em títulos públicos federais;0.15
FI;38.330.383/0001-39;;DAHLIA GLOBAL ALLOCATION ÁGORA FIF - CIC MULTIMERCADO - RESPONSABILIDADE LIMITADA;2025-04-30;Títulos públicos federais;0.35
FI;38.330.501/0001-09;;CONEXÃO VINCI GAS DIVIDENDOS FIF - CLASSE DE INVESTIMENTO EM COTAS DE AÇÕES - RESP LIMITADA;2025-04-30;Ações;94.42
FI;38.330.501/0001-09;;CONEXÃO VINCI GAS DIVIDENDOS FIF - CLASSE DE INVESTIMENTO EM COTAS DE AÇÕES - RESP LIMITADA;2025-04-30;Operações compromissadas lastreadas em títulos públicos federais;2.49
FI;38.330.501/0001-09;;CONEXÃO VINCI GAS DIVIDENDOS FIF - CLASSE DE INVESTIMENTO EM COTAS DE AÇÕES - RESP LIMITADA;2025-04-30;Títulos públicos federais;0.52
FI;38.351.701/0001-48;;CONEXÃO ORI CAPITAL FIF - CLASSE DE INVESTIMENTO EM COTAS DE AÇÕES - RESP LIMITADA;2025-04-30;Cotas de fundos de investimento 409;98.54
FI;38.351.701/0001-48;;CONEXÃO ORI CAPITAL FIF - CLASSE DE INVESTIMENTO EM COTAS DE AÇÕES - RESP LIMITADA;2025-04-30;Derivativos;0.00
FI;38.351.701/0001-48;;CONEXÃO ORI CAPITAL FIF - CLASSE DE INVESTIMENTO EM COTAS DE AÇÕES - RESP LIMITADA;2025-04-30;Operações compromissadas lastreadas em títulos públicos federais;0.53
FI;38.351.701/0001-48;;CONEXÃO ORI CAPITAL FIF - CLASSE DE INVESTIMENTO EM COTAS DE AÇÕES - RESP LIMITADA;2025-04-30;Títulos públicos federais;1.26
FI;38.351.970/0001-04;;VISTA ÁGORA FIF - CLASSE DE INVESTIMENTO EM COTAS DE AÇÕES - RESPONSABILIDADE LIMITADA;2025-04-30;Cotas de fundos de investimento 409;98.75
FI;38.351.970/0001-04;;VISTA ÁGORA FIF - CLASSE DE INVESTIMENTO EM COTAS DE AÇÕES - RESPONSABILIDADE LIMITADA;2025-04-30;Derivativos;0.00
FI;38.351.970/0001-04;;VISTA ÁGORA FIF - CLASSE DE INVESTIMENTO EM COTAS DE AÇÕES - RESPONSABILIDADE LIMITADA;2025-04-30;Operações compromissadas lastreadas em títulos públicos federais;0.26
FI;38.351.970/0001-04;;VISTA ÁGORA FIF - CLASSE DE INVESTIMENTO EM COTAS DE AÇÕES - RESPONSABILIDADE LIMITADA;2025-04-30;Títulos públicos federais;0.61
FI;38.354.974/0001-46;;VISTA LONG BIASED ÁGORA FIF - CIC MULTIMERCADO - RESPONSABILIDADE LIMITADA;2025-04-30;Cotas de fundos de investimento 409;99.02
FI;38.354.974/0001-46;;VISTA LONG BIASED ÁGORA FIF - CIC MULTIMERCADO - RESPONSABILIDADE LIMITADA;2025-04-30;Derivativos;0.00
FI;38.354.974/0001-46;;VISTA LONG BIASED ÁGORA FIF - CIC MULTIMERCADO - RESPONSABILIDADE LIMITADA;2025-04-30;Operações compromissadas lastreadas em títulos públicos federais;0.06
FI;38.354.974/0001-46;;VISTA LONG BIASED ÁGORA FIF - CIC MULTIMERCADO - RESPONSABILIDADE LIMITADA;2025-04-30;Títulos públicos federais;0.15
FI;38.376.759/0001-46;;BRADESCO EQUITY HEDGE FI FINANCEIRO - CIC MULT - RESP LIMITADA;2025-04-30;Ações;36.90
FI;38.376.759/0001-46;;BRADESCO EQUITY HEDGE FI FINANCEIRO - CIC MULT - RESP LIMITADA;2025-04-30;Cotas de fundos de investimento 409;12.18
FI;38.376.759/0001-46;;BRADESCO EQUITY HEDGE FI FINANCEIRO - CIC MULT - RESP LIMITADA;2025-04-30;Investimento no exterior;1.10
FI;38.376.759/0001-46;;BRADESCO EQUITY HEDGE FI FINANCEIRO - CIC MULT - RESP LIMITADA;2025-04-30;Operações compromissadas lastreadas em títulos públicos federais;7.43
FI;38.376.759/0001-46;;BRADESCO EQUITY HEDGE FI FINANCEIRO - CIC MULT - RESP LIMITADA;2025-04-30;Títulos públicos federais;70.32
FI;38.388.984/0001-00;;BRAM EQUITY HEDGE FI FINANCEIRO - CI MULT - RESP LIMITADA;2025-04-30;Ações;36.85
FI;38.388.984/0001-00;;BRAM EQUITY HEDGE FI FINANCEIRO - CI MULT - RESP LIMITADA;2025-04-30;Cotas de fundos de investimento 409;9.91
FI;38.388.984/0001-00;;BRAM EQUITY HEDGE FI FINANCEIRO - CI MULT - RESP LIMITADA;2025-04-30;Investimento no exterior;1.10
FI;38.388.984/0001-00;;BRAM EQUITY HEDGE FI FINANCEIRO - CI MULT - RESP LIMITADA;2025-04-30;Operações compromissadas lastreadas em títulos públicos federais;7.61
FI;38.388.984/0001-00;;BRAM EQUITY HEDGE FI FINANCEIRO - CI MULT - RESP LIMITADA;2025-04-30;Títulos públicos federais;72.28
CLASSES - FIF;38.389.079/0001-67;;BRADESCO MULTIGESTORES GLOBAL FIXED INCOME ESG USD IS  FIF  CLASSE DE INVESTIMENTO  MULT - RESP LTDA;2025-04-30;Derivativos;15.59
CLASSES - FIF;38.389.079/0001-67;;BRADESCO MULTIGESTORES GLOBAL FIXED INCOME ESG USD IS  FIF  CLASSE DE INVESTIMENTO  MULT - RESP LTDA;2025-04-30;Investimento no exterior;82.24
CLASSES - FIF;38.389.079/0001-67;;BRADESCO MULTIGESTORES GLOBAL FIXED INCOME ESG USD IS  FIF  CLASSE DE INVESTIMENTO  MULT - RESP LTDA;2025-04-30;Operações compromissadas lastreadas em títulos públicos federais;2.70
CLASSES - FIF;38.389.079/0001-67;;BRADESCO MULTIGESTORES GLOBAL FIXED INCOME ESG USD IS  FIF  CLASSE DE INVESTIMENTO  MULT - RESP LTDA;2025-04-30;Títulos públicos federais;15.69
FI;38.596.967/0001-50;;BRASIL CAPITAL MASTER 30 II FI FINANCEIRO - CIA - RESP LIMITADA;2025-04-30;Ações;95.41
FI;38.596.967/0001-50;;BRASIL CAPITAL MASTER 30 II FI FINANCEIRO - CIA - RESP LIMITADA;2025-04-30;Cotas de fundos de investimento 409;1.16
FI;38.596.967/0001-50;;BRASIL CAPITAL MASTER 30 II FI FINANCEIRO - CIA - RESP LIMITADA;2025-04-30;Derivativos;-1.23
FI;38.596.967/0001-50;;BRASIL CAPITAL MASTER 30 II FI FINANCEIRO - CIA - RESP LIMITADA;2025-04-30;Investimento no exterior;1.30
FI;38.596.967/0001-50;;BRASIL CAPITAL MASTER 30 II FI FINANCEIRO - CIA - RESP LIMITADA;2025-04-30;Operações compromissadas lastreadas em títulos públicos federais;1.16
FI;38.653.966/0001-09;;CONEXÃO VINCI MULTIESTRATÉGIA FIF - CIC MULTIMERCADO - RESP LIMITADA;2025-04-30;Derivativos;3.62
FI;38.653.966/0001-09;;CONEXÃO VINCI MULTIESTRATÉGIA FIF - CIC MULTIMERCADO - RESP LIMITADA;2025-04-30;Operações compromissadas lastreadas em títulos públicos federais;3.28
FI;38.653.966/0001-09;;CONEXÃO VINCI MULTIESTRATÉGIA FIF - CIC MULTIMERCADO - RESP LIMITADA;2025-04-30;Títulos públicos federais;97.19
FI;38.654.019/0001-24;;CONEXÃO VINCI VALOREM FIF - CLASSE DE INVESTIMENTO EM COTAS MULTIMERCADO - RESP LIMITADA;2025-04-30;Derivativos;-36.37
FI;38.654.019/0001-24;;CONEXÃO VINCI VALOREM FIF - CLASSE DE INVESTIMENTO EM COTAS MULTIMERCADO - RESP LIMITADA;2025-04-30;Operações compromissadas lastreadas em títulos públicos federais;9.19
FI;38.654.019/0001-24;;CONEXÃO VINCI VALOREM FIF - CLASSE DE INVESTIMENTO EM COTAS MULTIMERCADO - RESP LIMITADA;2025-04-30;Títulos públicos federais;92.40
FI;38.657.181/0001-04;;CONEXÃO VINCI FATORIAL DINÂMICO FIF - CLASSE DE INVESTIMENTO EM COTAS DE AÇÕES - RESP LIMITADA;2025-04-30;Derivativos;0.00
FI;38.657.181/0001-04;;CONEXÃO VINCI FATORIAL DINÂMICO FIF - CLASSE DE INVESTIMENTO EM COTAS DE AÇÕES - RESP LIMITADA;2025-04-30;Operações compromissadas lastreadas em títulos públicos federais;29.08
FI;38.657.181/0001-04;;CONEXÃO VINCI FATORIAL DINÂMICO FIF - CLASSE DE INVESTIMENTO EM COTAS DE AÇÕES - RESP LIMITADA;2025-04-30;Títulos públicos federais;68.80
FI;38.657.339/0001-38;;OCCAM EQUITY HEDGE ÁGORA FIF - CLASSE DE INVESTIMENTO EM COTAS MULTIMERCADO - RESP LIMITADA;2025-04-30;Cotas de fundos de investimento 409;99.15
FI;38.657.339/0001-38;;OCCAM EQUITY HEDGE ÁGORA FIF - CLASSE DE INVESTIMENTO EM COTAS MULTIMERCADO - RESP LIMITADA;2025-04-30;Derivativos;0.00
FI;38.657.339/0001-38;;OCCAM EQUITY HEDGE ÁGORA FIF - CLASSE DE INVESTIMENTO EM COTAS MULTIMERCADO - RESP LIMITADA;2025-04-30;Operações compromissadas lastreadas em títulos públicos federais;0.17
FI;38.657.339/0001-38;;OCCAM EQUITY HEDGE ÁGORA FIF - CLASSE DE INVESTIMENTO EM COTAS MULTIMERCADO - RESP LIMITADA;2025-04-30;Títulos públicos federais;0.40
FI;38.657.398/0001-06;;OCCAM ÁGORA FIF - CLASSE DE INVESTIMENTO EM COTAS DE AÇÕES - RESP LIMITADA;2025-04-30;Cotas de fundos de investimento 409;97.59
FI;38.657.398/0001-06;;OCCAM ÁGORA FIF - CLASSE DE INVESTIMENTO EM COTAS DE AÇÕES - RESP LIMITADA;2025-04-30;Derivativos;0.00
FI;38.657.398/0001-06;;OCCAM ÁGORA FIF - CLASSE DE INVESTIMENTO EM COTAS DE AÇÕES - RESP LIMITADA;2025-04-30;Operações compromissadas lastreadas em títulos públicos federais;0.87
FI;38.657.398/0001-06;;OCCAM ÁGORA FIF - CLASSE DE INVESTIMENTO EM COTAS DE AÇÕES - RESP LIMITADA;2025-04-30;Títulos públicos federais;1.08
FI;38.657.534/0001-68;;OCCAM INSTITUCIONAL II ÁGORA FIF - CLASSE DE INVESTIMENTO EM COTAS MULTIMERCADO - RESP LIMITADA;2025-04-30;Cotas de fundos de investimento 409;98.01
FI;38.657.534/0001-68;;OCCAM INSTITUCIONAL II ÁGORA FIF - CLASSE DE INVESTIMENTO EM COTAS MULTIMERCADO - RESP LIMITADA;2025-04-30;Derivativos;0.00
FI;38.657.534/0001-68;;OCCAM INSTITUCIONAL II ÁGORA FIF - CLASSE DE INVESTIMENTO EM COTAS MULTIMERCADO - RESP LIMITADA;2025-04-30;Operações compromissadas lastreadas em títulos públicos federais;0.48
FI;38.657.534/0001-68;;OCCAM INSTITUCIONAL II ÁGORA FIF - CLASSE DE INVESTIMENTO EM COTAS MULTIMERCADO - RESP LIMITADA;2025-04-30;Títulos públicos federais;1.14
FI;38.657.612/0001-24;;CONEXÃO BLACKROCK GLOBAL EVENT DRIVEN FUNDO DE INVESTIMENTO FINANCEIRO CIC MULTIMERCADO - RESP LTDA;2025-04-30;Cotas de fundos de investimento 409;99.41
FI;38.657.612/0001-24;;CONEXÃO BLACKROCK GLOBAL EVENT DRIVEN FUNDO DE INVESTIMENTO FINANCEIRO CIC MULTIMERCADO - RESP LTDA;2025-04-30;Derivativos;0.00
FI;38.657.612/0001-24;;CONEXÃO BLACKROCK GLOBAL EVENT DRIVEN FUNDO DE INVESTIMENTO FINANCEIRO CIC MULTIMERCADO - RESP LTDA;2025-04-30;Operações compromissadas lastreadas em títulos públicos federais;0.16
FI;38.657.612/0001-24;;CONEXÃO BLACKROCK GLOBAL EVENT DRIVEN FUNDO DE INVESTIMENTO FINANCEIRO CIC MULTIMERCADO - RESP LTDA;2025-04-30;Títulos públicos federais;0.37
FI;38.710.731/0001-01;;BTG PACTUAL DISCOVERY ÁGORA FIF - CIC MULTIMERCADO - RESPONSABILIDADE LIMITADA;2025-04-30;Cotas de fundos de investimento 409;99.29
FI;38.710.731/0001-01;;BTG PACTUAL DISCOVERY ÁGORA FIF - CIC MULTIMERCADO - RESPONSABILIDADE LIMITADA;2025-04-30;Derivativos;0.00
FI;38.710.731/0001-01;;BTG PACTUAL DISCOVERY ÁGORA FIF - CIC MULTIMERCADO - RESPONSABILIDADE LIMITADA;2025-04-30;Operações compromissadas lastreadas em títulos públicos federais;0.16
FI;38.710.731/0001-01;;BTG PACTUAL DISCOVERY ÁGORA FIF - CIC MULTIMERCADO - RESPONSABILIDADE LIMITADA;2025-04-30;Títulos públicos federais;0.38
FI;38.710.803/0001-02;;BTGP MFS MERIDIAN PRUDENT CAPITAL ÁGORA FIF - CIC MULTIMERCADO - RESPONSABILIDADE LIMITADA;2025-04-30;Cotas de fundos de investimento 409;99.33
FI;38.710.803/0001-02;;BTGP MFS MERIDIAN PRUDENT CAPITAL ÁGORA FIF - CIC MULTIMERCADO - RESPONSABILIDADE LIMITADA;2025-04-30;Derivativos;0.00
FI;38.710.803/0001-02;;BTGP MFS MERIDIAN PRUDENT CAPITAL ÁGORA FIF - CIC MULTIMERCADO - RESPONSABILIDADE LIMITADA;2025-04-30;Operações compromissadas lastreadas em títulos públicos federais;0.14
FI;38.710.803/0001-02;;BTGP MFS MERIDIAN PRUDENT CAPITAL ÁGORA FIF - CIC MULTIMERCADO - RESPONSABILIDADE LIMITADA;2025-04-30;Títulos públicos federais;0.33
FI;38.715.895/0001-13;;TRUXT I VALOR ÁGORA FIF - CLASSE DE INVESTIMENTO EM COTAS DE AÇÕES - RESP LIMITADA;2025-04-30;Cotas de fundos de investimento 409;99.58
FI;38.715.895/0001-13;;TRUXT I VALOR ÁGORA FIF - CLASSE DE INVESTIMENTO EM COTAS DE AÇÕES - RESP LIMITADA;2025-04-30;Derivativos;0.00
FI;38.715.895/0001-13;;TRUXT I VALOR ÁGORA FIF - CLASSE DE INVESTIMENTO EM COTAS DE AÇÕES - RESP LIMITADA;2025-04-30;Operações compromissadas lastreadas em títulos públicos federais;0.13
FI;38.715.895/0001-13;;TRUXT I VALOR ÁGORA FIF - CLASSE DE INVESTIMENTO EM COTAS DE AÇÕES - RESP LIMITADA;2025-04-30;Títulos públicos federais;0.30
FI;38.728.990/0001-51;;UNIVERSO FUNDO DE INVESTIMENTO FINANCEIRO;2025-04-30;Ações;89.37
FI;38.728.990/0001-51;;UNIVERSO FUNDO DE INVESTIMENTO FINANCEIRO;2025-04-30;Cotas de fundos de Investimento;7.92
FI;38.728.990/0001-51;;UNIVERSO FUNDO DE INVESTIMENTO FINANCEIRO;2025-04-30;Outras Aplicações;-8.67
FI;38.728.990/0001-51;;UNIVERSO FUNDO DE INVESTIMENTO FINANCEIRO;2025-04-30;Titulos publicos federais;23.34
CLASSES - FIF;38.860.877/0001-25;;BRADESCO ESG IS GLOBAL FIF - CLASSE DE INVESTIMENTO EM COTAS MULTIMERCADO - RESP  LIMITADA;2025-04-30;Depósitos a prazo e outros títulos de instituições financeiras;14.55
CLASSES - FIF;38.860.877/0001-25;;BRADESCO ESG IS GLOBAL FIF - CLASSE DE INVESTIMENTO EM COTAS MULTIMERCADO - RESP  LIMITADA;2025-04-30;Investimento no exterior;8.67
CLASSES - FIF;38.860.877/0001-25;;BRADESCO ESG IS GLOBAL FIF - CLASSE DE INVESTIMENTO EM COTAS MULTIMERCADO - RESP  LIMITADA;2025-04-30;Operações compromissadas lastreadas em títulos públicos federais;24.10
CLASSES - FIF;38.860.877/0001-25;;BRADESCO ESG IS GLOBAL FIF - CLASSE DE INVESTIMENTO EM COTAS MULTIMERCADO - RESP  LIMITADA;2025-04-30;Títulos de crédito privado;16.30
CLASSES - FIF;38.860.877/0001-25;;BRADESCO ESG IS GLOBAL FIF - CLASSE DE INVESTIMENTO EM COTAS MULTIMERCADO - RESP  LIMITADA;2025-04-30;Títulos públicos federais;36.28
CLASSES - FIF;38.860.913/0001-50;;BRAM FIF- CLASSE DE  INVESTIMENTO MULTIMERCADO CREDIT GREEN - RESPONSABILIDADE LIMITADA;2025-04-30;Cotas de fundos de investimento 409;0.03
CLASSES - FIF;38.860.913/0001-50;;BRAM FIF- CLASSE DE  INVESTIMENTO MULTIMERCADO CREDIT GREEN - RESPONSABILIDADE LIMITADA;2025-04-30;Investimento no exterior;17.55
CLASSES - FIF;38.860.913/0001-50;;BRAM FIF- CLASSE DE  INVESTIMENTO MULTIMERCADO CREDIT GREEN - RESPONSABILIDADE LIMITADA;2025-04-30;Operações compromissadas lastreadas em títulos públicos federais;10.43
CLASSES - FIF;38.860.913/0001-50;;BRAM FIF- CLASSE DE  INVESTIMENTO MULTIMERCADO CREDIT GREEN - RESPONSABILIDADE LIMITADA;2025-04-30;Títulos de crédito privado;0.19
CLASSES - FIF;38.860.913/0001-50;;BRAM FIF- CLASSE DE  INVESTIMENTO MULTIMERCADO CREDIT GREEN - RESPONSABILIDADE LIMITADA;2025-04-30;Títulos públicos federais;73.47
FI;39.151.551/0001-91;;BRADESCO CHINA FI FINANCEIRO - CIA - RESP LIMITADA;2025-04-30;Derivativos;0.00
FI;39.151.551/0001-91;;BRADESCO CHINA FI FINANCEIRO - CIA - RESP LIMITADA;2025-04-30;Investimento no exterior;98.38
FI;39.151.551/0001-91;;BRADESCO CHINA FI FINANCEIRO - CIA - RESP LIMITADA;2025-04-30;Operações compromissadas lastreadas em títulos públicos federais;0.54
FI;39.151.551/0001-91;;BRADESCO CHINA FI FINANCEIRO - CIA - RESP LIMITADA;2025-04-30;Títulos públicos federais;1.28
FI;39.152.933/0001-30;;BRAM EQUITY GREEN BDR NÍVEL I IS FIF - CLASSE DE INVESTIMENTO EM AÇÕES - RESP LIMITADA;2025-04-30;Cotas de fundos de investimento 409;95.09
FI;39.152.933/0001-30;;BRAM EQUITY GREEN BDR NÍVEL I IS FIF - CLASSE DE INVESTIMENTO EM AÇÕES - RESP LIMITADA;2025-04-30;Derivativos;-89.85
FI;39.152.933/0001-30;;BRAM EQUITY GREEN BDR NÍVEL I IS FIF - CLASSE DE INVESTIMENTO EM AÇÕES - RESP LIMITADA;2025-04-30;Operações compromissadas lastreadas em títulos públicos federais;5.28
FI;39.152.991/0001-63;;BRAM IS SUSTENTABILIDADE FIF - CLASSE DE INVESTIMENTO RF CRED PRIV - RESPONSABILIDADE LIMITADA;2025-04-30;Cotas de fundos de investimento 409;0.94
FI;39.152.991/0001-63;;BRAM IS SUSTENTABILIDADE FIF - CLASSE DE INVESTIMENTO RF CRED PRIV - RESPONSABILIDADE LIMITADA;2025-04-30;Depósitos a prazo e outros títulos de instituições financeiras;28.84
FI;39.152.991/0001-63;;BRAM IS SUSTENTABILIDADE FIF - CLASSE DE INVESTIMENTO RF CRED PRIV - RESPONSABILIDADE LIMITADA;2025-04-30;Operações compromissadas lastreadas em títulos públicos federais;37.58
FI;39.152.991/0001-63;;BRAM IS SUSTENTABILIDADE FIF - CLASSE DE INVESTIMENTO RF CRED PRIV - RESPONSABILIDADE LIMITADA;2025-04-30;Outras aplicações;0.50
FI;39.152.991/0001-63;;BRAM IS SUSTENTABILIDADE FIF - CLASSE DE INVESTIMENTO RF CRED PRIV - RESPONSABILIDADE LIMITADA;2025-04-30;Títulos de crédito privado;32.13
FI;39.270.157/0001-72;;CONEXÃO SAFRA FERMAT FIF - CLASSE DE  INVESTIMENTO EM COTAS MULTIMERCADO - RESP LIMITADA.;2025-04-30;Cotas de fundos de investimento 409;99.25
FI;39.270.157/0001-72;;CONEXÃO SAFRA FERMAT FIF - CLASSE DE  INVESTIMENTO EM COTAS MULTIMERCADO - RESP LIMITADA.;2025-04-30;Derivativos;0.00
FI;39.270.157/0001-72;;CONEXÃO SAFRA FERMAT FIF - CLASSE DE  INVESTIMENTO EM COTAS MULTIMERCADO - RESP LIMITADA.;2025-04-30;Operações compromissadas lastreadas em títulos públicos federais;0.20
FI;39.270.157/0001-72;;CONEXÃO SAFRA FERMAT FIF - CLASSE DE  INVESTIMENTO EM COTAS MULTIMERCADO - RESP LIMITADA.;2025-04-30;Títulos públicos federais;0.47
FI;39.272.289/0001-33;;NEO NAVITAS B FIF - CLASSE DE INVESTIMENTO EM COTAS AÇÕES - RESP LIMITADA;2025-04-30;Cotas de fundos de investimento 409;99.21
FI;39.272.289/0001-33;;NEO NAVITAS B FIF - CLASSE DE INVESTIMENTO EM COTAS AÇÕES - RESP LIMITADA;2025-04-30;Derivativos;0.00
FI;39.272.289/0001-33;;NEO NAVITAS B FIF - CLASSE DE INVESTIMENTO EM COTAS AÇÕES - RESP LIMITADA;2025-04-30;Operações compromissadas lastreadas em títulos públicos federais;0.25
FI;39.272.289/0001-33;;NEO NAVITAS B FIF - CLASSE DE INVESTIMENTO EM COTAS AÇÕES - RESP LIMITADA;2025-04-30;Títulos públicos federais;0.58
FI;39.272.519/0001-64;;CONEXÃO JGP ESG IS INSTITUCIONAL FIF - CIC EM AÇÕES - RESPONSABILIDADE LIMITADA;2025-04-30;Cotas de fundos de investimento 409;98.83
FI;39.272.519/0001-64;;CONEXÃO JGP ESG IS INSTITUCIONAL FIF - CIC EM AÇÕES - RESPONSABILIDADE LIMITADA;2025-04-30;Derivativos;0.00
FI;39.272.519/0001-64;;CONEXÃO JGP ESG IS INSTITUCIONAL FIF - CIC EM AÇÕES - RESPONSABILIDADE LIMITADA;2025-04-30;Operações compromissadas lastreadas em títulos públicos federais;0.27
FI;39.272.519/0001-64;;CONEXÃO JGP ESG IS INSTITUCIONAL FIF - CIC EM AÇÕES - RESPONSABILIDADE LIMITADA;2025-04-30;Títulos públicos federais;0.65
FI;39.272.568/0001-05;;JGP LONG ONLY ÁGORA FIF - CLASSE DE INVESTIMENTO EM COTAS AÇÕES - RESP LIMITADA;2025-04-30;Cotas de fundos de investimento 409;98.98
FI;39.272.568/0001-05;;JGP LONG ONLY ÁGORA FIF - CLASSE DE INVESTIMENTO EM COTAS AÇÕES - RESP LIMITADA;2025-04-30;Derivativos;0.00
FI;39.272.568/0001-05;;JGP LONG ONLY ÁGORA FIF - CLASSE DE INVESTIMENTO EM COTAS AÇÕES - RESP LIMITADA;2025-04-30;Operações compromissadas lastreadas em títulos públicos federais;0.36
FI;39.272.568/0001-05;;JGP LONG ONLY ÁGORA FIF - CLASSE DE INVESTIMENTO EM COTAS AÇÕES - RESP LIMITADA;2025-04-30;Títulos públicos federais;0.85
FI;39.272.622/0001-04;;CONEXÃO J.SAFRA GALILEO FIF - CI EM COTAS MULTIMERCADO - RESPONSABILIDADE LIMITADA;2025-04-30;Cotas de fundos de investimento 409;99.66
FI;39.272.622/0001-04;;CONEXÃO J.SAFRA GALILEO FIF - CI EM COTAS MULTIMERCADO - RESPONSABILIDADE LIMITADA;2025-04-30;Derivativos;0.00
FI;39.272.622/0001-04;;CONEXÃO J.SAFRA GALILEO FIF - CI EM COTAS MULTIMERCADO - RESPONSABILIDADE LIMITADA;2025-04-30;Operações compromissadas lastreadas em títulos públicos federais;0.09
FI;39.272.622/0001-04;;CONEXÃO J.SAFRA GALILEO FIF - CI EM COTAS MULTIMERCADO - RESPONSABILIDADE LIMITADA;2025-04-30;Títulos públicos federais;0.21
FI;39.281.106/0001-46;;ÁLAMOS WEALTH SELECTION FUNDO DE INVESTIMENTO FINANCEIRO;2025-04-30;Ações;10.12
FI;39.281.106/0001-46;;ÁLAMOS WEALTH SELECTION FUNDO DE INVESTIMENTO FINANCEIRO;2025-04-30;Cotas de Fundos de Investimento 409;57.41
FI;39.281.106/0001-46;;ÁLAMOS WEALTH SELECTION FUNDO DE INVESTIMENTO FINANCEIRO;2025-04-30;Operações Compromissadas Lastreadas em Títulos Públicos Federais;7.76
FI;39.281.106/0001-46;;ÁLAMOS WEALTH SELECTION FUNDO DE INVESTIMENTO FINANCEIRO;2025-04-30;Outras Cotas de Fundos de Investimento;0.25
FI;39.281.106/0001-46;;ÁLAMOS WEALTH SELECTION FUNDO DE INVESTIMENTO FINANCEIRO;2025-04-30;Títulos Públicos Federais;25.05
FI;39.285.822/0001-00;;ÁGORA DIVERSIFICAÇÃO INDEX FIF - CLASSE DE INVESTIMENTO AÇÕES - RESP LIMITADA;2025-04-30;Ações;95.00
FI;39.285.822/0001-00;;ÁGORA DIVERSIFICAÇÃO INDEX FIF - CLASSE DE INVESTIMENTO AÇÕES - RESP LIMITADA;2025-04-30;Derivativos;4.88
FI;39.285.822/0001-00;;ÁGORA DIVERSIFICAÇÃO INDEX FIF - CLASSE DE INVESTIMENTO AÇÕES - RESP LIMITADA;2025-04-30;Operações compromissadas lastreadas em títulos públicos federais;1.68
FI;39.344.840/0001-07;;INTER AÇÕES VALOR FUNDO DE INVESTIMENTO FINANCEIRO EM AÇÕES RESPONSABILIDADE LIMITADA;2025-04-30;Ações;82.22
FI;39.344.840/0001-07;;INTER AÇÕES VALOR FUNDO DE INVESTIMENTO FINANCEIRO EM AÇÕES RESPONSABILIDADE LIMITADA;2025-04-30;Operações Compromissadas Lastreadas em Títulos Públicos Federais;6.04
CLASSES - FIF;39.345.047/0001-22;;BRADESCO ESG GLOBAL IS BDR FUNDO DE INVESTIMENTO FINANCEIRO - CLASSE DE INVESTIMENTO COTAS EM AÇÕES;2025-04-30;Ações;69.22
CLASSES - FIF;39.345.047/0001-22;;BRADESCO ESG GLOBAL IS BDR FUNDO DE INVESTIMENTO FINANCEIRO - CLASSE DE INVESTIMENTO COTAS EM AÇÕES;2025-04-30;Cotas de fundos de investimento 409;27.14
CLASSES - FIF;39.345.047/0001-22;;BRADESCO ESG GLOBAL IS BDR FUNDO DE INVESTIMENTO FINANCEIRO - CLASSE DE INVESTIMENTO COTAS EM AÇÕES;2025-04-30;Derivativos;-25.64
CLASSES - FIF;39.345.047/0001-22;;BRADESCO ESG GLOBAL IS BDR FUNDO DE INVESTIMENTO FINANCEIRO - CLASSE DE INVESTIMENTO COTAS EM AÇÕES;2025-04-30;Operações compromissadas lastreadas em títulos públicos federais;2.14
FI;39.346.123/0001-14;;TARPON GT INSTITUCIONAL FUNDO DE INVESTIMENTO FINANCEIRO;2025-04-30;Ações;98.95
FI;39.346.123/0001-14;;TARPON GT INSTITUCIONAL FUNDO DE INVESTIMENTO FINANCEIRO;2025-04-30;Cotas de Fundos de Investimento 409;5.16
FI;39.346.123/0001-14;;TARPON GT INSTITUCIONAL FUNDO DE INVESTIMENTO FINANCEIRO;2025-04-30;Operações Compromissadas Lastreadas em Títulos Públicos Federais;0.02
FI;39.346.123/0001-14;;TARPON GT INSTITUCIONAL FUNDO DE INVESTIMENTO FINANCEIRO;2025-04-30;Outras Aplicações;-1.72
FI;39.346.123/0001-14;;TARPON GT INSTITUCIONAL FUNDO DE INVESTIMENTO FINANCEIRO;2025-04-30;Títulos Públicos Federais;0.05
FI;39.540.780/0001-06;;INTER ACCESS VERDE FUNDO DE INVESTIMENTO EM COTAS DE FUNDO DE INVESTIMENTO FINANCEIRO MULTIMERCADO;2025-04-30;Cotas de Fundos de Investimento 555;97.22
FI;39.540.780/0001-06;;INTER ACCESS VERDE FUNDO DE INVESTIMENTO EM COTAS DE FUNDO DE INVESTIMENTO FINANCEIRO MULTIMERCADO;2025-04-30;Operações Compromissadas Lastreadas em Títulos Públicos Federais;2.81
FI;39.572.895/0001-74;;AQR LONG-BIASED EQUITIES ÁGORA FIF - CIC MULTIMERCADO - RESPONSABILIDADE LIMITADA;2025-04-30;Cotas de fundos de investimento 409;99.17
FI;39.572.895/0001-74;;AQR LONG-BIASED EQUITIES ÁGORA FIF - CIC MULTIMERCADO - RESPONSABILIDADE LIMITADA;2025-04-30;Operações compromissadas lastreadas em títulos públicos federais;0.25
FI;39.572.895/0001-74;;AQR LONG-BIASED EQUITIES ÁGORA FIF - CIC MULTIMERCADO - RESPONSABILIDADE LIMITADA;2025-04-30;Títulos públicos federais;0.64
FI;39.572.994/0001-56;;EASYNVEST TOP FUNDOS DE AÇÕES FI FINANCEIRO - CIC EM AÇÕES - RESP LIMITADA;2025-04-30;Cotas de fundos de investimento 409;77.05
FI;39.572.994/0001-56;;EASYNVEST TOP FUNDOS DE AÇÕES FI FINANCEIRO - CIC EM AÇÕES - RESP LIMITADA;2025-04-30;Derivativos;5.68
FI;39.572.994/0001-56;;EASYNVEST TOP FUNDOS DE AÇÕES FI FINANCEIRO - CIC EM AÇÕES - RESP LIMITADA;2025-04-30;Operações compromissadas lastreadas em títulos públicos federais;4.04
FI;39.572.994/0001-56;;EASYNVEST TOP FUNDOS DE AÇÕES FI FINANCEIRO - CIC EM AÇÕES - RESP LIMITADA;2025-04-30;Títulos públicos federais;18.68
FI;39.600.768/0001-31;;BRAM IS SUSTENTABILIDADE EMPRESARIAL 2 FIF - CIA - RESP LTDA;2025-04-30;Ações;96.79
FI;39.600.768/0001-31;;BRAM IS SUSTENTABILIDADE EMPRESARIAL 2 FIF - CIA - RESP LTDA;2025-04-30;Operações compromissadas lastreadas em títulos públicos federais;0.89
FI;39.687.606/0001-82;;ÁGORA GLOBAL SUSTAIN IS FIF - CI EM AÇÕES - RESPONSABILIDADE LIMITADA;2025-04-30;Derivativos;0.00
FI;39.687.606/0001-82;;ÁGORA GLOBAL SUSTAIN IS FIF - CI EM AÇÕES - RESPONSABILIDADE LIMITADA;2025-04-30;Investimento no exterior;97.32
FI;39.687.606/0001-82;;ÁGORA GLOBAL SUSTAIN IS FIF - CI EM AÇÕES - RESPONSABILIDADE LIMITADA;2025-04-30;Operações compromissadas lastreadas em títulos públicos federais;0.85
FI;39.687.606/0001-82;;ÁGORA GLOBAL SUSTAIN IS FIF - CI EM AÇÕES - RESPONSABILIDADE LIMITADA;2025-04-30;Títulos públicos federais;2.01
FI;39.807.251/0001-18;;CONEXÃO VINLAND LONG ONLY FIF- CLASSE DE INVESTIMENTO EM COTAS DE AÇÕES - RESP LIMITADA;2025-04-30;Cotas de fundos de investimento 409;98.53
FI;39.807.251/0001-18;;CONEXÃO VINLAND LONG ONLY FIF- CLASSE DE INVESTIMENTO EM COTAS DE AÇÕES - RESP LIMITADA;2025-04-30;Derivativos;0.00
FI;39.807.251/0001-18;;CONEXÃO VINLAND LONG ONLY FIF- CLASSE DE INVESTIMENTO EM COTAS DE AÇÕES - RESP LIMITADA;2025-04-30;Operações compromissadas lastreadas em títulos públicos federais;0.42
FI;39.807.251/0001-18;;CONEXÃO VINLAND LONG ONLY FIF- CLASSE DE INVESTIMENTO EM COTAS DE AÇÕES - RESP LIMITADA;2025-04-30;Títulos públicos federais;1.00
FI;39.807.296/0001-92;;KADIMA LONG SHORT PLUS ÁGORA FIF - CLASSE DE INVESTIMENTO EM COTAS DE AÇÕES - RESP LIMITADA;2025-04-30;Cotas de fundos de investimento 409;99.56
FI;39.807.296/0001-92;;KADIMA LONG SHORT PLUS ÁGORA FIF - CLASSE DE INVESTIMENTO EM COTAS DE AÇÕES - RESP LIMITADA;2025-04-30;Derivativos;0.00
FI;39.807.296/0001-92;;KADIMA LONG SHORT PLUS ÁGORA FIF - CLASSE DE INVESTIMENTO EM COTAS DE AÇÕES - RESP LIMITADA;2025-04-30;Operações compromissadas lastreadas em títulos públicos federais;0.13
FI;39.807.296/0001-92;;KADIMA LONG SHORT PLUS ÁGORA FIF - CLASSE DE INVESTIMENTO EM COTAS DE AÇÕES - RESP LIMITADA;2025-04-30;Títulos públicos federais;0.30
FI;39.807.395/0001-74;;BV EAGLE ÁGORA FIF - CLASSE DE INVESTIMENTO EM COTAS RENDA FIXA LONGO PRAZO - RESP LIMITADA;2025-04-30;Ações;0.03
FI;39.807.395/0001-74;;BV EAGLE ÁGORA FIF - CLASSE DE INVESTIMENTO EM COTAS RENDA FIXA LONGO PRAZO - RESP LIMITADA;2025-04-30;Derivativos;0.00
FI;39.807.395/0001-74;;BV EAGLE ÁGORA FIF - CLASSE DE INVESTIMENTO EM COTAS RENDA FIXA LONGO PRAZO - RESP LIMITADA;2025-04-30;Operações compromissadas lastreadas em títulos públicos federais;74.27
FI;39.807.395/0001-74;;BV EAGLE ÁGORA FIF - CLASSE DE INVESTIMENTO EM COTAS RENDA FIXA LONGO PRAZO - RESP LIMITADA;2025-04-30;Títulos de crédito privado;0.10
FI;39.807.395/0001-74;;BV EAGLE ÁGORA FIF - CLASSE DE INVESTIMENTO EM COTAS RENDA FIXA LONGO PRAZO - RESP LIMITADA;2025-04-30;Títulos públicos federais;26.05
FI;39.809.279/0001-94;;VALOR CONSULTORIA FUNDO DE INVESTIMENTO FINANCEIRO MULTIMERCADO;2025-04-30;Ações;83.80
FI;39.809.279/0001-94;;VALOR CONSULTORIA FUNDO DE INVESTIMENTO FINANCEIRO MULTIMERCADO;2025-04-30;Cotas de fundos de Investimento;12.18
FI;39.816.705/0001-17;;WESTERN ASSET ÁGORA FIF - CLASSE DE INVESTIMENTO EM COTAS DE AÇÕES - RESP LIMITADA;2025-04-30;Cotas de fundos de investimento 409;99.38
FI;39.816.705/0001-17;;WESTERN ASSET ÁGORA FIF - CLASSE DE INVESTIMENTO EM COTAS DE AÇÕES - RESP LIMITADA;2025-04-30;Derivativos;0.00
FI;39.816.705/0001-17;;WESTERN ASSET ÁGORA FIF - CLASSE DE INVESTIMENTO EM COTAS DE AÇÕES - RESP LIMITADA;2025-04-30;Operações compromissadas lastreadas em títulos públicos federais;0.18
FI;39.816.705/0001-17;;WESTERN ASSET ÁGORA FIF - CLASSE DE INVESTIMENTO EM COTAS DE AÇÕES - RESP LIMITADA;2025-04-30;Títulos públicos federais;0.42
FI;39.816.790/0001-13;;SQUADRA LONG BIASED ÁGORA FIF - CLASSE DE INVESTIMENTO EM COTAS DE FUNDOS DE AÇÕES - RESP LIMITADA;2025-04-30;Cotas de fundos de investimento 409;97.61
FI;39.816.790/0001-13;;SQUADRA LONG BIASED ÁGORA FIF - CLASSE DE INVESTIMENTO EM COTAS DE FUNDOS DE AÇÕES - RESP LIMITADA;2025-04-30;Derivativos;0.00
FI;39.816.790/0001-13;;SQUADRA LONG BIASED ÁGORA FIF - CLASSE DE INVESTIMENTO EM COTAS DE FUNDOS DE AÇÕES - RESP LIMITADA;2025-04-30;Operações compromissadas lastreadas em títulos públicos federais;0.70
FI;39.816.790/0001-13;;SQUADRA LONG BIASED ÁGORA FIF - CLASSE DE INVESTIMENTO EM COTAS DE FUNDOS DE AÇÕES - RESP LIMITADA;2025-04-30;Títulos públicos federais;1.66
FI;39.816.837/0001-49;;SQUADRA LONG ONLY ÁGORA FIF - CLASSE DE INVESTIMENTO EM COTAS DE FUNDOS DE AÇÕES - RESP LIMITADA;2025-04-30;Cotas de fundos de investimento 409;98.97
FI;39.816.837/0001-49;;SQUADRA LONG ONLY ÁGORA FIF - CLASSE DE INVESTIMENTO EM COTAS DE FUNDOS DE AÇÕES - RESP LIMITADA;2025-04-30;Derivativos;0.00
FI;39.816.837/0001-49;;SQUADRA LONG ONLY ÁGORA FIF - CLASSE DE INVESTIMENTO EM COTAS DE FUNDOS DE AÇÕES - RESP LIMITADA;2025-04-30;Operações compromissadas lastreadas em títulos públicos federais;0.09
FI;39.816.837/0001-49;;SQUADRA LONG ONLY ÁGORA FIF - CLASSE DE INVESTIMENTO EM COTAS DE FUNDOS DE AÇÕES - RESP LIMITADA;2025-04-30;Títulos públicos federais;0.22
CLASSES - FIF;39.851.719/0001-71;;IBIUNA HEDGE ST FP FIF - CLASSE DE INVESTIMENTO EM COTAS MULTIMERCADO - RESP LIMITADA;2025-04-30;Derivativos;813.92
CLASSES - FIF;39.851.719/0001-71;;IBIUNA HEDGE ST FP FIF - CLASSE DE INVESTIMENTO EM COTAS MULTIMERCADO - RESP LIMITADA;2025-04-30;Investimento no exterior;19.89
CLASSES - FIF;39.851.719/0001-71;;IBIUNA HEDGE ST FP FIF - CLASSE DE INVESTIMENTO EM COTAS MULTIMERCADO - RESP LIMITADA;2025-04-30;Operações compromissadas lastreadas em títulos públicos federais;92.56
CLASSES - FIF;39.851.719/0001-71;;IBIUNA HEDGE ST FP FIF - CLASSE DE INVESTIMENTO EM COTAS MULTIMERCADO - RESP LIMITADA;2025-04-30;Títulos de crédito privado;7.86
CLASSES - FIF;39.851.719/0001-71;;IBIUNA HEDGE ST FP FIF - CLASSE DE INVESTIMENTO EM COTAS MULTIMERCADO - RESP LIMITADA;2025-04-30;Títulos públicos federais;145.55
FI;40.040.714/0001-48;;KAPITALO K10 ÁGORA FIF - CIC MULTIMERCADO - RESPONSABILIDADE LIMITADA;2025-04-30;Cotas de fundos de investimento 409;99.30
FI;40.040.714/0001-48;;KAPITALO K10 ÁGORA FIF - CIC MULTIMERCADO - RESPONSABILIDADE LIMITADA;2025-04-30;Derivativos;0.00
FI;40.040.714/0001-48;;KAPITALO K10 ÁGORA FIF - CIC MULTIMERCADO - RESPONSABILIDADE LIMITADA;2025-04-30;Operações compromissadas lastreadas em títulos públicos federais;0.21
FI;40.040.714/0001-48;;KAPITALO K10 ÁGORA FIF - CIC MULTIMERCADO - RESPONSABILIDADE LIMITADA;2025-04-30;Títulos públicos federais;0.49
CLASSES - FIF;40.063.576/0001-12;;VERDE MODALMAIS AM 60 FUNDO DE INVESTIMENTO EM COTAS MULTIMERCADO;2025-04-30;Outras aplicações;0.00
FI;40.127.685/0001-56;;VINCI RETORNO REAL FI FINANCEIRO - CI MULT - RESP LIMITADA;2025-04-30;Ações;1.90
FI;40.127.685/0001-56;;VINCI RETORNO REAL FI FINANCEIRO - CI MULT - RESP LIMITADA;2025-04-30;Cotas de fundos de investimento 409;5.02
FI;40.127.685/0001-56;;VINCI RETORNO REAL FI FINANCEIRO - CI MULT - RESP LIMITADA;2025-04-30;Derivativos;16.86
FI;40.127.685/0001-56;;VINCI RETORNO REAL FI FINANCEIRO - CI MULT - RESP LIMITADA;2025-04-30;Operações compromissadas lastreadas em títulos públicos federais;42.36
FI;40.127.685/0001-56;;VINCI RETORNO REAL FI FINANCEIRO - CI MULT - RESP LIMITADA;2025-04-30;Títulos públicos federais;58.66
FI;40.129.641/0001-65;;BRASIL CAPITAL RP INSTITUCIONAL FI FINANCEIRO - CIC DE CLASSE DE AÇÕES - RESP LIMITADA;2025-04-30;Cotas de fundos de investimento 409;99.59
FI;40.141.135/0001-91;;SUL AMÉRICA EVOLUTION FIC FIM  ÁGORA;2025-04-30;Depósitos a prazo e outros títulos de instituições financeiras;13.36
FI;40.141.135/0001-91;;SUL AMÉRICA EVOLUTION FIC FIM  ÁGORA;2025-04-30;Derivativos;0.19
FI;40.141.135/0001-91;;SUL AMÉRICA EVOLUTION FIC FIM  ÁGORA;2025-04-30;Operações compromissadas lastreadas em títulos públicos federais;18.93
FI;40.141.135/0001-91;;SUL AMÉRICA EVOLUTION FIC FIM  ÁGORA;2025-04-30;Títulos de crédito privado;2.49
FI;40.141.135/0001-91;;SUL AMÉRICA EVOLUTION FIC FIM  ÁGORA;2025-04-30;Títulos públicos federais;64.46
FI;40.141.885/0001-63;;CONEXÃO WESTERN ASSET ATIVO FIF - CLASSE DE INVESTIMENTO EM COTAS DE RENDA FIXA - RESP LIMITADA;2025-04-30;Cotas de fundos de investimento 409;98.81
FI;40.141.885/0001-63;;CONEXÃO WESTERN ASSET ATIVO FIF - CLASSE DE INVESTIMENTO EM COTAS DE RENDA FIXA - RESP LIMITADA;2025-04-30;Derivativos;0.00
FI;40.141.885/0001-63;;CONEXÃO WESTERN ASSET ATIVO FIF - CLASSE DE INVESTIMENTO EM COTAS DE RENDA FIXA - RESP LIMITADA;2025-04-30;Operações compromissadas lastreadas em títulos públicos federais;0.36
FI;40.141.885/0001-63;;CONEXÃO WESTERN ASSET ATIVO FIF - CLASSE DE INVESTIMENTO EM COTAS DE RENDA FIXA - RESP LIMITADA;2025-04-30;Títulos públicos federais;0.86
FI;40.142.060/0001-63;;BRAM CRÉDITO INFLAÇÃO FI FINANCEIRO - CI RF CRED PRIV - RESP LIMITADA;2025-04-30;Depósitos a prazo e outros títulos de instituições financeiras;26.29
FI;40.142.060/0001-63;;BRAM CRÉDITO INFLAÇÃO FI FINANCEIRO - CI RF CRED PRIV - RESP LIMITADA;2025-04-30;Derivativos;62.93
FI;40.142.060/0001-63;;BRAM CRÉDITO INFLAÇÃO FI FINANCEIRO - CI RF CRED PRIV - RESP LIMITADA;2025-04-30;Operações compromissadas lastreadas em títulos públicos federais;2.80
FI;40.142.060/0001-63;;BRAM CRÉDITO INFLAÇÃO FI FINANCEIRO - CI RF CRED PRIV - RESP LIMITADA;2025-04-30;Títulos de crédito privado;50.04
FI;40.142.060/0001-63;;BRAM CRÉDITO INFLAÇÃO FI FINANCEIRO - CI RF CRED PRIV - RESP LIMITADA;2025-04-30;Títulos públicos federais;18.20
FI;40.152.028/0001-69;;WESTERN ASSET ATIVO MAX ÁGORA FIF - CLASSE DE INVESTIMENTO EM COTAS RENDA FIXA - RESP LIMITADA;2025-04-30;Cotas de fundos de investimento 409;99.08
FI;40.152.028/0001-69;;WESTERN ASSET ATIVO MAX ÁGORA FIF - CLASSE DE INVESTIMENTO EM COTAS RENDA FIXA - RESP LIMITADA;2025-04-30;Derivativos;0.00
FI;40.152.028/0001-69;;WESTERN ASSET ATIVO MAX ÁGORA FIF - CLASSE DE INVESTIMENTO EM COTAS RENDA FIXA - RESP LIMITADA;2025-04-30;Operações compromissadas lastreadas em títulos públicos federais;0.19
FI;40.152.028/0001-69;;WESTERN ASSET ATIVO MAX ÁGORA FIF - CLASSE DE INVESTIMENTO EM COTAS RENDA FIXA - RESP LIMITADA;2025-04-30;Títulos públicos federais;0.46
FI;40.152.706/0001-93;;ÁGORA WESTERN ASSET VALUATION FI FINANCEIRO - CIC SUSTENTÁVEL EM AÇÕES - RESP LIMITADA;2025-04-30;Cotas de fundos de investimento 409;97.75
FI;40.152.706/0001-93;;ÁGORA WESTERN ASSET VALUATION FI FINANCEIRO - CIC SUSTENTÁVEL EM AÇÕES - RESP LIMITADA;2025-04-30;Derivativos;0.00
FI;40.152.706/0001-93;;ÁGORA WESTERN ASSET VALUATION FI FINANCEIRO - CIC SUSTENTÁVEL EM AÇÕES - RESP LIMITADA;2025-04-30;Operações compromissadas lastreadas em títulos públicos federais;0.39
FI;40.152.706/0001-93;;ÁGORA WESTERN ASSET VALUATION FI FINANCEIRO - CIC SUSTENTÁVEL EM AÇÕES - RESP LIMITADA;2025-04-30;Títulos públicos federais;0.92
FI;40.190.534/0001-42;;4UM BDR FIF - CLASSE DE INVESTIMENTO EM AÇÕES - RESP LIMITADA;2025-04-30;Ações;90.51
FI;40.190.534/0001-42;;4UM BDR FIF - CLASSE DE INVESTIMENTO EM AÇÕES - RESP LIMITADA;2025-04-30;Cotas de fundos de investimento 409;9.09
FI;40.190.534/0001-42;;4UM BDR FIF - CLASSE DE INVESTIMENTO EM AÇÕES - RESP LIMITADA;2025-04-30;Operações compromissadas lastreadas em títulos públicos federais;0.37
FI;40.226.010/0001-64;;VINCI TOTAL RETURN INSTITUCIONAL FIF - CLASSE DE INVESTIMENTO EM AÇÕES - RESP LIMITADA;2025-04-30;Ações;93.28
FI;40.226.010/0001-64;;VINCI TOTAL RETURN INSTITUCIONAL FIF - CLASSE DE INVESTIMENTO EM AÇÕES - RESP LIMITADA;2025-04-30;Derivativos;-10.38
FI;40.226.010/0001-64;;VINCI TOTAL RETURN INSTITUCIONAL FIF - CLASSE DE INVESTIMENTO EM AÇÕES - RESP LIMITADA;2025-04-30;Operações compromissadas lastreadas em títulos públicos federais;4.67
FI;40.226.014/0001-42;;VINCI MOSAICO ADVISORY FIF - CLASSE DE INVESTIMENTO EM AÇÕES - RESP LIMITADA;2025-04-30;Ações;87.92
FI;40.226.014/0001-42;;VINCI MOSAICO ADVISORY FIF - CLASSE DE INVESTIMENTO EM AÇÕES - RESP LIMITADA;2025-04-30;Operações compromissadas lastreadas em títulos públicos federais;9.72
FI;40.226.014/0001-42;;VINCI MOSAICO ADVISORY FIF - CLASSE DE INVESTIMENTO EM AÇÕES - RESP LIMITADA;2025-04-30;Títulos públicos federais;1.04
FI;40.226.025/0001-22;;VINCI MOSAICO FIF - CLASSE DE INVESTIMENTO EM AÇÕES - RESP LIMITADA;2025-04-30;Ações;86.20
FI;40.226.025/0001-22;;VINCI MOSAICO FIF - CLASSE DE INVESTIMENTO EM AÇÕES - RESP LIMITADA;2025-04-30;Depósitos a prazo e outros títulos de instituições financeiras;0.59
FI;40.226.025/0001-22;;VINCI MOSAICO FIF - CLASSE DE INVESTIMENTO EM AÇÕES - RESP LIMITADA;2025-04-30;Derivativos;-1.36
FI;40.226.025/0001-22;;VINCI MOSAICO FIF - CLASSE DE INVESTIMENTO EM AÇÕES - RESP LIMITADA;2025-04-30;Investimento no exterior;1.97
FI;40.226.025/0001-22;;VINCI MOSAICO FIF - CLASSE DE INVESTIMENTO EM AÇÕES - RESP LIMITADA;2025-04-30;Operações compromissadas lastreadas em títulos públicos federais;10.32
FI;40.226.055/0001-39;;CONEXÃO GIANT ZARATHUSTRA FIF- CLASSE DE INVESTIMENTO EM COTAS MULTIMERCADO - RESP LIMITADA;2025-04-30;Cotas de fundos de investimento 409;99.52
FI;40.226.055/0001-39;;CONEXÃO GIANT ZARATHUSTRA FIF- CLASSE DE INVESTIMENTO EM COTAS MULTIMERCADO - RESP LIMITADA;2025-04-30;Derivativos;0.00
FI;40.226.055/0001-39;;CONEXÃO GIANT ZARATHUSTRA FIF- CLASSE DE INVESTIMENTO EM COTAS MULTIMERCADO - RESP LIMITADA;2025-04-30;Operações compromissadas lastreadas em títulos públicos federais;0.12
FI;40.226.055/0001-39;;CONEXÃO GIANT ZARATHUSTRA FIF- CLASSE DE INVESTIMENTO EM COTAS MULTIMERCADO - RESP LIMITADA;2025-04-30;Títulos públicos federais;0.29
CLASSES - FIF;40.226.075/0001-00;;IBIUNA LONG SHORT FIF - CLASSE DE INVESTIMENTO EM COTAS MULTIMERCADO ÁGORA - RESP LIMITADA;2025-04-30;Cotas de fundos de investimento 409;99.62
CLASSES - FIF;40.226.075/0001-00;;IBIUNA LONG SHORT FIF - CLASSE DE INVESTIMENTO EM COTAS MULTIMERCADO ÁGORA - RESP LIMITADA;2025-04-30;Derivativos;0.00
CLASSES - FIF;40.226.075/0001-00;;IBIUNA LONG SHORT FIF - CLASSE DE INVESTIMENTO EM COTAS MULTIMERCADO ÁGORA - RESP LIMITADA;2025-04-30;Operações compromissadas lastreadas em títulos públicos federais;0.15
CLASSES - FIF;40.226.075/0001-00;;IBIUNA LONG SHORT FIF - CLASSE DE INVESTIMENTO EM COTAS MULTIMERCADO ÁGORA - RESP LIMITADA;2025-04-30;Títulos públicos federais;0.36
FI;40.226.084/0001-09;;CAPTALYS PANORAMA MULT ÁGORA FIF - CIC MULTIMERCADO CRÉDITO PRIVADO - RESP LIMITADA;2025-04-30;Derivativos;0.00
FI;40.226.084/0001-09;;CAPTALYS PANORAMA MULT ÁGORA FIF - CIC MULTIMERCADO CRÉDITO PRIVADO - RESP LIMITADA;2025-04-30;Operações compromissadas lastreadas em títulos públicos federais;29.26
FI;40.226.084/0001-09;;CAPTALYS PANORAMA MULT ÁGORA FIF - CIC MULTIMERCADO CRÉDITO PRIVADO - RESP LIMITADA;2025-04-30;Títulos públicos federais;69.23
FI;40.226.091/0001-00;;WESTERN ASSET US INDEX 500 ÁGORA FIF - CLASSE DE INVESTIMENTO EM COTAS MULTIMERCADO - RESP LIMITADA;2025-04-30;Cotas de fundos de investimento 409;99.45
FI;40.226.091/0001-00;;WESTERN ASSET US INDEX 500 ÁGORA FIF - CLASSE DE INVESTIMENTO EM COTAS MULTIMERCADO - RESP LIMITADA;2025-04-30;Derivativos;0.00
FI;40.226.091/0001-00;;WESTERN ASSET US INDEX 500 ÁGORA FIF - CLASSE DE INVESTIMENTO EM COTAS MULTIMERCADO - RESP LIMITADA;2025-04-30;Operações compromissadas lastreadas em títulos públicos federais;0.17
FI;40.226.091/0001-00;;WESTERN ASSET US INDEX 500 ÁGORA FIF - CLASSE DE INVESTIMENTO EM COTAS MULTIMERCADO - RESP LIMITADA;2025-04-30;Títulos públicos federais;0.41
CLASSES - FIF;40.265.699/0001-36;;CALIXTO FUNDO DE INVESTIMENTO EM AÇÕES - RESPONSABILIDADE LIMITADA;2025-04-30;Ações;98.22
CLASSES - FIF;40.265.699/0001-36;;CALIXTO FUNDO DE INVESTIMENTO EM AÇÕES - RESPONSABILIDADE LIMITADA;2025-04-30;Outras aplicações;1.78
CLASSES - FIF;40.413.936/0001-69;;JDV FUNDO DE INVESTIMENTO MULTIMERCADO MULTIESTRATEGIA CREDITO PRIVADO IE;2025-04-30;Acões;0.00
CLASSES - FIF;40.413.936/0001-69;;JDV FUNDO DE INVESTIMENTO MULTIMERCADO MULTIESTRATEGIA CREDITO PRIVADO IE;2025-04-30;Cotas de Fundos de Investimento 555;75.58
CLASSES - FIF;40.413.936/0001-69;;JDV FUNDO DE INVESTIMENTO MULTIMERCADO MULTIESTRATEGIA CREDITO PRIVADO IE;2025-04-30;Depósito a prazo e outros títulos de instituições financeiras;17.93
CLASSES - FIF;40.413.936/0001-69;;JDV FUNDO DE INVESTIMENTO MULTIMERCADO MULTIESTRATEGIA CREDITO PRIVADO IE;2025-04-30;Operacões compromissadas lastreadas em títulos privados;0.00
CLASSES - FIF;40.413.936/0001-69;;JDV FUNDO DE INVESTIMENTO MULTIMERCADO MULTIESTRATEGIA CREDITO PRIVADO IE;2025-04-30;Títulos de crédito privado;6.49
CLASSES - FIF;40.438.531/0001-85;;IMPACTO PRISMA FIF - CLASSE DE INVESTIMENTO MULTIMERCADO CRÉDITO PRIVADO - RESP LIMITADA;2025-04-30;Ações;10.44
CLASSES - FIF;40.438.531/0001-85;;IMPACTO PRISMA FIF - CLASSE DE INVESTIMENTO MULTIMERCADO CRÉDITO PRIVADO - RESP LIMITADA;2025-04-30;Cotas de fundos de investimento 409;8.21
CLASSES - FIF;40.438.531/0001-85;;IMPACTO PRISMA FIF - CLASSE DE INVESTIMENTO MULTIMERCADO CRÉDITO PRIVADO - RESP LIMITADA;2025-04-30;Depósitos a prazo e outros títulos de instituições financeiras;18.80
CLASSES - FIF;40.438.531/0001-85;;IMPACTO PRISMA FIF - CLASSE DE INVESTIMENTO MULTIMERCADO CRÉDITO PRIVADO - RESP LIMITADA;2025-04-30;Operações compromissadas lastreadas em títulos públicos federais;42.56
CLASSES - FIF;40.438.531/0001-85;;IMPACTO PRISMA FIF - CLASSE DE INVESTIMENTO MULTIMERCADO CRÉDITO PRIVADO - RESP LIMITADA;2025-04-30;Títulos públicos federais;20.78
CLASSES - FIF;40.764.095/0001-34;;CSHG DI SPECIAL FUNDO DE INVESTIMENTO FINANCEIRO RENDA FIXA REFERENCIADO - RESPONSABILIDADE LIMITADA;2025-04-30;Dep¿os a Prazo e Outros T¿los de Institui¿s Financeiras;15.28
CLASSES - FIF;40.764.095/0001-34;;CSHG DI SPECIAL FUNDO DE INVESTIMENTO FINANCEIRO RENDA FIXA REFERENCIADO - RESPONSABILIDADE LIMITADA;2025-04-30;Outros;15.88
CLASSES - FIF;40.764.095/0001-34;;CSHG DI SPECIAL FUNDO DE INVESTIMENTO FINANCEIRO RENDA FIXA REFERENCIADO - RESPONSABILIDADE LIMITADA;2025-04-30;T¿los de Cr¿to Privado;5.04
CLASSES - FIF;40.764.095/0001-34;;CSHG DI SPECIAL FUNDO DE INVESTIMENTO FINANCEIRO RENDA FIXA REFERENCIADO - RESPONSABILIDADE LIMITADA;2025-04-30;T¿los P¿blicos Federais;63.91
FI;40.897.437/0001-94;;KRATHUS FI FINANCEIRO - CI MULT CRED PRIV - RESP LIMITADA;2025-04-30;Cotas de fundos de investimento 409;56.80
FI;40.897.437/0001-94;;KRATHUS FI FINANCEIRO - CI MULT CRED PRIV - RESP LIMITADA;2025-04-30;Operações compromissadas lastreadas em títulos públicos federais;8.62
FI;40.897.437/0001-94;;KRATHUS FI FINANCEIRO - CI MULT CRED PRIV - RESP LIMITADA;2025-04-30;Títulos públicos federais;35.16
FI;40.919.348/0001-00;;VINCI STB FUNDO DE INVESTIMENTO FINANCEIRO - CLASSE DE INVESTIMENTO EM AÇÕES - RESP LIMITADA;2025-04-30;Ações;87.27
FI;40.919.348/0001-00;;VINCI STB FUNDO DE INVESTIMENTO FINANCEIRO - CLASSE DE INVESTIMENTO EM AÇÕES - RESP LIMITADA;2025-04-30;Operações compromissadas lastreadas em títulos públicos federais;12.18
FI;41.019.748/0001-13;;MAM ZC TESOURO SELIC FI RENDA FIXA SIMPLES DI SOBERANO RESPONSABILIDADE LIMITADA;2025-04-30;Renda Fixa;100.02
FI;41.036.490/0001-63;;INTER ACCESS ARBOR FC DE FI FINANCEIRO EM AÇÕES BDR NÍVEL I RESPONSABILIDADE LIMITADA;2025-04-30;Cotas de Fundos de Investimento 555;97.35
FI;41.036.490/0001-63;;INTER ACCESS ARBOR FC DE FI FINANCEIRO EM AÇÕES BDR NÍVEL I RESPONSABILIDADE LIMITADA;2025-04-30;Operações Compromissadas Lastreadas em Títulos Públicos Federais;2.72
FI;41.088.110/0001-34;;LEGACY CAPITAL MFO FUNDO DE INVESTIMENTO EM COTAS DE FIF MULTIMERCADO - RESPONSABILIDADE LIMITADA;2025-04-30;Cotas de Fundos de Investimento 555;100.16
FI;41.088.110/0001-34;;LEGACY CAPITAL MFO FUNDO DE INVESTIMENTO EM COTAS DE FIF MULTIMERCADO - RESPONSABILIDADE LIMITADA;2025-04-30;Outros;0.06
CLASSES - FIF;41.196.740/0001-22;;TRIGONO DELPHOS INCOME INSTITUCIONAL FIF - CLASSE DE INVESTIMENTO EM COTAS DE AÇÕES - RESP LIMITADA;2025-04-30;Cotas de fundos de investimento 409;98.90
CLASSES - FIF;41.196.740/0001-22;;TRIGONO DELPHOS INCOME INSTITUCIONAL FIF - CLASSE DE INVESTIMENTO EM COTAS DE AÇÕES - RESP LIMITADA;2025-04-30;Operações compromissadas lastreadas em títulos públicos federais;0.38
CLASSES - FIF;41.196.740/0001-22;;TRIGONO DELPHOS INCOME INSTITUCIONAL FIF - CLASSE DE INVESTIMENTO EM COTAS DE AÇÕES - RESP LIMITADA;2025-04-30;Títulos públicos federais;0.93
FI;41.256.441/0001-36;;GENOA CAPITAL RADAR MFO FUNDO DE INVESTIMENTO EM COTAS DE FIF MULTIMERCADO RESPONSABILIDADE LIMITADA;2025-04-30;Outras Cotas de Fundos de Investimento;100.14
FI;41.256.441/0001-36;;GENOA CAPITAL RADAR MFO FUNDO DE INVESTIMENTO EM COTAS DE FIF MULTIMERCADO RESPONSABILIDADE LIMITADA;2025-04-30;Outros;0.03
FI;41.283.095/0001-85;;ÁFIRA TERMO FUNDING CASH FUNDO DE INVESTIMENTO FINANCEIRO;2025-04-30;Cotas de Fundos de Investimento 409;9.47
FI;41.283.095/0001-85;;ÁFIRA TERMO FUNDING CASH FUNDO DE INVESTIMENTO FINANCEIRO;2025-04-30;Derivativos;0.17
FI;41.283.095/0001-85;;ÁFIRA TERMO FUNDING CASH FUNDO DE INVESTIMENTO FINANCEIRO;2025-04-30;Outras Aplicações;66.63
FI;41.283.095/0001-85;;ÁFIRA TERMO FUNDING CASH FUNDO DE INVESTIMENTO FINANCEIRO;2025-04-30;Títulos Públicos Federais;23.84
FI;41.319.822/0001-17;;BNP PARIBAS DIVERSIFIED DYNAMIC FC DE FI MULT IE ÁGORA;2025-04-30;Cotas de fundos de investimento 409;98.11
FI;41.319.822/0001-17;;BNP PARIBAS DIVERSIFIED DYNAMIC FC DE FI MULT IE ÁGORA;2025-04-30;Derivativos;0.00
FI;41.319.822/0001-17;;BNP PARIBAS DIVERSIFIED DYNAMIC FC DE FI MULT IE ÁGORA;2025-04-30;Operações compromissadas lastreadas em títulos públicos federais;0.76
FI;41.319.822/0001-17;;BNP PARIBAS DIVERSIFIED DYNAMIC FC DE FI MULT IE ÁGORA;2025-04-30;Títulos públicos federais;1.79
FI;41.319.909/0001-94;;CONEXÃO VINCI MOSAICO FIF - CLASSE DE INVESTIMENTO EM COTAS DE AÇÕES - RESP LIMITADA;2025-04-30;Ações;86.48
FI;41.319.909/0001-94;;CONEXÃO VINCI MOSAICO FIF - CLASSE DE INVESTIMENTO EM COTAS DE AÇÕES - RESP LIMITADA;2025-04-30;Derivativos;0.00
FI;41.319.909/0001-94;;CONEXÃO VINCI MOSAICO FIF - CLASSE DE INVESTIMENTO EM COTAS DE AÇÕES - RESP LIMITADA;2025-04-30;Operações compromissadas lastreadas em títulos públicos federais;12.38
FI;41.319.909/0001-94;;CONEXÃO VINCI MOSAICO FIF - CLASSE DE INVESTIMENTO EM COTAS DE AÇÕES - RESP LIMITADA;2025-04-30;Títulos públicos federais;0.72
FI;41.333.328/0001-07;;VOKIN GBV ACONCÁGUA ÁGORA FIF - CLASSE DE INVESTIMENTO EM COTAS DE AÇÕES - RESP LIMITADA;2025-04-30;Cotas de fundos de investimento 409;99.31
FI;41.333.328/0001-07;;VOKIN GBV ACONCÁGUA ÁGORA FIF - CLASSE DE INVESTIMENTO EM COTAS DE AÇÕES - RESP LIMITADA;2025-04-30;Derivativos;0.00
FI;41.333.328/0001-07;;VOKIN GBV ACONCÁGUA ÁGORA FIF - CLASSE DE INVESTIMENTO EM COTAS DE AÇÕES - RESP LIMITADA;2025-04-30;Operações compromissadas lastreadas em títulos públicos federais;0.26
FI;41.333.328/0001-07;;VOKIN GBV ACONCÁGUA ÁGORA FIF - CLASSE DE INVESTIMENTO EM COTAS DE AÇÕES - RESP LIMITADA;2025-04-30;Títulos públicos federais;0.60
FI;41.423.729/0001-58;;OCCAM RETORNO ABSOLUTO ÁGORA FIF - CLASSE DE INVESTIMENTO EM COTAS MULTIMERCADO - RESP LIMITADA;2025-04-30;Cotas de fundos de investimento 409;98.12
FI;41.423.729/0001-58;;OCCAM RETORNO ABSOLUTO ÁGORA FIF - CLASSE DE INVESTIMENTO EM COTAS MULTIMERCADO - RESP LIMITADA;2025-04-30;Derivativos;0.00
FI;41.423.729/0001-58;;OCCAM RETORNO ABSOLUTO ÁGORA FIF - CLASSE DE INVESTIMENTO EM COTAS MULTIMERCADO - RESP LIMITADA;2025-04-30;Operações compromissadas lastreadas em títulos públicos federais;0.64
FI;41.423.729/0001-58;;OCCAM RETORNO ABSOLUTO ÁGORA FIF - CLASSE DE INVESTIMENTO EM COTAS MULTIMERCADO - RESP LIMITADA;2025-04-30;Títulos públicos federais;1.52
FI;41.517.570/0001-30;;WARREN MULTIGESTORES MULTIMERCADO FUNDO DE INVESTIMENTO FINANCEIRO;2025-04-30;Cotas de Fundos de Investimento 409;98.27
FI;41.517.570/0001-30;;WARREN MULTIGESTORES MULTIMERCADO FUNDO DE INVESTIMENTO FINANCEIRO;2025-04-30;Outras Aplicações;12.56
FI;41.517.570/0001-30;;WARREN MULTIGESTORES MULTIMERCADO FUNDO DE INVESTIMENTO FINANCEIRO;2025-04-30;Outras Cotas de Fundos de Investimento;3.42
FI;41.545.212/0001-31;;BRADESCO KAPITALO ZETA FIF - CLASSE DE INVESTIMENTO EM COTAS MULTIMERCADO - RESP LIMITADA;2025-04-30;Cotas de fundos de investimento 409;99.48
FI;41.545.212/0001-31;;BRADESCO KAPITALO ZETA FIF - CLASSE DE INVESTIMENTO EM COTAS MULTIMERCADO - RESP LIMITADA;2025-04-30;Derivativos;0.00
FI;41.545.212/0001-31;;BRADESCO KAPITALO ZETA FIF - CLASSE DE INVESTIMENTO EM COTAS MULTIMERCADO - RESP LIMITADA;2025-04-30;Operações compromissadas lastreadas em títulos públicos federais;0.16
FI;41.545.212/0001-31;;BRADESCO KAPITALO ZETA FIF - CLASSE DE INVESTIMENTO EM COTAS MULTIMERCADO - RESP LIMITADA;2025-04-30;Títulos públicos federais;0.37
CLASSES - FIF;41.562.564/0001-03;;CLAVE ALPHA MACRO MFO FUNDO DE INVESTIMENTO EM COTAS DE FIF MULTIMERCADO - RESPONSABILIDADE LIMITADA;2025-04-30;Outras Cotas de Fundos de Investimento;100.22
CLASSES - FIF;41.562.564/0001-03;;CLAVE ALPHA MACRO MFO FUNDO DE INVESTIMENTO EM COTAS DE FIF MULTIMERCADO - RESPONSABILIDADE LIMITADA;2025-04-30;Outros;0.03
CLASSES - FIF;41.629.514/0001-98;;ABSOLUTE VERTEX MFO FUNDO DE INVESTIMENTO EM COTAS DE FIF MULTIMERCADO - RESPONSABILIDADE LIMITADA;2025-04-30;Outras Cotas de Fundos de Investimento;100.15
CLASSES - FIF;41.629.514/0001-98;;ABSOLUTE VERTEX MFO FUNDO DE INVESTIMENTO EM COTAS DE FIF MULTIMERCADO - RESPONSABILIDADE LIMITADA;2025-04-30;Outros;0.06
CLASSES - FIF;41.629.941/0001-76;;UBS EVOLUTION MACRO STRATEGIES II FUNDO DE INVESTIMENTO EM COTAS DE FIF MULTIMERCADO - RESP LIMITADA;2025-04-30;Outras Cotas de Fundos de Investimento;100.00
CLASSES - FIF;41.629.941/0001-76;;UBS EVOLUTION MACRO STRATEGIES II FUNDO DE INVESTIMENTO EM COTAS DE FIF MULTIMERCADO - RESP LIMITADA;2025-04-30;Outros;0.00
FI;41.687.144/0001-45;;MAG STRATEGY FIF - CLASSE DE INVESTIMENTO MULT  - RESP  LIMITADA;2025-04-30;Ações;1.32
FI;41.687.144/0001-45;;MAG STRATEGY FIF - CLASSE DE INVESTIMENTO MULT  - RESP  LIMITADA;2025-04-30;Cotas de fundos de investimento 409;6.08
FI;41.687.144/0001-45;;MAG STRATEGY FIF - CLASSE DE INVESTIMENTO MULT  - RESP  LIMITADA;2025-04-30;Derivativos;0.34
FI;41.687.144/0001-45;;MAG STRATEGY FIF - CLASSE DE INVESTIMENTO MULT  - RESP  LIMITADA;2025-04-30;Operações compromissadas lastreadas em títulos públicos federais;7.07
FI;41.687.144/0001-45;;MAG STRATEGY FIF - CLASSE DE INVESTIMENTO MULT  - RESP  LIMITADA;2025-04-30;Títulos públicos federais;85.48
FI;41.745.501/0001-84;;BANRISUL ESPELHO VINCI MULTIESTRATÉGIA FUNDO DE INVESTIMENTO EM COTAS DE FUNDOS DE INVESTIMENTO FI;2025-04-30;COTAS DE FUNDOS DE INVESTIMENTO 409;99.44
FI;41.767.134/0001-10;;BANRISUL ESPELHO OCCAM RETORNO ABSOLUTO FUNDO DE INVESTIMENTO EM COTAS DE FIF MULTIMERCADO RESP LIM;2025-04-30;COTAS DE FUNDOS DE INVESTIMENTO 409;98.35
FI;41.853.494/0001-34;;VIC CLAVE ALPHA MACRO FIF - CIC MULTIMERCADO - RESP LIMITADA;2025-04-30;Cotas de fundos de investimento 409;99.15
FI;41.853.494/0001-34;;VIC CLAVE ALPHA MACRO FIF - CIC MULTIMERCADO - RESP LIMITADA;2025-04-30;Operações compromissadas lastreadas em títulos públicos federais;0.25
FI;41.853.494/0001-34;;VIC CLAVE ALPHA MACRO FIF - CIC MULTIMERCADO - RESP LIMITADA;2025-04-30;Títulos públicos federais;0.61
FI;41.970.027/0001-94;;VERDE AM W60 WARREN FEEDER FUNDO DE INVESTIMENTO FINANCEIRO;2025-04-30;Cotas de Fundos de Investimento 409;96.78
FI;41.970.027/0001-94;;VERDE AM W60 WARREN FEEDER FUNDO DE INVESTIMENTO FINANCEIRO;2025-04-30;Outras Aplicações;4.57
FI;42.066.462/0001-51;;BRADESCO VIRTUS US SMALL CAPS USD FI FINANCEIRO - CIA - RESP LIMITADA;2025-04-30;Derivativos;0.00
FI;42.066.462/0001-51;;BRADESCO VIRTUS US SMALL CAPS USD FI FINANCEIRO - CIA - RESP LIMITADA;2025-04-30;Investimento no exterior;94.59
FI;42.066.462/0001-51;;BRADESCO VIRTUS US SMALL CAPS USD FI FINANCEIRO - CIA - RESP LIMITADA;2025-04-30;Operações compromissadas lastreadas em títulos públicos federais;1.36
FI;42.066.462/0001-51;;BRADESCO VIRTUS US SMALL CAPS USD FI FINANCEIRO - CIA - RESP LIMITADA;2025-04-30;Títulos públicos federais;3.23
FI;42.084.627/0001-18;;FIDUC INTERNACIONAL FI FINANCEIRO - CIC DE AÇÕES - RESP LIMITADA;2025-04-30;Ações;4.78
FI;42.084.627/0001-18;;FIDUC INTERNACIONAL FI FINANCEIRO - CIC DE AÇÕES - RESP LIMITADA;2025-04-30;Cotas de fundos de investimento 409;80.08
FI;42.084.627/0001-18;;FIDUC INTERNACIONAL FI FINANCEIRO - CIC DE AÇÕES - RESP LIMITADA;2025-04-30;Derivativos;7.78
FI;42.084.627/0001-18;;FIDUC INTERNACIONAL FI FINANCEIRO - CIC DE AÇÕES - RESP LIMITADA;2025-04-30;Investimento no exterior;9.14
FI;42.084.627/0001-18;;FIDUC INTERNACIONAL FI FINANCEIRO - CIC DE AÇÕES - RESP LIMITADA;2025-04-30;Operações compromissadas lastreadas em títulos públicos federais;2.72
FI;42.084.832/0001-83;;GÁVEA MACRO RED FIF - CIC MULTIMERCADO - RESPONSABILIDADE LIMITADA;2025-04-30;Ações;9.45
FI;42.084.832/0001-83;;GÁVEA MACRO RED FIF - CIC MULTIMERCADO - RESPONSABILIDADE LIMITADA;2025-04-30;Investimento no exterior;14.53
FI;42.084.832/0001-83;;GÁVEA MACRO RED FIF - CIC MULTIMERCADO - RESPONSABILIDADE LIMITADA;2025-04-30;Operações compromissadas lastreadas em títulos públicos federais;26.28
FI;42.084.832/0001-83;;GÁVEA MACRO RED FIF - CIC MULTIMERCADO - RESPONSABILIDADE LIMITADA;2025-04-30;Títulos de crédito privado;-0.05
FI;42.084.832/0001-83;;GÁVEA MACRO RED FIF - CIC MULTIMERCADO - RESPONSABILIDADE LIMITADA;2025-04-30;Títulos públicos federais;51.16
FI;42.174.097/0001-07;;SMIRK FUNDO DE INVESTIMENTO MULTIMERCADO CREDITO PRIVADO-RESPONSABILIDADE LIMITADA;2025-04-30;Acões;0.00
FI;42.174.097/0001-07;;SMIRK FUNDO DE INVESTIMENTO MULTIMERCADO CREDITO PRIVADO-RESPONSABILIDADE LIMITADA;2025-04-30;Cotas de Fundos de Investimento 555;99.94
FI;42.174.097/0001-07;;SMIRK FUNDO DE INVESTIMENTO MULTIMERCADO CREDITO PRIVADO-RESPONSABILIDADE LIMITADA;2025-04-30;Depósito a prazo e outros títulos de instituições financeiras;0.06
FI;42.174.097/0001-07;;SMIRK FUNDO DE INVESTIMENTO MULTIMERCADO CREDITO PRIVADO-RESPONSABILIDADE LIMITADA;2025-04-30;Operacões compromissadas lastreadas em títulos privados;0.00
FI;42.174.097/0001-07;;SMIRK FUNDO DE INVESTIMENTO MULTIMERCADO CREDITO PRIVADO-RESPONSABILIDADE LIMITADA;2025-04-30;Operacões compromissadas lastreadas em títulos públicos federais;0.00
FI;42.315.695/0001-40;;INTER ACESS ABSOLUTE VERTEX FC DE FUNDO DE INVESTIMENTO FINANCEIRO MULTIMERCADO;2025-04-30;Cotas de Fundos de Investimento 555;96.86
FI;42.315.695/0001-40;;INTER ACESS ABSOLUTE VERTEX FC DE FUNDO DE INVESTIMENTO FINANCEIRO MULTIMERCADO;2025-04-30;Operações Compromissadas Lastreadas em Títulos Públicos Federais;3.20
FI;42.449.117/0001-05;;ARX INCOME ÁGORA FIF - CLASSE DE INVESTIMENTO EM COTAS AÇÕES - RESP LIMITADA;2025-04-30;Cotas de fundos de investimento 409;98.84
FI;42.449.117/0001-05;;ARX INCOME ÁGORA FIF - CLASSE DE INVESTIMENTO EM COTAS AÇÕES - RESP LIMITADA;2025-04-30;Derivativos;0.00
FI;42.449.117/0001-05;;ARX INCOME ÁGORA FIF - CLASSE DE INVESTIMENTO EM COTAS AÇÕES - RESP LIMITADA;2025-04-30;Operações compromissadas lastreadas em títulos públicos federais;0.42
FI;42.449.117/0001-05;;ARX INCOME ÁGORA FIF - CLASSE DE INVESTIMENTO EM COTAS AÇÕES - RESP LIMITADA;2025-04-30;Títulos públicos federais;0.98
FI;42.449.133/0001-90;;SPX FALCON ÁGORA FIF - CLASSE DE INVESTIMENTO EM COTAS DE AÇÕES - RESP LIMITADA;2025-04-30;Cotas de fundos de investimento 409;99.50
FI;42.449.133/0001-90;;SPX FALCON ÁGORA FIF - CLASSE DE INVESTIMENTO EM COTAS DE AÇÕES - RESP LIMITADA;2025-04-30;Derivativos;0.00
FI;42.449.133/0001-90;;SPX FALCON ÁGORA FIF - CLASSE DE INVESTIMENTO EM COTAS DE AÇÕES - RESP LIMITADA;2025-04-30;Operações compromissadas lastreadas em títulos públicos federais;0.14
FI;42.449.133/0001-90;;SPX FALCON ÁGORA FIF - CLASSE DE INVESTIMENTO EM COTAS DE AÇÕES - RESP LIMITADA;2025-04-30;Títulos públicos federais;0.34
FI;42.449.146/0001-69;;CONEXÃO ASA HEDGE FIF - CLASSE DE INVESTIMENTO EM COTAS MULTIMERCADO - RESP LIMITADA;2025-04-30;Cotas de fundos de investimento 409;99.37
FI;42.449.146/0001-69;;CONEXÃO ASA HEDGE FIF - CLASSE DE INVESTIMENTO EM COTAS MULTIMERCADO - RESP LIMITADA;2025-04-30;Derivativos;0.00
FI;42.449.146/0001-69;;CONEXÃO ASA HEDGE FIF - CLASSE DE INVESTIMENTO EM COTAS MULTIMERCADO - RESP LIMITADA;2025-04-30;Operações compromissadas lastreadas em títulos públicos federais;0.17
FI;42.449.146/0001-69;;CONEXÃO ASA HEDGE FIF - CLASSE DE INVESTIMENTO EM COTAS MULTIMERCADO - RESP LIMITADA;2025-04-30;Títulos públicos federais;0.40
FI;42.468.330/0001-56;;BRADESCO BJ 157 FI FINANCEIRO - CIC EM AÇÕES - RESP LIMITADA;2025-04-30;Ações;67.71
FI;42.468.330/0001-56;;BRADESCO BJ 157 FI FINANCEIRO - CIC EM AÇÕES - RESP LIMITADA;2025-04-30;Cotas de fundos de investimento 409;30.43
FI;42.468.330/0001-56;;BRADESCO BJ 157 FI FINANCEIRO - CIC EM AÇÕES - RESP LIMITADA;2025-04-30;Derivativos;0.84
FI;42.468.330/0001-56;;BRADESCO BJ 157 FI FINANCEIRO - CIC EM AÇÕES - RESP LIMITADA;2025-04-30;Operações compromissadas lastreadas em títulos públicos federais;1.97
FI;42.469.023/0001-90;;BRADESCO H FIF - CLASSE DE INVESTIMENTO AÇÕES IBOVESPA - RESP LIMITADA;2025-04-30;Ações;98.39
FI;42.469.023/0001-90;;BRADESCO H FIF - CLASSE DE INVESTIMENTO AÇÕES IBOVESPA - RESP LIMITADA;2025-04-30;Derivativos;1.31
FI;42.469.023/0001-90;;BRADESCO H FIF - CLASSE DE INVESTIMENTO AÇÕES IBOVESPA - RESP LIMITADA;2025-04-30;Operações compromissadas lastreadas em títulos públicos federais;0.31
FI;42.494.301/0001-69;;CONEXÃO CLAVE ALPHA MACRO FIF - CIC MULTIMERCADO - RESPONSABILIDADE LIMITADA;2025-04-30;Cotas de fundos de investimento 409;99.41
FI;42.494.301/0001-69;;CONEXÃO CLAVE ALPHA MACRO FIF - CIC MULTIMERCADO - RESPONSABILIDADE LIMITADA;2025-04-30;Derivativos;0.00
FI;42.494.301/0001-69;;CONEXÃO CLAVE ALPHA MACRO FIF - CIC MULTIMERCADO - RESPONSABILIDADE LIMITADA;2025-04-30;Operações compromissadas lastreadas em títulos públicos federais;0.18
FI;42.494.301/0001-69;;CONEXÃO CLAVE ALPHA MACRO FIF - CIC MULTIMERCADO - RESPONSABILIDADE LIMITADA;2025-04-30;Títulos públicos federais;0.42
CLASSES - FIF;42.494.899/0001-96;;MAG SELECTION FUNDO DE INVESTIMENTO FINANCEIRO CLASSE DE INVESTIMENTO EM AÇÕES  RESP LIMITADA;2025-04-30;Ações;92.46
CLASSES - FIF;42.494.899/0001-96;;MAG SELECTION FUNDO DE INVESTIMENTO FINANCEIRO CLASSE DE INVESTIMENTO EM AÇÕES  RESP LIMITADA;2025-04-30;Cotas de fundos de investimento 409;1.35
CLASSES - FIF;42.494.899/0001-96;;MAG SELECTION FUNDO DE INVESTIMENTO FINANCEIRO CLASSE DE INVESTIMENTO EM AÇÕES  RESP LIMITADA;2025-04-30;Derivativos;-15.15
CLASSES - FIF;42.494.899/0001-96;;MAG SELECTION FUNDO DE INVESTIMENTO FINANCEIRO CLASSE DE INVESTIMENTO EM AÇÕES  RESP LIMITADA;2025-04-30;Operações compromissadas lastreadas em títulos públicos federais;2.28
FI;42.562.449/0001-93;;PTR III FUNDO DE INVESTIMENTO MULTIMERCADO CRÉDITO PRIVADO;2025-04-30;Acões;0.00
FI;42.562.449/0001-93;;PTR III FUNDO DE INVESTIMENTO MULTIMERCADO CRÉDITO PRIVADO;2025-04-30;Cotas de Fundos de Investimento 555;99.26
FI;42.562.449/0001-93;;PTR III FUNDO DE INVESTIMENTO MULTIMERCADO CRÉDITO PRIVADO;2025-04-30;Operacões compromissadas lastreadas em títulos públicos federais;0.00
FI;42.562.449/0001-93;;PTR III FUNDO DE INVESTIMENTO MULTIMERCADO CRÉDITO PRIVADO;2025-04-30;Outras Aplicações;0.00
FI;42.562.449/0001-93;;PTR III FUNDO DE INVESTIMENTO MULTIMERCADO CRÉDITO PRIVADO;2025-04-30;Títulos Públicos federais;0.89
FI;42.656.644/0001-82;;IA CARTEIRA CRÉDITO FC DE FUNDO DE INVESTIMENTO FINANCEIRO MULT CRÉD PRIV RESPONSABILIDADE LIMITADA;2025-04-30;Cotas de Fundos de Investimento 555;97.39
FI;42.656.644/0001-82;;IA CARTEIRA CRÉDITO FC DE FUNDO DE INVESTIMENTO FINANCEIRO MULT CRÉD PRIV RESPONSABILIDADE LIMITADA;2025-04-30;Operações Compromissadas Lastreadas em Títulos Públicos Federais;2.71
FI;42.691.990/0001-00;;INTER DIVIDENDOS FUNDO DE INVESTIMENTO FINANCEIRO EM AÇÕES RESPONSABILIDADE LIMITADA;2025-04-30;Ações;83.80
FI;42.691.990/0001-00;;INTER DIVIDENDOS FUNDO DE INVESTIMENTO FINANCEIRO EM AÇÕES RESPONSABILIDADE LIMITADA;2025-04-30;Operações Compromissadas Lastreadas em Títulos Públicos Federais;6.01
CLASSES - FIF;42.692.128/0001-03;;IA CARTEIRA AÇÕES FUNDO DE INVESTIMENTO EM AÇÕES BDR NÍVEL 1 RESPONSABILIDADE LIMITADA;2025-04-30;Cotas de Fundos de Investimento 555;87.26
CLASSES - FIF;42.692.128/0001-03;;IA CARTEIRA AÇÕES FUNDO DE INVESTIMENTO EM AÇÕES BDR NÍVEL 1 RESPONSABILIDADE LIMITADA;2025-04-30;Operações Compromissadas Lastreadas em Títulos Públicos Federais;8.04
FI;42.754.444/0001-62;;ISTAMBUL FUNDO DE INVESTIMENTO MULTIMERCADO LONGO PRAZO INVESTIMENTO NO EXTERIOR;2025-04-30;Acões;0.00
FI;42.754.444/0001-62;;ISTAMBUL FUNDO DE INVESTIMENTO MULTIMERCADO LONGO PRAZO INVESTIMENTO NO EXTERIOR;2025-04-30;Cotas de Fundos de Investimento 555;100.18
FI;42.754.444/0001-62;;ISTAMBUL FUNDO DE INVESTIMENTO MULTIMERCADO LONGO PRAZO INVESTIMENTO NO EXTERIOR;2025-04-30;Operacões compromissadas lastreadas em títulos privados;0.00
FI;42.754.444/0001-62;;ISTAMBUL FUNDO DE INVESTIMENTO MULTIMERCADO LONGO PRAZO INVESTIMENTO NO EXTERIOR;2025-04-30;Operacões compromissadas lastreadas em títulos públicos federais;0.00
FI;42.754.444/0001-62;;ISTAMBUL FUNDO DE INVESTIMENTO MULTIMERCADO LONGO PRAZO INVESTIMENTO NO EXTERIOR;2025-04-30;Títulos Públicos federais;0.00
FI;42.813.674/0001-55;;RIO BRAVO PROTEÇÃO FUNDO DE INVESTIMENTO FINANCEIRO MULTIMERCADO RESPONSABILIDADE LIMITADA;2025-04-30;Operações compromissadas lastreadas em títulos públicos federais;0.19
FI;42.813.674/0001-55;;RIO BRAVO PROTEÇÃO FUNDO DE INVESTIMENTO FINANCEIRO MULTIMERCADO RESPONSABILIDADE LIMITADA;2025-04-30;Outras aplicações;16.52
FI;42.813.674/0001-55;;RIO BRAVO PROTEÇÃO FUNDO DE INVESTIMENTO FINANCEIRO MULTIMERCADO RESPONSABILIDADE LIMITADA;2025-04-30;Títulos públicos federais;83.40
FI;42.814.516/0001-10;;BRADESCO GLOBAL SOLUTION  MULTICLASSES BRL FIF - CIC MULTIMERCADO - RESPONSABILIDADE LIMITADA;2025-04-30;Cotas de fundos de investimento 409;99.26
FI;42.814.516/0001-10;;BRADESCO GLOBAL SOLUTION  MULTICLASSES BRL FIF - CIC MULTIMERCADO - RESPONSABILIDADE LIMITADA;2025-04-30;Operações compromissadas lastreadas em títulos públicos federais;0.72
FI;42.814.516/0001-10;;BRADESCO GLOBAL SOLUTION  MULTICLASSES BRL FIF - CIC MULTIMERCADO - RESPONSABILIDADE LIMITADA;2025-04-30;Títulos públicos federais;1.85
FI;42.831.345/0001-37;;N V FC - CIC EM AÇÕES - RESP LIMITADA;2025-04-30;Ações;93.11
FI;42.831.345/0001-37;;N V FC - CIC EM AÇÕES - RESP LIMITADA;2025-04-30;Derivativos;-6.62
FI;42.831.345/0001-37;;N V FC - CIC EM AÇÕES - RESP LIMITADA;2025-04-30;Operações compromissadas lastreadas em títulos públicos federais;5.82
FI;42.865.719/0001-35;;SULAMÉRICA CRÉDITO INFLAÇÃO FIF - CLASSE DE INVESTIMENTO RF CRED PRIV LP - RESP LIMITADA;2025-04-30;Depósitos a prazo e outros títulos de instituições financeiras;39.68
FI;42.865.719/0001-35;;SULAMÉRICA CRÉDITO INFLAÇÃO FIF - CLASSE DE INVESTIMENTO RF CRED PRIV LP - RESP LIMITADA;2025-04-30;Derivativos;47.86
FI;42.865.719/0001-35;;SULAMÉRICA CRÉDITO INFLAÇÃO FIF - CLASSE DE INVESTIMENTO RF CRED PRIV LP - RESP LIMITADA;2025-04-30;Operações compromissadas lastreadas em títulos públicos federais;14.84
FI;42.865.719/0001-35;;SULAMÉRICA CRÉDITO INFLAÇÃO FIF - CLASSE DE INVESTIMENTO RF CRED PRIV LP - RESP LIMITADA;2025-04-30;Títulos de crédito privado;24.70
FI;42.865.719/0001-35;;SULAMÉRICA CRÉDITO INFLAÇÃO FIF - CLASSE DE INVESTIMENTO RF CRED PRIV LP - RESP LIMITADA;2025-04-30;Títulos públicos federais;20.36
FI;42.867.896/0001-50;;CLAVE TOTAL RETURN  ÁGORA FIF - CIC MULTIMERCADO - RESPONSABILIDADE LIMITADA;2025-04-30;Cotas de fundos de investimento 409;99.16
FI;42.867.896/0001-50;;CLAVE TOTAL RETURN  ÁGORA FIF - CIC MULTIMERCADO - RESPONSABILIDADE LIMITADA;2025-04-30;Derivativos;0.00
FI;42.867.896/0001-50;;CLAVE TOTAL RETURN  ÁGORA FIF - CIC MULTIMERCADO - RESPONSABILIDADE LIMITADA;2025-04-30;Operações compromissadas lastreadas em títulos públicos federais;0.14
FI;42.867.896/0001-50;;CLAVE TOTAL RETURN  ÁGORA FIF - CIC MULTIMERCADO - RESPONSABILIDADE LIMITADA;2025-04-30;Títulos públicos federais;0.34
FI;42.878.365/0001-63;;PORTO SEGURO CLÁSSICO AGORA FIF - CIC RENDA FIXA LONGO PRAZO - RESPONSABILIDADE LIMITADA;2025-04-30;Cotas de fundos de investimento 409;97.27
FI;42.878.365/0001-63;;PORTO SEGURO CLÁSSICO AGORA FIF - CIC RENDA FIXA LONGO PRAZO - RESPONSABILIDADE LIMITADA;2025-04-30;Derivativos;0.00
FI;42.878.365/0001-63;;PORTO SEGURO CLÁSSICO AGORA FIF - CIC RENDA FIXA LONGO PRAZO - RESPONSABILIDADE LIMITADA;2025-04-30;Operações compromissadas lastreadas em títulos públicos federais;0.86
FI;42.878.365/0001-63;;PORTO SEGURO CLÁSSICO AGORA FIF - CIC RENDA FIXA LONGO PRAZO - RESPONSABILIDADE LIMITADA;2025-04-30;Títulos públicos federais;2.04
FI;42.878.556/0001-25;;BRAM JUROS MOEDAS FI FINANCEIRO - CI MULT - RESP LIMITADA;2025-04-30;Derivativos;137.31
FI;42.878.556/0001-25;;BRAM JUROS MOEDAS FI FINANCEIRO - CI MULT - RESP LIMITADA;2025-04-30;Operações compromissadas lastreadas em títulos públicos federais;13.54
FI;42.878.556/0001-25;;BRAM JUROS MOEDAS FI FINANCEIRO - CI MULT - RESP LIMITADA;2025-04-30;Títulos públicos federais;86.45
FI;42.878.589/0001-75;;BRADESCO DANÚBIO JUROS E MOEDAS FI FINANCEIRO - CIC MULT - RESP LIMITADA;2025-04-30;Derivativos;137.43
FI;42.878.589/0001-75;;BRADESCO DANÚBIO JUROS E MOEDAS FI FINANCEIRO - CIC MULT - RESP LIMITADA;2025-04-30;Operações compromissadas lastreadas em títulos públicos federais;13.55
FI;42.878.589/0001-75;;BRADESCO DANÚBIO JUROS E MOEDAS FI FINANCEIRO - CIC MULT - RESP LIMITADA;2025-04-30;Títulos públicos federais;86.53
FI;42.878.636/0001-80;;FEEDER LEGACY CAPITAL FIF - CLASSE DE INVESTIMENTO EM COTAS MULTIMERCADO - RESP LIMITADA;2025-04-30;Cotas de fundos de investimento 409;98.61
FI;42.878.636/0001-80;;FEEDER LEGACY CAPITAL FIF - CLASSE DE INVESTIMENTO EM COTAS MULTIMERCADO - RESP LIMITADA;2025-04-30;Derivativos;0.00
FI;42.878.636/0001-80;;FEEDER LEGACY CAPITAL FIF - CLASSE DE INVESTIMENTO EM COTAS MULTIMERCADO - RESP LIMITADA;2025-04-30;Operações compromissadas lastreadas em títulos públicos federais;0.28
FI;42.878.636/0001-80;;FEEDER LEGACY CAPITAL FIF - CLASSE DE INVESTIMENTO EM COTAS MULTIMERCADO - RESP LIMITADA;2025-04-30;Títulos públicos federais;0.67
CLASSES - FIF;42.921.764/0001-60;;UBS EVOLUTION MACRO STRATEGIES FUNDO DE INVESTIMENTO EM COTAS DE FIF MULTIMERCADO - RESP LIMITADA;2025-04-30;Outras Cotas de Fundos de Investimento;100.00
CLASSES - FIF;42.921.764/0001-60;;UBS EVOLUTION MACRO STRATEGIES FUNDO DE INVESTIMENTO EM COTAS DE FIF MULTIMERCADO - RESP LIMITADA;2025-04-30;Outros;0.00
CLASSES - FIF;42.921.777/0001-39;;UBS EVOLUTION MACRO STRATEGIES MASTER FUNDO DE INVESTIMENTO FINANCEIRO MULTIMERCADO - RESP LIMITADA;2025-04-30;Compromissadas lastreadas em T¿los P¿blicos;14.18
CLASSES - FIF;42.921.777/0001-39;;UBS EVOLUTION MACRO STRATEGIES MASTER FUNDO DE INVESTIMENTO FINANCEIRO MULTIMERCADO - RESP LIMITADA;2025-04-30;Investimento no Exterior;9.33
CLASSES - FIF;42.921.777/0001-39;;UBS EVOLUTION MACRO STRATEGIES MASTER FUNDO DE INVESTIMENTO FINANCEIRO MULTIMERCADO - RESP LIMITADA;2025-04-30;Outras Cotas de Fundos de Investimento;8.77
CLASSES - FIF;42.921.777/0001-39;;UBS EVOLUTION MACRO STRATEGIES MASTER FUNDO DE INVESTIMENTO FINANCEIRO MULTIMERCADO - RESP LIMITADA;2025-04-30;T¿los de Cr¿to Privado;12.97
CLASSES - FIF;42.921.777/0001-39;;UBS EVOLUTION MACRO STRATEGIES MASTER FUNDO DE INVESTIMENTO FINANCEIRO MULTIMERCADO - RESP LIMITADA;2025-04-30;T¿los P¿blicos Federais;54.76
CLASSES - FIF;42.922.247/0001-05;;META 11 SMALL CAP FUNDO DE INVESTIMENTO FINANCEIRO AÇÕES RESPONSABILIDADE LIMITADA;2025-04-30;Ações;98.78
CLASSES - FIF;42.922.247/0001-05;;META 11 SMALL CAP FUNDO DE INVESTIMENTO FINANCEIRO AÇÕES RESPONSABILIDADE LIMITADA;2025-04-30;Cotas de Fundos de Investimento 409;0.80
CLASSES - FIF;42.922.247/0001-05;;META 11 SMALL CAP FUNDO DE INVESTIMENTO FINANCEIRO AÇÕES RESPONSABILIDADE LIMITADA;2025-04-30;Outras Aplicações;0.79
FI;43.041.275/0001-86;;JCBS FUNDO DE INVESTIMENTO DE AÇÕES  RESPONSABILIDADE  LIMITADA;2025-04-30;Ações;94.43
FI;43.041.275/0001-86;;JCBS FUNDO DE INVESTIMENTO DE AÇÕES  RESPONSABILIDADE  LIMITADA;2025-04-30;Cotas de fundos de investimento 555;4.62
FI;43.041.275/0001-86;;JCBS FUNDO DE INVESTIMENTO DE AÇÕES  RESPONSABILIDADE  LIMITADA;2025-04-30;Operações compromissadas lastreadas em títulospúblicos federais;17.53
FI;43.041.275/0001-86;;JCBS FUNDO DE INVESTIMENTO DE AÇÕES  RESPONSABILIDADE  LIMITADA;2025-04-30;Outras aplicações;-17.89
FI;43.041.275/0001-86;;JCBS FUNDO DE INVESTIMENTO DE AÇÕES  RESPONSABILIDADE  LIMITADA;2025-04-30;Títulos públicos federais;1.31
CLASSES - FIF;43.102.322/0001-54;;RJI CASH FUNDO DE INVESTIMENTO EM RENDA FIXA SIMPLES;2025-04-30;Acões;0.00
CLASSES - FIF;43.102.322/0001-54;;RJI CASH FUNDO DE INVESTIMENTO EM RENDA FIXA SIMPLES;2025-04-30;Depósito a prazo e outros títulos de instituições financeiras;0.09
CLASSES - FIF;43.102.322/0001-54;;RJI CASH FUNDO DE INVESTIMENTO EM RENDA FIXA SIMPLES;2025-04-30;Operacões compromissadas lastreadas em títulos privados;0.00
CLASSES - FIF;43.102.322/0001-54;;RJI CASH FUNDO DE INVESTIMENTO EM RENDA FIXA SIMPLES;2025-04-30;Operacões compromissadas lastreadas em títulos públicos federais;99.91
CLASSES - FIF;43.102.322/0001-54;;RJI CASH FUNDO DE INVESTIMENTO EM RENDA FIXA SIMPLES;2025-04-30;Títulos Públicos federais;0.00
FI;43.450.518/0001-30;;AMW VÊNUS MASTER CRÉDITO FUNDO DE INVESTIMENTO FINANCEIRO MULTIMERCADO;2025-04-30;Cotas de Fundos de Investimento 409;13.56
FI;43.450.518/0001-30;;AMW VÊNUS MASTER CRÉDITO FUNDO DE INVESTIMENTO FINANCEIRO MULTIMERCADO;2025-04-30;Depósitos a Prazo e Outros Títulos de Instituições Financeiras;47.56
FI;43.450.518/0001-30;;AMW VÊNUS MASTER CRÉDITO FUNDO DE INVESTIMENTO FINANCEIRO MULTIMERCADO;2025-04-30;Operações Compromissadas Lastreadas em Títulos Públicos Federais;10.89
FI;43.450.518/0001-30;;AMW VÊNUS MASTER CRÉDITO FUNDO DE INVESTIMENTO FINANCEIRO MULTIMERCADO;2025-04-30;Títulos de Crédito Privado;10.11
FI;43.450.518/0001-30;;AMW VÊNUS MASTER CRÉDITO FUNDO DE INVESTIMENTO FINANCEIRO MULTIMERCADO;2025-04-30;Títulos Públicos Federais;6.79
FI;43.876.172/0001-36;;IA CARTEIRA JUROS FC DE FUNDO DE INVESTIMENTO FINANCEIRO MULT CRÉD PRIV RESPONSABILIDADE LIMITADA;2025-04-30;Cotas de Fundos de Investimento 555;97.82
FI;43.876.172/0001-36;;IA CARTEIRA JUROS FC DE FUNDO DE INVESTIMENTO FINANCEIRO MULT CRÉD PRIV RESPONSABILIDADE LIMITADA;2025-04-30;Operações Compromissadas Lastreadas em Títulos Públicos Federais;2.99
FI;43.876.638/0001-01;;IA CARTEIRA MULT FC DE FUNDO DE INVESTIMENTO FINANCEIRO MULT CRÉD PRIV RESPONSABILIDADE LIMITADA;2025-04-30;Cotas de Fundos de Investimento 555;92.93
FI;43.876.638/0001-01;;IA CARTEIRA MULT FC DE FUNDO DE INVESTIMENTO FINANCEIRO MULT CRÉD PRIV RESPONSABILIDADE LIMITADA;2025-04-30;Operações Compromissadas Lastreadas em Títulos Públicos Federais;2.93
FI;43.876.638/0001-01;;IA CARTEIRA MULT FC DE FUNDO DE INVESTIMENTO FINANCEIRO MULT CRÉD PRIV RESPONSABILIDADE LIMITADA;2025-04-30;Outras Cotas de Fundos de Investimento;4.20
FI;44.028.254/0001-93;;FUTURA CASH FUNDO DE INVESTIMENTO DE RENDA FIXA RESPONSABILIDADE LIMITADA;2025-04-30;Operações compromissadas lastreadas em títulospúblicos federais;1.42
FI;44.028.254/0001-93;;FUTURA CASH FUNDO DE INVESTIMENTO DE RENDA FIXA RESPONSABILIDADE LIMITADA;2025-04-30;Outras aplicações;-3.75
FI;44.028.254/0001-93;;FUTURA CASH FUNDO DE INVESTIMENTO DE RENDA FIXA RESPONSABILIDADE LIMITADA;2025-04-30;Títulos públicos federais;102.34
CLASSES - FIF;44.062.725/0001-80;;IBIUNA  HEDGE STJB FIF  CLASSE DE INVESTIMENTO  EM COTAS MULTIMERCADO RESPONSABILIDADE LIMITADA;2025-04-30;Derivativos;822.06
CLASSES - FIF;44.062.725/0001-80;;IBIUNA  HEDGE STJB FIF  CLASSE DE INVESTIMENTO  EM COTAS MULTIMERCADO RESPONSABILIDADE LIMITADA;2025-04-30;Investimento no exterior;20.09
CLASSES - FIF;44.062.725/0001-80;;IBIUNA  HEDGE STJB FIF  CLASSE DE INVESTIMENTO  EM COTAS MULTIMERCADO RESPONSABILIDADE LIMITADA;2025-04-30;Operações compromissadas lastreadas em títulos públicos federais;93.49
CLASSES - FIF;44.062.725/0001-80;;IBIUNA  HEDGE STJB FIF  CLASSE DE INVESTIMENTO  EM COTAS MULTIMERCADO RESPONSABILIDADE LIMITADA;2025-04-30;Títulos de crédito privado;7.94
CLASSES - FIF;44.062.725/0001-80;;IBIUNA  HEDGE STJB FIF  CLASSE DE INVESTIMENTO  EM COTAS MULTIMERCADO RESPONSABILIDADE LIMITADA;2025-04-30;Títulos públicos federais;147.00
FI;44.100.909/0001-97;;BAHIA AM TAIPU MACRO FIF - CIC MULTIMERCADO - RESPONSABILIDADE LIMITADA;2025-04-30;Derivativos;-18.76
FI;44.100.909/0001-97;;BAHIA AM TAIPU MACRO FIF - CIC MULTIMERCADO - RESPONSABILIDADE LIMITADA;2025-04-30;Investimento no exterior;17.51
FI;44.100.909/0001-97;;BAHIA AM TAIPU MACRO FIF - CIC MULTIMERCADO - RESPONSABILIDADE LIMITADA;2025-04-30;Operações compromissadas lastreadas em títulos públicos federais;23.75
FI;44.100.909/0001-97;;BAHIA AM TAIPU MACRO FIF - CIC MULTIMERCADO - RESPONSABILIDADE LIMITADA;2025-04-30;Títulos públicos federais;58.99
CLASSES - FIF;44.101.546/0001-04;;DIRECT IBIUNA STH FUNDO DE INVESTIMENTO FINANCEIRO;2025-04-30;Cotas de fundos de investimento 409;99.93
CLASSES - FIF;44.101.546/0001-04;;DIRECT IBIUNA STH FUNDO DE INVESTIMENTO FINANCEIRO;2025-04-30;Operações compromissadas lastreadas em títulos públicos federais;0.37
CLASSES - FIF;44.101.546/0001-04;;DIRECT IBIUNA STH FUNDO DE INVESTIMENTO FINANCEIRO;2025-04-30;Títulos públicos federais;0.92
FI;44.104.852/0001-02;;INTER INFLAÇÃO CURTA FUNDO DE INVESTIMENTO FINANCEIRO RENDA FIXA RESPONSABILIDADE LIMITADA;2025-04-30;Operações Compromissadas Lastreadas em Títulos Públicos Federais;0.76
FI;44.104.852/0001-02;;INTER INFLAÇÃO CURTA FUNDO DE INVESTIMENTO FINANCEIRO RENDA FIXA RESPONSABILIDADE LIMITADA;2025-04-30;Títulos Públicos Federais;99.42
FI;44.211.851/0001-59;;MAG FIF - CLASSE DE INVESTIMENTO RF  REFERENCIADA DI PREMIUM CRÉDITO PRIVADO - RESP  LIMITADA;2025-04-30;Depósitos a prazo e outros títulos de instituições financeiras;83.54
FI;44.211.851/0001-59;;MAG FIF - CLASSE DE INVESTIMENTO RF  REFERENCIADA DI PREMIUM CRÉDITO PRIVADO - RESP  LIMITADA;2025-04-30;Operações compromissadas lastreadas em títulos públicos federais;14.98
FI;44.211.851/0001-59;;MAG FIF - CLASSE DE INVESTIMENTO RF  REFERENCIADA DI PREMIUM CRÉDITO PRIVADO - RESP  LIMITADA;2025-04-30;Títulos públicos federais;1.52
FI;44.211.924/0001-02;;BRADESCO EXPLORER PE FIF - CIC RF REFERENCIADO DI - RESP LIMITADA;2025-04-30;Operações compromissadas lastreadas em títulos públicos federais;28.72
FI;44.211.924/0001-02;;BRADESCO EXPLORER PE FIF - CIC RF REFERENCIADO DI - RESP LIMITADA;2025-04-30;Títulos públicos federais;71.27
FI;44.212.301/0001-54;;ICATU VANGUARDA IPORÃ PG INFLAÇÃO FIF CLASSE DE INVESTIMENTO MULTIMERCADO CRÉD PRIV RESP LIMITADA;2025-04-30;Depósitos a prazo e outros títulos de instituições financeiras;13.44
FI;44.212.301/0001-54;;ICATU VANGUARDA IPORÃ PG INFLAÇÃO FIF CLASSE DE INVESTIMENTO MULTIMERCADO CRÉD PRIV RESP LIMITADA;2025-04-30;Derivativos;63.96
FI;44.212.301/0001-54;;ICATU VANGUARDA IPORÃ PG INFLAÇÃO FIF CLASSE DE INVESTIMENTO MULTIMERCADO CRÉD PRIV RESP LIMITADA;2025-04-30;Operações compromissadas lastreadas em títulos públicos federais;16.23
FI;44.212.301/0001-54;;ICATU VANGUARDA IPORÃ PG INFLAÇÃO FIF CLASSE DE INVESTIMENTO MULTIMERCADO CRÉD PRIV RESP LIMITADA;2025-04-30;Títulos de crédito privado;45.53
FI;44.212.301/0001-54;;ICATU VANGUARDA IPORÃ PG INFLAÇÃO FIF CLASSE DE INVESTIMENTO MULTIMERCADO CRÉD PRIV RESP LIMITADA;2025-04-30;Títulos públicos federais;20.45
FI;44.212.359/0001-06;;PLURAL AÇÕES MASTER FIF - CLASSE DE INVESTIMENTO EM AÇÕES - RESP LIMITADA;2025-04-30;Ações;87.91
FI;44.212.359/0001-06;;PLURAL AÇÕES MASTER FIF - CLASSE DE INVESTIMENTO EM AÇÕES - RESP LIMITADA;2025-04-30;Derivativos;1.14
FI;44.212.359/0001-06;;PLURAL AÇÕES MASTER FIF - CLASSE DE INVESTIMENTO EM AÇÕES - RESP LIMITADA;2025-04-30;Operações compromissadas lastreadas em títulos públicos federais;12.38
FI;44.212.359/0001-06;;PLURAL AÇÕES MASTER FIF - CLASSE DE INVESTIMENTO EM AÇÕES - RESP LIMITADA;2025-04-30;Títulos públicos federais;0.23
FI;44.212.382/0001-92;;VINCI CRÉDITO DINÂMICO FUNDO DE INVESTIMENTO RENDA FIXA  CRÉDITO PRIVADO;2025-04-30;Ações;0.01
FI;44.212.382/0001-92;;VINCI CRÉDITO DINÂMICO FUNDO DE INVESTIMENTO RENDA FIXA  CRÉDITO PRIVADO;2025-04-30;Cotas de fundos de investimento 409;6.91
FI;44.212.382/0001-92;;VINCI CRÉDITO DINÂMICO FUNDO DE INVESTIMENTO RENDA FIXA  CRÉDITO PRIVADO;2025-04-30;Depósitos a prazo e outros títulos de instituições financeiras;8.88
FI;44.212.382/0001-92;;VINCI CRÉDITO DINÂMICO FUNDO DE INVESTIMENTO RENDA FIXA  CRÉDITO PRIVADO;2025-04-30;Operações compromissadas lastreadas em títulos públicos federais;80.31
FI;44.212.382/0001-92;;VINCI CRÉDITO DINÂMICO FUNDO DE INVESTIMENTO RENDA FIXA  CRÉDITO PRIVADO;2025-04-30;Títulos de crédito privado;3.88
CLASSES - FIF;44.212.606/0001-66;;ICATU VANGUARDA DATA ALVO 2060 FIF CIC MULTIMERCADO CRÉDITO PRIVADO - RESPONSABILIDADE LIMITADA;2025-04-30;Ações;47.88
CLASSES - FIF;44.212.606/0001-66;;ICATU VANGUARDA DATA ALVO 2060 FIF CIC MULTIMERCADO CRÉDITO PRIVADO - RESPONSABILIDADE LIMITADA;2025-04-30;Derivativos;7.10
CLASSES - FIF;44.212.606/0001-66;;ICATU VANGUARDA DATA ALVO 2060 FIF CIC MULTIMERCADO CRÉDITO PRIVADO - RESPONSABILIDADE LIMITADA;2025-04-30;Investimento no exterior;10.00
CLASSES - FIF;44.212.606/0001-66;;ICATU VANGUARDA DATA ALVO 2060 FIF CIC MULTIMERCADO CRÉDITO PRIVADO - RESPONSABILIDADE LIMITADA;2025-04-30;Operações compromissadas lastreadas em títulos públicos federais;7.84
CLASSES - FIF;44.212.606/0001-66;;ICATU VANGUARDA DATA ALVO 2060 FIF CIC MULTIMERCADO CRÉDITO PRIVADO - RESPONSABILIDADE LIMITADA;2025-04-30;Títulos públicos federais;24.60
FI;44.273.536/0001-56;;JOIN FUNDO DE INVESTIMENTO RENDA FIXA - LONGO PRAZO CRÉDITO PRIVADO;2025-04-30;Cotas de Fundos;4.49
FI;44.273.536/0001-56;;JOIN FUNDO DE INVESTIMENTO RENDA FIXA - LONGO PRAZO CRÉDITO PRIVADO;2025-04-30;Renda Fixa;113.71
FI;44.273.702/0001-14;;BRAM JUROS GLOBAIS FI FINANCEIRO - CI MULT - RESP LIMITADA;2025-04-30;Derivativos;-136.92
FI;44.273.702/0001-14;;BRAM JUROS GLOBAIS FI FINANCEIRO - CI MULT - RESP LIMITADA;2025-04-30;Investimento no exterior;29.93
FI;44.273.702/0001-14;;BRAM JUROS GLOBAIS FI FINANCEIRO - CI MULT - RESP LIMITADA;2025-04-30;Operações compromissadas lastreadas em títulos públicos federais;24.32
FI;44.273.702/0001-14;;BRAM JUROS GLOBAIS FI FINANCEIRO - CI MULT - RESP LIMITADA;2025-04-30;Títulos públicos federais;45.59
FI;44.273.736/0001-09;;BRAM DÓLAR II FIF - CLASSE DE INVESTIMENTO CAMBIAL - RESP LIMITADA;2025-04-30;Derivativos;99.77
FI;44.273.736/0001-09;;BRAM DÓLAR II FIF - CLASSE DE INVESTIMENTO CAMBIAL - RESP LIMITADA;2025-04-30;Operações compromissadas lastreadas em títulos públicos federais;12.04
FI;44.273.736/0001-09;;BRAM DÓLAR II FIF - CLASSE DE INVESTIMENTO CAMBIAL - RESP LIMITADA;2025-04-30;Títulos públicos federais;87.51
FI;44.273.776/0001-50;;BRADESCO IDKA IPCA 2 FI FINANCEIRO - CIC RF - RESP LIMITADA;2025-04-30;Derivativos;0.95
FI;44.273.776/0001-50;;BRADESCO IDKA IPCA 2 FI FINANCEIRO - CIC RF - RESP LIMITADA;2025-04-30;Operações compromissadas lastreadas em títulos públicos federais;0.14
FI;44.273.776/0001-50;;BRADESCO IDKA IPCA 2 FI FINANCEIRO - CIC RF - RESP LIMITADA;2025-04-30;Títulos públicos federais;98.83
FI;44.273.805/0001-84;;BRAM ALOCAÇÃO SISTEMÁTICA PRÊMIO DE RISCO ALTERNATIVO FI FINANCEIRO - CI MULT - RESP LIMITADA;2025-04-30;Derivativos;-6.01
FI;44.273.805/0001-84;;BRAM ALOCAÇÃO SISTEMÁTICA PRÊMIO DE RISCO ALTERNATIVO FI FINANCEIRO - CI MULT - RESP LIMITADA;2025-04-30;Investimento no exterior;5.83
FI;44.273.805/0001-84;;BRAM ALOCAÇÃO SISTEMÁTICA PRÊMIO DE RISCO ALTERNATIVO FI FINANCEIRO - CI MULT - RESP LIMITADA;2025-04-30;Operações compromissadas lastreadas em títulos públicos federais;4.07
FI;44.273.805/0001-84;;BRAM ALOCAÇÃO SISTEMÁTICA PRÊMIO DE RISCO ALTERNATIVO FI FINANCEIRO - CI MULT - RESP LIMITADA;2025-04-30;Títulos públicos federais;90.14
FI;44.273.958/0001-21;;BRAM ALOCAÇÃO SISTEMÁTICA EQUITIES GLOBAIS FI FINANCEIRO - CIA - RESP LIMITADA;2025-04-30;Cotas de fundos de investimento 409;69.96
FI;44.273.958/0001-21;;BRAM ALOCAÇÃO SISTEMÁTICA EQUITIES GLOBAIS FI FINANCEIRO - CIA - RESP LIMITADA;2025-04-30;Derivativos;-35.34
FI;44.273.958/0001-21;;BRAM ALOCAÇÃO SISTEMÁTICA EQUITIES GLOBAIS FI FINANCEIRO - CIA - RESP LIMITADA;2025-04-30;Operações compromissadas lastreadas em títulos públicos federais;7.07
FI;44.273.958/0001-21;;BRAM ALOCAÇÃO SISTEMÁTICA EQUITIES GLOBAIS FI FINANCEIRO - CIA - RESP LIMITADA;2025-04-30;Títulos públicos federais;23.27
FI;44.274.006/0001-22;;BRADESCO MASTER PORTFOLIO DE RISCO SISTEMÁTICO FI FINANCEIRO - CIC MULT - RESP LIMITADA;2025-04-30;Ações;0.31
FI;44.274.006/0001-22;;BRADESCO MASTER PORTFOLIO DE RISCO SISTEMÁTICO FI FINANCEIRO - CIC MULT - RESP LIMITADA;2025-04-30;Cotas de fundos de investimento 409;12.89
FI;44.274.006/0001-22;;BRADESCO MASTER PORTFOLIO DE RISCO SISTEMÁTICO FI FINANCEIRO - CIC MULT - RESP LIMITADA;2025-04-30;Investimento no exterior;5.89
FI;44.274.006/0001-22;;BRADESCO MASTER PORTFOLIO DE RISCO SISTEMÁTICO FI FINANCEIRO - CIC MULT - RESP LIMITADA;2025-04-30;Operações compromissadas lastreadas em títulos públicos federais;15.83
FI;44.274.006/0001-22;;BRADESCO MASTER PORTFOLIO DE RISCO SISTEMÁTICO FI FINANCEIRO - CIC MULT - RESP LIMITADA;2025-04-30;Títulos públicos federais;65.36
FI;44.283.966/0001-59;;WARREN FO TÁTICO RF1 FUNDO DE INVESTIMENTO MULTIMERCADO CRÉDITO PRIVADO;2025-04-30;Depósitos a Prazo e Outros Títulos de Instituições Financeiras;56.67
FI;44.283.966/0001-59;;WARREN FO TÁTICO RF1 FUNDO DE INVESTIMENTO MULTIMERCADO CRÉDITO PRIVADO;2025-04-30;Derivativos;11.58
FI;44.283.966/0001-59;;WARREN FO TÁTICO RF1 FUNDO DE INVESTIMENTO MULTIMERCADO CRÉDITO PRIVADO;2025-04-30;Operações Compromissadas Lastreadas em Títulos Públicos Federais;3.59
FI;44.283.966/0001-59;;WARREN FO TÁTICO RF1 FUNDO DE INVESTIMENTO MULTIMERCADO CRÉDITO PRIVADO;2025-04-30;Outras Aplicações;8.30
FI;44.283.966/0001-59;;WARREN FO TÁTICO RF1 FUNDO DE INVESTIMENTO MULTIMERCADO CRÉDITO PRIVADO;2025-04-30;Títulos Públicos Federais;18.55
FI;44.302.238/0001-47;;BRADESCO CARTEIRA ARROJADA FIF - CIC DE CI MULT - RESP LIMITADA;2025-04-30;Cotas de fundos de investimento 409;40.34
FI;44.302.238/0001-47;;BRADESCO CARTEIRA ARROJADA FIF - CIC DE CI MULT - RESP LIMITADA;2025-04-30;Derivativos;10.36
FI;44.302.238/0001-47;;BRADESCO CARTEIRA ARROJADA FIF - CIC DE CI MULT - RESP LIMITADA;2025-04-30;Operações compromissadas lastreadas em títulos públicos federais;9.43
FI;44.302.238/0001-47;;BRADESCO CARTEIRA ARROJADA FIF - CIC DE CI MULT - RESP LIMITADA;2025-04-30;Títulos públicos federais;49.78
FI;44.302.264/0001-75;;BRADESCO CARTEIRA DINÂMICA FI FINANCEIRO - CIC DE CI MULT - RESP LIMITADA;2025-04-30;Cotas de fundos de investimento 409;33.42
FI;44.302.264/0001-75;;BRADESCO CARTEIRA DINÂMICA FI FINANCEIRO - CIC DE CI MULT - RESP LIMITADA;2025-04-30;Derivativos;9.51
FI;44.302.264/0001-75;;BRADESCO CARTEIRA DINÂMICA FI FINANCEIRO - CIC DE CI MULT - RESP LIMITADA;2025-04-30;Operações compromissadas lastreadas em títulos públicos federais;11.59
FI;44.302.264/0001-75;;BRADESCO CARTEIRA DINÂMICA FI FINANCEIRO - CIC DE CI MULT - RESP LIMITADA;2025-04-30;Títulos públicos federais;54.50
FI;44.302.283/0001-00;;BRADESCO CARTEIRA MODERADA FIF - CLASSE  DE INVESTIMENTO EM COTAS MULT - RESPONSABILIDADE LIMITADA;2025-04-30;Cotas de fundos de investimento 409;23.43
FI;44.302.283/0001-00;;BRADESCO CARTEIRA MODERADA FIF - CLASSE  DE INVESTIMENTO EM COTAS MULT - RESPONSABILIDADE LIMITADA;2025-04-30;Derivativos;8.05
FI;44.302.283/0001-00;;BRADESCO CARTEIRA MODERADA FIF - CLASSE  DE INVESTIMENTO EM COTAS MULT - RESPONSABILIDADE LIMITADA;2025-04-30;Operações compromissadas lastreadas em títulos públicos federais;15.58
FI;44.302.283/0001-00;;BRADESCO CARTEIRA MODERADA FIF - CLASSE  DE INVESTIMENTO EM COTAS MULT - RESPONSABILIDADE LIMITADA;2025-04-30;Títulos públicos federais;60.69
FI;44.315.818/0001-79;;BRAM ALOCAÇÃO SISTEMÁTICA BRASIL FI FINANCEIRO - CIA - RESP LIMITADA;2025-04-30;Ações;24.26
FI;44.315.818/0001-79;;BRAM ALOCAÇÃO SISTEMÁTICA BRASIL FI FINANCEIRO - CIA - RESP LIMITADA;2025-04-30;Cotas de fundos de investimento 409;64.82
FI;44.315.818/0001-79;;BRAM ALOCAÇÃO SISTEMÁTICA BRASIL FI FINANCEIRO - CIA - RESP LIMITADA;2025-04-30;Derivativos;8.89
FI;44.315.818/0001-79;;BRAM ALOCAÇÃO SISTEMÁTICA BRASIL FI FINANCEIRO - CIA - RESP LIMITADA;2025-04-30;Operações compromissadas lastreadas em títulos públicos federais;1.44
FI;44.315.818/0001-79;;BRAM ALOCAÇÃO SISTEMÁTICA BRASIL FI FINANCEIRO - CIA - RESP LIMITADA;2025-04-30;Títulos públicos federais;10.06
FI;44.315.830/0001-83;;BRAM ALOCAÇÃO SISTEMÁTICA BRASIL FI FINANCEIRO - CI RF - RESP LIMITADA;2025-04-30;Derivativos;14.85
FI;44.315.830/0001-83;;BRAM ALOCAÇÃO SISTEMÁTICA BRASIL FI FINANCEIRO - CI RF - RESP LIMITADA;2025-04-30;Operações compromissadas lastreadas em títulos públicos federais;19.81
FI;44.315.830/0001-83;;BRAM ALOCAÇÃO SISTEMÁTICA BRASIL FI FINANCEIRO - CI RF - RESP LIMITADA;2025-04-30;Títulos públicos federais;80.13
CLASSES - FIF;44.315.842/0001-08;;BRADESCO MULTIGESTORES CRÉDITO PRIVADO FC DE FIF MULTIMERCADO;2025-04-30;Cotas de fundos de investimento 409;109.00
FI;44.315.854/0001-32;;BRADESCO INFLAÇÃO FI FINANCEIRO - CIC RF CRED PRIV LP - RESP LIMITADA;2025-04-30;Depósitos a prazo e outros títulos de instituições financeiras;26.12
FI;44.315.854/0001-32;;BRADESCO INFLAÇÃO FI FINANCEIRO - CIC RF CRED PRIV LP - RESP LIMITADA;2025-04-30;Derivativos;62.53
FI;44.315.854/0001-32;;BRADESCO INFLAÇÃO FI FINANCEIRO - CIC RF CRED PRIV LP - RESP LIMITADA;2025-04-30;Operações compromissadas lastreadas em títulos públicos federais;3.58
FI;44.315.854/0001-32;;BRADESCO INFLAÇÃO FI FINANCEIRO - CIC RF CRED PRIV LP - RESP LIMITADA;2025-04-30;Títulos de crédito privado;49.72
FI;44.315.854/0001-32;;BRADESCO INFLAÇÃO FI FINANCEIRO - CIC RF CRED PRIV LP - RESP LIMITADA;2025-04-30;Títulos públicos federais;18.08
FI;44.315.861/0001-34;;BRADESCO DEB INCENTIVADAS INFLAÇÃO FIF - CIC INCENTIVADA DE INVESTIMENTO EM INFRA  RF LP - RESP LTDA;2025-04-30;Depósitos a prazo e outros títulos de instituições financeiras;3.15
FI;44.315.861/0001-34;;BRADESCO DEB INCENTIVADAS INFLAÇÃO FIF - CIC INCENTIVADA DE INVESTIMENTO EM INFRA  RF LP - RESP LTDA;2025-04-30;Derivativos;0.60
FI;44.315.861/0001-34;;BRADESCO DEB INCENTIVADAS INFLAÇÃO FIF - CIC INCENTIVADA DE INVESTIMENTO EM INFRA  RF LP - RESP LTDA;2025-04-30;Operações compromissadas lastreadas em títulos públicos federais;3.29
FI;44.315.861/0001-34;;BRADESCO DEB INCENTIVADAS INFLAÇÃO FIF - CIC INCENTIVADA DE INVESTIMENTO EM INFRA  RF LP - RESP LTDA;2025-04-30;Títulos de crédito privado;88.34
FI;44.315.861/0001-34;;BRADESCO DEB INCENTIVADAS INFLAÇÃO FIF - CIC INCENTIVADA DE INVESTIMENTO EM INFRA  RF LP - RESP LTDA;2025-04-30;Títulos públicos federais;5.53
FI;44.315.864/0001-78;;BRAM DEBÊNTURES INCENT INFLAÇÃO INFRA FIF - CI INCENT DE INV EM INFRA RF LP - RESP LIMITADA;2025-04-30;Depósitos a prazo e outros títulos de instituições financeiras;3.14
FI;44.315.864/0001-78;;BRAM DEBÊNTURES INCENT INFLAÇÃO INFRA FIF - CI INCENT DE INV EM INFRA RF LP - RESP LIMITADA;2025-04-30;Derivativos;0.60
FI;44.315.864/0001-78;;BRAM DEBÊNTURES INCENT INFLAÇÃO INFRA FIF - CI INCENT DE INV EM INFRA RF LP - RESP LIMITADA;2025-04-30;Operações compromissadas lastreadas em títulos públicos federais;3.29
FI;44.315.864/0001-78;;BRAM DEBÊNTURES INCENT INFLAÇÃO INFRA FIF - CI INCENT DE INV EM INFRA RF LP - RESP LIMITADA;2025-04-30;Títulos de crédito privado;88.19
FI;44.315.864/0001-78;;BRAM DEBÊNTURES INCENT INFLAÇÃO INFRA FIF - CI INCENT DE INV EM INFRA RF LP - RESP LIMITADA;2025-04-30;Títulos públicos federais;5.53
FI;44.315.872/0001-14;;BRADESCO EXPLORER HIGH YIELD FIF - CIC DE CLASSE DE INVESTIMENTO MULT CRED PRIV - RESP LIMITADA;2025-04-30;Cotas de fundos de investimento 409;101.01
FI;44.315.872/0001-14;;BRADESCO EXPLORER HIGH YIELD FIF - CIC DE CLASSE DE INVESTIMENTO MULT CRED PRIV - RESP LIMITADA;2025-04-30;Operações compromissadas lastreadas em títulos públicos federais;0.26
FI;44.315.872/0001-14;;BRADESCO EXPLORER HIGH YIELD FIF - CIC DE CLASSE DE INVESTIMENTO MULT CRED PRIV - RESP LIMITADA;2025-04-30;Títulos públicos federais;0.67
FI;44.315.875/0001-58;;BRADESCO QUANT INSTITUCIONAL GLOBAL USD FI FINANCEIRO - CIA - RESP LIMITADA;2025-04-30;Cotas de fundos de investimento 409;95.11
FI;44.315.875/0001-58;;BRADESCO QUANT INSTITUCIONAL GLOBAL USD FI FINANCEIRO - CIA - RESP LIMITADA;2025-04-30;Operações compromissadas lastreadas em títulos públicos federais;4.92
FI;44.315.882/0001-50;;VERDE AM MUNDI GLOBAIS ÁGORA FIF - CLASSE DE INVESTIMENTO EM COTAS DE AÇÕES - RESP LIMITADA;2025-04-30;Cotas de fundos de investimento 409;99.93
FI;44.315.882/0001-50;;VERDE AM MUNDI GLOBAIS ÁGORA FIF - CLASSE DE INVESTIMENTO EM COTAS DE AÇÕES - RESP LIMITADA;2025-04-30;Derivativos;0.00
FI;44.315.882/0001-50;;VERDE AM MUNDI GLOBAIS ÁGORA FIF - CLASSE DE INVESTIMENTO EM COTAS DE AÇÕES - RESP LIMITADA;2025-04-30;Operações compromissadas lastreadas em títulos públicos federais;0.42
FI;44.315.882/0001-50;;VERDE AM MUNDI GLOBAIS ÁGORA FIF - CLASSE DE INVESTIMENTO EM COTAS DE AÇÕES - RESP LIMITADA;2025-04-30;Títulos públicos federais;0.99
FI;44.339.611/0001-34;;AURUM FIF - CLASSE DE INVESTIMENTO MULTIMERCADO - RESP LIMITADA;2025-04-30;Ações;65.71
FI;44.339.611/0001-34;;AURUM FIF - CLASSE DE INVESTIMENTO MULTIMERCADO - RESP LIMITADA;2025-04-30;Derivativos;-1.43
FI;44.339.611/0001-34;;AURUM FIF - CLASSE DE INVESTIMENTO MULTIMERCADO - RESP LIMITADA;2025-04-30;Operações compromissadas lastreadas em títulos públicos federais;7.50
FI;44.339.611/0001-34;;AURUM FIF - CLASSE DE INVESTIMENTO MULTIMERCADO - RESP LIMITADA;2025-04-30;Títulos públicos federais;94.71
FI;44.339.632/0001-50;;AURUM FUNDO DE INVESTIMENTO EM COTAS DE FUNDOS DE INVESTIMENTO MULTIMERCADO;2025-04-30;Ações;65.82
FI;44.339.632/0001-50;;AURUM FUNDO DE INVESTIMENTO EM COTAS DE FUNDOS DE INVESTIMENTO MULTIMERCADO;2025-04-30;Derivativos;-1.43
FI;44.339.632/0001-50;;AURUM FUNDO DE INVESTIMENTO EM COTAS DE FUNDOS DE INVESTIMENTO MULTIMERCADO;2025-04-30;Operações compromissadas lastreadas em títulos públicos federais;7.52
FI;44.339.632/0001-50;;AURUM FUNDO DE INVESTIMENTO EM COTAS DE FUNDOS DE INVESTIMENTO MULTIMERCADO;2025-04-30;Títulos públicos federais;94.88
FI;44.339.838/0001-80;;BRAM CARTEIRA PORTFÓLIO DE RISCO FI FINANCEIRO - CIC DE CI MULT - RESP LIMITADA;2025-04-30;Derivativos;98.04
FI;44.339.838/0001-80;;BRAM CARTEIRA PORTFÓLIO DE RISCO FI FINANCEIRO - CIC DE CI MULT - RESP LIMITADA;2025-04-30;Operações compromissadas lastreadas em títulos públicos federais;12.04
FI;44.339.838/0001-80;;BRAM CARTEIRA PORTFÓLIO DE RISCO FI FINANCEIRO - CIC DE CI MULT - RESP LIMITADA;2025-04-30;Títulos públicos federais;87.86
FI;44.340.069/0001-30;;BRAM CARTEIRA MULTIGESTORES FI FINANCEIRO - CIC DE CI MULT - RESP LIMITADA;2025-04-30;Cotas de fundos de investimento 409;83.90
FI;44.340.069/0001-30;;BRAM CARTEIRA MULTIGESTORES FI FINANCEIRO - CIC DE CI MULT - RESP LIMITADA;2025-04-30;Operações compromissadas lastreadas em títulos públicos federais;4.49
FI;44.340.069/0001-30;;BRAM CARTEIRA MULTIGESTORES FI FINANCEIRO - CIC DE CI MULT - RESP LIMITADA;2025-04-30;Títulos públicos federais;11.50
FI;44.340.091/0001-80;;BRAM CARTEIRA MULTIGESTORES FI FINANCEIRO - CIC EM AÇÕES - RESP LIMITADA;2025-04-30;Ações;5.66
FI;44.340.091/0001-80;;BRAM CARTEIRA MULTIGESTORES FI FINANCEIRO - CIC EM AÇÕES - RESP LIMITADA;2025-04-30;Cotas de fundos de investimento 409;77.29
FI;44.340.091/0001-80;;BRAM CARTEIRA MULTIGESTORES FI FINANCEIRO - CIC EM AÇÕES - RESP LIMITADA;2025-04-30;Derivativos;15.03
FI;44.340.091/0001-80;;BRAM CARTEIRA MULTIGESTORES FI FINANCEIRO - CIC EM AÇÕES - RESP LIMITADA;2025-04-30;Operações compromissadas lastreadas em títulos públicos federais;7.64
FI;44.340.091/0001-80;;BRAM CARTEIRA MULTIGESTORES FI FINANCEIRO - CIC EM AÇÕES - RESP LIMITADA;2025-04-30;Títulos públicos federais;9.04
FI;44.360.639/0001-53;;BRAM ALOCAÇÃO SISTEMÁTICA ALPHA GLOBAL FI FINANCEIRO - CI MULT - RESP LIMITADA;2025-04-30;Operações compromissadas lastreadas em títulos públicos federais;24.21
FI;44.360.639/0001-53;;BRAM ALOCAÇÃO SISTEMÁTICA ALPHA GLOBAL FI FINANCEIRO - CI MULT - RESP LIMITADA;2025-04-30;Títulos públicos federais;75.79
CLASSES - FIF;44.371.598/0001-09;;CS EVOLUTION DI BR PLUS PRIVATE FUNDO DE INVESTIMENTO EM COTAS DE FIF RENDA FIXA REF RESP LIMITADA;2025-04-30;Outras Cotas de Fundos de Investimento;100.02
CLASSES - FIF;44.371.598/0001-09;;CS EVOLUTION DI BR PLUS PRIVATE FUNDO DE INVESTIMENTO EM COTAS DE FIF RENDA FIXA REF RESP LIMITADA;2025-04-30;Outros;0.05
CLASSES - FIF;44.371.692/0001-50;;CS EVOLUTION DI BR PRIVATE FUNDO DE INVESTIMENTO EM COTAS DE FI RENDA FIXA REF - RESP LIMITADA;2025-04-30;Outras Cotas de Fundos de Investimento;100.01
CLASSES - FIF;44.371.692/0001-50;;CS EVOLUTION DI BR PRIVATE FUNDO DE INVESTIMENTO EM COTAS DE FI RENDA FIXA REF - RESP LIMITADA;2025-04-30;Outros;0.02
CLASSES - FIF;44.371.942/0001-51;;CS EVOLUTION DI BR MASTER FUNDO DE INVESTIMENTO RENDA FIXA REFERENCIADO - RESPONSABILIDADE LIMITADA;2025-04-30;Dep¿os a Prazo e Outros T¿los de Institui¿s Financeiras;15.69
CLASSES - FIF;44.371.942/0001-51;;CS EVOLUTION DI BR MASTER FUNDO DE INVESTIMENTO RENDA FIXA REFERENCIADO - RESPONSABILIDADE LIMITADA;2025-04-30;Outras Cotas de Fundos de Investimento;0.36
CLASSES - FIF;44.371.942/0001-51;;CS EVOLUTION DI BR MASTER FUNDO DE INVESTIMENTO RENDA FIXA REFERENCIADO - RESPONSABILIDADE LIMITADA;2025-04-30;Outros;17.92
CLASSES - FIF;44.371.942/0001-51;;CS EVOLUTION DI BR MASTER FUNDO DE INVESTIMENTO RENDA FIXA REFERENCIADO - RESPONSABILIDADE LIMITADA;2025-04-30;T¿los de Cr¿to Privado;15.14
CLASSES - FIF;44.371.942/0001-51;;CS EVOLUTION DI BR MASTER FUNDO DE INVESTIMENTO RENDA FIXA REFERENCIADO - RESPONSABILIDADE LIMITADA;2025-04-30;T¿los P¿blicos Federais;50.90
CLASSES - FIF;44.371.977/0001-90;;CS EVOLUTION DI BR MAX PRIVATE FUNDO DE INVESTIMENTO EM COTAS DE FIF RF REFERENCIADO - RESP LIMITADA;2025-04-30;Outras Cotas de Fundos de Investimento;100.01
CLASSES - FIF;44.371.977/0001-90;;CS EVOLUTION DI BR MAX PRIVATE FUNDO DE INVESTIMENTO EM COTAS DE FIF RF REFERENCIADO - RESP LIMITADA;2025-04-30;Outros;0.00
FI;44.544.152/0001-20;;CONEXÃO VISTA HEDGE FIF - CLASSE DE INVESTIMENTO EM COTAS MULTIMERCADO - RESP LIMITADA;2025-04-30;Cotas de fundos de investimento 409;99.61
FI;44.544.152/0001-20;;CONEXÃO VISTA HEDGE FIF - CLASSE DE INVESTIMENTO EM COTAS MULTIMERCADO - RESP LIMITADA;2025-04-30;Derivativos;0.00
FI;44.544.152/0001-20;;CONEXÃO VISTA HEDGE FIF - CLASSE DE INVESTIMENTO EM COTAS MULTIMERCADO - RESP LIMITADA;2025-04-30;Operações compromissadas lastreadas em títulos públicos federais;0.13
FI;44.544.152/0001-20;;CONEXÃO VISTA HEDGE FIF - CLASSE DE INVESTIMENTO EM COTAS MULTIMERCADO - RESP LIMITADA;2025-04-30;Títulos públicos federais;0.30
FI;44.703.520/0001-36;;BRAM CARTEIRA MULTIGESTORES GLOBAL FI FINANCEIRO - CIC MULT - RESP LIMITADA;2025-04-30;Cotas de fundos de investimento 409;54.80
FI;44.703.520/0001-36;;BRAM CARTEIRA MULTIGESTORES GLOBAL FI FINANCEIRO - CIC MULT - RESP LIMITADA;2025-04-30;Derivativos;0.00
FI;44.703.520/0001-36;;BRAM CARTEIRA MULTIGESTORES GLOBAL FI FINANCEIRO - CIC MULT - RESP LIMITADA;2025-04-30;Investimento no exterior;43.27
FI;44.703.520/0001-36;;BRAM CARTEIRA MULTIGESTORES GLOBAL FI FINANCEIRO - CIC MULT - RESP LIMITADA;2025-04-30;Operações compromissadas lastreadas em títulos públicos federais;0.16
FI;44.703.520/0001-36;;BRAM CARTEIRA MULTIGESTORES GLOBAL FI FINANCEIRO - CIC MULT - RESP LIMITADA;2025-04-30;Títulos públicos federais;1.52
FI;44.704.779/0001-00;;BRAM GLOBAL FI FINANCEIRO - CI MULT - RESP LIMITADA;2025-04-30;Derivativos;-9.88
FI;44.704.779/0001-00;;BRAM GLOBAL FI FINANCEIRO - CI MULT - RESP LIMITADA;2025-04-30;Investimento no exterior;9.21
FI;44.704.779/0001-00;;BRAM GLOBAL FI FINANCEIRO - CI MULT - RESP LIMITADA;2025-04-30;Operações compromissadas lastreadas em títulos públicos federais;33.72
FI;44.704.779/0001-00;;BRAM GLOBAL FI FINANCEIRO - CI MULT - RESP LIMITADA;2025-04-30;Títulos públicos federais;56.70
FI;44.704.904/0001-73;;BRAM MACRO CENTRALIZADORA FI FINANCEIRO - CIC MULT - RESP LIMITADA;2025-04-30;Ações;5.43
FI;44.704.904/0001-73;;BRAM MACRO CENTRALIZADORA FI FINANCEIRO - CIC MULT - RESP LIMITADA;2025-04-30;Derivativos;8.82
FI;44.704.904/0001-73;;BRAM MACRO CENTRALIZADORA FI FINANCEIRO - CIC MULT - RESP LIMITADA;2025-04-30;Investimento no exterior;7.74
FI;44.704.904/0001-73;;BRAM MACRO CENTRALIZADORA FI FINANCEIRO - CIC MULT - RESP LIMITADA;2025-04-30;Operações compromissadas lastreadas em títulos públicos federais;26.92
FI;44.704.904/0001-73;;BRAM MACRO CENTRALIZADORA FI FINANCEIRO - CIC MULT - RESP LIMITADA;2025-04-30;Títulos públicos federais;60.64
FI;44.704.993/0001-58;;BRADESCO EXPLORER HORIZON FI FINANCEIRO - CIC EM AÇÕES - RESP LIMITADA;2025-04-30;Ações;0.27
FI;44.704.993/0001-58;;BRADESCO EXPLORER HORIZON FI FINANCEIRO - CIC EM AÇÕES - RESP LIMITADA;2025-04-30;Cotas de fundos de investimento 409;98.15
FI;44.704.993/0001-58;;BRADESCO EXPLORER HORIZON FI FINANCEIRO - CIC EM AÇÕES - RESP LIMITADA;2025-04-30;Derivativos;0.72
FI;44.704.993/0001-58;;BRADESCO EXPLORER HORIZON FI FINANCEIRO - CIC EM AÇÕES - RESP LIMITADA;2025-04-30;Operações compromissadas lastreadas em títulos públicos federais;0.49
FI;44.704.993/0001-58;;BRADESCO EXPLORER HORIZON FI FINANCEIRO - CIC EM AÇÕES - RESP LIMITADA;2025-04-30;Títulos públicos federais;0.72
FI;44.705.026/0001-00;;FEEDER SHARP LS 2X FIF - CIC MULTIMERCADO - RESPONSABILIDADE LIMITADA;2025-04-30;Cotas de fundos de investimento 409;99.66
FI;44.705.026/0001-00;;FEEDER SHARP LS 2X FIF - CIC MULTIMERCADO - RESPONSABILIDADE LIMITADA;2025-04-30;Derivativos;0.00
FI;44.705.026/0001-00;;FEEDER SHARP LS 2X FIF - CIC MULTIMERCADO - RESPONSABILIDADE LIMITADA;2025-04-30;Operações compromissadas lastreadas em títulos públicos federais;0.09
FI;44.705.026/0001-00;;FEEDER SHARP LS 2X FIF - CIC MULTIMERCADO - RESPONSABILIDADE LIMITADA;2025-04-30;Títulos públicos federais;0.21
CLASSES - FIF;44.705.082/0001-45;;CONEXÃO LORD ABBETT HIGH INCOME BRL FUNDO DE INVESTIMENTO EM COTAS DE FIF MULT - RESP LIMITADA;2025-04-30;Cotas de fundos de investimento 409;98.91
CLASSES - FIF;44.705.082/0001-45;;CONEXÃO LORD ABBETT HIGH INCOME BRL FUNDO DE INVESTIMENTO EM COTAS DE FIF MULT - RESP LIMITADA;2025-04-30;Derivativos;0.00
CLASSES - FIF;44.705.082/0001-45;;CONEXÃO LORD ABBETT HIGH INCOME BRL FUNDO DE INVESTIMENTO EM COTAS DE FIF MULT - RESP LIMITADA;2025-04-30;Operações compromissadas lastreadas em títulos públicos federais;0.34
CLASSES - FIF;44.705.082/0001-45;;CONEXÃO LORD ABBETT HIGH INCOME BRL FUNDO DE INVESTIMENTO EM COTAS DE FIF MULT - RESP LIMITADA;2025-04-30;Títulos públicos federais;0.80
FI;44.705.104/0001-77;;MERAKI EQUITY HEDGE ÁGORA FIF - CLASSE DE INVESTIMENTO EM COTAS MULTIMERCADO - RESP LIMITADA;2025-04-30;Cotas de fundos de investimento 409;99.41
FI;44.705.104/0001-77;;MERAKI EQUITY HEDGE ÁGORA FIF - CLASSE DE INVESTIMENTO EM COTAS MULTIMERCADO - RESP LIMITADA;2025-04-30;Derivativos;0.00
FI;44.705.104/0001-77;;MERAKI EQUITY HEDGE ÁGORA FIF - CLASSE DE INVESTIMENTO EM COTAS MULTIMERCADO - RESP LIMITADA;2025-04-30;Operações compromissadas lastreadas em títulos públicos federais;0.15
FI;44.705.104/0001-77;;MERAKI EQUITY HEDGE ÁGORA FIF - CLASSE DE INVESTIMENTO EM COTAS MULTIMERCADO - RESP LIMITADA;2025-04-30;Títulos públicos federais;0.34
FI;44.748.856/0001-15;;AMW GLOBAL FUNDO DE INVESTIMENTO EM COTAS DE FUNDO DE INVESTIMENTO EM AÇÕES-BDR NÍVEL I;2025-04-30;Cotas de Fundos de Investimento 409;97.60
FI;44.748.856/0001-15;;AMW GLOBAL FUNDO DE INVESTIMENTO EM COTAS DE FUNDO DE INVESTIMENTO EM AÇÕES-BDR NÍVEL I;2025-04-30;Operações Compromissadas Lastreadas em Títulos Privados;0.00
FI;44.748.856/0001-15;;AMW GLOBAL FUNDO DE INVESTIMENTO EM COTAS DE FUNDO DE INVESTIMENTO EM AÇÕES-BDR NÍVEL I;2025-04-30;Outras Aplicações;2.49
FI;44.760.740/0001-00;;AMW GLOBAL MASTER  FUNDO DE INVESTIMENTO FINANCEIRO;2025-04-30;Ações;69.65
FI;44.760.740/0001-00;;AMW GLOBAL MASTER  FUNDO DE INVESTIMENTO FINANCEIRO;2025-04-30;Cotas de fundos de Investimento;10.72
FI;44.760.740/0001-00;;AMW GLOBAL MASTER  FUNDO DE INVESTIMENTO FINANCEIRO;2025-04-30;Derivativos;0.69
FI;44.760.740/0001-00;;AMW GLOBAL MASTER  FUNDO DE INVESTIMENTO FINANCEIRO;2025-04-30;Outras Aplicações;8.24
FI;44.760.740/0001-00;;AMW GLOBAL MASTER  FUNDO DE INVESTIMENTO FINANCEIRO;2025-04-30;Titulos publicos federais;3.98
FI;44.761.636/0001-21;;WARREN  MULTIGESTORES CRÉDITO FUNDO DE INVESTIMENTO FINANCEIRO;2025-04-30;Cotas de Fundos de Investimento 409;79.07
FI;44.761.636/0001-21;;WARREN  MULTIGESTORES CRÉDITO FUNDO DE INVESTIMENTO FINANCEIRO;2025-04-30;Outras Aplicações;2.85
FI;44.761.636/0001-21;;WARREN  MULTIGESTORES CRÉDITO FUNDO DE INVESTIMENTO FINANCEIRO;2025-04-30;Outras Cotas de Fundos de Investimento;18.61
FI;44.763.378/0001-12;;WARREN FO TÁTICO RV FUNDO DE INVESTIMENTO MULTIMERCADO CRÉDITO PRIVADO;2025-04-30;Ações;86.77
FI;44.763.378/0001-12;;WARREN FO TÁTICO RV FUNDO DE INVESTIMENTO MULTIMERCADO CRÉDITO PRIVADO;2025-04-30;Cotas de fundos de Investimento;11.64
FI;44.764.166/0001-50;;XVI CAPITAL RENDA FIXA FUNDO DE INVESTIMENTO FINANCEIRO;2025-04-30;Depósitos a Prazo e Outros Títulos de Instituições Financeiras;23.84
FI;44.764.166/0001-50;;XVI CAPITAL RENDA FIXA FUNDO DE INVESTIMENTO FINANCEIRO;2025-04-30;Outras Aplicações;8.58
FI;44.764.166/0001-50;;XVI CAPITAL RENDA FIXA FUNDO DE INVESTIMENTO FINANCEIRO;2025-04-30;Outras Cotas de Fundos de Investimento;19.31
FI;44.764.166/0001-50;;XVI CAPITAL RENDA FIXA FUNDO DE INVESTIMENTO FINANCEIRO;2025-04-30;Títulos de Crédito Privado;36.59
FI;44.764.166/0001-50;;XVI CAPITAL RENDA FIXA FUNDO DE INVESTIMENTO FINANCEIRO;2025-04-30;Títulos Públicos Federais;10.22
FI;44.900.630/0001-98;;GÁVEA MACRO P FI FINANCEIRO - CIC MULT - RESP LIMITADA;2025-04-30;Ações;9.45
FI;44.900.630/0001-98;;GÁVEA MACRO P FI FINANCEIRO - CIC MULT - RESP LIMITADA;2025-04-30;Investimento no exterior;14.53
FI;44.900.630/0001-98;;GÁVEA MACRO P FI FINANCEIRO - CIC MULT - RESP LIMITADA;2025-04-30;Operações compromissadas lastreadas em títulos públicos federais;26.28
FI;44.900.630/0001-98;;GÁVEA MACRO P FI FINANCEIRO - CIC MULT - RESP LIMITADA;2025-04-30;Títulos de crédito privado;-0.05
FI;44.900.630/0001-98;;GÁVEA MACRO P FI FINANCEIRO - CIC MULT - RESP LIMITADA;2025-04-30;Títulos públicos federais;51.17
CLASSES - FIF;44.917.374/0001-41;;ICATU VANGUARDA LIQUIDEZ FIF- CLASSE DE INVESTIMENTO RF CRÉDITO PRIVADO LONGO PRAZO - RESP LIMITADA;2025-04-30;Cotas de fundos de investimento 409;6.60
CLASSES - FIF;44.917.374/0001-41;;ICATU VANGUARDA LIQUIDEZ FIF- CLASSE DE INVESTIMENTO RF CRÉDITO PRIVADO LONGO PRAZO - RESP LIMITADA;2025-04-30;Depósitos a prazo e outros títulos de instituições financeiras;32.95
CLASSES - FIF;44.917.374/0001-41;;ICATU VANGUARDA LIQUIDEZ FIF- CLASSE DE INVESTIMENTO RF CRÉDITO PRIVADO LONGO PRAZO - RESP LIMITADA;2025-04-30;Operações compromissadas lastreadas em títulos públicos federais;22.08
CLASSES - FIF;44.917.374/0001-41;;ICATU VANGUARDA LIQUIDEZ FIF- CLASSE DE INVESTIMENTO RF CRÉDITO PRIVADO LONGO PRAZO - RESP LIMITADA;2025-04-30;Títulos de crédito privado;37.97
CLASSES - FIF;44.917.374/0001-41;;ICATU VANGUARDA LIQUIDEZ FIF- CLASSE DE INVESTIMENTO RF CRÉDITO PRIVADO LONGO PRAZO - RESP LIMITADA;2025-04-30;Títulos públicos federais;0.61
FI;44.933.162/0001-58;;STONEX ÁGATA CASH FIF - CI RENDA FIXA - RESPONSABILIDADE LIMITADA;2025-04-30;Depósitos a prazo e outros títulos de instituições financeiras;1.55
FI;44.933.162/0001-58;;STONEX ÁGATA CASH FIF - CI RENDA FIXA - RESPONSABILIDADE LIMITADA;2025-04-30;Derivativos;-1.58
FI;44.933.162/0001-58;;STONEX ÁGATA CASH FIF - CI RENDA FIXA - RESPONSABILIDADE LIMITADA;2025-04-30;Operações compromissadas lastreadas em títulos públicos federais;0.71
FI;44.933.162/0001-58;;STONEX ÁGATA CASH FIF - CI RENDA FIXA - RESPONSABILIDADE LIMITADA;2025-04-30;Títulos públicos federais;96.87
FI;44.960.766/0001-93;;RIO BRAVO CRÉDITO INCENT INFLAÇÃO FIF - CI INCENTIVADA DE INV EM INFRA RF CRED PRIV - RESP LIMITADA;2025-04-30;Ações;0.00
FI;44.960.766/0001-93;;RIO BRAVO CRÉDITO INCENT INFLAÇÃO FIF - CI INCENTIVADA DE INV EM INFRA RF CRED PRIV - RESP LIMITADA;2025-04-30;Cotas de fundos de investimento 409;18.67
FI;44.960.766/0001-93;;RIO BRAVO CRÉDITO INCENT INFLAÇÃO FIF - CI INCENTIVADA DE INV EM INFRA RF CRED PRIV - RESP LIMITADA;2025-04-30;Operações compromissadas lastreadas em títulos públicos federais;0.62
FI;44.960.766/0001-93;;RIO BRAVO CRÉDITO INCENT INFLAÇÃO FIF - CI INCENTIVADA DE INV EM INFRA RF CRED PRIV - RESP LIMITADA;2025-04-30;Títulos de crédito privado;80.84
FI;44.961.198/0001-45;;BRADESCO PERFORMANCE INSTITUCIONAL FI FINANCEIRO - CIC RF CRED PRIV LP - RESP LIMITADA;2025-04-30;Cotas de fundos de investimento 409;3.94
FI;44.961.198/0001-45;;BRADESCO PERFORMANCE INSTITUCIONAL FI FINANCEIRO - CIC RF CRED PRIV LP - RESP LIMITADA;2025-04-30;Depósitos a prazo e outros títulos de instituições financeiras;31.30
FI;44.961.198/0001-45;;BRADESCO PERFORMANCE INSTITUCIONAL FI FINANCEIRO - CIC RF CRED PRIV LP - RESP LIMITADA;2025-04-30;Operações compromissadas lastreadas em títulos públicos federais;26.76
FI;44.961.198/0001-45;;BRADESCO PERFORMANCE INSTITUCIONAL FI FINANCEIRO - CIC RF CRED PRIV LP - RESP LIMITADA;2025-04-30;Títulos de crédito privado;35.91
FI;44.961.198/0001-45;;BRADESCO PERFORMANCE INSTITUCIONAL FI FINANCEIRO - CIC RF CRED PRIV LP - RESP LIMITADA;2025-04-30;Títulos públicos federais;1.73
FI;44.981.897/0001-57;;BRADESCO ALOCAÇÃO SISTEMÁTICA BRASIL FI FINANCEIRO - CIC RF - RESP LIMITADA;2025-04-30;Derivativos;14.84
FI;44.981.897/0001-57;;BRADESCO ALOCAÇÃO SISTEMÁTICA BRASIL FI FINANCEIRO - CIC RF - RESP LIMITADA;2025-04-30;Operações compromissadas lastreadas em títulos públicos federais;19.80
FI;44.981.897/0001-57;;BRADESCO ALOCAÇÃO SISTEMÁTICA BRASIL FI FINANCEIRO - CIC RF - RESP LIMITADA;2025-04-30;Títulos públicos federais;80.08
FI;45.120.996/0001-07;;RAM EXCELSIS CLASSE DE INVESTIMENTO EM AÇÕES - RESP LIMITADA;2025-04-30;Ações;57.38
FI;45.120.996/0001-07;;RAM EXCELSIS CLASSE DE INVESTIMENTO EM AÇÕES - RESP LIMITADA;2025-04-30;Cotas de Fundos de Índice de Renda Variável;-2.89
FI;45.120.996/0001-07;;RAM EXCELSIS CLASSE DE INVESTIMENTO EM AÇÕES - RESP LIMITADA;2025-04-30;Cotas de Fundos de Investimento 409;12.18
FI;45.120.996/0001-07;;RAM EXCELSIS CLASSE DE INVESTIMENTO EM AÇÕES - RESP LIMITADA;2025-04-30;Derivativos;-0.05
FI;45.120.996/0001-07;;RAM EXCELSIS CLASSE DE INVESTIMENTO EM AÇÕES - RESP LIMITADA;2025-04-30;Outras Aplicações;35.93
FI;45.121.114/0001-28;;BLUEMETRIX FUNDO DE INVESTIMENTO FINANCEIRO;2025-04-30;Depósitos a Prazo e Outros Títulos de Instituições Financeiras;19.03
FI;45.121.114/0001-28;;BLUEMETRIX FUNDO DE INVESTIMENTO FINANCEIRO;2025-04-30;Operações Compromissadas Lastreadas em Títulos Públicos Federais;37.25
FI;45.121.114/0001-28;;BLUEMETRIX FUNDO DE INVESTIMENTO FINANCEIRO;2025-04-30;Outras Aplicações;5.96
FI;45.121.114/0001-28;;BLUEMETRIX FUNDO DE INVESTIMENTO FINANCEIRO;2025-04-30;Outras Cotas de Fundos de Investimento;4.83
FI;45.121.114/0001-28;;BLUEMETRIX FUNDO DE INVESTIMENTO FINANCEIRO;2025-04-30;Títulos Públicos Federais;27.91
FI;45.121.833/0001-49;;ALPHA SEEKER FUNDO DE INVESTIMENTO MULTIMERCADO;2025-04-30;Derivativos;0.30
FI;45.121.833/0001-49;;ALPHA SEEKER FUNDO DE INVESTIMENTO MULTIMERCADO;2025-04-30;Operações Compromissadas Lastreadas em Títulos Públicos Federais;3.58
FI;45.121.833/0001-49;;ALPHA SEEKER FUNDO DE INVESTIMENTO MULTIMERCADO;2025-04-30;Outras Aplicações;0.01
FI;45.121.833/0001-49;;ALPHA SEEKER FUNDO DE INVESTIMENTO MULTIMERCADO;2025-04-30;Outras Cotas de Fundos de Investimento;0.19
FI;45.121.833/0001-49;;ALPHA SEEKER FUNDO DE INVESTIMENTO MULTIMERCADO;2025-04-30;Títulos Públicos Federais;96.15
FI;45.218.073/0001-92;;COPACABANA QUANTITATIVO FUNDO DE INVESTIMENTO MULTIMERCADO;2025-04-30;Renda Fixa;99.70
CLASSES - FIF;45.278.833/0001-57;;TREND DI FUNDO DE INVESTIMENTO EM COTAS RENDA FIXA SIMPLES RESPONSABILIDADE LIMITADA;2025-04-30;Outras aplicações;0.00
FI;45.302.181/0001-49;;GÁVEA MACRO VT FIF - CLASSE DE INVESTIMENTO EM COTAS MULTIMERCADO - RESP LIMITADA;2025-04-30;Ações;9.46
FI;45.302.181/0001-49;;GÁVEA MACRO VT FIF - CLASSE DE INVESTIMENTO EM COTAS MULTIMERCADO - RESP LIMITADA;2025-04-30;Investimento no exterior;14.54
FI;45.302.181/0001-49;;GÁVEA MACRO VT FIF - CLASSE DE INVESTIMENTO EM COTAS MULTIMERCADO - RESP LIMITADA;2025-04-30;Operações compromissadas lastreadas em títulos públicos federais;26.32
FI;45.302.181/0001-49;;GÁVEA MACRO VT FIF - CLASSE DE INVESTIMENTO EM COTAS MULTIMERCADO - RESP LIMITADA;2025-04-30;Títulos de crédito privado;-0.05
FI;45.302.181/0001-49;;GÁVEA MACRO VT FIF - CLASSE DE INVESTIMENTO EM COTAS MULTIMERCADO - RESP LIMITADA;2025-04-30;Títulos públicos federais;51.24
FI;45.302.303/0001-05;;BRADESCO CENTURION DIVIDENDOS INSTITUCIONAL FI FINANCEIRO - CIC EM AÇÕES - RESP LIMITADA;2025-04-30;Ações;91.82
FI;45.302.303/0001-05;;BRADESCO CENTURION DIVIDENDOS INSTITUCIONAL FI FINANCEIRO - CIC EM AÇÕES - RESP LIMITADA;2025-04-30;Derivativos;-0.28
FI;45.302.303/0001-05;;BRADESCO CENTURION DIVIDENDOS INSTITUCIONAL FI FINANCEIRO - CIC EM AÇÕES - RESP LIMITADA;2025-04-30;Operações compromissadas lastreadas em títulos públicos federais;5.36
FI;45.320.230/0001-76;;CONEXÃO NORTE LONG BIAS FIF - CIC MULTIMERCADO - RESPONSABILIDADE LIMITADA;2025-04-30;Cotas de fundos de investimento 409;99.45
FI;45.320.230/0001-76;;CONEXÃO NORTE LONG BIAS FIF - CIC MULTIMERCADO - RESPONSABILIDADE LIMITADA;2025-04-30;Derivativos;0.00
FI;45.320.230/0001-76;;CONEXÃO NORTE LONG BIAS FIF - CIC MULTIMERCADO - RESPONSABILIDADE LIMITADA;2025-04-30;Operações compromissadas lastreadas em títulos públicos federais;0.16
FI;45.320.230/0001-76;;CONEXÃO NORTE LONG BIAS FIF - CIC MULTIMERCADO - RESPONSABILIDADE LIMITADA;2025-04-30;Títulos públicos federais;0.37
FI;45.360.957/0001-87;;RIO BRAVO ALOCAÇÃO FI FINANCEIRO - CIA - RESP LIMITADA;2025-04-30;Ações;5.80
FI;45.360.957/0001-87;;RIO BRAVO ALOCAÇÃO FI FINANCEIRO - CIA - RESP LIMITADA;2025-04-30;Cotas de fundos de investimento 409;92.56
FI;45.360.957/0001-87;;RIO BRAVO ALOCAÇÃO FI FINANCEIRO - CIA - RESP LIMITADA;2025-04-30;Derivativos;9.44
FI;45.360.957/0001-87;;RIO BRAVO ALOCAÇÃO FI FINANCEIRO - CIA - RESP LIMITADA;2025-04-30;Operações compromissadas lastreadas em títulos públicos federais;1.80
FI;45.511.206/0001-14;;SOMMA FIRENZE FI FINANCEIRO - CI RF CRED PRIV LP - RESP LIMITADA;2025-04-30;Cotas de fundos de investimento 409;7.50
FI;45.511.206/0001-14;;SOMMA FIRENZE FI FINANCEIRO - CI RF CRED PRIV LP - RESP LIMITADA;2025-04-30;Depósitos a prazo e outros títulos de instituições financeiras;27.90
FI;45.511.206/0001-14;;SOMMA FIRENZE FI FINANCEIRO - CI RF CRED PRIV LP - RESP LIMITADA;2025-04-30;Operações compromissadas lastreadas em títulos públicos federais;21.43
FI;45.511.206/0001-14;;SOMMA FIRENZE FI FINANCEIRO - CI RF CRED PRIV LP - RESP LIMITADA;2025-04-30;Títulos de crédito privado;42.64
FI;45.511.206/0001-14;;SOMMA FIRENZE FI FINANCEIRO - CI RF CRED PRIV LP - RESP LIMITADA;2025-04-30;Títulos públicos federais;0.61
FI;45.621.900/0001-94;;VINCI PIPE FIF - CLASSE DE INVESTIMENTO EM AÇÕES - RESP LIMITADA;2025-04-30;Ações;84.24
FI;45.621.900/0001-94;;VINCI PIPE FIF - CLASSE DE INVESTIMENTO EM AÇÕES - RESP LIMITADA;2025-04-30;Cotas de fundos de investimento 409;3.09
FI;45.621.900/0001-94;;VINCI PIPE FIF - CLASSE DE INVESTIMENTO EM AÇÕES - RESP LIMITADA;2025-04-30;Operações compromissadas lastreadas em títulos públicos federais;12.37
FI;46.171.664/0001-14;;NAVI P LS FUNDO DE INVESTIMENTO FINANCEIRO - CIC MULTIMERCADO - RESP LIMITADA;2025-04-30;Ações;75.69
FI;46.171.664/0001-14;;NAVI P LS FUNDO DE INVESTIMENTO FINANCEIRO - CIC MULTIMERCADO - RESP LIMITADA;2025-04-30;Cotas de fundos de investimento 409;0.23
FI;46.171.664/0001-14;;NAVI P LS FUNDO DE INVESTIMENTO FINANCEIRO - CIC MULTIMERCADO - RESP LIMITADA;2025-04-30;Investimento no exterior;17.66
FI;46.171.664/0001-14;;NAVI P LS FUNDO DE INVESTIMENTO FINANCEIRO - CIC MULTIMERCADO - RESP LIMITADA;2025-04-30;Operações compromissadas lastreadas em títulos públicos federais;7.17
FI;46.171.664/0001-14;;NAVI P LS FUNDO DE INVESTIMENTO FINANCEIRO - CIC MULTIMERCADO - RESP LIMITADA;2025-04-30;Títulos públicos federais;22.88
FI;46.171.852/0001-42;;PERFIN FORESIGHT II MASTER FIF - CLASSE DE INVESTIMENTO EM AÇÕES - RESP LIMITADA;2025-04-30;Ações;103.43
FI;46.171.852/0001-42;;PERFIN FORESIGHT II MASTER FIF - CLASSE DE INVESTIMENTO EM AÇÕES - RESP LIMITADA;2025-04-30;Operações compromissadas lastreadas em títulos públicos federais;2.58
CLASSES - FIF;46.373.095/0001-90;;MOS LONG BIASED FUNDO DE  INVESTIMENTO FINANCEIRO CLASSE DE INVESTIMENTO  MULTIMERCADO - RESP LTDA;2025-04-30;Ações;67.14
CLASSES - FIF;46.373.095/0001-90;;MOS LONG BIASED FUNDO DE  INVESTIMENTO FINANCEIRO CLASSE DE INVESTIMENTO  MULTIMERCADO - RESP LTDA;2025-04-30;Cotas de fundos de investimento 409;7.50
CLASSES - FIF;46.373.095/0001-90;;MOS LONG BIASED FUNDO DE  INVESTIMENTO FINANCEIRO CLASSE DE INVESTIMENTO  MULTIMERCADO - RESP LTDA;2025-04-30;Depósitos a prazo e outros títulos de instituições financeiras;1.68
CLASSES - FIF;46.373.095/0001-90;;MOS LONG BIASED FUNDO DE  INVESTIMENTO FINANCEIRO CLASSE DE INVESTIMENTO  MULTIMERCADO - RESP LTDA;2025-04-30;Operações compromissadas lastreadas em títulos públicos federais;9.95
CLASSES - FIF;46.373.095/0001-90;;MOS LONG BIASED FUNDO DE  INVESTIMENTO FINANCEIRO CLASSE DE INVESTIMENTO  MULTIMERCADO - RESP LTDA;2025-04-30;Títulos públicos federais;13.37
FI;46.405.570/0001-62;;QUARTER AZIMOV FUNDO DE INVESTIMENTO FINANCEIRO;2025-04-30;Ações;61.58
FI;46.405.570/0001-62;;QUARTER AZIMOV FUNDO DE INVESTIMENTO FINANCEIRO;2025-04-30;Cotas de Fundos de Investimento 409;11.07
FI;46.405.570/0001-62;;QUARTER AZIMOV FUNDO DE INVESTIMENTO FINANCEIRO;2025-04-30;Outras Aplicações;-58.63
FI;46.405.570/0001-62;;QUARTER AZIMOV FUNDO DE INVESTIMENTO FINANCEIRO;2025-04-30;Outras Cotas de Fundos de Investimento;3.19
FI;46.405.570/0001-62;;QUARTER AZIMOV FUNDO DE INVESTIMENTO FINANCEIRO;2025-04-30;Títulos Públicos Federais;87.59
FI;46.423.681/0001-00;;NIKOS INFRA MASTER FUNDO DE INVESTIMENTO FINANCEIRO;2025-04-30;Derivativos;-0.17
FI;46.423.681/0001-00;;NIKOS INFRA MASTER FUNDO DE INVESTIMENTO FINANCEIRO;2025-04-30;Operações Compromissadas Lastreadas em Títulos Públicos Federais;-18.82
FI;46.423.681/0001-00;;NIKOS INFRA MASTER FUNDO DE INVESTIMENTO FINANCEIRO;2025-04-30;Outras Aplicações;1.29
FI;46.423.681/0001-00;;NIKOS INFRA MASTER FUNDO DE INVESTIMENTO FINANCEIRO;2025-04-30;Títulos de Crédito Privado;110.76
FI;46.423.681/0001-00;;NIKOS INFRA MASTER FUNDO DE INVESTIMENTO FINANCEIRO;2025-04-30;Títulos Públicos Federais;7.03
FI;46.450.512/0001-50;;TARPON GT INSTITUCIONAL II FUNDO DE INVESTIMENTO FINANCEIRO;2025-04-30;Ações;99.74
FI;46.450.512/0001-50;;TARPON GT INSTITUCIONAL II FUNDO DE INVESTIMENTO FINANCEIRO;2025-04-30;Cotas de Fundos de Investimento 409;5.20
FI;46.450.512/0001-50;;TARPON GT INSTITUCIONAL II FUNDO DE INVESTIMENTO FINANCEIRO;2025-04-30;Operações Compromissadas Lastreadas em Títulos Públicos Federais;0.04
FI;46.450.512/0001-50;;TARPON GT INSTITUCIONAL II FUNDO DE INVESTIMENTO FINANCEIRO;2025-04-30;Outras Aplicações;-1.98
FI;46.450.512/0001-50;;TARPON GT INSTITUCIONAL II FUNDO DE INVESTIMENTO FINANCEIRO;2025-04-30;Títulos Públicos Federais;0.10
FI;46.469.978/0001-06;;STRIVO YIELD RF4 FUNDO DE INVESTIMENTO FINANCEIRO;2025-04-30;Cotas de Fundos de Investimento 409;56.64
FI;46.469.978/0001-06;;STRIVO YIELD RF4 FUNDO DE INVESTIMENTO FINANCEIRO;2025-04-30;Outras Aplicações;3.59
FI;46.469.978/0001-06;;STRIVO YIELD RF4 FUNDO DE INVESTIMENTO FINANCEIRO;2025-04-30;Títulos Públicos Federais;40.39
FI;46.502.976/0001-63;;RIO BRAVO PROTEÇÃO BOLSA AMERICANA II FUNDO DE  INVESTIMENTO MULTIMERCADO;2025-04-30;Outras aplicações;11.79
FI;46.502.976/0001-63;;RIO BRAVO PROTEÇÃO BOLSA AMERICANA II FUNDO DE  INVESTIMENTO MULTIMERCADO;2025-04-30;Títulos públicos federais;88.34
FI;46.503.110/0001-77;;VIC MOAT EH FIF - CIC MULTIMERCADO - RESP LIMITADA;2025-04-30;Cotas de fundos de investimento 409;98.88
FI;46.503.110/0001-77;;VIC MOAT EH FIF - CIC MULTIMERCADO - RESP LIMITADA;2025-04-30;Operações compromissadas lastreadas em títulos públicos federais;0.32
FI;46.503.110/0001-77;;VIC MOAT EH FIF - CIC MULTIMERCADO - RESP LIMITADA;2025-04-30;Títulos públicos federais;0.80
FI;46.648.912/0001-75;;AMW OMAHA MASTER FUNDO DE INVESTIMENTO FINANCEIRO;2025-04-30;Ações;5.70
FI;46.648.912/0001-75;;AMW OMAHA MASTER FUNDO DE INVESTIMENTO FINANCEIRO;2025-04-30;Cotas de fundos de Investimento;13.81
FI;46.648.912/0001-75;;AMW OMAHA MASTER FUNDO DE INVESTIMENTO FINANCEIRO;2025-04-30;Depósitos a prazo e outros títulos de instituições financeiras;17.95
FI;46.648.912/0001-75;;AMW OMAHA MASTER FUNDO DE INVESTIMENTO FINANCEIRO;2025-04-30;Derivativos;73.00
FI;46.648.912/0001-75;;AMW OMAHA MASTER FUNDO DE INVESTIMENTO FINANCEIRO;2025-04-30;Titulos publicos federais;32.54
CLASSES - FIF;46.649.069/0001-41;;AXIOM INFINITY FUNDO DE INVESTIMENTO MULTIMERCADO;2025-04-30;Ações;117.54
CLASSES - FIF;46.649.069/0001-41;;AXIOM INFINITY FUNDO DE INVESTIMENTO MULTIMERCADO;2025-04-30;Cotas de fundos de investimento 555;10.07
CLASSES - FIF;46.649.069/0001-41;;AXIOM INFINITY FUNDO DE INVESTIMENTO MULTIMERCADO;2025-04-30;Operações compromissadas lastreadas em títulospúblicos federais;17.10
CLASSES - FIF;46.649.069/0001-41;;AXIOM INFINITY FUNDO DE INVESTIMENTO MULTIMERCADO;2025-04-30;Outras aplicações;-62.77
CLASSES - FIF;46.649.069/0001-41;;AXIOM INFINITY FUNDO DE INVESTIMENTO MULTIMERCADO;2025-04-30;Títulos públicos federais;18.06
FI;46.655.127/0001-40;;BANRISUL RPPS II FUNDO DE INVESTIMENTO FINANCEIRO RENDA FIXA RESPONSABILIDADE LIMITADA;2025-04-30;OPERAÇÕES COMPROMISSADAS LASTREADAS EM TÍTULOS PÚBLICOS FEDERAIS;0.28
FI;46.655.127/0001-40;;BANRISUL RPPS II FUNDO DE INVESTIMENTO FINANCEIRO RENDA FIXA RESPONSABILIDADE LIMITADA;2025-04-30;TÍTULOS PÚBLICOS FEDERAIS;99.72
FI;46.700.301/0001-29;;SANTA FÉ AGRO HEDGE FIF - CI MULTIMERCADO - RESPONSABILIDADE LIMITADA;2025-04-30;Ações;47.82
FI;46.700.301/0001-29;;SANTA FÉ AGRO HEDGE FIF - CI MULTIMERCADO - RESPONSABILIDADE LIMITADA;2025-04-30;Cotas de fundos de investimento 409;8.65
FI;46.700.301/0001-29;;SANTA FÉ AGRO HEDGE FIF - CI MULTIMERCADO - RESPONSABILIDADE LIMITADA;2025-04-30;Investimento no exterior;0.28
FI;46.700.301/0001-29;;SANTA FÉ AGRO HEDGE FIF - CI MULTIMERCADO - RESPONSABILIDADE LIMITADA;2025-04-30;Operações compromissadas lastreadas em títulos públicos federais;6.12
FI;46.700.301/0001-29;;SANTA FÉ AGRO HEDGE FIF - CI MULTIMERCADO - RESPONSABILIDADE LIMITADA;2025-04-30;Títulos públicos federais;33.05
FI;46.700.337/0001-02;;SANTA FÉ AGRO HEDGE FIF - CIC MULTIMERCADO - RESPONSABILIDADE LIMITADA;2025-04-30;Ações;47.33
FI;46.700.337/0001-02;;SANTA FÉ AGRO HEDGE FIF - CIC MULTIMERCADO - RESPONSABILIDADE LIMITADA;2025-04-30;Cotas de fundos de investimento 409;8.56
FI;46.700.337/0001-02;;SANTA FÉ AGRO HEDGE FIF - CIC MULTIMERCADO - RESPONSABILIDADE LIMITADA;2025-04-30;Investimento no exterior;0.28
FI;46.700.337/0001-02;;SANTA FÉ AGRO HEDGE FIF - CIC MULTIMERCADO - RESPONSABILIDADE LIMITADA;2025-04-30;Operações compromissadas lastreadas em títulos públicos federais;7.18
FI;46.700.337/0001-02;;SANTA FÉ AGRO HEDGE FIF - CIC MULTIMERCADO - RESPONSABILIDADE LIMITADA;2025-04-30;Títulos públicos federais;32.70
FI;46.729.394/0001-14;;INTER LOVER FUNDO DE INVESTIMENTO FINANCEIRO EM AÇÕES RESPONSABILIDADE LIMITADA;2025-04-30;Ações;17.58
FI;46.729.394/0001-14;;INTER LOVER FUNDO DE INVESTIMENTO FINANCEIRO EM AÇÕES RESPONSABILIDADE LIMITADA;2025-04-30;Operações Compromissadas Lastreadas em Títulos Públicos Federais;10.52
FI;46.729.394/0001-14;;INTER LOVER FUNDO DE INVESTIMENTO FINANCEIRO EM AÇÕES RESPONSABILIDADE LIMITADA;2025-04-30;Títulos Públicos Federais;72.99
FI;46.847.890/0001-72;;STRIVO GAP FUNDO DE INVESTIMENTO FINANCEIRO;2025-04-30;Cotas de Fundos de Investimento 409;7.03
FI;46.847.890/0001-72;;STRIVO GAP FUNDO DE INVESTIMENTO FINANCEIRO;2025-04-30;Outras Aplicações;0.11
FI;46.847.890/0001-72;;STRIVO GAP FUNDO DE INVESTIMENTO FINANCEIRO;2025-04-30;Títulos Públicos Federais;93.44
FI;47.155.639/0001-00;;DOUBLEE FUNDO DE INVESTIMENTO FINANCEIRO;2025-04-30;Cotas de Fundos de Índice de Renda Variável;2.76
FI;47.155.639/0001-00;;DOUBLEE FUNDO DE INVESTIMENTO FINANCEIRO;2025-04-30;Cotas de Fundos de Investimento 409;97.33
FI;47.155.639/0001-00;;DOUBLEE FUNDO DE INVESTIMENTO FINANCEIRO;2025-04-30;Outras Aplicações;0.01
FI;47.176.334/0001-84;;BRADESCO IV FI FINANCEIRO - CIC EM AÇÕES - RESP LIMITADA;2025-04-30;Ações;67.66
FI;47.176.334/0001-84;;BRADESCO IV FI FINANCEIRO - CIC EM AÇÕES - RESP LIMITADA;2025-04-30;Cotas de fundos de investimento 409;30.41
FI;47.176.334/0001-84;;BRADESCO IV FI FINANCEIRO - CIC EM AÇÕES - RESP LIMITADA;2025-04-30;Derivativos;0.84
FI;47.176.334/0001-84;;BRADESCO IV FI FINANCEIRO - CIC EM AÇÕES - RESP LIMITADA;2025-04-30;Operações compromissadas lastreadas em títulos públicos federais;1.97
FI;47.177.894/0001-53;;BRADESCO BA FI FINANCEIRO - CIC EM AÇÕES - RESP LIMITADA;2025-04-30;Ações;67.71
FI;47.177.894/0001-53;;BRADESCO BA FI FINANCEIRO - CIC EM AÇÕES - RESP LIMITADA;2025-04-30;Cotas de fundos de investimento 409;30.43
FI;47.177.894/0001-53;;BRADESCO BA FI FINANCEIRO - CIC EM AÇÕES - RESP LIMITADA;2025-04-30;Derivativos;0.84
FI;47.177.894/0001-53;;BRADESCO BA FI FINANCEIRO - CIC EM AÇÕES - RESP LIMITADA;2025-04-30;Operações compromissadas lastreadas em títulos públicos federais;1.97
FI;47.178.058/0001-93;;BRADESCO FI FINANCEIRO - CIC EM AÇÕES - RESP LIMITADA;2025-04-30;Ações;67.69
FI;47.178.058/0001-93;;BRADESCO FI FINANCEIRO - CIC EM AÇÕES - RESP LIMITADA;2025-04-30;Cotas de fundos de investimento 409;30.42
FI;47.178.058/0001-93;;BRADESCO FI FINANCEIRO - CIC EM AÇÕES - RESP LIMITADA;2025-04-30;Derivativos;0.84
FI;47.178.058/0001-93;;BRADESCO FI FINANCEIRO - CIC EM AÇÕES - RESP LIMITADA;2025-04-30;Operações compromissadas lastreadas em títulos públicos federais;1.97
FI;47.178.405/0001-88;;BRADESCO MAXI FI FINANCEIRO - CIC EM AÇÕES - RESP LIMITADA;2025-04-30;Ações;67.66
FI;47.178.405/0001-88;;BRADESCO MAXI FI FINANCEIRO - CIC EM AÇÕES - RESP LIMITADA;2025-04-30;Cotas de fundos de investimento 409;30.41
FI;47.178.405/0001-88;;BRADESCO MAXI FI FINANCEIRO - CIC EM AÇÕES - RESP LIMITADA;2025-04-30;Derivativos;0.84
FI;47.178.405/0001-88;;BRADESCO MAXI FI FINANCEIRO - CIC EM AÇÕES - RESP LIMITADA;2025-04-30;Operações compromissadas lastreadas em títulos públicos federais;1.97
FI;47.262.058/0001-77;;QUARTZO CASH FUNDO DE INVESTIMENTO FINANCEIRO;2025-04-30;Derivativos;0.00
FI;47.262.058/0001-77;;QUARTZO CASH FUNDO DE INVESTIMENTO FINANCEIRO;2025-04-30;Operações Compromissadas Lastreadas em Títulos Públicos Federais;23.37
FI;47.262.058/0001-77;;QUARTZO CASH FUNDO DE INVESTIMENTO FINANCEIRO;2025-04-30;Outras Aplicações;9.74
FI;47.262.058/0001-77;;QUARTZO CASH FUNDO DE INVESTIMENTO FINANCEIRO;2025-04-30;Títulos Públicos Federais;67.02
FI;47.423.757/0001-51;;RENDA FUNDO DE INVESTIMENTO FINANCEIRO RENDA FIXA LONGO PRAZO TÍTULOS PÚBL IMA GERAL RESP LIMITADA;2025-04-30;Operações Compromissadas Lastreadas em Títulos Públicos Federais;8.33
FI;47.423.757/0001-51;;RENDA FUNDO DE INVESTIMENTO FINANCEIRO RENDA FIXA LONGO PRAZO TÍTULOS PÚBL IMA GERAL RESP LIMITADA;2025-04-30;Títulos Públicos Federais;91.78
FI;47.466.113/0001-40;;CONTEA CAPITAL POSITANO FI EM COTAS DE FUNDOS DE INVESTIMENTO MULTIMERCADO CRÉDITO PRIVADO;2025-04-30;Cotas de Fundos de Investimento 409;77.65
FI;47.466.113/0001-40;;CONTEA CAPITAL POSITANO FI EM COTAS DE FUNDOS DE INVESTIMENTO MULTIMERCADO CRÉDITO PRIVADO;2025-04-30;Outras Aplicações;-0.04
FI;47.466.113/0001-40;;CONTEA CAPITAL POSITANO FI EM COTAS DE FUNDOS DE INVESTIMENTO MULTIMERCADO CRÉDITO PRIVADO;2025-04-30;Outras Cotas de Fundos de Investimento;12.88
CLASSES - FIF;47.540.366/0001-17;;NAVI LS A FIF - CLASSE DE INVESTIMENTO EM COTAS MULTIMERCADO - RESP LIMITADA;2025-04-30;Ações;75.73
CLASSES - FIF;47.540.366/0001-17;;NAVI LS A FIF - CLASSE DE INVESTIMENTO EM COTAS MULTIMERCADO - RESP LIMITADA;2025-04-30;Cotas de fundos de investimento 409;0.23
CLASSES - FIF;47.540.366/0001-17;;NAVI LS A FIF - CLASSE DE INVESTIMENTO EM COTAS MULTIMERCADO - RESP LIMITADA;2025-04-30;Investimento no exterior;17.67
CLASSES - FIF;47.540.366/0001-17;;NAVI LS A FIF - CLASSE DE INVESTIMENTO EM COTAS MULTIMERCADO - RESP LIMITADA;2025-04-30;Operações compromissadas lastreadas em títulos públicos federais;6.41
CLASSES - FIF;47.540.366/0001-17;;NAVI LS A FIF - CLASSE DE INVESTIMENTO EM COTAS MULTIMERCADO - RESP LIMITADA;2025-04-30;Títulos públicos federais;22.90
CLASSES - FIF;47.715.703/0001-60;;SULAMÉRICA PREMIUM PLUS FUNDO DE INVESTIMENTO FINANCEIRO RENDA FIXA REFERENCIADO DI CRÉDITO PRIVADO;2025-04-30;Cotas de Fundo;0.00
CLASSES - FIF;47.715.703/0001-60;;SULAMÉRICA PREMIUM PLUS FUNDO DE INVESTIMENTO FINANCEIRO RENDA FIXA REFERENCIADO DI CRÉDITO PRIVADO;2025-04-30;Op. Compromissadas;11.21
CLASSES - FIF;47.715.703/0001-60;;SULAMÉRICA PREMIUM PLUS FUNDO DE INVESTIMENTO FINANCEIRO RENDA FIXA REFERENCIADO DI CRÉDITO PRIVADO;2025-04-30;Outros;0.16
CLASSES - FIF;47.715.703/0001-60;;SULAMÉRICA PREMIUM PLUS FUNDO DE INVESTIMENTO FINANCEIRO RENDA FIXA REFERENCIADO DI CRÉDITO PRIVADO;2025-04-30;Títulos de crédito privado;79.43
CLASSES - FIF;47.715.703/0001-60;;SULAMÉRICA PREMIUM PLUS FUNDO DE INVESTIMENTO FINANCEIRO RENDA FIXA REFERENCIADO DI CRÉDITO PRIVADO;2025-04-30;Títulos público federais;9.20
FI;47.715.736/0001-00;;SULAMÉRICA EXCELLENCE MASTER FIF RENDA FIXA CRÉDITO PRIVADO DE RESPONSABILIDADE LIMITADA;2025-04-30;Cotas de Fundo;1.20
FI;47.715.736/0001-00;;SULAMÉRICA EXCELLENCE MASTER FIF RENDA FIXA CRÉDITO PRIVADO DE RESPONSABILIDADE LIMITADA;2025-04-30;Op. Compromissadas lastreadas em títulos públicos;24.33
FI;47.715.736/0001-00;;SULAMÉRICA EXCELLENCE MASTER FIF RENDA FIXA CRÉDITO PRIVADO DE RESPONSABILIDADE LIMITADA;2025-04-30;Outros;4.93
FI;47.715.736/0001-00;;SULAMÉRICA EXCELLENCE MASTER FIF RENDA FIXA CRÉDITO PRIVADO DE RESPONSABILIDADE LIMITADA;2025-04-30;Títulos de crédito privado;74.06
FI;47.715.736/0001-00;;SULAMÉRICA EXCELLENCE MASTER FIF RENDA FIXA CRÉDITO PRIVADO DE RESPONSABILIDADE LIMITADA;2025-04-30;Títulos público federais;0.36
FI;47.776.676/0001-35;;ABSOLUTE VERTEX CSHG II FUNDO DE INVESTIMENTO EM COTAS DE FIF MULTIMERCADO RESPONSABILIDADE LIMITADA;2025-04-30;Outras Cotas de Fundos de Investimento;100.11
FI;47.776.676/0001-35;;ABSOLUTE VERTEX CSHG II FUNDO DE INVESTIMENTO EM COTAS DE FIF MULTIMERCADO RESPONSABILIDADE LIMITADA;2025-04-30;Outros;0.00
CLASSES - FIF;47.794.909/0001-22;;CSHG MASTER DIRECIONAL IMA-B 5+ FUNDO DE INVESTIMENTO FINANCEIRO RENDA FIXA RESP LIMITADA;2025-04-30;Compromissadas lastreadas em T¿los P¿blicos;3.10
CLASSES - FIF;47.794.909/0001-22;;CSHG MASTER DIRECIONAL IMA-B 5+ FUNDO DE INVESTIMENTO FINANCEIRO RENDA FIXA RESP LIMITADA;2025-04-30;Derivativos;0.00
CLASSES - FIF;47.794.909/0001-22;;CSHG MASTER DIRECIONAL IMA-B 5+ FUNDO DE INVESTIMENTO FINANCEIRO RENDA FIXA RESP LIMITADA;2025-04-30;Outros;0.04
CLASSES - FIF;47.794.909/0001-22;;CSHG MASTER DIRECIONAL IMA-B 5+ FUNDO DE INVESTIMENTO FINANCEIRO RENDA FIXA RESP LIMITADA;2025-04-30;T¿los P¿blicos Federais;96.89
FI;48.038.480/0001-06;;VANQUISH OCEAN FUNDO DE INVESTIMENTO RENDA FIXA CREDITO PRIVADO LONGO PRAZO;2025-04-30;Cotas de Fundos de Investimento 555;0.82
FI;48.038.480/0001-06;;VANQUISH OCEAN FUNDO DE INVESTIMENTO RENDA FIXA CREDITO PRIVADO LONGO PRAZO;2025-04-30;Depósito a prazo e outros títulos de instituições financeiras;37.68
FI;48.038.480/0001-06;;VANQUISH OCEAN FUNDO DE INVESTIMENTO RENDA FIXA CREDITO PRIVADO LONGO PRAZO;2025-04-30;Operacões compromissadas lastreadas em títulos privados;0.00
FI;48.038.480/0001-06;;VANQUISH OCEAN FUNDO DE INVESTIMENTO RENDA FIXA CREDITO PRIVADO LONGO PRAZO;2025-04-30;Títulos de crédito privado;27.18
FI;48.038.480/0001-06;;VANQUISH OCEAN FUNDO DE INVESTIMENTO RENDA FIXA CREDITO PRIVADO LONGO PRAZO;2025-04-30;Títulos Públicos federais;34.32
FI;48.107.167/0001-82;;IBIUNA EQUITIES B FIF - CLASSE DE INVESTIMENTO EM COTAS DE AÇÕES - RESP LIMITADA;2025-04-30;Ações;91.49
FI;48.107.167/0001-82;;IBIUNA EQUITIES B FIF - CLASSE DE INVESTIMENTO EM COTAS DE AÇÕES - RESP LIMITADA;2025-04-30;Operações compromissadas lastreadas em títulos públicos federais;8.86
FI;48.653.726/0001-50;;SINAKTUB FUNDO DE INVESTIMENTO FINANCEIRO MULTIMERCADO CRÉDITO PRIVADO;2025-04-30;Acões;0.00
FI;48.653.726/0001-50;;SINAKTUB FUNDO DE INVESTIMENTO FINANCEIRO MULTIMERCADO CRÉDITO PRIVADO;2025-04-30;Cotas de Fundos de Investimento 555;99.98
FI;48.653.726/0001-50;;SINAKTUB FUNDO DE INVESTIMENTO FINANCEIRO MULTIMERCADO CRÉDITO PRIVADO;2025-04-30;Operacões compromissadas lastreadas em títulos privados;0.00
FI;48.653.726/0001-50;;SINAKTUB FUNDO DE INVESTIMENTO FINANCEIRO MULTIMERCADO CRÉDITO PRIVADO;2025-04-30;Operacões compromissadas lastreadas em títulos públicos federais;0.00
FI;48.653.726/0001-50;;SINAKTUB FUNDO DE INVESTIMENTO FINANCEIRO MULTIMERCADO CRÉDITO PRIVADO;2025-04-30;Títulos de crédito privado;0.02
FI;48.899.234/0001-49;;MAG FIF - CLASSE DE INVESTIMENTO RF  ATIVO LONGO PRAZO - RESP  LIMITADA;2025-04-30;Derivativos;0.01
FI;48.899.234/0001-49;;MAG FIF - CLASSE DE INVESTIMENTO RF  ATIVO LONGO PRAZO - RESP  LIMITADA;2025-04-30;Operações compromissadas lastreadas em títulos públicos federais;16.59
FI;48.899.234/0001-49;;MAG FIF - CLASSE DE INVESTIMENTO RF  ATIVO LONGO PRAZO - RESP  LIMITADA;2025-04-30;Títulos públicos federais;83.52
FI;48.959.711/0001-14;;BRAM SISTEMÁTICO FRACTAL FI FINANCEIRO - CI RF - RESP LIMITADA;2025-04-30;Operações compromissadas lastreadas em títulos públicos federais;56.69
FI;48.959.711/0001-14;;BRAM SISTEMÁTICO FRACTAL FI FINANCEIRO - CI RF - RESP LIMITADA;2025-04-30;Títulos públicos federais;43.31
FI;48.961.358/0001-07;;BRAM ENDURANCE FI FINANCEIRO - CI MULT - RESP LIMITADA;2025-04-30;Operações compromissadas lastreadas em títulos públicos federais;58.06
FI;48.961.358/0001-07;;BRAM ENDURANCE FI FINANCEIRO - CI MULT - RESP LIMITADA;2025-04-30;Títulos públicos federais;41.86
FI;48.978.144/0001-43;;BRADESCO MULTIGESTORES MACRO FUNDO DE INVESTIMENTO EM COTAS DE FUNDOS DE INVESTIMENTO MULTIMERCADO;2025-04-30;Cotas de fundos de investimento 409;96.33
FI;48.978.144/0001-43;;BRADESCO MULTIGESTORES MACRO FUNDO DE INVESTIMENTO EM COTAS DE FUNDOS DE INVESTIMENTO MULTIMERCADO;2025-04-30;Derivativos;0.00
FI;48.978.144/0001-43;;BRADESCO MULTIGESTORES MACRO FUNDO DE INVESTIMENTO EM COTAS DE FUNDOS DE INVESTIMENTO MULTIMERCADO;2025-04-30;Operações compromissadas lastreadas em títulos públicos federais;1.10
FI;48.978.144/0001-43;;BRADESCO MULTIGESTORES MACRO FUNDO DE INVESTIMENTO EM COTAS DE FUNDOS DE INVESTIMENTO MULTIMERCADO;2025-04-30;Títulos públicos federais;2.60
FI;48.997.364/0001-14;;BNP PARIBAS TARGUS BP FIF- CLASSE DE INVESTIMENTO EM COTAS RENDA FIXA CRÉD PRIV - RESP LIMITADA;2025-04-30;Cotas de fundos de investimento 409;98.74
FI;48.997.364/0001-14;;BNP PARIBAS TARGUS BP FIF- CLASSE DE INVESTIMENTO EM COTAS RENDA FIXA CRÉD PRIV - RESP LIMITADA;2025-04-30;Derivativos;0.00
FI;48.997.364/0001-14;;BNP PARIBAS TARGUS BP FIF- CLASSE DE INVESTIMENTO EM COTAS RENDA FIXA CRÉD PRIV - RESP LIMITADA;2025-04-30;Operações compromissadas lastreadas em títulos públicos federais;0.39
FI;48.997.364/0001-14;;BNP PARIBAS TARGUS BP FIF- CLASSE DE INVESTIMENTO EM COTAS RENDA FIXA CRÉD PRIV - RESP LIMITADA;2025-04-30;Títulos públicos federais;0.93
FI;49.033.154/0001-79;;IBIUNA CREDIT BP FIF - CLASSE DE INVESTIMENTO EM COTAS MULTIMERCADO CRÉDITO PRIVADO - RESP LIMITADA;2025-04-30;Cotas de fundos de investimento 409;99.75
FI;49.033.154/0001-79;;IBIUNA CREDIT BP FIF - CLASSE DE INVESTIMENTO EM COTAS MULTIMERCADO CRÉDITO PRIVADO - RESP LIMITADA;2025-04-30;Operações compromissadas lastreadas em títulos públicos federais;0.12
FI;49.033.154/0001-79;;IBIUNA CREDIT BP FIF - CLASSE DE INVESTIMENTO EM COTAS MULTIMERCADO CRÉDITO PRIVADO - RESP LIMITADA;2025-04-30;Títulos públicos federais;0.31
FI;49.034.567/0001-78;;BANRISUL RPPS III FUNDO DE INVESTIMENTO FINANCEIRO RENDA FIXA RESPONSABILIDADE LIMITADA;2025-04-30;OPERAÇÕES COMPROMISSADAS LASTREADAS EM TÍTULOS PÚBLICOS FEDERAIS;0.29
FI;49.034.567/0001-78;;BANRISUL RPPS III FUNDO DE INVESTIMENTO FINANCEIRO RENDA FIXA RESPONSABILIDADE LIMITADA;2025-04-30;TÍTULOS PÚBLICOS FEDERAIS;99.67
FI;49.058.526/0001-11;;PHI ALPHA FUNDO DE INVESTIMENTO FINANCEIRO;2025-04-30;Ações;83.51
FI;49.058.526/0001-11;;PHI ALPHA FUNDO DE INVESTIMENTO FINANCEIRO;2025-04-30;Cotas de Fundos de Investimento 409;15.83
FI;49.058.526/0001-11;;PHI ALPHA FUNDO DE INVESTIMENTO FINANCEIRO;2025-04-30;Outras Aplicações;1.22
FI;49.077.640/0001-99;;BRADESCO BOLSA AMERICANA INSTITUCIONAL FIF - CIC MULT - RESP LIMITADA;2025-04-30;Derivativos;99.80
FI;49.077.640/0001-99;;BRADESCO BOLSA AMERICANA INSTITUCIONAL FIF - CIC MULT - RESP LIMITADA;2025-04-30;Operações compromissadas lastreadas em títulos públicos federais;10.37
FI;49.077.640/0001-99;;BRADESCO BOLSA AMERICANA INSTITUCIONAL FIF - CIC MULT - RESP LIMITADA;2025-04-30;Títulos públicos federais;89.67
FI;49.083.552/0001-08;;DIRECT GIANT ZARATHUSTRA FIF - CIC MULTIMERCADO - RESP LIMITADA;2025-04-30;Cotas de fundos de investimento 409;99.59
FI;49.083.552/0001-08;;DIRECT GIANT ZARATHUSTRA FIF - CIC MULTIMERCADO - RESP LIMITADA;2025-04-30;Operações compromissadas lastreadas em títulos públicos federais;0.14
FI;49.083.552/0001-08;;DIRECT GIANT ZARATHUSTRA FIF - CIC MULTIMERCADO - RESP LIMITADA;2025-04-30;Títulos públicos federais;0.34
FI;49.106.197/0001-37;;KRATHUS FI FINANCEIRO - CIA BDR NÍVEL I - RESP LIMITADA;2025-04-30;Ações;58.60
FI;49.106.197/0001-37;;KRATHUS FI FINANCEIRO - CIA BDR NÍVEL I - RESP LIMITADA;2025-04-30;Cotas de fundos de investimento 409;23.06
FI;49.106.197/0001-37;;KRATHUS FI FINANCEIRO - CIA BDR NÍVEL I - RESP LIMITADA;2025-04-30;Operações compromissadas lastreadas em títulos públicos federais;12.18
FI;49.106.197/0001-37;;KRATHUS FI FINANCEIRO - CIA BDR NÍVEL I - RESP LIMITADA;2025-04-30;Títulos públicos federais;2.75
FI;49.173.111/0001-99;;BRADESCO IDKA IPCA 5 FI FINANCEIRO - CIC RF - RESP LIMITADA;2025-04-30;Derivativos;0.58
FI;49.173.111/0001-99;;BRADESCO IDKA IPCA 5 FI FINANCEIRO - CIC RF - RESP LIMITADA;2025-04-30;Operações compromissadas lastreadas em títulos públicos federais;0.13
FI;49.173.111/0001-99;;BRADESCO IDKA IPCA 5 FI FINANCEIRO - CIC RF - RESP LIMITADA;2025-04-30;Títulos públicos federais;99.19
FI;49.176.765/0001-76;;BRADESCO IDKA PRÉ 5 FI FINANCEIRO - CIC RF - RESP LIMITADA;2025-04-30;Derivativos;64.13
FI;49.176.765/0001-76;;BRADESCO IDKA PRÉ 5 FI FINANCEIRO - CIC RF - RESP LIMITADA;2025-04-30;Operações compromissadas lastreadas em títulos públicos federais;13.54
FI;49.176.765/0001-76;;BRADESCO IDKA PRÉ 5 FI FINANCEIRO - CIC RF - RESP LIMITADA;2025-04-30;Títulos públicos federais;81.61
FI;49.232.076/0001-31;;BRADESCO SOLANA LONG AND SHORT FIF - CLASSE DE INVESTIMENTO EM COTAS MULTIMERCADO - RESP LIMITADA;2025-04-30;Cotas de fundos de investimento 409;99.39
FI;49.232.076/0001-31;;BRADESCO SOLANA LONG AND SHORT FIF - CLASSE DE INVESTIMENTO EM COTAS MULTIMERCADO - RESP LIMITADA;2025-04-30;Operações compromissadas lastreadas em títulos públicos federais;0.17
FI;49.232.076/0001-31;;BRADESCO SOLANA LONG AND SHORT FIF - CLASSE DE INVESTIMENTO EM COTAS MULTIMERCADO - RESP LIMITADA;2025-04-30;Títulos públicos federais;0.44
FI;49.447.957/0001-70;;PLANNER REDWOOD PREMIUM FUNDO DE INVESTIMENTO EM AÇÕES;2025-04-30;Ações - Mercado à Vista;61.96
FI;49.447.957/0001-70;;PLANNER REDWOOD PREMIUM FUNDO DE INVESTIMENTO EM AÇÕES;2025-04-30;Cotas de Fundos;37.72
FI;49.571.655/0001-09;;CONEXÃO BNP PARIBAS DIVERSIFIED DYNAMIC FIF - CIC MULTI - RESPONSABILIDADE LIMITADA;2025-04-30;Cotas de fundos de investimento 409;99.51
FI;49.571.655/0001-09;;CONEXÃO BNP PARIBAS DIVERSIFIED DYNAMIC FIF - CIC MULTI - RESPONSABILIDADE LIMITADA;2025-04-30;Derivativos;0.00
FI;49.571.655/0001-09;;CONEXÃO BNP PARIBAS DIVERSIFIED DYNAMIC FIF - CIC MULTI - RESPONSABILIDADE LIMITADA;2025-04-30;Operações compromissadas lastreadas em títulos públicos federais;0.01
FI;49.571.655/0001-09;;CONEXÃO BNP PARIBAS DIVERSIFIED DYNAMIC FIF - CIC MULTI - RESPONSABILIDADE LIMITADA;2025-04-30;Títulos públicos federais;0.02
FI;49.647.466/0001-72;;BRADESCO SOLARO FI FINANCEIRO - CIC RF CRED PRIV LP - RESP LIMITADA;2025-04-30;Cotas de fundos de investimento 409;7.15
FI;49.647.466/0001-72;;BRADESCO SOLARO FI FINANCEIRO - CIC RF CRED PRIV LP - RESP LIMITADA;2025-04-30;Depósitos a prazo e outros títulos de instituições financeiras;18.11
FI;49.647.466/0001-72;;BRADESCO SOLARO FI FINANCEIRO - CIC RF CRED PRIV LP - RESP LIMITADA;2025-04-30;Operações compromissadas lastreadas em títulos públicos federais;16.82
FI;49.647.466/0001-72;;BRADESCO SOLARO FI FINANCEIRO - CIC RF CRED PRIV LP - RESP LIMITADA;2025-04-30;Títulos de crédito privado;57.08
FI;49.647.466/0001-72;;BRADESCO SOLARO FI FINANCEIRO - CIC RF CRED PRIV LP - RESP LIMITADA;2025-04-30;Títulos públicos federais;0.63
FI;49.650.409/0001-42;;RAM CASH CLASSE DE INVESTIMENTO RENDA FIXA - RESP LIMITADA;2025-04-30;Cotas de Fundos de Investimento 409;3.55
FI;49.650.409/0001-42;;RAM CASH CLASSE DE INVESTIMENTO RENDA FIXA - RESP LIMITADA;2025-04-30;Depósitos a Prazo e Outros Títulos de Instituições Financeiras;32.58
FI;49.650.409/0001-42;;RAM CASH CLASSE DE INVESTIMENTO RENDA FIXA - RESP LIMITADA;2025-04-30;Outras Aplicações;0.26
FI;49.650.409/0001-42;;RAM CASH CLASSE DE INVESTIMENTO RENDA FIXA - RESP LIMITADA;2025-04-30;Títulos de Crédito Privado;1.84
FI;49.650.409/0001-42;;RAM CASH CLASSE DE INVESTIMENTO RENDA FIXA - RESP LIMITADA;2025-04-30;Títulos Públicos Federais;61.86
CLASSES - FIF;49.776.738/0001-34;;IBIUNA LONG SHORT FP FIF - CLASSE DE INVESTIMENTO EM COTAS MULTIMERCADO - RESPONSABILIDADE  LIMITADA;2025-04-30;Ações;46.51
CLASSES - FIF;49.776.738/0001-34;;IBIUNA LONG SHORT FP FIF - CLASSE DE INVESTIMENTO EM COTAS MULTIMERCADO - RESPONSABILIDADE  LIMITADA;2025-04-30;Cotas de fundos de investimento 409;3.40
CLASSES - FIF;49.776.738/0001-34;;IBIUNA LONG SHORT FP FIF - CLASSE DE INVESTIMENTO EM COTAS MULTIMERCADO - RESPONSABILIDADE  LIMITADA;2025-04-30;Investimento no exterior;17.42
CLASSES - FIF;49.776.738/0001-34;;IBIUNA LONG SHORT FP FIF - CLASSE DE INVESTIMENTO EM COTAS MULTIMERCADO - RESPONSABILIDADE  LIMITADA;2025-04-30;Operações compromissadas lastreadas em títulos públicos federais;14.76
CLASSES - FIF;49.776.738/0001-34;;IBIUNA LONG SHORT FP FIF - CLASSE DE INVESTIMENTO EM COTAS MULTIMERCADO - RESPONSABILIDADE  LIMITADA;2025-04-30;Títulos públicos federais;62.81
FI;49.801.593/0001-84;;BRADESCO EXPLORER EDGE FI FINANCEIRO - CIC MULT CRED PRIV - RESP LIMITADA;2025-04-30;Cotas de fundos de investimento 409;101.33
FI;49.801.593/0001-84;;BRADESCO EXPLORER EDGE FI FINANCEIRO - CIC MULT CRED PRIV - RESP LIMITADA;2025-04-30;Derivativos;0.00
FI;49.801.593/0001-84;;BRADESCO EXPLORER EDGE FI FINANCEIRO - CIC MULT CRED PRIV - RESP LIMITADA;2025-04-30;Operações compromissadas lastreadas em títulos públicos federais;0.17
FI;49.801.593/0001-84;;BRADESCO EXPLORER EDGE FI FINANCEIRO - CIC MULT CRED PRIV - RESP LIMITADA;2025-04-30;Títulos públicos federais;0.41
CLASSES - FIF;49.887.885/0001-81;;CONNEX PREMIUM FUNDO DE INVESTIMENTO FINANCEIRO MULTIMERCADO;2025-04-30;Cotas de Fundos de Investimento 409;14.93
CLASSES - FIF;49.887.885/0001-81;;CONNEX PREMIUM FUNDO DE INVESTIMENTO FINANCEIRO MULTIMERCADO;2025-04-30;Derivativos;-0.55
CLASSES - FIF;49.887.885/0001-81;;CONNEX PREMIUM FUNDO DE INVESTIMENTO FINANCEIRO MULTIMERCADO;2025-04-30;Outras Aplicações;0.01
CLASSES - FIF;49.887.885/0001-81;;CONNEX PREMIUM FUNDO DE INVESTIMENTO FINANCEIRO MULTIMERCADO;2025-04-30;Títulos Públicos Federais;87.81
FI;49.963.346/0001-84;;CONEXÃO NOVUS EXCLUSIVE FIF - CIC RENDA FIXA LONGO PRAZO - RESP LIMITADA;2025-04-30;Cotas de fundos de investimento 409;99.54
FI;49.963.346/0001-84;;CONEXÃO NOVUS EXCLUSIVE FIF - CIC RENDA FIXA LONGO PRAZO - RESP LIMITADA;2025-04-30;Operações compromissadas lastreadas em títulos públicos federais;0.13
FI;49.963.346/0001-84;;CONEXÃO NOVUS EXCLUSIVE FIF - CIC RENDA FIXA LONGO PRAZO - RESP LIMITADA;2025-04-30;Títulos públicos federais;0.33
FI;49.977.033/0001-85;;MIRABAUD TRADITION FI FINANCEIRO - CI RF CRED PRIV - RESP LIMITADA;2025-04-30;Cotas de fundos de investimento 409;12.75
FI;49.977.033/0001-85;;MIRABAUD TRADITION FI FINANCEIRO - CI RF CRED PRIV - RESP LIMITADA;2025-04-30;Depósitos a prazo e outros títulos de instituições financeiras;24.91
FI;49.977.033/0001-85;;MIRABAUD TRADITION FI FINANCEIRO - CI RF CRED PRIV - RESP LIMITADA;2025-04-30;Operações compromissadas lastreadas em títulos públicos federais;17.84
FI;49.977.033/0001-85;;MIRABAUD TRADITION FI FINANCEIRO - CI RF CRED PRIV - RESP LIMITADA;2025-04-30;Títulos de crédito privado;43.35
FI;49.977.033/0001-85;;MIRABAUD TRADITION FI FINANCEIRO - CI RF CRED PRIV - RESP LIMITADA;2025-04-30;Títulos públicos federais;1.72
FI;49.995.610/0001-61;;INTER INSTITUIÇÕES FINANCEIRAS FUNDO DE INVESTIMENTO FINANCEIRO RENDA FIXA CRÉD PRIV RESP LIMITADA;2025-04-30;Depósitos a Prazo e Outros Títulos de Instituições Financeiras;77.83
FI;49.995.610/0001-61;;INTER INSTITUIÇÕES FINANCEIRAS FUNDO DE INVESTIMENTO FINANCEIRO RENDA FIXA CRÉD PRIV RESP LIMITADA;2025-04-30;Operações Compromissadas Lastreadas em Títulos Públicos Federais;2.40
FI;49.995.610/0001-61;;INTER INSTITUIÇÕES FINANCEIRAS FUNDO DE INVESTIMENTO FINANCEIRO RENDA FIXA CRÉD PRIV RESP LIMITADA;2025-04-30;Títulos Públicos Federais;19.80
FI;49.996.302/0001-50;;BOCOM BBM CORPORATE CREDIT II FIF - CIC RFCRED PRIV - RESP LIMITADA;2025-04-30;Cotas de fundos de investimento 409;10.33
FI;49.996.302/0001-50;;BOCOM BBM CORPORATE CREDIT II FIF - CIC RFCRED PRIV - RESP LIMITADA;2025-04-30;Depósitos a prazo e outros títulos de instituições financeiras;38.01
FI;49.996.302/0001-50;;BOCOM BBM CORPORATE CREDIT II FIF - CIC RFCRED PRIV - RESP LIMITADA;2025-04-30;Operações compromissadas lastreadas em títulos públicos federais;9.92
FI;49.996.302/0001-50;;BOCOM BBM CORPORATE CREDIT II FIF - CIC RFCRED PRIV - RESP LIMITADA;2025-04-30;Títulos de crédito privado;41.42
FI;49.996.302/0001-50;;BOCOM BBM CORPORATE CREDIT II FIF - CIC RFCRED PRIV - RESP LIMITADA;2025-04-30;Títulos públicos federais;0.44
FI;50.094.963/0001-70;;BOCOM BBM CASH FIF - CIC RFCRED PRIV REFERENCIADA DI - RESP LIMITADA;2025-04-30;Depósitos a prazo e outros títulos de instituições financeiras;76.72
FI;50.094.963/0001-70;;BOCOM BBM CASH FIF - CIC RFCRED PRIV REFERENCIADA DI - RESP LIMITADA;2025-04-30;Derivativos;-2.21
FI;50.094.963/0001-70;;BOCOM BBM CASH FIF - CIC RFCRED PRIV REFERENCIADA DI - RESP LIMITADA;2025-04-30;Operações compromissadas lastreadas em títulos públicos federais;21.10
FI;50.094.963/0001-70;;BOCOM BBM CASH FIF - CIC RFCRED PRIV REFERENCIADA DI - RESP LIMITADA;2025-04-30;Títulos públicos federais;2.22
FI;50.096.232/0001-63;;BOCOM BBM CASH FIF - CLASSE DE INVESTIMENTO RFCRED PRIV REFERENCIADA DI - RESP LIMITADA;2025-04-30;Depósitos a prazo e outros títulos de instituições financeiras;76.70
FI;50.096.232/0001-63;;BOCOM BBM CASH FIF - CLASSE DE INVESTIMENTO RFCRED PRIV REFERENCIADA DI - RESP LIMITADA;2025-04-30;Derivativos;-2.21
FI;50.096.232/0001-63;;BOCOM BBM CASH FIF - CLASSE DE INVESTIMENTO RFCRED PRIV REFERENCIADA DI - RESP LIMITADA;2025-04-30;Operações compromissadas lastreadas em títulos públicos federais;21.09
FI;50.096.232/0001-63;;BOCOM BBM CASH FIF - CLASSE DE INVESTIMENTO RFCRED PRIV REFERENCIADA DI - RESP LIMITADA;2025-04-30;Títulos públicos federais;2.22
FI;50.109.627/0001-53;;BOCOM BBM CASH ENHANCED FIF  - CIC RENDA FIXA CRÉDITO PRIVADO - RESPONSABILIDADE LIMITADA;2025-04-30;Depósitos a prazo e outros títulos de instituições financeiras;42.96
FI;50.109.627/0001-53;;BOCOM BBM CASH ENHANCED FIF  - CIC RENDA FIXA CRÉDITO PRIVADO - RESPONSABILIDADE LIMITADA;2025-04-30;Operações compromissadas lastreadas em títulos públicos federais;45.31
FI;50.109.627/0001-53;;BOCOM BBM CASH ENHANCED FIF  - CIC RENDA FIXA CRÉDITO PRIVADO - RESPONSABILIDADE LIMITADA;2025-04-30;Títulos de crédito privado;11.78
FI;50.112.294/0001-11;;BOCOM BBM CASH ENHANCED FIF CLASSE DE INVESTIMENTO RFCRED PRIV - RESP LIMITADA;2025-04-30;Depósitos a prazo e outros títulos de instituições financeiras;42.94
FI;50.112.294/0001-11;;BOCOM BBM CASH ENHANCED FIF CLASSE DE INVESTIMENTO RFCRED PRIV - RESP LIMITADA;2025-04-30;Operações compromissadas lastreadas em títulos públicos federais;45.30
FI;50.112.294/0001-11;;BOCOM BBM CASH ENHANCED FIF CLASSE DE INVESTIMENTO RFCRED PRIV - RESP LIMITADA;2025-04-30;Títulos de crédito privado;11.78
FI;50.114.259/0001-31;;SEVEN POUNDS SOBERANO FUNDO DE INVESTIMENTO FINANCEIRO;2025-04-30;Cotas de Fundos de Investimento 409;15.12
FI;50.114.259/0001-31;;SEVEN POUNDS SOBERANO FUNDO DE INVESTIMENTO FINANCEIRO;2025-04-30;Outras Aplicações;0.01
FI;50.114.259/0001-31;;SEVEN POUNDS SOBERANO FUNDO DE INVESTIMENTO FINANCEIRO;2025-04-30;Títulos Públicos Federais;84.93
CLASSES - FIF;50.161.436/0001-30;;IBIUNA LONG SHORT BRS FIF -CLASSE DE INVESTIMENTO EM COTAS MULTIMERCADO - RESPONSABILIDADE  LIMITADA;2025-04-30;Ações;46.50
CLASSES - FIF;50.161.436/0001-30;;IBIUNA LONG SHORT BRS FIF -CLASSE DE INVESTIMENTO EM COTAS MULTIMERCADO - RESPONSABILIDADE  LIMITADA;2025-04-30;Cotas de fundos de investimento 409;3.40
CLASSES - FIF;50.161.436/0001-30;;IBIUNA LONG SHORT BRS FIF -CLASSE DE INVESTIMENTO EM COTAS MULTIMERCADO - RESPONSABILIDADE  LIMITADA;2025-04-30;Investimento no exterior;17.41
CLASSES - FIF;50.161.436/0001-30;;IBIUNA LONG SHORT BRS FIF -CLASSE DE INVESTIMENTO EM COTAS MULTIMERCADO - RESPONSABILIDADE  LIMITADA;2025-04-30;Operações compromissadas lastreadas em títulos públicos federais;14.76
CLASSES - FIF;50.161.436/0001-30;;IBIUNA LONG SHORT BRS FIF -CLASSE DE INVESTIMENTO EM COTAS MULTIMERCADO - RESPONSABILIDADE  LIMITADA;2025-04-30;Títulos públicos federais;62.80
FI;50.190.969/0001-40;;TARPON INTERSECTION I FUNDO DE INVESTIMENTO FINANCEIRO;2025-04-30;Ações;78.58
FI;50.190.969/0001-40;;TARPON INTERSECTION I FUNDO DE INVESTIMENTO FINANCEIRO;2025-04-30;Cotas de Fundos de Investimento 409;2.04
FI;50.190.969/0001-40;;TARPON INTERSECTION I FUNDO DE INVESTIMENTO FINANCEIRO;2025-04-30;Outras Aplicações;0.29
FI;50.190.969/0001-40;;TARPON INTERSECTION I FUNDO DE INVESTIMENTO FINANCEIRO;2025-04-30;Outras Cotas de Fundos de Investimento;18.06
FI;50.190.969/0001-40;;TARPON INTERSECTION I FUNDO DE INVESTIMENTO FINANCEIRO;2025-04-30;Títulos Públicos Federais;0.93
FI;50.197.313/0001-50;;INTER BB FC DE FUNDO DE INVESTIMENTO FINANCEIRO RENDA FIXA LONGO PRAZO RESP LIMITADA;2025-04-30;Cotas de Fundos de Investimento 555;96.62
FI;50.197.313/0001-50;;INTER BB FC DE FUNDO DE INVESTIMENTO FINANCEIRO RENDA FIXA LONGO PRAZO RESP LIMITADA;2025-04-30;Operações Compromissadas Lastreadas em Títulos Públicos Federais;3.43
CLASSES - FIF;50.223.269/0001-05;;MAG HIGH GRADE FIF CLASSE DE INVESTIMENTO RENDA FIXA CRÉDITO PRIVADO LONGO PRAZO RESP LIMITADA;2025-04-30;Cotas de fundos de investimento 409;5.30
CLASSES - FIF;50.223.269/0001-05;;MAG HIGH GRADE FIF CLASSE DE INVESTIMENTO RENDA FIXA CRÉDITO PRIVADO LONGO PRAZO RESP LIMITADA;2025-04-30;Depósitos a prazo e outros títulos de instituições financeiras;33.91
CLASSES - FIF;50.223.269/0001-05;;MAG HIGH GRADE FIF CLASSE DE INVESTIMENTO RENDA FIXA CRÉDITO PRIVADO LONGO PRAZO RESP LIMITADA;2025-04-30;Operações compromissadas lastreadas em títulos públicos federais;33.25
CLASSES - FIF;50.223.269/0001-05;;MAG HIGH GRADE FIF CLASSE DE INVESTIMENTO RENDA FIXA CRÉDITO PRIVADO LONGO PRAZO RESP LIMITADA;2025-04-30;Títulos de crédito privado;27.49
CLASSES - FIF;50.223.269/0001-05;;MAG HIGH GRADE FIF CLASSE DE INVESTIMENTO RENDA FIXA CRÉDITO PRIVADO LONGO PRAZO RESP LIMITADA;2025-04-30;Títulos públicos federais;0.18
FI;50.235.197/0001-16;;DAYCOVAL CLASSIC TÍTULOS BANCÁRIOS FUNDO DE INVESTIMENTO FINANCEIRO RENDA FIXA;2025-04-30;Depósitos a Prazo e Outros Títulos de Instituições Financeiras;100.58
FI;50.235.197/0001-16;;DAYCOVAL CLASSIC TÍTULOS BANCÁRIOS FUNDO DE INVESTIMENTO FINANCEIRO RENDA FIXA;2025-04-30;Operações Compromissadas Lastreadas em Títulos Públicos Federais;1.05
FI;50.235.197/0001-16;;DAYCOVAL CLASSIC TÍTULOS BANCÁRIOS FUNDO DE INVESTIMENTO FINANCEIRO RENDA FIXA;2025-04-30;Outras Aplicações;0.01
CLASSES - FIF;50.398.792/0001-72;;ERFOLG MACRO FUNDO DE INVESTIMENTO FINANCEIRO MULTIMERCADO RESPONSABILIDADE LIMITADA;2025-04-30;Cotas de Fundos de Investimento 555;10.30
CLASSES - FIF;50.398.792/0001-72;;ERFOLG MACRO FUNDO DE INVESTIMENTO FINANCEIRO MULTIMERCADO RESPONSABILIDADE LIMITADA;2025-04-30;Operações Compromissadas Lastreadas em Títulos Públicos Federais;18.43
CLASSES - FIF;50.398.792/0001-72;;ERFOLG MACRO FUNDO DE INVESTIMENTO FINANCEIRO MULTIMERCADO RESPONSABILIDADE LIMITADA;2025-04-30;Títulos Públicos Federais;71.89
FI;50.468.831/0001-60;;DOURADA FIC FIA FUNDO DE INVESTIMENTO FINANCEIRO;2025-04-30;Ações;99.82
FI;50.468.831/0001-60;;DOURADA FIC FIA FUNDO DE INVESTIMENTO FINANCEIRO;2025-04-30;Cotas de Fundos de Investimento 409;0.36
FI;50.468.831/0001-60;;DOURADA FIC FIA FUNDO DE INVESTIMENTO FINANCEIRO;2025-04-30;Operações Compromissadas Lastreadas em Títulos Públicos Federais;0.00
FI;50.468.831/0001-60;;DOURADA FIC FIA FUNDO DE INVESTIMENTO FINANCEIRO;2025-04-30;Outras Aplicações;0.01
FI;50.468.831/0001-60;;DOURADA FIC FIA FUNDO DE INVESTIMENTO FINANCEIRO;2025-04-30;Títulos Públicos Federais;0.01
FI;50.469.036/0001-97;;DOURADA FUNDO DE INVESTIMENTO FINANCEIRO;2025-04-30;Ações;99.67
FI;50.469.036/0001-97;;DOURADA FUNDO DE INVESTIMENTO FINANCEIRO;2025-04-30;Cotas de Fundos de Investimento 409;0.36
FI;50.469.036/0001-97;;DOURADA FUNDO DE INVESTIMENTO FINANCEIRO;2025-04-30;Outras Aplicações;0.00
FI;50.533.505/0001-90;;RIO BRAVO ESTRATÉGICO IPCA FI FINANCEIRO - CI RF - RESP LIMITADA;2025-04-30;Derivativos;14.06
FI;50.533.505/0001-90;;RIO BRAVO ESTRATÉGICO IPCA FI FINANCEIRO - CI RF - RESP LIMITADA;2025-04-30;Operações compromissadas lastreadas em títulos públicos federais;0.05
FI;50.533.505/0001-90;;RIO BRAVO ESTRATÉGICO IPCA FI FINANCEIRO - CI RF - RESP LIMITADA;2025-04-30;Títulos públicos federais;85.98
FI;50.534.721/0001-50;;DESBRAVA PERFORMANCE FUNDO DE INVESTIMENTO FINANCEIRO;2025-04-30;Ações;93.40
FI;50.534.721/0001-50;;DESBRAVA PERFORMANCE FUNDO DE INVESTIMENTO FINANCEIRO;2025-04-30;Cotas de fundos de Investimento;6.14
CLASSES - FIF;50.534.813/0001-30;;BANESTES INVEST FÁCIL FIF RENDA FIXA SIMPLES RESPONSABILIDADE LIMITADA;2025-04-30;Operações compromissadas lastreadas em títulos públicos federais;63.43
CLASSES - FIF;50.534.813/0001-30;;BANESTES INVEST FÁCIL FIF RENDA FIXA SIMPLES RESPONSABILIDADE LIMITADA;2025-04-30;Títulos públicos federais;36.81
FI;50.649.446/0001-10;;VINCI POTENZA FIF - CLASSE DE INVESTIMENTO EM COTAS MULTIMERCADO - RESP LIMITADA;2025-04-30;Ações;3.23
FI;50.649.446/0001-10;;VINCI POTENZA FIF - CLASSE DE INVESTIMENTO EM COTAS MULTIMERCADO - RESP LIMITADA;2025-04-30;Cotas de fundos de investimento 409;0.14
FI;50.649.446/0001-10;;VINCI POTENZA FIF - CLASSE DE INVESTIMENTO EM COTAS MULTIMERCADO - RESP LIMITADA;2025-04-30;Investimento no exterior;16.70
FI;50.649.446/0001-10;;VINCI POTENZA FIF - CLASSE DE INVESTIMENTO EM COTAS MULTIMERCADO - RESP LIMITADA;2025-04-30;Operações compromissadas lastreadas em títulos públicos federais;7.71
FI;50.649.446/0001-10;;VINCI POTENZA FIF - CLASSE DE INVESTIMENTO EM COTAS MULTIMERCADO - RESP LIMITADA;2025-04-30;Títulos públicos federais;72.44
FI;50.940.912/0001-11;;CONEXÃO IBIUNA HEDGE STH BP FIF - CLASSE DE INVESTIMENTO EM COTAS MULTIMERCADO - RESP LIMITADA;2025-04-30;Cotas de fundos de investimento 409;100.55
FI;50.940.912/0001-11;;CONEXÃO IBIUNA HEDGE STH BP FIF - CLASSE DE INVESTIMENTO EM COTAS MULTIMERCADO - RESP LIMITADA;2025-04-30;Operações compromissadas lastreadas em títulos públicos federais;0.16
FI;50.940.912/0001-11;;CONEXÃO IBIUNA HEDGE STH BP FIF - CLASSE DE INVESTIMENTO EM COTAS MULTIMERCADO - RESP LIMITADA;2025-04-30;Títulos públicos federais;0.41
FI;50.958.673/0001-27;;BRAM FUNDAMENTAL FI FINANCEIRO - CIA - RESP LIMITADA;2025-04-30;Ações;93.62
FI;50.958.673/0001-27;;BRAM FUNDAMENTAL FI FINANCEIRO - CIA - RESP LIMITADA;2025-04-30;Cotas de fundos de investimento 409;2.51
FI;50.958.673/0001-27;;BRAM FUNDAMENTAL FI FINANCEIRO - CIA - RESP LIMITADA;2025-04-30;Derivativos;-0.02
FI;50.958.673/0001-27;;BRAM FUNDAMENTAL FI FINANCEIRO - CIA - RESP LIMITADA;2025-04-30;Operações compromissadas lastreadas em títulos públicos federais;1.89
FI;50.991.372/0001-03;;PANAMBY GLOBAL MACRO FIF - CLASSE DE INVESTIMENTO MULT - RESP LIMITADA;2025-04-30;Ações;3.97
FI;50.991.372/0001-03;;PANAMBY GLOBAL MACRO FIF - CLASSE DE INVESTIMENTO MULT - RESP LIMITADA;2025-04-30;Cotas de fundos de investimento 409;14.04
FI;50.991.372/0001-03;;PANAMBY GLOBAL MACRO FIF - CLASSE DE INVESTIMENTO MULT - RESP LIMITADA;2025-04-30;Operações compromissadas lastreadas em títulos públicos federais;48.14
FI;50.991.372/0001-03;;PANAMBY GLOBAL MACRO FIF - CLASSE DE INVESTIMENTO MULT - RESP LIMITADA;2025-04-30;Títulos de crédito privado;4.88
FI;50.991.372/0001-03;;PANAMBY GLOBAL MACRO FIF - CLASSE DE INVESTIMENTO MULT - RESP LIMITADA;2025-04-30;Títulos públicos federais;29.34
FI;51.013.550/0001-86;;INTER LOW VOL FUNDO DE INVESTIMENTO FINANCEIRO RENDA FIXA RESPONSABILIDADE LIMITADA;2025-04-30;Cotas de Fundos de Investimento 555;97.06
FI;51.013.550/0001-86;;INTER LOW VOL FUNDO DE INVESTIMENTO FINANCEIRO RENDA FIXA RESPONSABILIDADE LIMITADA;2025-04-30;Operações Compromissadas Lastreadas em Títulos Públicos Federais;3.10
CLASSES - FIF;51.162.466/0001-24;;IBIUNA LONG SHORT FO FIF - CLASSE DE INVESTIMENTO EM COTAS MULTIMERCADO - RESPONSABILIDADE  LIMITADA;2025-04-30;Ações;49.15
CLASSES - FIF;51.162.466/0001-24;;IBIUNA LONG SHORT FO FIF - CLASSE DE INVESTIMENTO EM COTAS MULTIMERCADO - RESPONSABILIDADE  LIMITADA;2025-04-30;Cotas de fundos de investimento 409;3.59
CLASSES - FIF;51.162.466/0001-24;;IBIUNA LONG SHORT FO FIF - CLASSE DE INVESTIMENTO EM COTAS MULTIMERCADO - RESPONSABILIDADE  LIMITADA;2025-04-30;Investimento no exterior;18.41
CLASSES - FIF;51.162.466/0001-24;;IBIUNA LONG SHORT FO FIF - CLASSE DE INVESTIMENTO EM COTAS MULTIMERCADO - RESPONSABILIDADE  LIMITADA;2025-04-30;Operações compromissadas lastreadas em títulos públicos federais;15.60
CLASSES - FIF;51.162.466/0001-24;;IBIUNA LONG SHORT FO FIF - CLASSE DE INVESTIMENTO EM COTAS MULTIMERCADO - RESPONSABILIDADE  LIMITADA;2025-04-30;Títulos públicos federais;66.38
FI;51.248.976/0001-19;;ASA ALPHA K FI FINANCEIRO - CI RF - RESP LIMITADA;2025-04-30;Derivativos;37.22
FI;51.248.976/0001-19;;ASA ALPHA K FI FINANCEIRO - CI RF - RESP LIMITADA;2025-04-30;Operações compromissadas lastreadas em títulos públicos federais;39.58
FI;51.248.976/0001-19;;ASA ALPHA K FI FINANCEIRO - CI RF - RESP LIMITADA;2025-04-30;Títulos públicos federais;60.47
FI;51.293.148/0001-00;;BRADESCO BANCOS II FI FINANCEIRO - CIC RF CRED PRIV - RESP LIMITADA;2025-04-30;Depósitos a prazo e outros títulos de instituições financeiras;79.44
FI;51.293.148/0001-00;;BRADESCO BANCOS II FI FINANCEIRO - CIC RF CRED PRIV - RESP LIMITADA;2025-04-30;Operações compromissadas lastreadas em títulos públicos federais;18.02
FI;51.293.148/0001-00;;BRADESCO BANCOS II FI FINANCEIRO - CIC RF CRED PRIV - RESP LIMITADA;2025-04-30;Títulos públicos federais;2.57
CLASSES - FIF;51.305.063/0001-97;;PARTICIPATION FUNDO DE INVESTIMENTO MULTIMERCADO CRÉDITO PRIVADO;2025-04-30;Acões;0.00
CLASSES - FIF;51.305.063/0001-97;;PARTICIPATION FUNDO DE INVESTIMENTO MULTIMERCADO CRÉDITO PRIVADO;2025-04-30;Cotas de Fundos de Investimento 555;100.17
CLASSES - FIF;51.305.063/0001-97;;PARTICIPATION FUNDO DE INVESTIMENTO MULTIMERCADO CRÉDITO PRIVADO;2025-04-30;Operacões compromissadas lastreadas em títulos privados;0.00
CLASSES - FIF;51.305.063/0001-97;;PARTICIPATION FUNDO DE INVESTIMENTO MULTIMERCADO CRÉDITO PRIVADO;2025-04-30;Operacões compromissadas lastreadas em títulos públicos federais;0.00
CLASSES - FIF;51.305.063/0001-97;;PARTICIPATION FUNDO DE INVESTIMENTO MULTIMERCADO CRÉDITO PRIVADO;2025-04-30;Títulos Públicos federais;0.00
FI;51.517.703/0001-22;;QUAESTUS ONE FUNDO DE INVESTIMENTO FINANCEIRO MULTIMERCADO LP - RESPONSABILIDADE LIMITADA;2025-04-30;Operações compromissadas lastreadas em títulospúblicos federais;5.98
FI;51.517.703/0001-22;;QUAESTUS ONE FUNDO DE INVESTIMENTO FINANCEIRO MULTIMERCADO LP - RESPONSABILIDADE LIMITADA;2025-04-30;Outras aplicações;-0.44
FI;51.517.703/0001-22;;QUAESTUS ONE FUNDO DE INVESTIMENTO FINANCEIRO MULTIMERCADO LP - RESPONSABILIDADE LIMITADA;2025-04-30;Títulos públicos federais;94.46
FI;51.530.002/0001-23;;BRAM MACRO FI FINANCEIRO - CI RF - RESP LIMITADA;2025-04-30;Derivativos;20.58
FI;51.530.002/0001-23;;BRAM MACRO FI FINANCEIRO - CI RF - RESP LIMITADA;2025-04-30;Operações compromissadas lastreadas em títulos públicos federais;38.36
FI;51.530.002/0001-23;;BRAM MACRO FI FINANCEIRO - CI RF - RESP LIMITADA;2025-04-30;Títulos públicos federais;61.61
FI;51.532.369/0001-86;;BRAM ENDURANCE FI FINANCEIRO - CI RF - RESP LIMITADA;2025-04-30;Operações compromissadas lastreadas em títulos públicos federais;56.67
FI;51.532.369/0001-86;;BRAM ENDURANCE FI FINANCEIRO - CI RF - RESP LIMITADA;2025-04-30;Títulos públicos federais;43.32
CLASSES - FIF;51.637.471/0001-46;;CONSTÂNCIA DUMONT RENDA FIXA ATIVO FUNDO DE INVESTIMENTO FINANCEIRO - RESP LIMITADA;2025-04-30;Derivativos;2.41
CLASSES - FIF;51.637.471/0001-46;;CONSTÂNCIA DUMONT RENDA FIXA ATIVO FUNDO DE INVESTIMENTO FINANCEIRO - RESP LIMITADA;2025-04-30;Operações compromissadas lastreadas em títulos públicos federais;63.18
CLASSES - FIF;51.637.471/0001-46;;CONSTÂNCIA DUMONT RENDA FIXA ATIVO FUNDO DE INVESTIMENTO FINANCEIRO - RESP LIMITADA;2025-04-30;Títulos públicos federais;37.01
FI;51.709.979/0001-02;;BRADESCO EXPLORER CHALLENGE FI FINANCEIRO - CIC MULT - RESP LIMITADA;2025-04-30;Cotas de fundos de investimento 409;72.12
FI;51.709.979/0001-02;;BRADESCO EXPLORER CHALLENGE FI FINANCEIRO - CIC MULT - RESP LIMITADA;2025-04-30;Operações compromissadas lastreadas em títulos públicos federais;7.95
FI;51.709.979/0001-02;;BRADESCO EXPLORER CHALLENGE FI FINANCEIRO - CIC MULT - RESP LIMITADA;2025-04-30;Títulos públicos federais;20.36
CLASSES - FIF;51.811.576/0001-70;;INTER SIMPLES FUNDO DE INVESTIMENTO RENDA FIXA RESPONSABILIDADE LIMITADA;2025-04-30;Depósitos a Prazo e Outros Títulos de Instituições Financeiras;42.96
CLASSES - FIF;51.811.576/0001-70;;INTER SIMPLES FUNDO DE INVESTIMENTO RENDA FIXA RESPONSABILIDADE LIMITADA;2025-04-30;Operações Compromissadas Lastreadas em Títulos Públicos Federais;23.70
CLASSES - FIF;51.811.576/0001-70;;INTER SIMPLES FUNDO DE INVESTIMENTO RENDA FIXA RESPONSABILIDADE LIMITADA;2025-04-30;Títulos Públicos Federais;33.36
CLASSES - FIF;51.892.732/0001-74;;TERRA CAIXA FUNDO DE INVESTIMENTO FINANCEIRO EM RENDA FIXA DE RESPONSABILIDADE LIMITADA;2025-04-30;Acões;0.00
CLASSES - FIF;51.892.732/0001-74;;TERRA CAIXA FUNDO DE INVESTIMENTO FINANCEIRO EM RENDA FIXA DE RESPONSABILIDADE LIMITADA;2025-04-30;Cotas de Fundos de Investimento 555;99.79
CLASSES - FIF;51.892.732/0001-74;;TERRA CAIXA FUNDO DE INVESTIMENTO FINANCEIRO EM RENDA FIXA DE RESPONSABILIDADE LIMITADA;2025-04-30;Operacões compromissadas lastreadas em títulos privados;0.00
CLASSES - FIF;51.892.732/0001-74;;TERRA CAIXA FUNDO DE INVESTIMENTO FINANCEIRO EM RENDA FIXA DE RESPONSABILIDADE LIMITADA;2025-04-30;Operacões compromissadas lastreadas em títulos públicos federais;0.24
CLASSES - FIF;51.892.732/0001-74;;TERRA CAIXA FUNDO DE INVESTIMENTO FINANCEIRO EM RENDA FIXA DE RESPONSABILIDADE LIMITADA;2025-04-30;Títulos Públicos federais;0.00
FI;51.959.820/0001-46;;BRAM DEBENTURES INCENTIVADAS CDI II FI FINANCEIRO - CI EM INFRA RF - RESP LIMITADA;2025-04-30;Depósitos a prazo e outros títulos de instituições financeiras;0.65
FI;51.959.820/0001-46;;BRAM DEBENTURES INCENTIVADAS CDI II FI FINANCEIRO - CI EM INFRA RF - RESP LIMITADA;2025-04-30;Derivativos;-75.66
FI;51.959.820/0001-46;;BRAM DEBENTURES INCENTIVADAS CDI II FI FINANCEIRO - CI EM INFRA RF - RESP LIMITADA;2025-04-30;Operações compromissadas lastreadas em títulos públicos federais;2.54
FI;51.959.820/0001-46;;BRAM DEBENTURES INCENTIVADAS CDI II FI FINANCEIRO - CI EM INFRA RF - RESP LIMITADA;2025-04-30;Títulos de crédito privado;88.54
FI;51.959.820/0001-46;;BRAM DEBENTURES INCENTIVADAS CDI II FI FINANCEIRO - CI EM INFRA RF - RESP LIMITADA;2025-04-30;Títulos públicos federais;8.45
CLASSES - FIF;51.981.936/0001-81;;GALÁCTICA FUNDO DE INVESTIMENTO MULTIMERCADO CRÉDITO PRIVADO;2025-04-30;Acões;0.00
CLASSES - FIF;51.981.936/0001-81;;GALÁCTICA FUNDO DE INVESTIMENTO MULTIMERCADO CRÉDITO PRIVADO;2025-04-30;Cotas de Fundos de Investimento 555;44.33
CLASSES - FIF;51.981.936/0001-81;;GALÁCTICA FUNDO DE INVESTIMENTO MULTIMERCADO CRÉDITO PRIVADO;2025-04-30;Depósito a prazo e outros títulos de instituições financeiras;0.11
CLASSES - FIF;51.981.936/0001-81;;GALÁCTICA FUNDO DE INVESTIMENTO MULTIMERCADO CRÉDITO PRIVADO;2025-04-30;Operacões compromissadas lastreadas em títulos privados;0.00
CLASSES - FIF;51.981.936/0001-81;;GALÁCTICA FUNDO DE INVESTIMENTO MULTIMERCADO CRÉDITO PRIVADO;2025-04-30;Títulos de crédito privado;55.56
FI;52.081.600/0001-25;;BRAM TERMO FI FINANCEIRO - CI RF - RESP LIMITADA;2025-04-30;Derivativos;42.07
FI;52.081.600/0001-25;;BRAM TERMO FI FINANCEIRO - CI RF - RESP LIMITADA;2025-04-30;Operações compromissadas lastreadas em títulos públicos federais;29.31
FI;52.081.600/0001-25;;BRAM TERMO FI FINANCEIRO - CI RF - RESP LIMITADA;2025-04-30;Títulos públicos federais;32.00
FI;52.095.439/0001-49;;BAHIA AM MARAÚ MASTER FIF - CLASSE DE INVESTIMENTO MULTIMERCADO - RESP LIMITADA;2025-04-30;Derivativos;-18.67
FI;52.095.439/0001-49;;BAHIA AM MARAÚ MASTER FIF - CLASSE DE INVESTIMENTO MULTIMERCADO - RESP LIMITADA;2025-04-30;Investimento no exterior;14.30
FI;52.095.439/0001-49;;BAHIA AM MARAÚ MASTER FIF - CLASSE DE INVESTIMENTO MULTIMERCADO - RESP LIMITADA;2025-04-30;Operações compromissadas lastreadas em títulos públicos federais;15.48
FI;52.095.439/0001-49;;BAHIA AM MARAÚ MASTER FIF - CLASSE DE INVESTIMENTO MULTIMERCADO - RESP LIMITADA;2025-04-30;Títulos públicos federais;70.44
CLASSES - FIF;52.098.741/0001-50;;BANESTES SELECTION FIF RENDA FIXA CRÉDITO PRIVADO RESPONSABILIDADE LIMITADA;2025-04-30;Depósitos a prazo e outros títulos de instituições financeiras;15.21
CLASSES - FIF;52.098.741/0001-50;;BANESTES SELECTION FIF RENDA FIXA CRÉDITO PRIVADO RESPONSABILIDADE LIMITADA;2025-04-30;Operações compromissadas lastreadas em títulos públicos federais;35.00
CLASSES - FIF;52.098.741/0001-50;;BANESTES SELECTION FIF RENDA FIXA CRÉDITO PRIVADO RESPONSABILIDADE LIMITADA;2025-04-30;Outras cotas de fundos de investimento;3.86
CLASSES - FIF;52.098.741/0001-50;;BANESTES SELECTION FIF RENDA FIXA CRÉDITO PRIVADO RESPONSABILIDADE LIMITADA;2025-04-30;Títulos de crédito privado;28.82
CLASSES - FIF;52.098.741/0001-50;;BANESTES SELECTION FIF RENDA FIXA CRÉDITO PRIVADO RESPONSABILIDADE LIMITADA;2025-04-30;Títulos públicos federais;17.15
CLASSES - FIF;52.098.757/0001-63;;BANESTES IMA-B 5 TÍTULOS PÚBLICOS FIF RENDA FIXA LONGO PRAZO RESPONSABILIDADE LIMITADA;2025-04-30;Derivativos;0.02
CLASSES - FIF;52.098.757/0001-63;;BANESTES IMA-B 5 TÍTULOS PÚBLICOS FIF RENDA FIXA LONGO PRAZO RESPONSABILIDADE LIMITADA;2025-04-30;Operações compromissadas lastreadas em títulos públicos federais;23.09
CLASSES - FIF;52.098.757/0001-63;;BANESTES IMA-B 5 TÍTULOS PÚBLICOS FIF RENDA FIXA LONGO PRAZO RESPONSABILIDADE LIMITADA;2025-04-30;Títulos públicos federais;76.93
FI;52.098.763/0001-10;;BANESTES CREDITO CORPORATIVO I FIC DE FIF RENDA FIXA CRED PRIV LONGO PRAZO RESPONSABILIDADE LIMITADA;2025-04-30;Cotas de fundos de investimento 555;97.94
FI;52.098.763/0001-10;;BANESTES CREDITO CORPORATIVO I FIC DE FIF RENDA FIXA CRED PRIV LONGO PRAZO RESPONSABILIDADE LIMITADA;2025-04-30;Operações compromissadas lastreadas em títulos públicos federais;1.45
FI;52.098.763/0001-10;;BANESTES CREDITO CORPORATIVO I FIC DE FIF RENDA FIXA CRED PRIV LONGO PRAZO RESPONSABILIDADE LIMITADA;2025-04-30;Títulos públicos federais;0.84
CLASSES - FIF;52.098.791/0001-38;;BANESTES MULTIESTRATÉGIA FIC DE FIF MULTIMERCADO RESPONSABILIDADE LIMITADA;2025-04-30;Depósitos a prazo e outros títulos de instituições financeiras;10.89
CLASSES - FIF;52.098.791/0001-38;;BANESTES MULTIESTRATÉGIA FIC DE FIF MULTIMERCADO RESPONSABILIDADE LIMITADA;2025-04-30;Operações compromissadas lastreadas em títulos públicos federais;44.04
CLASSES - FIF;52.098.791/0001-38;;BANESTES MULTIESTRATÉGIA FIC DE FIF MULTIMERCADO RESPONSABILIDADE LIMITADA;2025-04-30;Outras cotas de fundos de investimento;1.10
CLASSES - FIF;52.098.791/0001-38;;BANESTES MULTIESTRATÉGIA FIC DE FIF MULTIMERCADO RESPONSABILIDADE LIMITADA;2025-04-30;Títulos de crédito privado;9.59
CLASSES - FIF;52.098.791/0001-38;;BANESTES MULTIESTRATÉGIA FIC DE FIF MULTIMERCADO RESPONSABILIDADE LIMITADA;2025-04-30;Títulos públicos federais;34.79
FI;52.145.699/0001-81;;COPACABANA ABSOLUTO FUNDO DE INVESTIMENTO MULTIMERCADO;2025-04-30;Ações - Mercado de Opções;-2.67
FI;52.145.699/0001-81;;COPACABANA ABSOLUTO FUNDO DE INVESTIMENTO MULTIMERCADO;2025-04-30;Renda Fixa;99.46
CLASSES - FIF;52.163.627/0001-67;;ICATU VANGUARDA DINÂMICO INSTITUCIONAL FIF MULTIMERCADO - RESP LIMITADA;2025-04-30;Cotas de fundos de investimento 409;3.07
CLASSES - FIF;52.163.627/0001-67;;ICATU VANGUARDA DINÂMICO INSTITUCIONAL FIF MULTIMERCADO - RESP LIMITADA;2025-04-30;Depósitos a prazo e outros títulos de instituições financeiras;8.06
CLASSES - FIF;52.163.627/0001-67;;ICATU VANGUARDA DINÂMICO INSTITUCIONAL FIF MULTIMERCADO - RESP LIMITADA;2025-04-30;Operações compromissadas lastreadas em títulos públicos federais;31.85
CLASSES - FIF;52.163.627/0001-67;;ICATU VANGUARDA DINÂMICO INSTITUCIONAL FIF MULTIMERCADO - RESP LIMITADA;2025-04-30;Títulos de crédito privado;12.45
CLASSES - FIF;52.163.627/0001-67;;ICATU VANGUARDA DINÂMICO INSTITUCIONAL FIF MULTIMERCADO - RESP LIMITADA;2025-04-30;Títulos públicos federais;44.80
CLASSES - FIF;52.164.607/0001-00;;ICATU VANGUARDA IPCA DINÂMICO FIF MULTIMERCADO - RESPONSABILIDADE LIMITADA;2025-04-30;Cotas de fundos de investimento 409;3.81
CLASSES - FIF;52.164.607/0001-00;;ICATU VANGUARDA IPCA DINÂMICO FIF MULTIMERCADO - RESPONSABILIDADE LIMITADA;2025-04-30;Depósitos a prazo e outros títulos de instituições financeiras;6.69
CLASSES - FIF;52.164.607/0001-00;;ICATU VANGUARDA IPCA DINÂMICO FIF MULTIMERCADO - RESPONSABILIDADE LIMITADA;2025-04-30;Derivativos;29.66
CLASSES - FIF;52.164.607/0001-00;;ICATU VANGUARDA IPCA DINÂMICO FIF MULTIMERCADO - RESPONSABILIDADE LIMITADA;2025-04-30;Títulos de crédito privado;27.97
CLASSES - FIF;52.164.607/0001-00;;ICATU VANGUARDA IPCA DINÂMICO FIF MULTIMERCADO - RESPONSABILIDADE LIMITADA;2025-04-30;Títulos públicos federais;59.02
FI;52.258.756/0001-39;;XVI CAPITAL AÇÕES FUNDO DE INVESTIMENTO FINANCEIRO;2025-04-30;Ações;99.09
FI;52.258.756/0001-39;;XVI CAPITAL AÇÕES FUNDO DE INVESTIMENTO FINANCEIRO;2025-04-30;Outras Aplicações;1.17
CLASSES - FIF;52.301.436/0001-14;;MIRABAUD CONVICTION FIF - CLASSE DE INVESTIMENTO RENDA FIXA CRÉDITO PRIVADO - RESP LIMITADA;2025-04-30;Cotas de fundos de investimento 409;14.28
CLASSES - FIF;52.301.436/0001-14;;MIRABAUD CONVICTION FIF - CLASSE DE INVESTIMENTO RENDA FIXA CRÉDITO PRIVADO - RESP LIMITADA;2025-04-30;Depósitos a prazo e outros títulos de instituições financeiras;16.16
CLASSES - FIF;52.301.436/0001-14;;MIRABAUD CONVICTION FIF - CLASSE DE INVESTIMENTO RENDA FIXA CRÉDITO PRIVADO - RESP LIMITADA;2025-04-30;Operações compromissadas lastreadas em títulos públicos federais;22.00
CLASSES - FIF;52.301.436/0001-14;;MIRABAUD CONVICTION FIF - CLASSE DE INVESTIMENTO RENDA FIXA CRÉDITO PRIVADO - RESP LIMITADA;2025-04-30;Títulos de crédito privado;47.62
CLASSES - FIF;52.308.927/0001-97;;NEW BLUE FUNDO DE INVESTIMENTO MULTIMERCADO CRÉDITO PRIVADO;2025-04-30;Acões;0.00
CLASSES - FIF;52.308.927/0001-97;;NEW BLUE FUNDO DE INVESTIMENTO MULTIMERCADO CRÉDITO PRIVADO;2025-04-30;Cotas de Fundos de Investimento 555;101.16
CLASSES - FIF;52.308.927/0001-97;;NEW BLUE FUNDO DE INVESTIMENTO MULTIMERCADO CRÉDITO PRIVADO;2025-04-30;Operacões compromissadas lastreadas em títulos privados;0.00
CLASSES - FIF;52.308.927/0001-97;;NEW BLUE FUNDO DE INVESTIMENTO MULTIMERCADO CRÉDITO PRIVADO;2025-04-30;Operacões compromissadas lastreadas em títulos públicos federais;0.00
CLASSES - FIF;52.308.927/0001-97;;NEW BLUE FUNDO DE INVESTIMENTO MULTIMERCADO CRÉDITO PRIVADO;2025-04-30;Títulos Públicos federais;0.00
FI;52.317.414/0001-42;;INVEST PEQUI FUNDO DE INVESTIMENTO MULTIMERCADO CRÉDITO PRIVADO;2025-04-30;Acões;0.00
FI;52.317.414/0001-42;;INVEST PEQUI FUNDO DE INVESTIMENTO MULTIMERCADO CRÉDITO PRIVADO;2025-04-30;Cotas de Fundos de Investimento 555;100.80
FI;52.317.414/0001-42;;INVEST PEQUI FUNDO DE INVESTIMENTO MULTIMERCADO CRÉDITO PRIVADO;2025-04-30;Operacões compromissadas lastreadas em títulos privados;0.00
FI;52.317.414/0001-42;;INVEST PEQUI FUNDO DE INVESTIMENTO MULTIMERCADO CRÉDITO PRIVADO;2025-04-30;Operacões compromissadas lastreadas em títulos públicos federais;0.00
FI;52.317.414/0001-42;;INVEST PEQUI FUNDO DE INVESTIMENTO MULTIMERCADO CRÉDITO PRIVADO;2025-04-30;Títulos Públicos federais;0.00
CLASSES - FIF;52.434.541/0001-21;;JUPTER FUNDO DE INVESTIMENTO MULTIMERCADO CRÉDITO PRIVADO;2025-04-30;Acões;0.00
CLASSES - FIF;52.434.541/0001-21;;JUPTER FUNDO DE INVESTIMENTO MULTIMERCADO CRÉDITO PRIVADO;2025-04-30;Cotas de Fundos de Investimento 555;100.03
CLASSES - FIF;52.434.541/0001-21;;JUPTER FUNDO DE INVESTIMENTO MULTIMERCADO CRÉDITO PRIVADO;2025-04-30;Operacões compromissadas lastreadas em títulos privados;0.00
CLASSES - FIF;52.434.541/0001-21;;JUPTER FUNDO DE INVESTIMENTO MULTIMERCADO CRÉDITO PRIVADO;2025-04-30;Operacões compromissadas lastreadas em títulos públicos federais;0.00
CLASSES - FIF;52.434.541/0001-21;;JUPTER FUNDO DE INVESTIMENTO MULTIMERCADO CRÉDITO PRIVADO;2025-04-30;Títulos Públicos federais;0.00
CLASSES - FIF;52.436.983/0001-07;;THEMIS FUNDO DE INVESTIMENTO MULTIMERCADO CRÉDITO PRIVADO;2025-04-30;Acões;0.00
CLASSES - FIF;52.436.983/0001-07;;THEMIS FUNDO DE INVESTIMENTO MULTIMERCADO CRÉDITO PRIVADO;2025-04-30;Cotas de Fundos de Investimento 555;100.35
CLASSES - FIF;52.436.983/0001-07;;THEMIS FUNDO DE INVESTIMENTO MULTIMERCADO CRÉDITO PRIVADO;2025-04-30;Operacões compromissadas lastreadas em títulos privados;0.00
CLASSES - FIF;52.436.983/0001-07;;THEMIS FUNDO DE INVESTIMENTO MULTIMERCADO CRÉDITO PRIVADO;2025-04-30;Operacões compromissadas lastreadas em títulos públicos federais;0.00
CLASSES - FIF;52.436.983/0001-07;;THEMIS FUNDO DE INVESTIMENTO MULTIMERCADO CRÉDITO PRIVADO;2025-04-30;Títulos Públicos federais;0.00
CLASSES - FIF;52.566.560/0001-01;;UBS EVOLUTION FOUNDERS MACRO STRATEGIES FUNDO DE INVESTIMENTO EM COTAS DE FIF MULT - RESP LIMITADA;2025-04-30;Outras Cotas de Fundos de Investimento;100.00
CLASSES - FIF;52.566.560/0001-01;;UBS EVOLUTION FOUNDERS MACRO STRATEGIES FUNDO DE INVESTIMENTO EM COTAS DE FIF MULT - RESP LIMITADA;2025-04-30;Outros;0.00
CLASSES - FIF;52.580.782/0001-89;;SULAMERICA CREDITO ASG BB FIF RF CRED PRIV INVESTIMENTO SUSTENTAVEL - RESPONSABILIDADE LIMITADA;2025-04-30;Cotas de fundos de investimento 409;3.23
CLASSES - FIF;52.580.782/0001-89;;SULAMERICA CREDITO ASG BB FIF RF CRED PRIV INVESTIMENTO SUSTENTAVEL - RESPONSABILIDADE LIMITADA;2025-04-30;Depósitos a prazo e outros títulos de instituições financeiras;38.08
CLASSES - FIF;52.580.782/0001-89;;SULAMERICA CREDITO ASG BB FIF RF CRED PRIV INVESTIMENTO SUSTENTAVEL - RESPONSABILIDADE LIMITADA;2025-04-30;Operações compromissadas lastreadas em títulos públicos federais;23.37
CLASSES - FIF;52.580.782/0001-89;;SULAMERICA CREDITO ASG BB FIF RF CRED PRIV INVESTIMENTO SUSTENTAVEL - RESPONSABILIDADE LIMITADA;2025-04-30;Títulos de crédito privado;35.37
CLASSES - FIF;52.580.782/0001-89;;SULAMERICA CREDITO ASG BB FIF RF CRED PRIV INVESTIMENTO SUSTENTAVEL - RESPONSABILIDADE LIMITADA;2025-04-30;Títulos públicos federais;0.12
CLASSES - FIF;52.824.664/0001-79;;PROSPERA QUANT FUNDO DE INVESTIMENTO FINANCEIRO;2025-04-30;Ações;77.16
CLASSES - FIF;52.824.664/0001-79;;PROSPERA QUANT FUNDO DE INVESTIMENTO FINANCEIRO;2025-04-30;Cotas de Fundos de Investimento 409;3.51
CLASSES - FIF;52.824.664/0001-79;;PROSPERA QUANT FUNDO DE INVESTIMENTO FINANCEIRO;2025-04-30;Outras Aplicações;20.04
CLASSES - FIF;52.834.346/0001-99;;FUNDO DE INVESTIMENTO INTER RENDA FIXA ATIVA RESPONSABILIDADE LIMITADA;2025-04-30;Operações Compromissadas Lastreadas em Títulos Públicos Federais;36.95
CLASSES - FIF;52.834.346/0001-99;;FUNDO DE INVESTIMENTO INTER RENDA FIXA ATIVA RESPONSABILIDADE LIMITADA;2025-04-30;Títulos Públicos Federais;63.24
CLASSES - FIF;53.035.878/0001-29;;MONTREAL FUNDO DE INVESTIMENTO  MULTIMERCADO CRÉDITO PRIVADO;2025-04-30;Acões;0.00
CLASSES - FIF;53.035.878/0001-29;;MONTREAL FUNDO DE INVESTIMENTO  MULTIMERCADO CRÉDITO PRIVADO;2025-04-30;Cotas de Fundos de Investimento 555;3.76
CLASSES - FIF;53.035.878/0001-29;;MONTREAL FUNDO DE INVESTIMENTO  MULTIMERCADO CRÉDITO PRIVADO;2025-04-30;Depósito a prazo e outros títulos de instituições financeiras;96.24
CLASSES - FIF;53.035.878/0001-29;;MONTREAL FUNDO DE INVESTIMENTO  MULTIMERCADO CRÉDITO PRIVADO;2025-04-30;Operacões compromissadas lastreadas em títulos privados;0.00
CLASSES - FIF;53.035.878/0001-29;;MONTREAL FUNDO DE INVESTIMENTO  MULTIMERCADO CRÉDITO PRIVADO;2025-04-30;Operacões compromissadas lastreadas em títulos públicos federais;0.00
CLASSES - FIF;53.215.783/0001-97;;NANTES FUNDO DE INVESTIMENTO MULTIMERCADO CRÉDITO  PRIVADO;2025-04-30;Acões;0.00
CLASSES - FIF;53.215.783/0001-97;;NANTES FUNDO DE INVESTIMENTO MULTIMERCADO CRÉDITO  PRIVADO;2025-04-30;Cotas de Fundos de Investimento 555;137.32
CLASSES - FIF;53.215.783/0001-97;;NANTES FUNDO DE INVESTIMENTO MULTIMERCADO CRÉDITO  PRIVADO;2025-04-30;Operacões compromissadas lastreadas em títulos privados;0.00
CLASSES - FIF;53.215.783/0001-97;;NANTES FUNDO DE INVESTIMENTO MULTIMERCADO CRÉDITO  PRIVADO;2025-04-30;Operacões compromissadas lastreadas em títulos públicos federais;0.00
CLASSES - FIF;53.215.783/0001-97;;NANTES FUNDO DE INVESTIMENTO MULTIMERCADO CRÉDITO  PRIVADO;2025-04-30;Títulos Públicos federais;0.00
CLASSES - FIF;53.251.337/0001-38;;SAINT ÉMILION FUNDO DE INVESTIMENTO MULTIMERCADO CRÉDITO  PRIVADO;2025-04-30;Acões;0.00
CLASSES - FIF;53.251.337/0001-38;;SAINT ÉMILION FUNDO DE INVESTIMENTO MULTIMERCADO CRÉDITO  PRIVADO;2025-04-30;Depósito a prazo e outros títulos de instituições financeiras;100.00
CLASSES - FIF;53.251.337/0001-38;;SAINT ÉMILION FUNDO DE INVESTIMENTO MULTIMERCADO CRÉDITO  PRIVADO;2025-04-30;Operacões compromissadas lastreadas em títulos privados;0.00
CLASSES - FIF;53.251.337/0001-38;;SAINT ÉMILION FUNDO DE INVESTIMENTO MULTIMERCADO CRÉDITO  PRIVADO;2025-04-30;Operacões compromissadas lastreadas em títulos públicos federais;0.00
CLASSES - FIF;53.251.337/0001-38;;SAINT ÉMILION FUNDO DE INVESTIMENTO MULTIMERCADO CRÉDITO  PRIVADO;2025-04-30;Títulos Públicos federais;0.00
CLASSES - FIF;53.274.889/0001-61;;TOULOUSE FUNDO DE INVESTIMENTO  MULTIMERCADO CRÉDITO PRIVADO;2025-04-30;Acões;0.00
CLASSES - FIF;53.274.889/0001-61;;TOULOUSE FUNDO DE INVESTIMENTO  MULTIMERCADO CRÉDITO PRIVADO;2025-04-30;Cotas de Fundos de Investimento 555;80.53
CLASSES - FIF;53.274.889/0001-61;;TOULOUSE FUNDO DE INVESTIMENTO  MULTIMERCADO CRÉDITO PRIVADO;2025-04-30;Depósito a prazo e outros títulos de instituições financeiras;0.06
CLASSES - FIF;53.274.889/0001-61;;TOULOUSE FUNDO DE INVESTIMENTO  MULTIMERCADO CRÉDITO PRIVADO;2025-04-30;Operacões compromissadas lastreadas em títulos privados;0.00
CLASSES - FIF;53.274.889/0001-61;;TOULOUSE FUNDO DE INVESTIMENTO  MULTIMERCADO CRÉDITO PRIVADO;2025-04-30;Títulos de crédito privado;19.41
CLASSES - FIF;53.318.048/0001-09;;INTER LIQUIDEZ FUNDO DE INVESTIMENTO EM COTAS DE FI RF CRED PRIV RESPONSABILIDADE LIMITADA;2025-04-30;Cotas de Fundos de Investimento 555;99.92
CLASSES - FIF;53.318.048/0001-09;;INTER LIQUIDEZ FUNDO DE INVESTIMENTO EM COTAS DE FI RF CRED PRIV RESPONSABILIDADE LIMITADA;2025-04-30;Operações Compromissadas Lastreadas em Títulos Públicos Federais;0.11
CLASSES - FIF;53.602.540/0001-01;;ICATU VANGUARDA VC FIF - CLASSE DE INVESTIMENTO INCENTIVADO EM INFRA RENDA FIXA - RESP LIMITADA;2025-04-30;Depósitos a prazo e outros títulos de instituições financeiras;1.62
CLASSES - FIF;53.602.540/0001-01;;ICATU VANGUARDA VC FIF - CLASSE DE INVESTIMENTO INCENTIVADO EM INFRA RENDA FIXA - RESP LIMITADA;2025-04-30;Derivativos;32.29
CLASSES - FIF;53.602.540/0001-01;;ICATU VANGUARDA VC FIF - CLASSE DE INVESTIMENTO INCENTIVADO EM INFRA RENDA FIXA - RESP LIMITADA;2025-04-30;Operações compromissadas lastreadas em títulos públicos federais;14.10
CLASSES - FIF;53.602.540/0001-01;;ICATU VANGUARDA VC FIF - CLASSE DE INVESTIMENTO INCENTIVADO EM INFRA RENDA FIXA - RESP LIMITADA;2025-04-30;Títulos de crédito privado;78.71
CLASSES - FIF;53.602.540/0001-01;;ICATU VANGUARDA VC FIF - CLASSE DE INVESTIMENTO INCENTIVADO EM INFRA RENDA FIXA - RESP LIMITADA;2025-04-30;Títulos públicos federais;5.64
CLASSES - FIF;53.857.130/0001-01;;DAYCOVAL DEBENTURES INCENTIVADAS HEDGE FI INFRA RENDA FIXA;2025-04-30;Cotas de Fundos de Investimento 409;9.52
CLASSES - FIF;53.857.130/0001-01;;DAYCOVAL DEBENTURES INCENTIVADAS HEDGE FI INFRA RENDA FIXA;2025-04-30;Depósitos a Prazo e Outros Títulos de Instituições Financeiras;3.06
CLASSES - FIF;53.857.130/0001-01;;DAYCOVAL DEBENTURES INCENTIVADAS HEDGE FI INFRA RENDA FIXA;2025-04-30;Outras Aplicações;0.04
CLASSES - FIF;53.857.130/0001-01;;DAYCOVAL DEBENTURES INCENTIVADAS HEDGE FI INFRA RENDA FIXA;2025-04-30;Títulos de Crédito Privado;81.63
CLASSES - FIF;53.857.130/0001-01;;DAYCOVAL DEBENTURES INCENTIVADAS HEDGE FI INFRA RENDA FIXA;2025-04-30;Títulos Públicos Federais;6.01
CLASSES - FIF;53.904.799/0001-07;;ACUTO INSTITUCIONAL FUNDO DE INVESTIMENTO FINANCEIRO EM AÇÕES - RESPONSABILIDADE LIMITADA;2025-04-30;Ações;67.56
CLASSES - FIF;53.904.799/0001-07;;ACUTO INSTITUCIONAL FUNDO DE INVESTIMENTO FINANCEIRO EM AÇÕES - RESPONSABILIDADE LIMITADA;2025-04-30;Operações compromissadas lastreadas em títulos públicos federais;31.77
CLASSES - FIF;53.905.242/0001-90;;VC ICATU VANGUARDA FIF - CIC RENDA FIXA INCENTIVADO INVESTIMENTO EM INFRAESTRUTURA;2025-04-30;Depósitos a prazo e outros títulos de instituições financeiras;1.61
CLASSES - FIF;53.905.242/0001-90;;VC ICATU VANGUARDA FIF - CIC RENDA FIXA INCENTIVADO INVESTIMENTO EM INFRAESTRUTURA;2025-04-30;Derivativos;32.15
CLASSES - FIF;53.905.242/0001-90;;VC ICATU VANGUARDA FIF - CIC RENDA FIXA INCENTIVADO INVESTIMENTO EM INFRAESTRUTURA;2025-04-30;Operações compromissadas lastreadas em títulos públicos federais;14.16
CLASSES - FIF;53.905.242/0001-90;;VC ICATU VANGUARDA FIF - CIC RENDA FIXA INCENTIVADO INVESTIMENTO EM INFRAESTRUTURA;2025-04-30;Títulos de crédito privado;78.37
CLASSES - FIF;53.905.242/0001-90;;VC ICATU VANGUARDA FIF - CIC RENDA FIXA INCENTIVADO INVESTIMENTO EM INFRAESTRUTURA;2025-04-30;Títulos públicos federais;5.92
CLASSES - FIF;54.006.238/0001-53;;BRAM DEBÊNTURES INCENTIVADAS CDI 2402 FIF RF INCENTIVADO DE INVESTIMENTO EM INFRA LP RESP LIMITADA;2025-04-30;Depósitos a prazo e outros títulos de instituições financeiras;0.26
CLASSES - FIF;54.006.238/0001-53;;BRAM DEBÊNTURES INCENTIVADAS CDI 2402 FIF RF INCENTIVADO DE INVESTIMENTO EM INFRA LP RESP LIMITADA;2025-04-30;Derivativos;-68.54
CLASSES - FIF;54.006.238/0001-53;;BRAM DEBÊNTURES INCENTIVADAS CDI 2402 FIF RF INCENTIVADO DE INVESTIMENTO EM INFRA LP RESP LIMITADA;2025-04-30;Operações compromissadas lastreadas em títulos públicos federais;7.69
CLASSES - FIF;54.006.238/0001-53;;BRAM DEBÊNTURES INCENTIVADAS CDI 2402 FIF RF INCENTIVADO DE INVESTIMENTO EM INFRA LP RESP LIMITADA;2025-04-30;Títulos de crédito privado;83.13
CLASSES - FIF;54.006.238/0001-53;;BRAM DEBÊNTURES INCENTIVADAS CDI 2402 FIF RF INCENTIVADO DE INVESTIMENTO EM INFRA LP RESP LIMITADA;2025-04-30;Títulos públicos federais;9.11
CLASSES - FIF;54.066.153/0001-60;;MAG TOTAL RETURN FIF - CLASSE DE INVESTIMENTO MULTIMERCADO - RESP LIMITADA;2025-04-30;Ações;10.59
CLASSES - FIF;54.066.153/0001-60;;MAG TOTAL RETURN FIF - CLASSE DE INVESTIMENTO MULTIMERCADO - RESP LIMITADA;2025-04-30;Cotas de fundos de investimento 409;15.65
CLASSES - FIF;54.066.153/0001-60;;MAG TOTAL RETURN FIF - CLASSE DE INVESTIMENTO MULTIMERCADO - RESP LIMITADA;2025-04-30;Derivativos;-21.42
CLASSES - FIF;54.066.153/0001-60;;MAG TOTAL RETURN FIF - CLASSE DE INVESTIMENTO MULTIMERCADO - RESP LIMITADA;2025-04-30;Operações compromissadas lastreadas em títulos públicos federais;27.94
CLASSES - FIF;54.066.153/0001-60;;MAG TOTAL RETURN FIF - CLASSE DE INVESTIMENTO MULTIMERCADO - RESP LIMITADA;2025-04-30;Títulos públicos federais;47.21
FI;54.069.422/0001-42;;BRADESCO PRIME ACTIVE FIF - CI EM COTAS AÇÕES - RESP LIMITADA;2025-04-30;Ações;93.82
FI;54.069.422/0001-42;;BRADESCO PRIME ACTIVE FIF - CI EM COTAS AÇÕES - RESP LIMITADA;2025-04-30;Cotas de fundos de investimento 409;2.51
FI;54.069.422/0001-42;;BRADESCO PRIME ACTIVE FIF - CI EM COTAS AÇÕES - RESP LIMITADA;2025-04-30;Derivativos;-0.02
FI;54.069.422/0001-42;;BRADESCO PRIME ACTIVE FIF - CI EM COTAS AÇÕES - RESP LIMITADA;2025-04-30;Operações compromissadas lastreadas em títulos públicos federais;1.89
CLASSES - FIF;54.198.519/0001-55;;ICATU VANGUARDA IGARATÉ LONG BIASED FIF CLASSE DE INVESTIMENTO EM AÇÕES - RESP LIMITADA;2025-04-30;Ações;59.16
CLASSES - FIF;54.198.519/0001-55;;ICATU VANGUARDA IGARATÉ LONG BIASED FIF CLASSE DE INVESTIMENTO EM AÇÕES - RESP LIMITADA;2025-04-30;Cotas de fundos de investimento 409;12.01
CLASSES - FIF;54.198.519/0001-55;;ICATU VANGUARDA IGARATÉ LONG BIASED FIF CLASSE DE INVESTIMENTO EM AÇÕES - RESP LIMITADA;2025-04-30;Investimento no exterior;2.71
CLASSES - FIF;54.198.519/0001-55;;ICATU VANGUARDA IGARATÉ LONG BIASED FIF CLASSE DE INVESTIMENTO EM AÇÕES - RESP LIMITADA;2025-04-30;Operações compromissadas lastreadas em títulos públicos federais;1.85
CLASSES - FIF;54.198.519/0001-55;;ICATU VANGUARDA IGARATÉ LONG BIASED FIF CLASSE DE INVESTIMENTO EM AÇÕES - RESP LIMITADA;2025-04-30;Títulos públicos federais;25.96
CLASSES - FIF;54.348.771/0001-01;;ATLANTICUS II FUNDO DE INVESTIMENTO EM AÇÕES RESPONSABILIDADE LIMITADA;2025-04-30;Cotas de Fundos de Investimento 409;100.29
CLASSES - FIF;54.402.012/0001-71;;BRADESCO MAPLE VALOR FIF - CIC DE AÇÕES - RESPONSABILIDADE LIMITADA;2025-04-30;Ações;93.43
CLASSES - FIF;54.402.012/0001-71;;BRADESCO MAPLE VALOR FIF - CIC DE AÇÕES - RESPONSABILIDADE LIMITADA;2025-04-30;Cotas de fundos de investimento 409;2.50
CLASSES - FIF;54.402.012/0001-71;;BRADESCO MAPLE VALOR FIF - CIC DE AÇÕES - RESPONSABILIDADE LIMITADA;2025-04-30;Derivativos;-0.02
CLASSES - FIF;54.402.012/0001-71;;BRADESCO MAPLE VALOR FIF - CIC DE AÇÕES - RESPONSABILIDADE LIMITADA;2025-04-30;Operações compromissadas lastreadas em títulos públicos federais;1.88
CLASSES - FIF;54.496.927/0001-93;;BRADESCO TÂMISA FIF - CLASSE  DE INVESTIMENTO EM COTAS MULTIMERCADO - RESPONSABILIDADE LIMITADA;2025-04-30;Cotas de fundos de investimento 409;99.99
CLASSES - FIF;54.503.084/0001-05;;MASTER FUTURA EQUITY HEDGE FUNDO DE INVESTIMENTO FINANCEIRO MULTIMERCADO - RESPONSABILIDADE LIMITADA;2025-04-30;Operações compromissadas lastreadas em títulospúblicos federais;6.86
CLASSES - FIF;54.503.084/0001-05;;MASTER FUTURA EQUITY HEDGE FUNDO DE INVESTIMENTO FINANCEIRO MULTIMERCADO - RESPONSABILIDADE LIMITADA;2025-04-30;Outras aplicações;0.75
CLASSES - FIF;54.503.084/0001-05;;MASTER FUTURA EQUITY HEDGE FUNDO DE INVESTIMENTO FINANCEIRO MULTIMERCADO - RESPONSABILIDADE LIMITADA;2025-04-30;Títulos públicos federais;92.39
CLASSES - FIF;54.553.207/0001-12;;FUTURA EQUITY HEDGE FUNDO DE INVESTIMENTO EM COTAS DE FI MULTIMERCADO - RESPONSABILIDADE LIMITADA;2025-04-30;Cotas de fundos de investimento 555;97.88
CLASSES - FIF;54.553.207/0001-12;;FUTURA EQUITY HEDGE FUNDO DE INVESTIMENTO EM COTAS DE FI MULTIMERCADO - RESPONSABILIDADE LIMITADA;2025-04-30;Operações compromissadas lastreadas em títulospúblicos federais;2.27
CLASSES - FIF;54.553.207/0001-12;;FUTURA EQUITY HEDGE FUNDO DE INVESTIMENTO EM COTAS DE FI MULTIMERCADO - RESPONSABILIDADE LIMITADA;2025-04-30;Outras aplicações;-0.15
CLASSES - FIF;54.794.563/0001-28;;CONEXÃO REAL INVESTOR FIF - CLASSE DE INVESTIMENTO EM COTAS AÇÕES - - RESPONSABILIDADE LIMITADA;2025-04-30;Cotas de fundos de investimento 409;99.61
CLASSES - FIF;54.794.563/0001-28;;CONEXÃO REAL INVESTOR FIF - CLASSE DE INVESTIMENTO EM COTAS AÇÕES - - RESPONSABILIDADE LIMITADA;2025-04-30;Operações compromissadas lastreadas em títulos públicos federais;0.14
CLASSES - FIF;54.794.563/0001-28;;CONEXÃO REAL INVESTOR FIF - CLASSE DE INVESTIMENTO EM COTAS AÇÕES - - RESPONSABILIDADE LIMITADA;2025-04-30;Títulos públicos federais;0.36
CLASSES - FIF;54.829.603/0001-20;;BRADESCO DEB INC CDI II FIC DE INVESTIMENTO FINANCEIRO RF INCENTIVADO EM INFRA LP - RESP LIMITADA;2025-04-30;Cotas de fundos de investimento 409;0.07
CLASSES - FIF;54.829.603/0001-20;;BRADESCO DEB INC CDI II FIC DE INVESTIMENTO FINANCEIRO RF INCENTIVADO EM INFRA LP - RESP LIMITADA;2025-04-30;Depósitos a prazo e outros títulos de instituições financeiras;1.58
CLASSES - FIF;54.829.603/0001-20;;BRADESCO DEB INC CDI II FIC DE INVESTIMENTO FINANCEIRO RF INCENTIVADO EM INFRA LP - RESP LIMITADA;2025-04-30;Operações compromissadas lastreadas em títulos públicos federais;22.66
CLASSES - FIF;54.829.603/0001-20;;BRADESCO DEB INC CDI II FIC DE INVESTIMENTO FINANCEIRO RF INCENTIVADO EM INFRA LP - RESP LIMITADA;2025-04-30;Títulos de crédito privado;64.06
CLASSES - FIF;54.829.603/0001-20;;BRADESCO DEB INC CDI II FIC DE INVESTIMENTO FINANCEIRO RF INCENTIVADO EM INFRA LP - RESP LIMITADA;2025-04-30;Títulos públicos federais;11.95
CLASSES - FIF;54.853.464/0001-70;;BRADESCO DEBÊNTURES INCENTIVADAS INFLAÇÃO II FIC FIF RF INC INFRA LP - RESP LIMITADA;2025-04-30;Depósitos a prazo e outros títulos de instituições financeiras;3.15
CLASSES - FIF;54.853.464/0001-70;;BRADESCO DEBÊNTURES INCENTIVADAS INFLAÇÃO II FIC FIF RF INC INFRA LP - RESP LIMITADA;2025-04-30;Derivativos;0.60
CLASSES - FIF;54.853.464/0001-70;;BRADESCO DEBÊNTURES INCENTIVADAS INFLAÇÃO II FIC FIF RF INC INFRA LP - RESP LIMITADA;2025-04-30;Operações compromissadas lastreadas em títulos públicos federais;3.30
CLASSES - FIF;54.853.464/0001-70;;BRADESCO DEBÊNTURES INCENTIVADAS INFLAÇÃO II FIC FIF RF INC INFRA LP - RESP LIMITADA;2025-04-30;Títulos de crédito privado;88.36
CLASSES - FIF;54.853.464/0001-70;;BRADESCO DEBÊNTURES INCENTIVADAS INFLAÇÃO II FIC FIF RF INC INFRA LP - RESP LIMITADA;2025-04-30;Títulos públicos federais;5.54
CLASSES - FIF;54.887.516/0001-29;;BANRISUL FOCO IMA-B 5+ FUNDO DE INVESTIMENTO FINANCEIRO EM RENDA FIXA  LP RESPONSABILIDADE LIMITADA;2025-04-30;TÍTULOS PÚBLICOS FEDERAIS;99.64
CLASSES - FIF;54.890.370/0001-70;;BANRISUL NTN-B 2032 FUNDO DE INVESTIMENTO FINANCEIRO EM RENDA FIXA RESPONSABILIDADE LIMITADA;2025-04-30;OPERAÇÕES COMPROMISSADAS LASTREADAS EM TÍTULOS PÚBLICOS FEDERAIS;0.39
CLASSES - FIF;54.890.370/0001-70;;BANRISUL NTN-B 2032 FUNDO DE INVESTIMENTO FINANCEIRO EM RENDA FIXA RESPONSABILIDADE LIMITADA;2025-04-30;TÍTULOS PÚBLICOS FEDERAIS;99.57
CLASSES - FIF;55.172.760/0001-78;;DOXOS HYDRA FUNDO DE INVESTIMENTO MULTIMERCADO - RESPONSABILIDADE LIMITADA;2025-04-30;Ações;48.35
CLASSES - FIF;55.172.760/0001-78;;DOXOS HYDRA FUNDO DE INVESTIMENTO MULTIMERCADO - RESPONSABILIDADE LIMITADA;2025-04-30;Operações compromissadas lastreadas em títulospúblicos federais;1.60
CLASSES - FIF;55.172.760/0001-78;;DOXOS HYDRA FUNDO DE INVESTIMENTO MULTIMERCADO - RESPONSABILIDADE LIMITADA;2025-04-30;Outras aplicações;-9.03
CLASSES - FIF;55.172.760/0001-78;;DOXOS HYDRA FUNDO DE INVESTIMENTO MULTIMERCADO - RESPONSABILIDADE LIMITADA;2025-04-30;Títulos públicos federais;59.09
CLASSES - FIF;55.484.260/0001-71;;ITAMARAJU FUNDO DE INVESTIMENTO MULTIMERCADO CRÉDITO PRIVADO;2025-04-30;Acões;0.00
CLASSES - FIF;55.484.260/0001-71;;ITAMARAJU FUNDO DE INVESTIMENTO MULTIMERCADO CRÉDITO PRIVADO;2025-04-30;Cotas de Fundos de Investimento 555;103.22
CLASSES - FIF;55.484.260/0001-71;;ITAMARAJU FUNDO DE INVESTIMENTO MULTIMERCADO CRÉDITO PRIVADO;2025-04-30;Operacões compromissadas lastreadas em títulos privados;0.00
CLASSES - FIF;55.484.260/0001-71;;ITAMARAJU FUNDO DE INVESTIMENTO MULTIMERCADO CRÉDITO PRIVADO;2025-04-30;Operacões compromissadas lastreadas em títulos públicos federais;0.00
CLASSES - FIF;55.484.260/0001-71;;ITAMARAJU FUNDO DE INVESTIMENTO MULTIMERCADO CRÉDITO PRIVADO;2025-04-30;Títulos Públicos federais;0.00
CLASSES - FIF;55.577.828/0001-07;;24 HORAS FUNDO DE INVESTIMENTO EM RENDA FIXA RESPONSABILIDADE LIMITADA;2025-04-30;Outras aplicações;0.00
CLASSES - FIF;55.763.285/0001-04;;SULAMÉRICA EXCELLENCE PLUS FIF RENDA FIXA CRÉD PRIV LONGO PRAZO DE RESP LIMITADA;2025-04-30;Cotas de Fundo;0.00
CLASSES - FIF;55.763.285/0001-04;;SULAMÉRICA EXCELLENCE PLUS FIF RENDA FIXA CRÉD PRIV LONGO PRAZO DE RESP LIMITADA;2025-04-30;Op. Compromissadas lastreadas em títulos públicos;0.00
CLASSES - FIF;55.763.285/0001-04;;SULAMÉRICA EXCELLENCE PLUS FIF RENDA FIXA CRÉD PRIV LONGO PRAZO DE RESP LIMITADA;2025-04-30;Outros;0.00
CLASSES - FIF;55.763.285/0001-04;;SULAMÉRICA EXCELLENCE PLUS FIF RENDA FIXA CRÉD PRIV LONGO PRAZO DE RESP LIMITADA;2025-04-30;Títulos de crédito privado;0.00
CLASSES - FIF;55.763.285/0001-04;;SULAMÉRICA EXCELLENCE PLUS FIF RENDA FIXA CRÉD PRIV LONGO PRAZO DE RESP LIMITADA;2025-04-30;Títulos público federais;0.00
CLASSES - FIF;55.915.452/0001-95;;CIANO GANBATTE FUNDO DE INVESTIMENTO FINANCEIRO MULTIMERCADO;2025-04-30;Ações;12.02
CLASSES - FIF;55.915.452/0001-95;;CIANO GANBATTE FUNDO DE INVESTIMENTO FINANCEIRO MULTIMERCADO;2025-04-30;Cotas de fundos de investimento 555;45.41
CLASSES - FIF;55.915.452/0001-95;;CIANO GANBATTE FUNDO DE INVESTIMENTO FINANCEIRO MULTIMERCADO;2025-04-30;Operações compromissadas lastreadas em títulospúblicos federais;1.09
CLASSES - FIF;55.915.452/0001-95;;CIANO GANBATTE FUNDO DE INVESTIMENTO FINANCEIRO MULTIMERCADO;2025-04-30;Outras aplicações;-0.25
CLASSES - FIF;55.915.452/0001-95;;CIANO GANBATTE FUNDO DE INVESTIMENTO FINANCEIRO MULTIMERCADO;2025-04-30;Títulos públicos federais;41.74
CLASSES - FIF;56.199.556/0001-03;;HERON FUNDO DE INVESTIMENTO MULTIMERCADO CRÉDITO PRIVADO;2025-04-30;Acões;0.00
CLASSES - FIF;56.199.556/0001-03;;HERON FUNDO DE INVESTIMENTO MULTIMERCADO CRÉDITO PRIVADO;2025-04-30;Cotas de Fundos de Investimento 555;50.61
CLASSES - FIF;56.199.556/0001-03;;HERON FUNDO DE INVESTIMENTO MULTIMERCADO CRÉDITO PRIVADO;2025-04-30;Depósito a prazo e outros títulos de instituições financeiras;0.25
CLASSES - FIF;56.199.556/0001-03;;HERON FUNDO DE INVESTIMENTO MULTIMERCADO CRÉDITO PRIVADO;2025-04-30;Operacões compromissadas lastreadas em títulos privados;0.00
CLASSES - FIF;56.199.556/0001-03;;HERON FUNDO DE INVESTIMENTO MULTIMERCADO CRÉDITO PRIVADO;2025-04-30;Títulos de crédito privado;49.13
CLASSES - FIF;56.343.578/0001-03;;RIVIERE FUNDO DE INVESTIMENTO MULTIMERCADO CRÉDITO PRIVADO;2025-04-30;Acões;0.00
CLASSES - FIF;56.343.578/0001-03;;RIVIERE FUNDO DE INVESTIMENTO MULTIMERCADO CRÉDITO PRIVADO;2025-04-30;Cotas de Fundos de Investimento 555;100.60
CLASSES - FIF;56.343.578/0001-03;;RIVIERE FUNDO DE INVESTIMENTO MULTIMERCADO CRÉDITO PRIVADO;2025-04-30;Operacões compromissadas lastreadas em títulos privados;0.00
CLASSES - FIF;56.343.578/0001-03;;RIVIERE FUNDO DE INVESTIMENTO MULTIMERCADO CRÉDITO PRIVADO;2025-04-30;Operacões compromissadas lastreadas em títulos públicos federais;0.00
CLASSES - FIF;56.343.578/0001-03;;RIVIERE FUNDO DE INVESTIMENTO MULTIMERCADO CRÉDITO PRIVADO;2025-04-30;Títulos Públicos federais;0.00
CLASSES - FIF;56.876.275/0001-48;;XP CASH M FUNDO DE INVESTIMENTO EM RENDA FIXA SIMPLES RESPONSABILIDADE LIMITADA;2025-04-30;Outras aplicações;0.00
CLASSES - FIF;57.070.875/0001-87;;EASY CASH FUNDO DE INVESTIMENTO MULTIMERCADO CRÉDITO PRIVADO;2025-04-30;Acões;0.00
CLASSES - FIF;57.070.875/0001-87;;EASY CASH FUNDO DE INVESTIMENTO MULTIMERCADO CRÉDITO PRIVADO;2025-04-30;Cotas de Fundos de Investimento 555;100.07
CLASSES - FIF;57.070.875/0001-87;;EASY CASH FUNDO DE INVESTIMENTO MULTIMERCADO CRÉDITO PRIVADO;2025-04-30;Operacões compromissadas lastreadas em títulos privados;0.00
CLASSES - FIF;57.070.875/0001-87;;EASY CASH FUNDO DE INVESTIMENTO MULTIMERCADO CRÉDITO PRIVADO;2025-04-30;Operacões compromissadas lastreadas em títulos públicos federais;0.00
CLASSES - FIF;57.070.875/0001-87;;EASY CASH FUNDO DE INVESTIMENTO MULTIMERCADO CRÉDITO PRIVADO;2025-04-30;Títulos Públicos federais;0.00
CLASSES - FIF;57.106.323/0001-81;;CONSTANZA FUNDO DE INVESTIMENTO MULTIMERCADO CRÉDITO PRIVADO;2025-04-30;Acões;0.00
CLASSES - FIF;57.106.323/0001-81;;CONSTANZA FUNDO DE INVESTIMENTO MULTIMERCADO CRÉDITO PRIVADO;2025-04-30;Cotas de Fundos de Investimento 555;55.74
CLASSES - FIF;57.106.323/0001-81;;CONSTANZA FUNDO DE INVESTIMENTO MULTIMERCADO CRÉDITO PRIVADO;2025-04-30;Depósito a prazo e outros títulos de instituições financeiras;2.93
CLASSES - FIF;57.106.323/0001-81;;CONSTANZA FUNDO DE INVESTIMENTO MULTIMERCADO CRÉDITO PRIVADO;2025-04-30;Operacões compromissadas lastreadas em títulos privados;0.00
CLASSES - FIF;57.106.323/0001-81;;CONSTANZA FUNDO DE INVESTIMENTO MULTIMERCADO CRÉDITO PRIVADO;2025-04-30;Títulos de crédito privado;41.33
CLASSES - FIF;57.172.951/0001-65;;RIPON FUNDO DE INVESTIMENTO MULTIMERCADO CRÉDITO PRIVADO;2025-04-30;Acões;0.00
CLASSES - FIF;57.172.951/0001-65;;RIPON FUNDO DE INVESTIMENTO MULTIMERCADO CRÉDITO PRIVADO;2025-04-30;Cotas de Fundos de Investimento 555;0.01
CLASSES - FIF;57.172.951/0001-65;;RIPON FUNDO DE INVESTIMENTO MULTIMERCADO CRÉDITO PRIVADO;2025-04-30;Depósito a prazo e outros títulos de instituições financeiras;2.88
CLASSES - FIF;57.172.951/0001-65;;RIPON FUNDO DE INVESTIMENTO MULTIMERCADO CRÉDITO PRIVADO;2025-04-30;Operacões compromissadas lastreadas em títulos privados;0.00
CLASSES - FIF;57.172.951/0001-65;;RIPON FUNDO DE INVESTIMENTO MULTIMERCADO CRÉDITO PRIVADO;2025-04-30;Títulos de crédito privado;97.11
CLASSES - FIF;57.186.836/0001-40;;BOLZANO FUNDO DE INVESTIMENTO MULTIMERCADO CRÉDITO PRIVADO;2025-04-30;Acões;0.00
CLASSES - FIF;57.186.836/0001-40;;BOLZANO FUNDO DE INVESTIMENTO MULTIMERCADO CRÉDITO PRIVADO;2025-04-30;Cotas de Fundos de Investimento 555;100.54
CLASSES - FIF;57.186.836/0001-40;;BOLZANO FUNDO DE INVESTIMENTO MULTIMERCADO CRÉDITO PRIVADO;2025-04-30;Operacões compromissadas lastreadas em títulos privados;0.00
CLASSES - FIF;57.186.836/0001-40;;BOLZANO FUNDO DE INVESTIMENTO MULTIMERCADO CRÉDITO PRIVADO;2025-04-30;Operacões compromissadas lastreadas em títulos públicos federais;0.00
CLASSES - FIF;57.186.836/0001-40;;BOLZANO FUNDO DE INVESTIMENTO MULTIMERCADO CRÉDITO PRIVADO;2025-04-30;Títulos Públicos federais;0.00
CLASSES - FIF;57.375.946/0001-50;;FUTURA ABSOLUTO FC DE FI FINANCEIRO MULT LP - RESP LIMITADA;2025-04-30;Cotas de fundos de investimento 555;99.55
CLASSES - FIF;57.375.946/0001-50;;FUTURA ABSOLUTO FC DE FI FINANCEIRO MULT LP - RESP LIMITADA;2025-04-30;Operações compromissadas lastreadas em títulospúblicos federais;3.19
CLASSES - FIF;57.375.946/0001-50;;FUTURA ABSOLUTO FC DE FI FINANCEIRO MULT LP - RESP LIMITADA;2025-04-30;Outras aplicações;-2.73
CLASSES - FIF;57.376.074/0001-44;;FUTURA ABSOLUTO MASTER FI FINANCEIRO MULT LP - RESP LIMITADA;2025-04-30;Ações;0.74
CLASSES - FIF;57.376.074/0001-44;;FUTURA ABSOLUTO MASTER FI FINANCEIRO MULT LP - RESP LIMITADA;2025-04-30;Cotas de fundos de investimento 555;20.46
CLASSES - FIF;57.376.074/0001-44;;FUTURA ABSOLUTO MASTER FI FINANCEIRO MULT LP - RESP LIMITADA;2025-04-30;Operações compromissadas lastreadas em títulospúblicos federais;7.91
CLASSES - FIF;57.376.074/0001-44;;FUTURA ABSOLUTO MASTER FI FINANCEIRO MULT LP - RESP LIMITADA;2025-04-30;Outras aplicações;0.95
CLASSES - FIF;57.376.074/0001-44;;FUTURA ABSOLUTO MASTER FI FINANCEIRO MULT LP - RESP LIMITADA;2025-04-30;Títulos públicos federais;69.93
CLASSES - FIF;57.846.593/0001-29;;XP CASH FUNDO DE INVESTIMENTO RENDA FIXA RESPONSABILIDADE LIMITADA;2025-04-30;Outras aplicações;0.00
CLASSES - FIF;58.018.929/0001-28;;SULAMÉRICA MASTER CEF CRÉDITO ATIVO FIF RENDA FIXA CRÉDITO PRIVADO LONGO PRAZO DE RESP LIMITADA;2025-04-30;Cotas de Fundo;0.00
CLASSES - FIF;58.018.929/0001-28;;SULAMÉRICA MASTER CEF CRÉDITO ATIVO FIF RENDA FIXA CRÉDITO PRIVADO LONGO PRAZO DE RESP LIMITADA;2025-04-30;Op. Compromissadas lastreadas em títulos públicos;0.00
CLASSES - FIF;58.018.929/0001-28;;SULAMÉRICA MASTER CEF CRÉDITO ATIVO FIF RENDA FIXA CRÉDITO PRIVADO LONGO PRAZO DE RESP LIMITADA;2025-04-30;Outros;0.00
CLASSES - FIF;58.018.929/0001-28;;SULAMÉRICA MASTER CEF CRÉDITO ATIVO FIF RENDA FIXA CRÉDITO PRIVADO LONGO PRAZO DE RESP LIMITADA;2025-04-30;Títulos de crédito privado;0.00
CLASSES - FIF;58.018.929/0001-28;;SULAMÉRICA MASTER CEF CRÉDITO ATIVO FIF RENDA FIXA CRÉDITO PRIVADO LONGO PRAZO DE RESP LIMITADA;2025-04-30;Títulos público federais;0.00
CLASSES - FIF;58.570.048/0001-15;;FIEMP FUNDO DE INVESTIMENTO MULTIMERCADO CRÉDITO PRIVADO;2025-04-30;Acões;0.00
CLASSES - FIF;58.570.048/0001-15;;FIEMP FUNDO DE INVESTIMENTO MULTIMERCADO CRÉDITO PRIVADO;2025-04-30;Cotas de Fundos de Investimento 555;32.82
CLASSES - FIF;58.570.048/0001-15;;FIEMP FUNDO DE INVESTIMENTO MULTIMERCADO CRÉDITO PRIVADO;2025-04-30;Depósito a prazo e outros títulos de instituições financeiras;11.88
CLASSES - FIF;58.570.048/0001-15;;FIEMP FUNDO DE INVESTIMENTO MULTIMERCADO CRÉDITO PRIVADO;2025-04-30;Operacões compromissadas lastreadas em títulos privados;0.00
CLASSES - FIF;58.570.048/0001-15;;FIEMP FUNDO DE INVESTIMENTO MULTIMERCADO CRÉDITO PRIVADO;2025-04-30;Operacões compromissadas lastreadas em títulos públicos federais;0.00
CLASSES - FIF;59.058.767/0001-14;;BFL QUARENTA E SETE FUNDO DE INVESTIMENTO FINANCEIRO CRÉDITO PRIVADO - INVESTIMENTO NO EXTERIOR;2025-04-30;Acões;0.00
CLASSES - FIF;59.058.767/0001-14;;BFL QUARENTA E SETE FUNDO DE INVESTIMENTO FINANCEIRO CRÉDITO PRIVADO - INVESTIMENTO NO EXTERIOR;2025-04-30;Cotas de Fundos de Investimento 555;100.01
CLASSES - FIF;59.058.767/0001-14;;BFL QUARENTA E SETE FUNDO DE INVESTIMENTO FINANCEIRO CRÉDITO PRIVADO - INVESTIMENTO NO EXTERIOR;2025-04-30;Operacões compromissadas lastreadas em títulos privados;0.00
CLASSES - FIF;59.058.767/0001-14;;BFL QUARENTA E SETE FUNDO DE INVESTIMENTO FINANCEIRO CRÉDITO PRIVADO - INVESTIMENTO NO EXTERIOR;2025-04-30;Operacões compromissadas lastreadas em títulos públicos federais;0.00
CLASSES - FIF;59.058.767/0001-14;;BFL QUARENTA E SETE FUNDO DE INVESTIMENTO FINANCEIRO CRÉDITO PRIVADO - INVESTIMENTO NO EXTERIOR;2025-04-30;Títulos Públicos federais;0.00
CLASSES - FIF;59.122.774/0001-38;;FIERP FUNDO DE INVESTIMENTO MULTIMERCADO CRÉDITO PRIVADO;2025-04-30;Acões;0.00
CLASSES - FIF;59.122.774/0001-38;;FIERP FUNDO DE INVESTIMENTO MULTIMERCADO CRÉDITO PRIVADO;2025-04-30;Cotas de Fundos de Investimento 555;100.03
CLASSES - FIF;59.122.774/0001-38;;FIERP FUNDO DE INVESTIMENTO MULTIMERCADO CRÉDITO PRIVADO;2025-04-30;Operacões compromissadas lastreadas em títulos privados;0.00
CLASSES - FIF;59.122.774/0001-38;;FIERP FUNDO DE INVESTIMENTO MULTIMERCADO CRÉDITO PRIVADO;2025-04-30;Operacões compromissadas lastreadas em títulos públicos federais;0.00
CLASSES - FIF;59.122.774/0001-38;;FIERP FUNDO DE INVESTIMENTO MULTIMERCADO CRÉDITO PRIVADO;2025-04-30;Títulos Públicos federais;0.00
CLASSES - FIF;60.906.179/0001-72;;BRADESCO SPECIAL FIF - CLASSE  DE INVESTIMENTO EM COTAS RF REFERENCIADA DI -  RESP LIMITADA;2025-04-30;Cotas de fundos de investimento 409;1.84
CLASSES - FIF;60.906.179/0001-72;;BRADESCO SPECIAL FIF - CLASSE  DE INVESTIMENTO EM COTAS RF REFERENCIADA DI -  RESP LIMITADA;2025-04-30;Depósitos a prazo e outros títulos de instituições financeiras;26.14
CLASSES - FIF;60.906.179/0001-72;;BRADESCO SPECIAL FIF - CLASSE  DE INVESTIMENTO EM COTAS RF REFERENCIADA DI -  RESP LIMITADA;2025-04-30;Operações compromissadas lastreadas em títulos públicos federais;35.91
CLASSES - FIF;60.906.179/0001-72;;BRADESCO SPECIAL FIF - CLASSE  DE INVESTIMENTO EM COTAS RF REFERENCIADA DI -  RESP LIMITADA;2025-04-30;Títulos de crédito privado;12.31
CLASSES - FIF;60.906.179/0001-72;;BRADESCO SPECIAL FIF - CLASSE  DE INVESTIMENTO EM COTAS RF REFERENCIADA DI -  RESP LIMITADA;2025-04-30;Títulos públicos federais;22.61
CLASSES - FIF;70.951.678/0001-35;;FUNDO DE INVESTIMENTO  FINANCEIRO EM AÇÕES AMARIL FRANKLIN - RESPONSABILIDADE LIMITADA;2025-04-30;Ações;77.98
CLASSES - FIF;70.951.678/0001-35;;FUNDO DE INVESTIMENTO  FINANCEIRO EM AÇÕES AMARIL FRANKLIN - RESPONSABILIDADE LIMITADA;2025-04-30;Derivativos;10.15
CLASSES - FIF;70.951.678/0001-35;;FUNDO DE INVESTIMENTO  FINANCEIRO EM AÇÕES AMARIL FRANKLIN - RESPONSABILIDADE LIMITADA;2025-04-30;Operações compromissadas lastreadas em títulos públicos federais;19.60
CLASSES - FIF;70.951.678/0001-35;;FUNDO DE INVESTIMENTO  FINANCEIRO EM AÇÕES AMARIL FRANKLIN - RESPONSABILIDADE LIMITADA;2025-04-30;Títulos públicos federais;0.08
FI;71.739.445/0001-36;;BRADESCO SUPER AÇÃO FIF - CLASSE DE INVESTIMENTO AÇÕES - RESP LIMITADA;2025-04-30;Ações;73.15
FI;71.739.445/0001-36;;BRADESCO SUPER AÇÃO FIF - CLASSE DE INVESTIMENTO AÇÕES - RESP LIMITADA;2025-04-30;Cotas de fundos de investimento 409;1.00
FI;71.739.445/0001-36;;BRADESCO SUPER AÇÃO FIF - CLASSE DE INVESTIMENTO AÇÕES - RESP LIMITADA;2025-04-30;Derivativos;-1.73
FI;71.739.445/0001-36;;BRADESCO SUPER AÇÃO FIF - CLASSE DE INVESTIMENTO AÇÕES - RESP LIMITADA;2025-04-30;Investimento no exterior;5.76
FI;71.739.445/0001-36;;BRADESCO SUPER AÇÃO FIF - CLASSE DE INVESTIMENTO AÇÕES - RESP LIMITADA;2025-04-30;Operações compromissadas lastreadas em títulos públicos federais;16.28
FI;74.326.471/0001-20;;BRADESCO CRÉDITO SOBERANO FI FINANCEIRO - CI RF - RESP LIMITADA;2025-04-30;Investimento no exterior;99.15
FI;77.054.658/0001-00;;BRADESCO H ACUMULAÇÃO FI FINANCEIRO - CIC EM AÇÕES - RESP LIMITADA;2025-04-30;Ações;92.40
FI;77.054.658/0001-00;;BRADESCO H ACUMULAÇÃO FI FINANCEIRO - CIC EM AÇÕES - RESP LIMITADA;2025-04-30;Cotas de fundos de investimento 409;0.00
FI;77.054.658/0001-00;;BRADESCO H ACUMULAÇÃO FI FINANCEIRO - CIC EM AÇÕES - RESP LIMITADA;2025-04-30;Derivativos;2.78
FI;77.054.658/0001-00;;BRADESCO H ACUMULAÇÃO FI FINANCEIRO - CIC EM AÇÕES - RESP LIMITADA;2025-04-30;Operações compromissadas lastreadas em títulos públicos federais;6.50
FI;88.198.056/0001-43;;BANRISUL FUNDO DE INVESTIMENTO FINANCEIRO EM AÇÕES RESPONSABILIDADE LIMITADA;2025-04-30;AÇÕES;95.76
FI;88.198.056/0001-43;;BANRISUL FUNDO DE INVESTIMENTO FINANCEIRO EM AÇÕES RESPONSABILIDADE LIMITADA;2025-04-30;OPERAÇÕES COMPROMISSADAS LASTREADAS EM TÍTULOS PÚBLICOS FEDERAIS;1.43
FI;96.498.654/0001-66;;BRADESCO FIF - CLASSE DE INVESTIMENTO AÇÕES MULTI SETORIAL - RESP LIMITADA;2025-04-30;Ações;90.99
FI;96.498.654/0001-66;;BRADESCO FIF - CLASSE DE INVESTIMENTO AÇÕES MULTI SETORIAL - RESP LIMITADA;2025-04-30;Cotas de fundos de investimento 409;3.95
FI;96.498.654/0001-66;;BRADESCO FIF - CLASSE DE INVESTIMENTO AÇÕES MULTI SETORIAL - RESP LIMITADA;2025-04-30;Derivativos;-0.02
FI;96.498.654/0001-66;;BRADESCO FIF - CLASSE DE INVESTIMENTO AÇÕES MULTI SETORIAL - RESP LIMITADA;2025-04-30;Operações compromissadas lastreadas em títulos públicos federais;2.28
FI;96.498.654/0001-66;;BRADESCO FIF - CLASSE DE INVESTIMENTO AÇÕES MULTI SETORIAL - RESP LIMITADA;2025-04-30;Títulos públicos federais;1.11
FI;96.498.985/0001-04;;BRADESCO IBOVESPA INDEXADO FIF - CIC DE  AÇÕES - RESPONSABILIDADE LIMITADA;2025-04-30;Ações;64.68
FI;96.498.985/0001-04;;BRADESCO IBOVESPA INDEXADO FIF - CIC DE  AÇÕES - RESPONSABILIDADE LIMITADA;2025-04-30;Cotas de fundos de investimento 409;34.48
FI;96.498.985/0001-04;;BRADESCO IBOVESPA INDEXADO FIF - CIC DE  AÇÕES - RESPONSABILIDADE LIMITADA;2025-04-30;Derivativos;0.87
FI;96.498.985/0001-04;;BRADESCO IBOVESPA INDEXADO FIF - CIC DE  AÇÕES - RESPONSABILIDADE LIMITADA;2025-04-30;Operações compromissadas lastreadas em títulos públicos federais;0.58
FI;97.261.093/0001-40;;BANRISUL PERFORMANCE FUNDO DE INVESTIMENTO FINANCEIRO EM AÇÕES RESPONSABILIDADE LIMITADA;2025-04-30;AÇÕES;98.23
FI;97.261.093/0001-40;;BANRISUL PERFORMANCE FUNDO DE INVESTIMENTO FINANCEIRO EM AÇÕES RESPONSABILIDADE LIMITADA;2025-04-30;OPERAÇÕES COMPROMISSADAS LASTREADAS EM TÍTULOS PÚBLICOS FEDERAIS;7.42
