TP_FUNDO_CLASSE;CNPJ_FUNDO_CLASSE;ID_SUBCLASSE;DENOM_SOCIAL;DT_COMPTC;TP_ATIVO;PR_PL_ATIVO
CLASSES - FIF;00.089.915/0001-15;;AMARIL FRANKLIN FIC DE FIF MULTIMERCADO - CRÉDITO PRIVADO - RESPONSABILIDADE LIMITADA;2025-08-31;Cotas de fundos de investimento 409;90.98
CLASSES - FIF;00.089.915/0001-15;;AMARIL FRANKLIN FIC DE FIF MULTIMERCADO - CRÉDITO PRIVADO - RESPONSABILIDADE LIMITADA;2025-08-31;Depósitos a prazo e outros títulos de instituições financeiras;9.01
CLASSES - FIF;00.089.915/0001-15;;AMARIL FRANKLIN FIC DE FIF MULTIMERCADO - CRÉDITO PRIVADO - RESPONSABILIDADE LIMITADA;2025-08-31;Operações compromissadas lastreadas em títulos públicos federais;0.04
CLASSES - FIF;00.089.915/0001-15;;AMARIL FRANKLIN FIC DE FIF MULTIMERCADO - CRÉDITO PRIVADO - RESPONSABILIDADE LIMITADA;2025-08-31;Títulos públicos federais;0.11
CLASSES - FIF;00.280.302/0001-60;;BRADESCO H FIF - CLASSE DE INVESTIMENTO EM COTAS RENDA FIXA CRÉDITO PRIVADO LP TIPO - RESP LIMITADA;2025-08-31;Cotas de fundos de investimento 409;7.84
CLASSES - FIF;00.280.302/0001-60;;BRADESCO H FIF - CLASSE DE INVESTIMENTO EM COTAS RENDA FIXA CRÉDITO PRIVADO LP TIPO - RESP LIMITADA;2025-08-31;Depósitos a prazo e outros títulos de instituições financeiras;24.61
CLASSES - FIF;00.280.302/0001-60;;BRADESCO H FIF - CLASSE DE INVESTIMENTO EM COTAS RENDA FIXA CRÉDITO PRIVADO LP TIPO - RESP LIMITADA;2025-08-31;Derivativos;-1.58
CLASSES - FIF;00.280.302/0001-60;;BRADESCO H FIF - CLASSE DE INVESTIMENTO EM COTAS RENDA FIXA CRÉDITO PRIVADO LP TIPO - RESP LIMITADA;2025-08-31;Operações compromissadas lastreadas em títulos públicos federais;22.88
CLASSES - FIF;00.280.302/0001-60;;BRADESCO H FIF - CLASSE DE INVESTIMENTO EM COTAS RENDA FIXA CRÉDITO PRIVADO LP TIPO - RESP LIMITADA;2025-08-31;Títulos públicos federais;44.72
CLASSES - FIF;00.306.278/0001-91;;BRADESCO FIC DE FI FINANCEIRO RENDA FIXA REFERENCIADA DI - RESPONSABILIDADE LIMITADA;2025-08-31;Cotas de fundos de investimento 409;1.68
CLASSES - FIF;00.306.278/0001-91;;BRADESCO FIC DE FI FINANCEIRO RENDA FIXA REFERENCIADA DI - RESPONSABILIDADE LIMITADA;2025-08-31;Depósitos a prazo e outros títulos de instituições financeiras;26.64
CLASSES - FIF;00.306.278/0001-91;;BRADESCO FIC DE FI FINANCEIRO RENDA FIXA REFERENCIADA DI - RESPONSABILIDADE LIMITADA;2025-08-31;Operações compromissadas lastreadas em títulos públicos federais;41.45
CLASSES - FIF;00.306.278/0001-91;;BRADESCO FIC DE FI FINANCEIRO RENDA FIXA REFERENCIADA DI - RESPONSABILIDADE LIMITADA;2025-08-31;Títulos de crédito privado;12.30
CLASSES - FIF;00.306.278/0001-91;;BRADESCO FIC DE FI FINANCEIRO RENDA FIXA REFERENCIADA DI - RESPONSABILIDADE LIMITADA;2025-08-31;Títulos públicos federais;17.86
CLASSES - FIF;00.322.699/0001-06;;BRADESCO H FIF - CLASSE DE INVESTIMENTO RF REFERENCIADA DI CRED PRIV LP EXECUTIVO - RESP LIMITADA;2025-08-31;Cotas de fundos de investimento 409;0.90
CLASSES - FIF;00.322.699/0001-06;;BRADESCO H FIF - CLASSE DE INVESTIMENTO RF REFERENCIADA DI CRED PRIV LP EXECUTIVO - RESP LIMITADA;2025-08-31;Depósitos a prazo e outros títulos de instituições financeiras;59.25
CLASSES - FIF;00.322.699/0001-06;;BRADESCO H FIF - CLASSE DE INVESTIMENTO RF REFERENCIADA DI CRED PRIV LP EXECUTIVO - RESP LIMITADA;2025-08-31;Operações compromissadas lastreadas em títulos públicos federais;26.71
CLASSES - FIF;00.322.699/0001-06;;BRADESCO H FIF - CLASSE DE INVESTIMENTO RF REFERENCIADA DI CRED PRIV LP EXECUTIVO - RESP LIMITADA;2025-08-31;Outras aplicações;0.65
CLASSES - FIF;00.322.699/0001-06;;BRADESCO H FIF - CLASSE DE INVESTIMENTO RF REFERENCIADA DI CRED PRIV LP EXECUTIVO - RESP LIMITADA;2025-08-31;Títulos de crédito privado;12.50
CLASSES - FIF;00.598.452/0001-17;;MB MASTER RF REFERENCIADO DI LP FUNDO DE INVESTIMENTO FINANCEIRO - RESPONSABILIDADE LIMITADA;2025-08-31;Depósitos a prazo e outros títulos de instituições financeiras;27.30
CLASSES - FIF;00.598.452/0001-17;;MB MASTER RF REFERENCIADO DI LP FUNDO DE INVESTIMENTO FINANCEIRO - RESPONSABILIDADE LIMITADA;2025-08-31;Operações compromissadas lastreadas em títulos públicos federais;14.74
CLASSES - FIF;00.598.452/0001-17;;MB MASTER RF REFERENCIADO DI LP FUNDO DE INVESTIMENTO FINANCEIRO - RESPONSABILIDADE LIMITADA;2025-08-31;Títulos públicos federais;58.00
CLASSES - FIF;00.743.026/0001-20;;BANRISUL VIP FUNDO DE INVESTIMENTO FINANCEIRO RENDA FIXA LONGO PRAZO RESPONSABILIDADE LIMITADA;2025-08-31;DERIVATIVOS;-5.59
CLASSES - FIF;00.743.026/0001-20;;BANRISUL VIP FUNDO DE INVESTIMENTO FINANCEIRO RENDA FIXA LONGO PRAZO RESPONSABILIDADE LIMITADA;2025-08-31;OPERAÇÕES COMPROMISSADAS LASTREADAS EM TÍTULOS PÚBLICOS FEDERAIS;16.23
CLASSES - FIF;00.743.026/0001-20;;BANRISUL VIP FUNDO DE INVESTIMENTO FINANCEIRO RENDA FIXA LONGO PRAZO RESPONSABILIDADE LIMITADA;2025-08-31;TÍTULOS PÚBLICOS FEDERAIS;83.84
CLASSES - FIF;00.777.815/0001-81;;BRADESCO H FC DE FUNDO DE INVESTIMENTO FINANCEIRO RF REF DI LP FUNCIONÁRIO - RESP LIMITADA;2025-08-31;Depósitos a prazo e outros títulos de instituições financeiras;4.73
CLASSES - FIF;00.777.815/0001-81;;BRADESCO H FC DE FUNDO DE INVESTIMENTO FINANCEIRO RF REF DI LP FUNCIONÁRIO - RESP LIMITADA;2025-08-31;Operações compromissadas lastreadas em títulos públicos federais;57.54
CLASSES - FIF;00.777.815/0001-81;;BRADESCO H FC DE FUNDO DE INVESTIMENTO FINANCEIRO RF REF DI LP FUNCIONÁRIO - RESP LIMITADA;2025-08-31;Títulos de crédito privado;0.02
CLASSES - FIF;00.777.815/0001-81;;BRADESCO H FC DE FUNDO DE INVESTIMENTO FINANCEIRO RF REF DI LP FUNCIONÁRIO - RESP LIMITADA;2025-08-31;Títulos públicos federais;37.60
CLASSES - FIF;00.793.947/0001-05;;BRADESCO VÊNUS FIF - CLASSE DE INVESTIMENTO EM COTAS RENDA FIXA - RESPONSABILIDADE LIMITADA;2025-08-31;Cotas de fundos de investimento 409;19.17
CLASSES - FIF;00.793.947/0001-05;;BRADESCO VÊNUS FIF - CLASSE DE INVESTIMENTO EM COTAS RENDA FIXA - RESPONSABILIDADE LIMITADA;2025-08-31;Depósitos a prazo e outros títulos de instituições financeiras;23.81
CLASSES - FIF;00.793.947/0001-05;;BRADESCO VÊNUS FIF - CLASSE DE INVESTIMENTO EM COTAS RENDA FIXA - RESPONSABILIDADE LIMITADA;2025-08-31;Derivativos;-7.99
CLASSES - FIF;00.793.947/0001-05;;BRADESCO VÊNUS FIF - CLASSE DE INVESTIMENTO EM COTAS RENDA FIXA - RESPONSABILIDADE LIMITADA;2025-08-31;Operações compromissadas lastreadas em títulos públicos federais;21.38
CLASSES - FIF;00.793.947/0001-05;;BRADESCO VÊNUS FIF - CLASSE DE INVESTIMENTO EM COTAS RENDA FIXA - RESPONSABILIDADE LIMITADA;2025-08-31;Títulos públicos federais;31.70
CLASSES - FIF;00.807.777/0001-62;;DAYCOVAL RENDA FIXA FUNDO DE INVESTIMENTO FINANCEIRO;2025-08-31;Cotas de Fundos de Investimento 409;13.50
CLASSES - FIF;00.807.777/0001-62;;DAYCOVAL RENDA FIXA FUNDO DE INVESTIMENTO FINANCEIRO;2025-08-31;Depósitos a Prazo e Outros Títulos de Instituições Financeiras;8.20
CLASSES - FIF;00.807.777/0001-62;;DAYCOVAL RENDA FIXA FUNDO DE INVESTIMENTO FINANCEIRO;2025-08-31;Operações Compromissadas Lastreadas em Títulos Públicos Federais;56.25
CLASSES - FIF;00.807.777/0001-62;;DAYCOVAL RENDA FIXA FUNDO DE INVESTIMENTO FINANCEIRO;2025-08-31;Títulos de Crédito Privado;1.82
CLASSES - FIF;00.807.777/0001-62;;DAYCOVAL RENDA FIXA FUNDO DE INVESTIMENTO FINANCEIRO;2025-08-31;Títulos Públicos Federais;19.02
CLASSES - FIF;00.809.773/0001-13;;BRADESCO H FIF - CLASSE DE INVESTIMENTO EM COTAS RENDA FIXA CURTO PRAZO OVER - RESP LIMITADA;2025-08-31;Operações compromissadas lastreadas em títulos públicos federais;95.24
CLASSES - FIF;00.824.198/0001-28;;BRADESCO FC DE FUNDO DE INVESTIMENTO FINANCEIRO RF REF DI FEDERAL - RESP LIMITADA;2025-08-31;Operações compromissadas lastreadas em títulos públicos federais;26.86
CLASSES - FIF;00.824.198/0001-28;;BRADESCO FC DE FUNDO DE INVESTIMENTO FINANCEIRO RF REF DI FEDERAL - RESP LIMITADA;2025-08-31;Títulos públicos federais;67.70
CLASSES - FIF;00.825.076/0001-56;;PRATICBEC FIF - CLASSE DE INVESTIMENTO RF CURTO PRAZO - RESPONSABILIDADE LIMITADA;2025-08-31;Operações compromissadas lastreadas em títulos públicos federais;96.71
CLASSES - FIF;00.825.077/0001-09;;BECMAXI FI FINANCEIRO - CI RF - RESP LIMITADA;2025-08-31;Operações compromissadas lastreadas em títulos públicos federais;100.00
CLASSES - FIF;00.826.901/0001-37;;CS EVOLUTION DI FUNDO DE INVESTIMENTO EM COTAS DE FIF RENDA FIXA REFERENCIADO - RESP LIMITADA;2025-08-31;Outras Cotas de Fundos de Investimento;100.03
CLASSES - FIF;00.826.901/0001-37;;CS EVOLUTION DI FUNDO DE INVESTIMENTO EM COTAS DE FIF RENDA FIXA REFERENCIADO - RESP LIMITADA;2025-08-31;Outros;0.04
CLASSES - FIF;00.826.903/0001-26;;CSHG TOP FUNDO DE INVESTIMENTO EM COTAS DE FUNDOS DE INVESTIMENTO FINANCEIRO MULT RESP LIMITADA;2025-08-31;Outras Cotas de Fundos de Investimento;100.03
CLASSES - FIF;00.826.903/0001-26;;CSHG TOP FUNDO DE INVESTIMENTO EM COTAS DE FUNDOS DE INVESTIMENTO FINANCEIRO MULT RESP LIMITADA;2025-08-31;Outros;0.00
CLASSES - FIF;00.829.163/0001-81;;BRADESCO FIF - CIC MULTI MULTIPERFORMANCE - RESP LIMITADA;2025-08-31;Cotas de fundos de investimento 409;99.90
CLASSES - FIF;00.832.453/0001-84;;CSHG DI FUNDO DE INVESTIMENTO FINANCEIRO RENDA FIXA CURTO PRAZO - RESPONSABILIDADE LIMITADA;2025-08-31;Outros;100.24
CLASSES - FIF;00.836.263/0001-35;;TIVIO ATIVO FI FINANCEIRO - CI RF LP - RESP LIMITADA;2025-08-31;Ações;0.03
CLASSES - FIF;00.836.263/0001-35;;TIVIO ATIVO FI FINANCEIRO - CI RF LP - RESP LIMITADA;2025-08-31;Derivativos;15.83
CLASSES - FIF;00.836.263/0001-35;;TIVIO ATIVO FI FINANCEIRO - CI RF LP - RESP LIMITADA;2025-08-31;Operações compromissadas lastreadas em títulos públicos federais;46.27
CLASSES - FIF;00.836.263/0001-35;;TIVIO ATIVO FI FINANCEIRO - CI RF LP - RESP LIMITADA;2025-08-31;Títulos de crédito privado;0.10
CLASSES - FIF;00.836.263/0001-35;;TIVIO ATIVO FI FINANCEIRO - CI RF LP - RESP LIMITADA;2025-08-31;Títulos públicos federais;53.63
CLASSES - FIF;00.838.266/0001-08;;BANESTES VITÓRIA 500 FIC DE FIF RENDA FIXA REFERENCIADO DI RESPONSABILIDADE LIMITADA;2025-08-31;Depósitos a prazo e outros títulos de instituições financeiras;12.29
CLASSES - FIF;00.838.266/0001-08;;BANESTES VITÓRIA 500 FIC DE FIF RENDA FIXA REFERENCIADO DI RESPONSABILIDADE LIMITADA;2025-08-31;Operações compromissadas lastreadas em títulos públicos federais;38.21
CLASSES - FIF;00.838.266/0001-08;;BANESTES VITÓRIA 500 FIC DE FIF RENDA FIXA REFERENCIADO DI RESPONSABILIDADE LIMITADA;2025-08-31;Outras cotas de fundos de investimento;2.23
CLASSES - FIF;00.838.266/0001-08;;BANESTES VITÓRIA 500 FIC DE FIF RENDA FIXA REFERENCIADO DI RESPONSABILIDADE LIMITADA;2025-08-31;Títulos de crédito privado;10.64
CLASSES - FIF;00.838.266/0001-08;;BANESTES VITÓRIA 500 FIC DE FIF RENDA FIXA REFERENCIADO DI RESPONSABILIDADE LIMITADA;2025-08-31;Títulos públicos federais;36.71
CLASSES - FIF;00.838.267/0001-52;;BANESTES INVESTIDOR AUTOMÁTICO FIF RENDA FIXA CURTO PRAZO RESPONSABILIDADE LIMITADA;2025-08-31;Operações compromissadas lastreadas em títulos públicos federais;90.04
CLASSES - FIF;00.838.269/0001-41;;BANESTES INVEST MONEY FIF RENDA FIXA RESPONSABILIDADE LIMITADA;2025-08-31;Operações compromissadas lastreadas em títulos públicos federais;74.29
CLASSES - FIF;00.838.269/0001-41;;BANESTES INVEST MONEY FIF RENDA FIXA RESPONSABILIDADE LIMITADA;2025-08-31;Títulos públicos federais;25.71
CLASSES - FIF;00.885.760/0001-23;;BRADESCO H FC DE FUNDO DE INVESTIMENTO FINANCEIRO RF REF DI LONGO PRAZO 50 - RESP LIMITADA;2025-08-31;Operações compromissadas lastreadas em títulos públicos federais;31.24
CLASSES - FIF;00.885.760/0001-23;;BRADESCO H FC DE FUNDO DE INVESTIMENTO FINANCEIRO RF REF DI LONGO PRAZO 50 - RESP LIMITADA;2025-08-31;Títulos públicos federais;68.88
CLASSES - FIF;00.885.762/0001-12;;BRADESCO H FIF - CLASSE DE  INVESTIMENTO RF REFERENCIADA DI LP TÍTULOS PÚBLICOS - RESP LIMITADA;2025-08-31;Operações compromissadas lastreadas em títulos públicos federais;7.73
CLASSES - FIF;00.885.762/0001-12;;BRADESCO H FIF - CLASSE DE  INVESTIMENTO RF REFERENCIADA DI LP TÍTULOS PÚBLICOS - RESP LIMITADA;2025-08-31;Títulos públicos federais;92.29
CLASSES - FIF;00.975.480/0001-06;;BRADESCO H FIF  - CLASSE DE  INVESTIMENTO RF REFERENCIADA DI LONGO PRAZO  RESPONSABILIDADE LIMITADA;2025-08-31;Operações compromissadas lastreadas em títulos públicos federais;9.74
CLASSES - FIF;00.975.480/0001-06;;BRADESCO H FIF  - CLASSE DE  INVESTIMENTO RF REFERENCIADA DI LONGO PRAZO  RESPONSABILIDADE LIMITADA;2025-08-31;Títulos públicos federais;90.28
CLASSES - FIF;00.979.181/0001-40;;BRADESCO FIF - CLASSE DE INVESTIMENTO EM COTAS RENDA FIXA SOMA - RESPONSABILIDADE LIMITADA;2025-08-31;Cotas de fundos de investimento 409;19.83
CLASSES - FIF;00.979.181/0001-40;;BRADESCO FIF - CLASSE DE INVESTIMENTO EM COTAS RENDA FIXA SOMA - RESPONSABILIDADE LIMITADA;2025-08-31;Depósitos a prazo e outros títulos de instituições financeiras;24.63
CLASSES - FIF;00.979.181/0001-40;;BRADESCO FIF - CLASSE DE INVESTIMENTO EM COTAS RENDA FIXA SOMA - RESPONSABILIDADE LIMITADA;2025-08-31;Derivativos;-8.27
CLASSES - FIF;00.979.181/0001-40;;BRADESCO FIF - CLASSE DE INVESTIMENTO EM COTAS RENDA FIXA SOMA - RESPONSABILIDADE LIMITADA;2025-08-31;Operações compromissadas lastreadas em títulos públicos federais;22.11
CLASSES - FIF;00.979.181/0001-40;;BRADESCO FIF - CLASSE DE INVESTIMENTO EM COTAS RENDA FIXA SOMA - RESPONSABILIDADE LIMITADA;2025-08-31;Títulos públicos federais;32.78
CLASSES - FIF;01.114.310/0001-08;;BRADESCO H FIF - CLASSE DE INVESTIMENTO EM COTAS RENDA FIXA LONGO PRAZO PLUS - RESP LIMITADA;2025-08-31;Cotas de fundos de investimento 409;75.77
CLASSES - FIF;01.114.310/0001-08;;BRADESCO H FIF - CLASSE DE INVESTIMENTO EM COTAS RENDA FIXA LONGO PRAZO PLUS - RESP LIMITADA;2025-08-31;Operações compromissadas lastreadas em títulos públicos federais;7.00
CLASSES - FIF;01.114.310/0001-08;;BRADESCO H FIF - CLASSE DE INVESTIMENTO EM COTAS RENDA FIXA LONGO PRAZO PLUS - RESP LIMITADA;2025-08-31;Títulos públicos federais;17.41
CLASSES - FIF;01.171.956/0001-19;;BRADESCO FIF - CLASSE DE INVESTIMENTO EM COTAS CAMBIAL DÓLAR - RESP LIMITADA;2025-08-31;Derivativos;99.89
CLASSES - FIF;01.171.956/0001-19;;BRADESCO FIF - CLASSE DE INVESTIMENTO EM COTAS CAMBIAL DÓLAR - RESP LIMITADA;2025-08-31;Operações compromissadas lastreadas em títulos públicos federais;11.20
CLASSES - FIF;01.171.956/0001-19;;BRADESCO FIF - CLASSE DE INVESTIMENTO EM COTAS CAMBIAL DÓLAR - RESP LIMITADA;2025-08-31;Títulos públicos federais;88.62
CLASSES - FIF;01.171.957/0001-63;;BRAM FI FINANCEIRO - CI RF - RESP LIMITADA;2025-08-31;Cotas de fundos de investimento 409;0.36
CLASSES - FIF;01.171.957/0001-63;;BRAM FI FINANCEIRO - CI RF - RESP LIMITADA;2025-08-31;Depósitos a prazo e outros títulos de instituições financeiras;29.98
CLASSES - FIF;01.171.957/0001-63;;BRAM FI FINANCEIRO - CI RF - RESP LIMITADA;2025-08-31;Operações compromissadas lastreadas em títulos públicos federais;30.73
CLASSES - FIF;01.171.957/0001-63;;BRAM FI FINANCEIRO - CI RF - RESP LIMITADA;2025-08-31;Títulos de crédito privado;2.33
CLASSES - FIF;01.171.957/0001-63;;BRAM FI FINANCEIRO - CI RF - RESP LIMITADA;2025-08-31;Títulos públicos federais;36.09
CLASSES - FIF;01.197.545/0001-00;;BRADESCO FIF - CLASSE DE INVESTIMENTO EM COTAS RENDA FIXA SATURNO - RESPONSABILIDADE LIMITADA;2025-08-31;Cotas de fundos de investimento 409;19.03
CLASSES - FIF;01.197.545/0001-00;;BRADESCO FIF - CLASSE DE INVESTIMENTO EM COTAS RENDA FIXA SATURNO - RESPONSABILIDADE LIMITADA;2025-08-31;Depósitos a prazo e outros títulos de instituições financeiras;23.63
CLASSES - FIF;01.197.545/0001-00;;BRADESCO FIF - CLASSE DE INVESTIMENTO EM COTAS RENDA FIXA SATURNO - RESPONSABILIDADE LIMITADA;2025-08-31;Derivativos;-7.93
CLASSES - FIF;01.197.545/0001-00;;BRADESCO FIF - CLASSE DE INVESTIMENTO EM COTAS RENDA FIXA SATURNO - RESPONSABILIDADE LIMITADA;2025-08-31;Operações compromissadas lastreadas em títulos públicos federais;21.22
CLASSES - FIF;01.197.545/0001-00;;BRADESCO FIF - CLASSE DE INVESTIMENTO EM COTAS RENDA FIXA SATURNO - RESPONSABILIDADE LIMITADA;2025-08-31;Títulos públicos federais;31.46
CLASSES - FIF;01.221.890/0001-24;;CSHG VERDE FUNDO DE INVESTIMENTO EM COTAS DE FIF MULTIMERCADO - RESPONSABILIDADE LIMITADA;2025-08-31;Cotas de Fundos de Investimento 555;99.98
CLASSES - FIF;01.221.890/0001-24;;CSHG VERDE FUNDO DE INVESTIMENTO EM COTAS DE FIF MULTIMERCADO - RESPONSABILIDADE LIMITADA;2025-08-31;Outros;0.03
CLASSES - FIF;01.353.260/0001-03;;BANRISUL AUTOMÁTICO FUNDO DE INVESTIMENTO FINANCEIRO RENDA FIXA CURTO PRAZO RESPONSABILIDADE LIMITAD;2025-08-31;OPERAÇÕES COMPROMISSADAS LASTREADAS EM TÍTULOS PÚBLICOS FEDERAIS;95.56
CLASSES - FIF;01.375.954/0001-41;;PLANNER REDWOOD FUNDO DE INVESTIMENTO RENDA FIXA LONGO PRAZO RESPOSABILIDADE LIMITADA;2025-08-31;Cotas de Fundos;1.35
CLASSES - FIF;01.375.954/0001-41;;PLANNER REDWOOD FUNDO DE INVESTIMENTO RENDA FIXA LONGO PRAZO RESPOSABILIDADE LIMITADA;2025-08-31;Renda Fixa;98.51
CLASSES - FIF;01.464.595/0001-07;;CSHG FUNDO DE INVESTIMENTO FINANCEIRO - CAMBIAL RESPONSABILIDADE LIMITADA;2025-08-31;Compromissadas lastreadas em T¿los P¿blicos;3.63
CLASSES - FIF;01.464.595/0001-07;;CSHG FUNDO DE INVESTIMENTO FINANCEIRO - CAMBIAL RESPONSABILIDADE LIMITADA;2025-08-31;Derivativos;0.00
CLASSES - FIF;01.464.595/0001-07;;CSHG FUNDO DE INVESTIMENTO FINANCEIRO - CAMBIAL RESPONSABILIDADE LIMITADA;2025-08-31;Outros;0.04
CLASSES - FIF;01.464.595/0001-07;;CSHG FUNDO DE INVESTIMENTO FINANCEIRO - CAMBIAL RESPONSABILIDADE LIMITADA;2025-08-31;T¿los P¿blicos Federais;96.07
CLASSES - FIF;01.496.940/0001-86;;BRAM H INSTITUCIONAL FI FINANCEIRO - CIA - RESP LIMITADA;2025-08-31;Ações;97.54
CLASSES - FIF;01.496.940/0001-86;;BRAM H INSTITUCIONAL FI FINANCEIRO - CIA - RESP LIMITADA;2025-08-31;Cotas de fundos de investimento 409;0.00
CLASSES - FIF;01.496.940/0001-86;;BRAM H INSTITUCIONAL FI FINANCEIRO - CIA - RESP LIMITADA;2025-08-31;Derivativos;1.46
CLASSES - FIF;01.496.940/0001-86;;BRAM H INSTITUCIONAL FI FINANCEIRO - CIA - RESP LIMITADA;2025-08-31;Operações compromissadas lastreadas em títulos públicos federais;1.47
CLASSES - FIF;01.541.649/0001-82;;BRADESCO FIF - CIC MULTI GOLDEN PROFIT CONSERVADOR - RESP LIMITADA;2025-08-31;Ações;16.85
CLASSES - FIF;01.541.649/0001-82;;BRADESCO FIF - CIC MULTI GOLDEN PROFIT CONSERVADOR - RESP LIMITADA;2025-08-31;Derivativos;45.84
CLASSES - FIF;01.541.649/0001-82;;BRADESCO FIF - CIC MULTI GOLDEN PROFIT CONSERVADOR - RESP LIMITADA;2025-08-31;Operações compromissadas lastreadas em títulos públicos federais;23.25
CLASSES - FIF;01.541.649/0001-82;;BRADESCO FIF - CIC MULTI GOLDEN PROFIT CONSERVADOR - RESP LIMITADA;2025-08-31;Outras aplicações;4.89
CLASSES - FIF;01.541.649/0001-82;;BRADESCO FIF - CIC MULTI GOLDEN PROFIT CONSERVADOR - RESP LIMITADA;2025-08-31;Títulos públicos federais;51.36
CLASSES - FIF;01.562.582/0001-62;;BRADESCO H FIF - CLASSE DE INVESTIMENTO RENDA FIXA CRÉDITO PRIVADO LONGO PRAZO ATIVO - RESP LIMITADA;2025-08-31;Depósitos a prazo e outros títulos de instituições financeiras;33.66
CLASSES - FIF;01.562.582/0001-62;;BRADESCO H FIF - CLASSE DE INVESTIMENTO RENDA FIXA CRÉDITO PRIVADO LONGO PRAZO ATIVO - RESP LIMITADA;2025-08-31;Derivativos;-1.75
CLASSES - FIF;01.562.582/0001-62;;BRADESCO H FIF - CLASSE DE INVESTIMENTO RENDA FIXA CRÉDITO PRIVADO LONGO PRAZO ATIVO - RESP LIMITADA;2025-08-31;Operações compromissadas lastreadas em títulos públicos federais;24.29
CLASSES - FIF;01.562.582/0001-62;;BRADESCO H FIF - CLASSE DE INVESTIMENTO RENDA FIXA CRÉDITO PRIVADO LONGO PRAZO ATIVO - RESP LIMITADA;2025-08-31;Títulos públicos federais;42.06
CLASSES - FIF;01.587.403/0001-41;;BANESTES VIP DI FIC DE FIF RENDA FIXA REFERENCIADO DI RESPONSABILIDADE LIMITADA;2025-08-31;Depósitos a prazo e outros títulos de instituições financeiras;12.28
CLASSES - FIF;01.587.403/0001-41;;BANESTES VIP DI FIC DE FIF RENDA FIXA REFERENCIADO DI RESPONSABILIDADE LIMITADA;2025-08-31;Operações compromissadas lastreadas em títulos públicos federais;38.18
CLASSES - FIF;01.587.403/0001-41;;BANESTES VIP DI FIC DE FIF RENDA FIXA REFERENCIADO DI RESPONSABILIDADE LIMITADA;2025-08-31;Outras cotas de fundos de investimento;2.23
CLASSES - FIF;01.587.403/0001-41;;BANESTES VIP DI FIC DE FIF RENDA FIXA REFERENCIADO DI RESPONSABILIDADE LIMITADA;2025-08-31;Títulos de crédito privado;10.63
CLASSES - FIF;01.587.403/0001-41;;BANESTES VIP DI FIC DE FIF RENDA FIXA REFERENCIADO DI RESPONSABILIDADE LIMITADA;2025-08-31;Títulos públicos federais;36.69
CLASSES - FIF;01.606.543/0001-10;;BRADESCO ALOCAÇÃO MODERADA FI FINANCEIRO - CIC MULT - RESP LIMITADA;2025-08-31;Cotas de fundos de investimento 409;10.15
CLASSES - FIF;01.606.543/0001-10;;BRADESCO ALOCAÇÃO MODERADA FI FINANCEIRO - CIC MULT - RESP LIMITADA;2025-08-31;Derivativos;13.57
CLASSES - FIF;01.606.543/0001-10;;BRADESCO ALOCAÇÃO MODERADA FI FINANCEIRO - CIC MULT - RESP LIMITADA;2025-08-31;Operações compromissadas lastreadas em títulos públicos federais;22.14
CLASSES - FIF;01.606.543/0001-10;;BRADESCO ALOCAÇÃO MODERADA FI FINANCEIRO - CIC MULT - RESP LIMITADA;2025-08-31;Títulos públicos federais;67.91
CLASSES - FIF;01.606.544/0001-64;;BRADESCO FIF - CIC MULTI GOLDEN PROFIT DINÂMICO - RESP LIMITADA;2025-08-31;Ações;28.61
CLASSES - FIF;01.606.544/0001-64;;BRADESCO FIF - CIC MULTI GOLDEN PROFIT DINÂMICO - RESP LIMITADA;2025-08-31;Derivativos;69.65
CLASSES - FIF;01.606.544/0001-64;;BRADESCO FIF - CIC MULTI GOLDEN PROFIT DINÂMICO - RESP LIMITADA;2025-08-31;Operações compromissadas lastreadas em títulos públicos federais;3.90
CLASSES - FIF;01.606.544/0001-64;;BRADESCO FIF - CIC MULTI GOLDEN PROFIT DINÂMICO - RESP LIMITADA;2025-08-31;Outras aplicações;7.44
CLASSES - FIF;01.606.544/0001-64;;BRADESCO FIF - CIC MULTI GOLDEN PROFIT DINÂMICO - RESP LIMITADA;2025-08-31;Títulos públicos federais;57.43
CLASSES - FIF;01.606.545/0001-09;;BRADESCO FIF - CLASSE DE INVESTIMENTO EM COTAS RENDA FIXA MACRO - RESPONSABILIDADE LIMITADA;2025-08-31;Cotas de fundos de investimento 409;19.06
CLASSES - FIF;01.606.545/0001-09;;BRADESCO FIF - CLASSE DE INVESTIMENTO EM COTAS RENDA FIXA MACRO - RESPONSABILIDADE LIMITADA;2025-08-31;Depósitos a prazo e outros títulos de instituições financeiras;23.67
CLASSES - FIF;01.606.545/0001-09;;BRADESCO FIF - CLASSE DE INVESTIMENTO EM COTAS RENDA FIXA MACRO - RESPONSABILIDADE LIMITADA;2025-08-31;Derivativos;-7.95
CLASSES - FIF;01.606.545/0001-09;;BRADESCO FIF - CLASSE DE INVESTIMENTO EM COTAS RENDA FIXA MACRO - RESPONSABILIDADE LIMITADA;2025-08-31;Operações compromissadas lastreadas em títulos públicos federais;21.25
CLASSES - FIF;01.606.545/0001-09;;BRADESCO FIF - CLASSE DE INVESTIMENTO EM COTAS RENDA FIXA MACRO - RESPONSABILIDADE LIMITADA;2025-08-31;Títulos públicos federais;31.51
CLASSES - FIF;01.606.546/0001-53;;BRADESCO FIF - CLASSE DE INVESTIMENTO EM COTAS RENDA FIXA MERCÚRIO - RESPONSABILIDADE LIMITADA;2025-08-31;Cotas de fundos de investimento 409;19.15
CLASSES - FIF;01.606.546/0001-53;;BRADESCO FIF - CLASSE DE INVESTIMENTO EM COTAS RENDA FIXA MERCÚRIO - RESPONSABILIDADE LIMITADA;2025-08-31;Depósitos a prazo e outros títulos de instituições financeiras;23.78
CLASSES - FIF;01.606.546/0001-53;;BRADESCO FIF - CLASSE DE INVESTIMENTO EM COTAS RENDA FIXA MERCÚRIO - RESPONSABILIDADE LIMITADA;2025-08-31;Derivativos;-7.98
CLASSES - FIF;01.606.546/0001-53;;BRADESCO FIF - CLASSE DE INVESTIMENTO EM COTAS RENDA FIXA MERCÚRIO - RESPONSABILIDADE LIMITADA;2025-08-31;Operações compromissadas lastreadas em títulos públicos federais;21.35
CLASSES - FIF;01.606.546/0001-53;;BRADESCO FIF - CLASSE DE INVESTIMENTO EM COTAS RENDA FIXA MERCÚRIO - RESPONSABILIDADE LIMITADA;2025-08-31;Títulos públicos federais;31.66
CLASSES - FIF;01.608.399/0001-50;;CSHG TOP AÇÕES FUNDO DE INVESTIMENTO EM COTAS DE FIF EM AÇÕES RESPONSABILIDADE LIMITADA;2025-08-31;Outras Cotas de Fundos de Investimento;100.02
CLASSES - FIF;01.608.399/0001-50;;CSHG TOP AÇÕES FUNDO DE INVESTIMENTO EM COTAS DE FIF EM AÇÕES RESPONSABILIDADE LIMITADA;2025-08-31;Outros;0.01
CLASSES - FIF;01.624.111/0001-31;;BECSUPER FIF - CLASSE DE INVESTIMENTO RF REFERENCIADA DI - RESP LIMITADA;2025-08-31;Operações compromissadas lastreadas em títulos públicos federais;100.02
CLASSES - FIF;01.757.217/0001-03;;BRADESCO FIF - CIC MULTI MAIS - RESP LIMITADA;2025-08-31;Cotas de fundos de investimento 409;99.75
CLASSES - FIF;01.776.200/0001-01;;CLIC FUNDO DE INVESTIMENTO FINANCEIRO EM AÇÕES - RESPONSABILIDADE LIMITADA;2025-08-31;Ações;89.09
CLASSES - FIF;01.776.200/0001-01;;CLIC FUNDO DE INVESTIMENTO FINANCEIRO EM AÇÕES - RESPONSABILIDADE LIMITADA;2025-08-31;Operações compromissadas lastreadas em títulos públicos federais;3.29
CLASSES - FIF;01.776.200/0001-01;;CLIC FUNDO DE INVESTIMENTO FINANCEIRO EM AÇÕES - RESPONSABILIDADE LIMITADA;2025-08-31;Títulos públicos federais;1.70
CLASSES - FIF;01.822.655/0001-08;;BANRISUL MASTER FUNDO DE INVESTIMENTO FINANCEIRO RENDA FIXA REFERENCIADO DI LONGO PRAZO RESPONSABILI;2025-08-31;DEPÓSITOS A PRAZO E OUTROS TÍTULOS DE INSTITUIÇÕES FINANCEIRAS;0.59
CLASSES - FIF;01.822.655/0001-08;;BANRISUL MASTER FUNDO DE INVESTIMENTO FINANCEIRO RENDA FIXA REFERENCIADO DI LONGO PRAZO RESPONSABILI;2025-08-31;OPERAÇÕES COMPROMISSADAS LASTREADAS EM TÍTULOS PÚBLICOS FEDERAIS;16.93
CLASSES - FIF;01.822.655/0001-08;;BANRISUL MASTER FUNDO DE INVESTIMENTO FINANCEIRO RENDA FIXA REFERENCIADO DI LONGO PRAZO RESPONSABILI;2025-08-31;TÍTULOS DE CRÉDITO PRIVADO;29.03
CLASSES - FIF;01.822.655/0001-08;;BANRISUL MASTER FUNDO DE INVESTIMENTO FINANCEIRO RENDA FIXA REFERENCIADO DI LONGO PRAZO RESPONSABILI;2025-08-31;TÍTULOS PÚBLICOS FEDERAIS;53.50
CLASSES - FIF;01.960.341/0001-71;;BRADESCO FIF - CLASSE DE INVESTIMENTO EM COTAS RENDA FIXA CURTO PRAZO VERSÁTIL - RESP LIMITADA;2025-08-31;Operações compromissadas lastreadas em títulos públicos federais;96.00
CLASSES - FIF;02.131.724/0001-08;;BANRISUL INFRA ESTRUTURA FUNDO DE INVESTIMENTO FINANCEIRO EM AÇÕES RESPONSABILIDADE LIMITADA;2025-08-31;AÇÕES;97.40
CLASSES - FIF;02.131.724/0001-08;;BANRISUL INFRA ESTRUTURA FUNDO DE INVESTIMENTO FINANCEIRO EM AÇÕES RESPONSABILIDADE LIMITADA;2025-08-31;OPERAÇÕES COMPROMISSADAS LASTREADAS EM TÍTULOS PÚBLICOS FEDERAIS;1.71
CLASSES - FIF;02.131.725/0001-44;;BANRISUL ÍNDICE FUNDO DE INVESTIMENTO FINANCEIRO EM AÇÕES RESPONSABILIDADE LIMITADA;2025-08-31;AÇÕES;95.56
CLASSES - FIF;02.131.725/0001-44;;BANRISUL ÍNDICE FUNDO DE INVESTIMENTO FINANCEIRO EM AÇÕES RESPONSABILIDADE LIMITADA;2025-08-31;COTAS DE FUNDOS DE INVESTIMENTO 409;1.92
CLASSES - FIF;02.131.725/0001-44;;BANRISUL ÍNDICE FUNDO DE INVESTIMENTO FINANCEIRO EM AÇÕES RESPONSABILIDADE LIMITADA;2025-08-31;OPERAÇÕES COMPROMISSADAS LASTREADAS EM TÍTULOS PÚBLICOS FEDERAIS;3.76
CLASSES - FIF;02.138.442/0001-24;;BRADESCO H DIVIDENDOS FI FINANCEIRO - CIA - RESP LIMITADA;2025-08-31;Ações;97.96
CLASSES - FIF;02.138.442/0001-24;;BRADESCO H DIVIDENDOS FI FINANCEIRO - CIA - RESP LIMITADA;2025-08-31;Derivativos;2.02
CLASSES - FIF;02.138.442/0001-24;;BRADESCO H DIVIDENDOS FI FINANCEIRO - CIA - RESP LIMITADA;2025-08-31;Operações compromissadas lastreadas em títulos públicos federais;0.45
CLASSES - FIF;02.171.479/0001-54;;BRADESCO FIF - CLASSE DE INVESTIMENTO EM COTAS DE AÇÕES IBOVESPA ATIVO - RESP LIMITADA;2025-08-31;Ações;93.63
CLASSES - FIF;02.171.479/0001-54;;BRADESCO FIF - CLASSE DE INVESTIMENTO EM COTAS DE AÇÕES IBOVESPA ATIVO - RESP LIMITADA;2025-08-31;Derivativos;0.46
CLASSES - FIF;02.171.479/0001-54;;BRADESCO FIF - CLASSE DE INVESTIMENTO EM COTAS DE AÇÕES IBOVESPA ATIVO - RESP LIMITADA;2025-08-31;Investimento no exterior;4.81
CLASSES - FIF;02.171.479/0001-54;;BRADESCO FIF - CLASSE DE INVESTIMENTO EM COTAS DE AÇÕES IBOVESPA ATIVO - RESP LIMITADA;2025-08-31;Operações compromissadas lastreadas em títulos públicos federais;0.90
CLASSES - FIF;02.294.024/0001-26;;BRADESCO H FIF - CIC CAMBIAL LONGO PRAZO DÓLAR - RESPONSABILIDADE LIMITADA;2025-08-31;Derivativos;97.26
CLASSES - FIF;02.294.024/0001-26;;BRADESCO H FIF - CIC CAMBIAL LONGO PRAZO DÓLAR - RESPONSABILIDADE LIMITADA;2025-08-31;Operações compromissadas lastreadas em títulos públicos federais;10.66
CLASSES - FIF;02.294.024/0001-26;;BRADESCO H FIF - CIC CAMBIAL LONGO PRAZO DÓLAR - RESPONSABILIDADE LIMITADA;2025-08-31;Títulos públicos federais;86.96
CLASSES - FIF;02.335.944/0001-45;;BRADESCO FUNDO DE INVESTIMENTO RENDA FIXA TARGET I;2025-08-31;Depósitos a prazo e outros títulos de instituições financeiras;20.71
CLASSES - FIF;02.335.944/0001-45;;BRADESCO FUNDO DE INVESTIMENTO RENDA FIXA TARGET I;2025-08-31;Derivativos;1.73
CLASSES - FIF;02.335.944/0001-45;;BRADESCO FUNDO DE INVESTIMENTO RENDA FIXA TARGET I;2025-08-31;Operações compromissadas lastreadas em títulos públicos federais;17.23
CLASSES - FIF;02.335.944/0001-45;;BRADESCO FUNDO DE INVESTIMENTO RENDA FIXA TARGET I;2025-08-31;Títulos de crédito privado;11.10
CLASSES - FIF;02.335.944/0001-45;;BRADESCO FUNDO DE INVESTIMENTO RENDA FIXA TARGET I;2025-08-31;Títulos públicos federais;50.55
CLASSES - FIF;02.430.487/0001-78;;BANRISUL SUPER FUNDO DE INVESTIMENTO FINANCEIRO RENDA FIXA CURTO PRAZO RESPONSABILIDADE LIMITADA;2025-08-31;OPERAÇÕES COMPROMISSADAS LASTREADAS EM TÍTULOS PÚBLICOS FEDERAIS;94.88
CLASSES - FIF;02.567.996/0001-47;;BRADESCO FIF - CIC RENDA FIXA REFERENCIADA DI FEDERAL PLUS - RESPONSABILIDADE LIMITADA;2025-08-31;Operações compromissadas lastreadas em títulos públicos federais;27.00
CLASSES - FIF;02.567.996/0001-47;;BRADESCO FIF - CIC RENDA FIXA REFERENCIADA DI FEDERAL PLUS - RESPONSABILIDADE LIMITADA;2025-08-31;Títulos públicos federais;68.06
CLASSES - FIF;02.567.997/0001-91;;BRADESCO FIF - CLASSE DE INVESTIMENTO EM COTAS RENDA FIXA MARTE - RESPONSABILIDADE LIMITADA;2025-08-31;Cotas de fundos de investimento 409;19.49
CLASSES - FIF;02.567.997/0001-91;;BRADESCO FIF - CLASSE DE INVESTIMENTO EM COTAS RENDA FIXA MARTE - RESPONSABILIDADE LIMITADA;2025-08-31;Depósitos a prazo e outros títulos de instituições financeiras;24.20
CLASSES - FIF;02.567.997/0001-91;;BRADESCO FIF - CLASSE DE INVESTIMENTO EM COTAS RENDA FIXA MARTE - RESPONSABILIDADE LIMITADA;2025-08-31;Derivativos;-8.12
CLASSES - FIF;02.567.997/0001-91;;BRADESCO FIF - CLASSE DE INVESTIMENTO EM COTAS RENDA FIXA MARTE - RESPONSABILIDADE LIMITADA;2025-08-31;Operações compromissadas lastreadas em títulos públicos federais;21.73
CLASSES - FIF;02.567.997/0001-91;;BRADESCO FIF - CLASSE DE INVESTIMENTO EM COTAS RENDA FIXA MARTE - RESPONSABILIDADE LIMITADA;2025-08-31;Títulos públicos federais;32.22
CLASSES - FIF;02.763.602/0001-26;;BRADESCO PRIME FIF - CLASSE DE INVESTIMENTO EM COTAS DE AÇÕES SMALL CAP - RESPONSABILIDADE LIMITADA;2025-08-31;Ações;97.08
CLASSES - FIF;02.763.602/0001-26;;BRADESCO PRIME FIF - CLASSE DE INVESTIMENTO EM COTAS DE AÇÕES SMALL CAP - RESPONSABILIDADE LIMITADA;2025-08-31;Operações compromissadas lastreadas em títulos públicos federais;2.64
CLASSES - FIF;02.998.239/0001-28;;BRAM FIF - CLASSE DE INVESTIMENTO RF TARGET - RESP LIMITADA;2025-08-31;Cotas de fundos de investimento 409;0.32
CLASSES - FIF;02.998.239/0001-28;;BRAM FIF - CLASSE DE INVESTIMENTO RF TARGET - RESP LIMITADA;2025-08-31;Depósitos a prazo e outros títulos de instituições financeiras;24.79
CLASSES - FIF;02.998.239/0001-28;;BRAM FIF - CLASSE DE INVESTIMENTO RF TARGET - RESP LIMITADA;2025-08-31;Operações compromissadas lastreadas em títulos públicos federais;49.43
CLASSES - FIF;02.998.239/0001-28;;BRAM FIF - CLASSE DE INVESTIMENTO RF TARGET - RESP LIMITADA;2025-08-31;Títulos de crédito privado;6.66
CLASSES - FIF;02.998.239/0001-28;;BRAM FIF - CLASSE DE INVESTIMENTO RF TARGET - RESP LIMITADA;2025-08-31;Títulos públicos federais;18.62
CLASSES - FIF;03.054.724/0001-06;;BRADESCO YIELD FI FINANCEIRO - CI RF LP - RESP LIMITADA;2025-08-31;Operações compromissadas lastreadas em títulos públicos federais;24.35
CLASSES - FIF;03.054.724/0001-06;;BRADESCO YIELD FI FINANCEIRO - CI RF LP - RESP LIMITADA;2025-08-31;Títulos públicos federais;75.27
CLASSES - FIF;03.256.793/0001-00;;BRADESCO FIF - CLASSE DE INVESTIMENTO RENDA FIXA REFERENCIADA DI FEDERAL EXTRA -RESP LIMITADA;2025-08-31;Operações compromissadas lastreadas em títulos públicos federais;28.03
CLASSES - FIF;03.256.793/0001-00;;BRADESCO FIF - CLASSE DE INVESTIMENTO RENDA FIXA REFERENCIADA DI FEDERAL EXTRA -RESP LIMITADA;2025-08-31;Títulos públicos federais;70.63
CLASSES - FIF;03.287.127/0001-21;;IMPACTO VALOR FUNDO DE INVESTIMENTO FINANCEIRO EM AÇÕES RESPONSABILIDADE LIMITADA;2025-08-31;Acões;98.85
CLASSES - FIF;03.287.127/0001-21;;IMPACTO VALOR FUNDO DE INVESTIMENTO FINANCEIRO EM AÇÕES RESPONSABILIDADE LIMITADA;2025-08-31;Depósito a prazo e outros títulos de instituições financeiras;1.15
CLASSES - FIF;03.287.127/0001-21;;IMPACTO VALOR FUNDO DE INVESTIMENTO FINANCEIRO EM AÇÕES RESPONSABILIDADE LIMITADA;2025-08-31;Operacões compromissadas lastreadas em títulos privados;0.00
CLASSES - FIF;03.287.127/0001-21;;IMPACTO VALOR FUNDO DE INVESTIMENTO FINANCEIRO EM AÇÕES RESPONSABILIDADE LIMITADA;2025-08-31;Operacões compromissadas lastreadas em títulos públicos federais;0.00
CLASSES - FIF;03.287.127/0001-21;;IMPACTO VALOR FUNDO DE INVESTIMENTO FINANCEIRO EM AÇÕES RESPONSABILIDADE LIMITADA;2025-08-31;Títulos Públicos federais;0.00
CLASSES - FIF;03.295.134/0001-75;;AMIGOS DO COELHO FUNDO DE INVESTIMENTO EM AÇÕES RESPONSABILIDADE LIMITADA;2025-08-31;Ações;92.63
CLASSES - FIF;03.295.134/0001-75;;AMIGOS DO COELHO FUNDO DE INVESTIMENTO EM AÇÕES RESPONSABILIDADE LIMITADA;2025-08-31;Operações compromissadas lastreadas em títulospúblicos federais;6.45
CLASSES - FIF;03.295.134/0001-75;;AMIGOS DO COELHO FUNDO DE INVESTIMENTO EM AÇÕES RESPONSABILIDADE LIMITADA;2025-08-31;Outras aplicações;0.92
CLASSES - FIF;03.319.016/0001-50;;TIVIO DÓLAR CAMBIAL FIF - CLASSE DE INVESTIMENTO EM COTAS CAMBIAL - RESPONSABILIDADE LIMITADA;2025-08-31;Derivativos;98.15
CLASSES - FIF;03.319.016/0001-50;;TIVIO DÓLAR CAMBIAL FIF - CLASSE DE INVESTIMENTO EM COTAS CAMBIAL - RESPONSABILIDADE LIMITADA;2025-08-31;Operações compromissadas lastreadas em títulos públicos federais;29.41
CLASSES - FIF;03.319.016/0001-50;;TIVIO DÓLAR CAMBIAL FIF - CLASSE DE INVESTIMENTO EM COTAS CAMBIAL - RESPONSABILIDADE LIMITADA;2025-08-31;Títulos públicos federais;70.41
CLASSES - FIF;03.394.711/0001-86;;BRADESCO IBOVESPA PLUS FI FINANCEIRO - CIA - RESP LIMITADA;2025-08-31;Ações;97.65
CLASSES - FIF;03.394.711/0001-86;;BRADESCO IBOVESPA PLUS FI FINANCEIRO - CIA - RESP LIMITADA;2025-08-31;Derivativos;2.29
CLASSES - FIF;03.394.711/0001-86;;BRADESCO IBOVESPA PLUS FI FINANCEIRO - CIA - RESP LIMITADA;2025-08-31;Operações compromissadas lastreadas em títulos públicos federais;0.66
CLASSES - FIF;03.399.411/0001-90;;BRADESCO FUNDO DE INVESTIMENTO FINANCEIRO RENDA FIXA REFERENCIADA DI PREMIUM - RESP LIMITADA;2025-08-31;Cotas de fundos de investimento 409;0.76
CLASSES - FIF;03.399.411/0001-90;;BRADESCO FUNDO DE INVESTIMENTO FINANCEIRO RENDA FIXA REFERENCIADA DI PREMIUM - RESP LIMITADA;2025-08-31;Depósitos a prazo e outros títulos de instituições financeiras;29.76
CLASSES - FIF;03.399.411/0001-90;;BRADESCO FUNDO DE INVESTIMENTO FINANCEIRO RENDA FIXA REFERENCIADA DI PREMIUM - RESP LIMITADA;2025-08-31;Operações compromissadas lastreadas em títulos públicos federais;52.15
CLASSES - FIF;03.399.411/0001-90;;BRADESCO FUNDO DE INVESTIMENTO FINANCEIRO RENDA FIXA REFERENCIADA DI PREMIUM - RESP LIMITADA;2025-08-31;Títulos de crédito privado;7.01
CLASSES - FIF;03.399.411/0001-90;;BRADESCO FUNDO DE INVESTIMENTO FINANCEIRO RENDA FIXA REFERENCIADA DI PREMIUM - RESP LIMITADA;2025-08-31;Títulos públicos federais;9.69
CLASSES - FIF;03.408.336/0001-86;;CSHG VERDE AM STRATEGY II FUNDO DE INVESTIMENTO EM COTAS DE FIF AÇÕES - RESPONSABILIDADE LIMITADA;2025-08-31;Cotas de Fundos de Investimento 555;99.92
CLASSES - FIF;03.408.336/0001-86;;CSHG VERDE AM STRATEGY II FUNDO DE INVESTIMENTO EM COTAS DE FIF AÇÕES - RESPONSABILIDADE LIMITADA;2025-08-31;Outros;0.15
CLASSES - FIF;03.473.193/0001-96;;BRADESCO INSTITUCIONAL IBRX ATIVO FI FINANCEIRO - CIA - RESP LIMITADA;2025-08-31;Ações;78.60
CLASSES - FIF;03.473.193/0001-96;;BRADESCO INSTITUCIONAL IBRX ATIVO FI FINANCEIRO - CIA - RESP LIMITADA;2025-08-31;Cotas de fundos de investimento 409;1.68
CLASSES - FIF;03.473.193/0001-96;;BRADESCO INSTITUCIONAL IBRX ATIVO FI FINANCEIRO - CIA - RESP LIMITADA;2025-08-31;Derivativos;18.41
CLASSES - FIF;03.473.193/0001-96;;BRADESCO INSTITUCIONAL IBRX ATIVO FI FINANCEIRO - CIA - RESP LIMITADA;2025-08-31;Operações compromissadas lastreadas em títulos públicos federais;17.61
CLASSES - FIF;03.553.574/0001-85;;BRADESCO FIF - CLASSE DE INVESTIMENTO MULTIMERCADO TEAM - RESPONSABILIDADE LIMITADA;2025-08-31;Operações compromissadas lastreadas em títulos públicos federais;17.13
CLASSES - FIF;03.553.574/0001-85;;BRADESCO FIF - CLASSE DE INVESTIMENTO MULTIMERCADO TEAM - RESPONSABILIDADE LIMITADA;2025-08-31;Títulos públicos federais;82.62
CLASSES - FIF;03.583.239/0001-20;;BRADESCO H AQUAMARINE FIF - CLASSE DE  INVESTIMENTO EM COTAS MULT - RESPONSABILIDADE LIMITADA;2025-08-31;Cotas de fundos de investimento 409;83.27
CLASSES - FIF;03.583.239/0001-20;;BRADESCO H AQUAMARINE FIF - CLASSE DE  INVESTIMENTO EM COTAS MULT - RESPONSABILIDADE LIMITADA;2025-08-31;Operações compromissadas lastreadas em títulos públicos federais;4.90
CLASSES - FIF;03.583.239/0001-20;;BRADESCO H AQUAMARINE FIF - CLASSE DE  INVESTIMENTO EM COTAS MULT - RESPONSABILIDADE LIMITADA;2025-08-31;Títulos públicos federais;12.20
CLASSES - FIF;03.660.879/0001-96;;BRADESCO SELECTION FI FINANCEIRO - CIC EM AÇÕES - RESP LIMITADA;2025-08-31;Ações;79.01
CLASSES - FIF;03.660.879/0001-96;;BRADESCO SELECTION FI FINANCEIRO - CIC EM AÇÕES - RESP LIMITADA;2025-08-31;Cotas de fundos de investimento 409;9.16
CLASSES - FIF;03.660.879/0001-96;;BRADESCO SELECTION FI FINANCEIRO - CIC EM AÇÕES - RESP LIMITADA;2025-08-31;Derivativos;-1.11
CLASSES - FIF;03.660.879/0001-96;;BRADESCO SELECTION FI FINANCEIRO - CIC EM AÇÕES - RESP LIMITADA;2025-08-31;Operações compromissadas lastreadas em títulos públicos federais;12.57
CLASSES - FIF;03.706.631/0001-19;;BRADESCO H FIF - CIC RENDA FIXA REFERENCIA DI LONGO PRAZO GRUPOS  - RESPONSABILIDADE LIMITADA;2025-08-31;Depósitos a prazo e outros títulos de instituições financeiras;4.70
CLASSES - FIF;03.706.631/0001-19;;BRADESCO H FIF - CIC RENDA FIXA REFERENCIA DI LONGO PRAZO GRUPOS  - RESPONSABILIDADE LIMITADA;2025-08-31;Operações compromissadas lastreadas em títulos públicos federais;57.13
CLASSES - FIF;03.706.631/0001-19;;BRADESCO H FIF - CIC RENDA FIXA REFERENCIA DI LONGO PRAZO GRUPOS  - RESPONSABILIDADE LIMITADA;2025-08-31;Títulos de crédito privado;0.02
CLASSES - FIF;03.706.631/0001-19;;BRADESCO H FIF - CIC RENDA FIXA REFERENCIA DI LONGO PRAZO GRUPOS  - RESPONSABILIDADE LIMITADA;2025-08-31;Títulos públicos federais;37.33
CLASSES - FIF;03.766.575/0001-08;;BRADESCO FIF - CIC RENDA FIXA REFERENCIADA DI HIPERFUNDO -RESPONSABILIDADE LIMITADA;2025-08-31;Depósitos a prazo e outros títulos de instituições financeiras;4.74
CLASSES - FIF;03.766.575/0001-08;;BRADESCO FIF - CIC RENDA FIXA REFERENCIADA DI HIPERFUNDO -RESPONSABILIDADE LIMITADA;2025-08-31;Operações compromissadas lastreadas em títulos públicos federais;57.58
CLASSES - FIF;03.766.575/0001-08;;BRADESCO FIF - CIC RENDA FIXA REFERENCIADA DI HIPERFUNDO -RESPONSABILIDADE LIMITADA;2025-08-31;Títulos de crédito privado;0.02
CLASSES - FIF;03.766.575/0001-08;;BRADESCO FIF - CIC RENDA FIXA REFERENCIADA DI HIPERFUNDO -RESPONSABILIDADE LIMITADA;2025-08-31;Títulos públicos federais;37.63
CLASSES - FIF;03.805.966/0001-94;;BRADESCO PRIME H FIF - CLASSE DE INVESTIMENTO EM COTAS RENDA FIXA LONGO PRAZO - RESP LIMITADA;2025-08-31;Cotas de fundos de investimento 409;89.58
CLASSES - FIF;03.805.966/0001-94;;BRADESCO PRIME H FIF - CLASSE DE INVESTIMENTO EM COTAS RENDA FIXA LONGO PRAZO - RESP LIMITADA;2025-08-31;Operações compromissadas lastreadas em títulos públicos federais;3.04
CLASSES - FIF;03.805.966/0001-94;;BRADESCO PRIME H FIF - CLASSE DE INVESTIMENTO EM COTAS RENDA FIXA LONGO PRAZO - RESP LIMITADA;2025-08-31;Títulos públicos federais;7.56
CLASSES - FIF;03.805.990/0001-23;;BRADESCO H FIF - CIC RENDA FIXA REFERENCIADA DI LONGO PRAZO 15.000 - RESPONSABILIDADE LIMITADA;2025-08-31;Depósitos a prazo e outros títulos de instituições financeiras;4.73
CLASSES - FIF;03.805.990/0001-23;;BRADESCO H FIF - CIC RENDA FIXA REFERENCIADA DI LONGO PRAZO 15.000 - RESPONSABILIDADE LIMITADA;2025-08-31;Operações compromissadas lastreadas em títulos públicos federais;57.58
CLASSES - FIF;03.805.990/0001-23;;BRADESCO H FIF - CIC RENDA FIXA REFERENCIADA DI LONGO PRAZO 15.000 - RESPONSABILIDADE LIMITADA;2025-08-31;Títulos de crédito privado;0.02
CLASSES - FIF;03.805.990/0001-23;;BRADESCO H FIF - CIC RENDA FIXA REFERENCIADA DI LONGO PRAZO 15.000 - RESPONSABILIDADE LIMITADA;2025-08-31;Títulos públicos federais;37.62
CLASSES - FIF;03.894.320/0001-20;;BRADESCO BOND FI FINANCEIRO - CI RF - RESP LIMITADA;2025-08-31;Depósitos a prazo e outros títulos de instituições financeiras;21.18
CLASSES - FIF;03.894.320/0001-20;;BRADESCO BOND FI FINANCEIRO - CI RF - RESP LIMITADA;2025-08-31;Derivativos;10.67
CLASSES - FIF;03.894.320/0001-20;;BRADESCO BOND FI FINANCEIRO - CI RF - RESP LIMITADA;2025-08-31;Operações compromissadas lastreadas em títulos públicos federais;16.13
CLASSES - FIF;03.894.320/0001-20;;BRADESCO BOND FI FINANCEIRO - CI RF - RESP LIMITADA;2025-08-31;Títulos de crédito privado;9.13
CLASSES - FIF;03.894.320/0001-20;;BRADESCO BOND FI FINANCEIRO - CI RF - RESP LIMITADA;2025-08-31;Títulos públicos federais;52.47
CLASSES - FIF;03.897.077/0001-02;;BAHIA AM II FIF - CLASSE DE INVESTIMENTO EM AÇÕES - RESP LIMITADA;2025-08-31;Ações;81.92
CLASSES - FIF;03.897.077/0001-02;;BAHIA AM II FIF - CLASSE DE INVESTIMENTO EM AÇÕES - RESP LIMITADA;2025-08-31;Cotas de fundos de investimento 409;1.98
CLASSES - FIF;03.897.077/0001-02;;BAHIA AM II FIF - CLASSE DE INVESTIMENTO EM AÇÕES - RESP LIMITADA;2025-08-31;Derivativos;5.36
CLASSES - FIF;03.897.077/0001-02;;BAHIA AM II FIF - CLASSE DE INVESTIMENTO EM AÇÕES - RESP LIMITADA;2025-08-31;Operações compromissadas lastreadas em títulos públicos federais;14.62
CLASSES - FIF;03.916.081/0001-62;;BRADESCO FIF - CLASSE DE INVESTIMENTO EM AÇÕES PETROBRAS - RESPONSABILIDADE LIMITADA;2025-08-31;Ações;96.46
CLASSES - FIF;03.916.081/0001-62;;BRADESCO FIF - CLASSE DE INVESTIMENTO EM AÇÕES PETROBRAS - RESPONSABILIDADE LIMITADA;2025-08-31;Operações compromissadas lastreadas em títulos públicos federais;0.41
CLASSES - FIF;03.920.198/0001-10;;CSHG FUNDO MÚTUO DE PRIVATIZAÇÃO - FGTS PETROBRÁS RESPONSABILIDADE LIMITADA;2025-08-31;A¿s;95.76
CLASSES - FIF;03.920.198/0001-10;;CSHG FUNDO MÚTUO DE PRIVATIZAÇÃO - FGTS PETROBRÁS RESPONSABILIDADE LIMITADA;2025-08-31;Outros;0.01
CLASSES - FIF;03.920.198/0001-10;;CSHG FUNDO MÚTUO DE PRIVATIZAÇÃO - FGTS PETROBRÁS RESPONSABILIDADE LIMITADA;2025-08-31;T¿los P¿blicos Federais;1.44
CLASSES - FIF;03.922.006/0001-04;;BRADESCO H PETROBRAS FIF - CLASSE DE INVESTIMENTO EM AÇÕES - - RESPONSABILIDADE LIMITADA;2025-08-31;Ações;96.47
CLASSES - FIF;03.922.006/0001-04;;BRADESCO H PETROBRAS FIF - CLASSE DE INVESTIMENTO EM AÇÕES - - RESPONSABILIDADE LIMITADA;2025-08-31;Títulos públicos federais;0.31
CLASSES - FIF;04.044.634/0001-05;;BRADESCO H FIF - CIC RENDA FIXA REFERENCIADA DI LONGO PRAZO PJ - RESPONSABILIDADE LIMITADA;2025-08-31;Depósitos a prazo e outros títulos de instituições financeiras;4.73
CLASSES - FIF;04.044.634/0001-05;;BRADESCO H FIF - CIC RENDA FIXA REFERENCIADA DI LONGO PRAZO PJ - RESPONSABILIDADE LIMITADA;2025-08-31;Operações compromissadas lastreadas em títulos públicos federais;57.58
CLASSES - FIF;04.044.634/0001-05;;BRADESCO H FIF - CIC RENDA FIXA REFERENCIADA DI LONGO PRAZO PJ - RESPONSABILIDADE LIMITADA;2025-08-31;Títulos de crédito privado;0.02
CLASSES - FIF;04.044.634/0001-05;;BRADESCO H FIF - CIC RENDA FIXA REFERENCIADA DI LONGO PRAZO PJ - RESPONSABILIDADE LIMITADA;2025-08-31;Títulos públicos federais;37.62
CLASSES - FIF;04.066.545/0001-51;;SULAMÉRICA FUNDO DE FUNDOS FIF DA CLASSE DE INVESTIMENTO EM COTAS MULT CP RESPONSABILIDADE LIMITADA;2025-08-31;Ações;0.00
CLASSES - FIF;04.066.545/0001-51;;SULAMÉRICA FUNDO DE FUNDOS FIF DA CLASSE DE INVESTIMENTO EM COTAS MULT CP RESPONSABILIDADE LIMITADA;2025-08-31;Cotas de Fundo;100.31
CLASSES - FIF;04.066.545/0001-51;;SULAMÉRICA FUNDO DE FUNDOS FIF DA CLASSE DE INVESTIMENTO EM COTAS MULT CP RESPONSABILIDADE LIMITADA;2025-08-31;Outros;-0.31
CLASSES - FIF;04.066.545/0001-51;;SULAMÉRICA FUNDO DE FUNDOS FIF DA CLASSE DE INVESTIMENTO EM COTAS MULT CP RESPONSABILIDADE LIMITADA;2025-08-31;Títulos de crédito privado;0.00
CLASSES - FIF;04.066.545/0001-51;;SULAMÉRICA FUNDO DE FUNDOS FIF DA CLASSE DE INVESTIMENTO EM COTAS MULT CP RESPONSABILIDADE LIMITADA;2025-08-31;Títulos público federais;0.00
CLASSES - FIF;04.088.561/0001-45;;BRADESCO PRIME H FC DE FI FINANCEIRO RF REF DI LP PLUS - RESP LIMITADA;2025-08-31;Depósitos a prazo e outros títulos de instituições financeiras;4.73
CLASSES - FIF;04.088.561/0001-45;;BRADESCO PRIME H FC DE FI FINANCEIRO RF REF DI LP PLUS - RESP LIMITADA;2025-08-31;Operações compromissadas lastreadas em títulos públicos federais;57.55
CLASSES - FIF;04.088.561/0001-45;;BRADESCO PRIME H FC DE FI FINANCEIRO RF REF DI LP PLUS - RESP LIMITADA;2025-08-31;Títulos de crédito privado;0.02
CLASSES - FIF;04.088.561/0001-45;;BRADESCO PRIME H FC DE FI FINANCEIRO RF REF DI LP PLUS - RESP LIMITADA;2025-08-31;Títulos públicos federais;37.60
CLASSES - FIF;04.113.848/0001-88;;BRAM FIF - CLASSE DE INVESTIMENTO MULTIMERCADO GOLDEN PROFIT - RESPONSABILIDADE LIMITADA;2025-08-31;Ações;14.98
CLASSES - FIF;04.113.848/0001-88;;BRAM FIF - CLASSE DE INVESTIMENTO MULTIMERCADO GOLDEN PROFIT - RESPONSABILIDADE LIMITADA;2025-08-31;Derivativos;85.20
CLASSES - FIF;04.113.848/0001-88;;BRAM FIF - CLASSE DE INVESTIMENTO MULTIMERCADO GOLDEN PROFIT - RESPONSABILIDADE LIMITADA;2025-08-31;Operações compromissadas lastreadas em títulos públicos federais;3.25
CLASSES - FIF;04.113.848/0001-88;;BRAM FIF - CLASSE DE INVESTIMENTO MULTIMERCADO GOLDEN PROFIT - RESPONSABILIDADE LIMITADA;2025-08-31;Outras aplicações;9.10
CLASSES - FIF;04.113.848/0001-88;;BRAM FIF - CLASSE DE INVESTIMENTO MULTIMERCADO GOLDEN PROFIT - RESPONSABILIDADE LIMITADA;2025-08-31;Títulos públicos federais;69.75
CLASSES - FIF;04.147.027/0001-62;;CSHG ALLOCATION VERDE 14 FUNDO DE INVESTIMENTO EM COTAS FIF MULTIMERCADO - RESPONSABILIDADE LIMITADA;2025-08-31;Outras Cotas de Fundos de Investimento;100.04
CLASSES - FIF;04.147.027/0001-62;;CSHG ALLOCATION VERDE 14 FUNDO DE INVESTIMENTO EM COTAS FIF MULTIMERCADO - RESPONSABILIDADE LIMITADA;2025-08-31;Outros;0.01
CLASSES - FIF;04.147.465/0001-20;;BRADESCO H FIF  - CIC RENDA FIXA REFERENCIADA DI LONGO PRAZO PJ PLUS  - RESPONSABILIDADE LIMITADA;2025-08-31;Depósitos a prazo e outros títulos de instituições financeiras;4.73
CLASSES - FIF;04.147.465/0001-20;;BRADESCO H FIF  - CIC RENDA FIXA REFERENCIADA DI LONGO PRAZO PJ PLUS  - RESPONSABILIDADE LIMITADA;2025-08-31;Operações compromissadas lastreadas em títulos públicos federais;57.55
CLASSES - FIF;04.147.465/0001-20;;BRADESCO H FIF  - CIC RENDA FIXA REFERENCIADA DI LONGO PRAZO PJ PLUS  - RESPONSABILIDADE LIMITADA;2025-08-31;Títulos de crédito privado;0.02
CLASSES - FIF;04.147.465/0001-20;;BRADESCO H FIF  - CIC RENDA FIXA REFERENCIADA DI LONGO PRAZO PJ PLUS  - RESPONSABILIDADE LIMITADA;2025-08-31;Títulos públicos federais;37.61
CLASSES - FIF;04.163.555/0001-05;;GERAL ASSET LONG TERM FUNDO DE INVESTIMENTO DE AÇÕES - RESPONSABILIDADE LIMITADA;2025-08-31;Ações;87.79
CLASSES - FIF;04.163.555/0001-05;;GERAL ASSET LONG TERM FUNDO DE INVESTIMENTO DE AÇÕES - RESPONSABILIDADE LIMITADA;2025-08-31;Operações compromissadas lastreadas em títulospúblicos federais;11.82
CLASSES - FIF;04.163.555/0001-05;;GERAL ASSET LONG TERM FUNDO DE INVESTIMENTO DE AÇÕES - RESPONSABILIDADE LIMITADA;2025-08-31;Outras aplicações;0.39
CLASSES - FIF;04.228.545/0001-00;;BRADESCO CORPORATE FI FINANCEIRO - CI RF CRED PRIV - RESP LIMITADA;2025-08-31;Cotas de fundos de investimento 409;2.16
CLASSES - FIF;04.228.545/0001-00;;BRADESCO CORPORATE FI FINANCEIRO - CI RF CRED PRIV - RESP LIMITADA;2025-08-31;Depósitos a prazo e outros títulos de instituições financeiras;47.74
CLASSES - FIF;04.228.545/0001-00;;BRADESCO CORPORATE FI FINANCEIRO - CI RF CRED PRIV - RESP LIMITADA;2025-08-31;Operações compromissadas lastreadas em títulos públicos federais;26.39
CLASSES - FIF;04.228.545/0001-00;;BRADESCO CORPORATE FI FINANCEIRO - CI RF CRED PRIV - RESP LIMITADA;2025-08-31;Títulos de crédito privado;18.81
CLASSES - FIF;04.228.545/0001-00;;BRADESCO CORPORATE FI FINANCEIRO - CI RF CRED PRIV - RESP LIMITADA;2025-08-31;Títulos públicos federais;4.63
CLASSES - FIF;04.237.569/0001-26;;BRADESCO FIF - CLASSE DE  INVESTIMENTO EM COTAS RENDA FIXA REFERENCIADA DI SAFIRA - RESP LTDA;2025-08-31;Depósitos a prazo e outros títulos de instituições financeiras;4.73
CLASSES - FIF;04.237.569/0001-26;;BRADESCO FIF - CLASSE DE  INVESTIMENTO EM COTAS RENDA FIXA REFERENCIADA DI SAFIRA - RESP LTDA;2025-08-31;Operações compromissadas lastreadas em títulos públicos federais;57.56
CLASSES - FIF;04.237.569/0001-26;;BRADESCO FIF - CLASSE DE  INVESTIMENTO EM COTAS RENDA FIXA REFERENCIADA DI SAFIRA - RESP LTDA;2025-08-31;Títulos de crédito privado;0.02
CLASSES - FIF;04.237.569/0001-26;;BRADESCO FIF - CLASSE DE  INVESTIMENTO EM COTAS RENDA FIXA REFERENCIADA DI SAFIRA - RESP LTDA;2025-08-31;Títulos públicos federais;37.61
CLASSES - FIF;04.237.578/0001-17;;BRADESCO FIF - CLASSE DE INVESTIMENTO EM COTAS RENDA FIXA SIMPLES BRILHANTE - RESP LIMITADA;2025-08-31;Depósitos a prazo e outros títulos de instituições financeiras;0.00
CLASSES - FIF;04.237.578/0001-17;;BRADESCO FIF - CLASSE DE INVESTIMENTO EM COTAS RENDA FIXA SIMPLES BRILHANTE - RESP LIMITADA;2025-08-31;Operações compromissadas lastreadas em títulos públicos federais;32.47
CLASSES - FIF;04.237.578/0001-17;;BRADESCO FIF - CLASSE DE INVESTIMENTO EM COTAS RENDA FIXA SIMPLES BRILHANTE - RESP LIMITADA;2025-08-31;Títulos públicos federais;62.45
CLASSES - FIF;04.237.583/0001-20;;BRADESCO FIF - CIC RENDA FIXA REFERENCIADA DI PLATINUM - RESPONSABILIDADE LIMITADA;2025-08-31;Depósitos a prazo e outros títulos de instituições financeiras;4.35
CLASSES - FIF;04.237.583/0001-20;;BRADESCO FIF - CIC RENDA FIXA REFERENCIADA DI PLATINUM - RESPONSABILIDADE LIMITADA;2025-08-31;Operações compromissadas lastreadas em títulos públicos federais;54.79
CLASSES - FIF;04.237.583/0001-20;;BRADESCO FIF - CIC RENDA FIXA REFERENCIADA DI PLATINUM - RESPONSABILIDADE LIMITADA;2025-08-31;Títulos de crédito privado;0.02
CLASSES - FIF;04.237.583/0001-20;;BRADESCO FIF - CIC RENDA FIXA REFERENCIADA DI PLATINUM - RESPONSABILIDADE LIMITADA;2025-08-31;Títulos públicos federais;39.24
CLASSES - FIF;04.240.128/0001-83;;TIVIO INSTITUCIONAL 15 FIF - CI RENDA FIXA CRÉDITO PRIVADO LONGO PRAZO - RESP LIMITADA;2025-08-31;Cotas de fundos de investimento 409;12.71
CLASSES - FIF;04.240.128/0001-83;;TIVIO INSTITUCIONAL 15 FIF - CI RENDA FIXA CRÉDITO PRIVADO LONGO PRAZO - RESP LIMITADA;2025-08-31;Depósitos a prazo e outros títulos de instituições financeiras;24.06
CLASSES - FIF;04.240.128/0001-83;;TIVIO INSTITUCIONAL 15 FIF - CI RENDA FIXA CRÉDITO PRIVADO LONGO PRAZO - RESP LIMITADA;2025-08-31;Operações compromissadas lastreadas em títulos públicos federais;15.20
CLASSES - FIF;04.240.128/0001-83;;TIVIO INSTITUCIONAL 15 FIF - CI RENDA FIXA CRÉDITO PRIVADO LONGO PRAZO - RESP LIMITADA;2025-08-31;Títulos de crédito privado;44.03
CLASSES - FIF;04.240.128/0001-83;;TIVIO INSTITUCIONAL 15 FIF - CI RENDA FIXA CRÉDITO PRIVADO LONGO PRAZO - RESP LIMITADA;2025-08-31;Títulos públicos federais;3.86
CLASSES - FIF;04.244.149/0001-77;;BRADESCO FIF - CIC DE FUNDOS DE INVESTIMENTO CAMBIAL DÓLAR SPECIAL - RESP LIMITADA;2025-08-31;Derivativos;99.86
CLASSES - FIF;04.244.149/0001-77;;BRADESCO FIF - CIC DE FUNDOS DE INVESTIMENTO CAMBIAL DÓLAR SPECIAL - RESP LIMITADA;2025-08-31;Operações compromissadas lastreadas em títulos públicos federais;11.20
CLASSES - FIF;04.244.149/0001-77;;BRADESCO FIF - CIC DE FUNDOS DE INVESTIMENTO CAMBIAL DÓLAR SPECIAL - RESP LIMITADA;2025-08-31;Títulos públicos federais;88.59
CLASSES - FIF;04.253.078/0001-79;;BRAM FIF - CLASSE DE INVESTIMENTO RENDA FIXA REFERENCIADA DI RUBI - RESP LIMITADA;2025-08-31;Depósitos a prazo e outros títulos de instituições financeiras;4.73
CLASSES - FIF;04.253.078/0001-79;;BRAM FIF - CLASSE DE INVESTIMENTO RENDA FIXA REFERENCIADA DI RUBI - RESP LIMITADA;2025-08-31;Operações compromissadas lastreadas em títulos públicos federais;57.51
CLASSES - FIF;04.253.078/0001-79;;BRAM FIF - CLASSE DE INVESTIMENTO RENDA FIXA REFERENCIADA DI RUBI - RESP LIMITADA;2025-08-31;Títulos de crédito privado;0.02
CLASSES - FIF;04.253.078/0001-79;;BRAM FIF - CLASSE DE INVESTIMENTO RENDA FIXA REFERENCIADA DI RUBI - RESP LIMITADA;2025-08-31;Títulos públicos federais;37.58
CLASSES - FIF;04.277.488/0001-50;;VERT FIF - CLASSE DE INVESTIMENTO EM COTAS MULTIMERCADO - RESP LIMITADA;2025-08-31;Cotas de fundos de investimento 409;98.79
CLASSES - FIF;04.277.488/0001-50;;VERT FIF - CLASSE DE INVESTIMENTO EM COTAS MULTIMERCADO - RESP LIMITADA;2025-08-31;Operações compromissadas lastreadas em títulos públicos federais;0.32
CLASSES - FIF;04.277.488/0001-50;;VERT FIF - CLASSE DE INVESTIMENTO EM COTAS MULTIMERCADO - RESP LIMITADA;2025-08-31;Títulos públicos federais;0.80
CLASSES - FIF;04.299.610/0001-99;;CS EVOLUTION DI PRIVATE FUNDO DE INVESTIMENTO EM COTAS DE FIF RENDA FIXA REF - RESP LIMITADA;2025-08-31;Outras Cotas de Fundos de Investimento;100.03
CLASSES - FIF;04.299.610/0001-99;;CS EVOLUTION DI PRIVATE FUNDO DE INVESTIMENTO EM COTAS DE FIF RENDA FIXA REF - RESP LIMITADA;2025-08-31;Outros;0.00
CLASSES - FIF;04.310.455/0001-64;;VERT 14 FIF - CLASSE DE INVESTIMENTO EM COTAS MULTIMERCADO - RESP LIMITADA;2025-08-31;Cotas de fundos de investimento 409;97.61
CLASSES - FIF;04.310.455/0001-64;;VERT 14 FIF - CLASSE DE INVESTIMENTO EM COTAS MULTIMERCADO - RESP LIMITADA;2025-08-31;Operações compromissadas lastreadas em títulos públicos federais;0.66
CLASSES - FIF;04.310.455/0001-64;;VERT 14 FIF - CLASSE DE INVESTIMENTO EM COTAS MULTIMERCADO - RESP LIMITADA;2025-08-31;Títulos públicos federais;1.65
CLASSES - FIF;04.353.257/0001-88;;SÃO PEDRO FUNDO DE INVESTIMENTO FINANCEIRO EM AÇÕES RESPONSABILIDADE LIMITADA;2025-08-31;Acões;83.01
CLASSES - FIF;04.353.257/0001-88;;SÃO PEDRO FUNDO DE INVESTIMENTO FINANCEIRO EM AÇÕES RESPONSABILIDADE LIMITADA;2025-08-31;Cotas de Fundos de Investimento 555;7.40
CLASSES - FIF;04.353.257/0001-88;;SÃO PEDRO FUNDO DE INVESTIMENTO FINANCEIRO EM AÇÕES RESPONSABILIDADE LIMITADA;2025-08-31;Depósito a prazo e outros títulos de instituições financeiras;8.25
CLASSES - FIF;04.353.257/0001-88;;SÃO PEDRO FUNDO DE INVESTIMENTO FINANCEIRO EM AÇÕES RESPONSABILIDADE LIMITADA;2025-08-31;Operacões compromissadas lastreadas em títulos privados;0.00
CLASSES - FIF;04.353.257/0001-88;;SÃO PEDRO FUNDO DE INVESTIMENTO FINANCEIRO EM AÇÕES RESPONSABILIDADE LIMITADA;2025-08-31;Títulos Públicos federais;0.00
CLASSES - FIF;04.437.609/0001-83;;BRADESCO H FIF - CIC RF CRÉDITO PRIV LP PRIVATE PERFORMANCE - RESP LIMITADA;2025-08-31;Cotas de fundos de investimento 409;2.79
CLASSES - FIF;04.437.609/0001-83;;BRADESCO H FIF - CIC RF CRÉDITO PRIV LP PRIVATE PERFORMANCE - RESP LIMITADA;2025-08-31;Depósitos a prazo e outros títulos de instituições financeiras;30.81
CLASSES - FIF;04.437.609/0001-83;;BRADESCO H FIF - CIC RF CRÉDITO PRIV LP PRIVATE PERFORMANCE - RESP LIMITADA;2025-08-31;Operações compromissadas lastreadas em títulos públicos federais;26.29
CLASSES - FIF;04.437.609/0001-83;;BRADESCO H FIF - CIC RF CRÉDITO PRIV LP PRIVATE PERFORMANCE - RESP LIMITADA;2025-08-31;Títulos de crédito privado;35.41
CLASSES - FIF;04.437.609/0001-83;;BRADESCO H FIF - CIC RF CRÉDITO PRIV LP PRIVATE PERFORMANCE - RESP LIMITADA;2025-08-31;Títulos públicos federais;4.73
CLASSES - FIF;04.443.397/0001-47;;BRAM FIF - CLASSE DE INVESTIMENTO CAMBIAL DÓLAR - RESPONSABILIDADE LIMITADA;2025-08-31;Derivativos;99.78
CLASSES - FIF;04.443.397/0001-47;;BRAM FIF - CLASSE DE INVESTIMENTO CAMBIAL DÓLAR - RESPONSABILIDADE LIMITADA;2025-08-31;Operações compromissadas lastreadas em títulos públicos federais;11.19
CLASSES - FIF;04.443.397/0001-47;;BRAM FIF - CLASSE DE INVESTIMENTO CAMBIAL DÓLAR - RESPONSABILIDADE LIMITADA;2025-08-31;Títulos públicos federais;88.53
CLASSES - FIF;04.520.220/0001-05;;BRADESCO FIF - CIC RENDA FIXA REFERENCIADA DI LONGO PRAZO 30.000 - RESPONSABILIDADE LIMITADA;2025-08-31;Depósitos a prazo e outros títulos de instituições financeiras;4.73
CLASSES - FIF;04.520.220/0001-05;;BRADESCO FIF - CIC RENDA FIXA REFERENCIADA DI LONGO PRAZO 30.000 - RESPONSABILIDADE LIMITADA;2025-08-31;Operações compromissadas lastreadas em títulos públicos federais;57.56
CLASSES - FIF;04.520.220/0001-05;;BRADESCO FIF - CIC RENDA FIXA REFERENCIADA DI LONGO PRAZO 30.000 - RESPONSABILIDADE LIMITADA;2025-08-31;Títulos de crédito privado;0.02
CLASSES - FIF;04.520.220/0001-05;;BRADESCO FIF - CIC RENDA FIXA REFERENCIADA DI LONGO PRAZO 30.000 - RESPONSABILIDADE LIMITADA;2025-08-31;Títulos públicos federais;37.61
CLASSES - FIF;04.570.232/0001-36;;MB MATIC RENDA FIXA LONGO PRAZO FUNDO DE INVESTIMENTO  FINANCEIRO - RESPONSABILIDADE LIMITADA;2025-08-31;Depósitos a prazo e outros títulos de instituições financeiras;38.00
CLASSES - FIF;04.570.232/0001-36;;MB MATIC RENDA FIXA LONGO PRAZO FUNDO DE INVESTIMENTO  FINANCEIRO - RESPONSABILIDADE LIMITADA;2025-08-31;Operações compromissadas lastreadas em títulos públicos federais;5.95
CLASSES - FIF;04.570.232/0001-36;;MB MATIC RENDA FIXA LONGO PRAZO FUNDO DE INVESTIMENTO  FINANCEIRO - RESPONSABILIDADE LIMITADA;2025-08-31;Títulos públicos federais;56.22
CLASSES - FIF;04.820.026/0001-37;;ICATU VANGUARDA MULTIESTRATÉGIA MODERADO FUNDO DE INVESTIMENTO EM COTAS FIF MULT - RESP LIMITADA;2025-08-31;Ações;12.38
CLASSES - FIF;04.820.026/0001-37;;ICATU VANGUARDA MULTIESTRATÉGIA MODERADO FUNDO DE INVESTIMENTO EM COTAS FIF MULT - RESP LIMITADA;2025-08-31;Cotas de fundos de investimento 409;20.78
CLASSES - FIF;04.820.026/0001-37;;ICATU VANGUARDA MULTIESTRATÉGIA MODERADO FUNDO DE INVESTIMENTO EM COTAS FIF MULT - RESP LIMITADA;2025-08-31;Operações compromissadas lastreadas em títulos públicos federais;7.10
CLASSES - FIF;04.820.026/0001-37;;ICATU VANGUARDA MULTIESTRATÉGIA MODERADO FUNDO DE INVESTIMENTO EM COTAS FIF MULT - RESP LIMITADA;2025-08-31;Títulos de crédito privado;8.88
CLASSES - FIF;04.820.026/0001-37;;ICATU VANGUARDA MULTIESTRATÉGIA MODERADO FUNDO DE INVESTIMENTO EM COTAS FIF MULT - RESP LIMITADA;2025-08-31;Títulos públicos federais;41.18
CLASSES - FIF;04.823.412/0001-82;;BRADESCO H FIF - CIC RF CURTO PRAZO - RESP LIMITADA;2025-08-31;Cotas de fundos de investimento 409;0.00
CLASSES - FIF;04.823.412/0001-82;;BRADESCO H FIF - CIC RF CURTO PRAZO - RESP LIMITADA;2025-08-31;Depósitos a prazo e outros títulos de instituições financeiras;0.00
CLASSES - FIF;04.823.412/0001-82;;BRADESCO H FIF - CIC RF CURTO PRAZO - RESP LIMITADA;2025-08-31;Operações compromissadas lastreadas em títulos públicos federais;100.05
CLASSES - FIF;04.823.412/0001-82;;BRADESCO H FIF - CIC RF CURTO PRAZO - RESP LIMITADA;2025-08-31;Títulos de crédito privado;0.00
CLASSES - FIF;04.823.412/0001-82;;BRADESCO H FIF - CIC RF CURTO PRAZO - RESP LIMITADA;2025-08-31;Títulos públicos federais;0.00
CLASSES - FIF;04.828.795/0001-81;;BANRISUL FOCO IMA G FUNDO DE INVESTIMENTO FINANCEIRO RENDA FIXA LONGO PRAZO RESPONSABILIDADE LIMITAD;2025-08-31;OPERAÇÕES COMPROMISSADAS LASTREADAS EM TÍTULOS PÚBLICOS FEDERAIS;11.30
CLASSES - FIF;04.828.795/0001-81;;BANRISUL FOCO IMA G FUNDO DE INVESTIMENTO FINANCEIRO RENDA FIXA LONGO PRAZO RESPONSABILIDADE LIMITAD;2025-08-31;OUTROS;10.61
CLASSES - FIF;04.828.795/0001-81;;BANRISUL FOCO IMA G FUNDO DE INVESTIMENTO FINANCEIRO RENDA FIXA LONGO PRAZO RESPONSABILIDADE LIMITAD;2025-08-31;TÍTULOS PÚBLICOS FEDERAIS;88.71
CLASSES - FIF;04.830.483/0001-02;;BRADESCO PRIVATE FIF - CIC MULTIMERCADO MULTIESTRATÉGIA PLUS -RESPONSABILIDADE LIMITADA;2025-08-31;Cotas de fundos de investimento 409;99.98
CLASSES - FIF;04.831.907/0001-53;;BRADESCO REFERENCIADA DI SKY FIF - CIC RENDA FIXA - RESPONSABILIDADE LIMITADA;2025-08-31;Cotas de fundos de investimento 409;1.90
CLASSES - FIF;04.831.907/0001-53;;BRADESCO REFERENCIADA DI SKY FIF - CIC RENDA FIXA - RESPONSABILIDADE LIMITADA;2025-08-31;Depósitos a prazo e outros títulos de instituições financeiras;26.95
CLASSES - FIF;04.831.907/0001-53;;BRADESCO REFERENCIADA DI SKY FIF - CIC RENDA FIXA - RESPONSABILIDADE LIMITADA;2025-08-31;Operações compromissadas lastreadas em títulos públicos federais;45.09
CLASSES - FIF;04.831.907/0001-53;;BRADESCO REFERENCIADA DI SKY FIF - CIC RENDA FIXA - RESPONSABILIDADE LIMITADA;2025-08-31;Títulos de crédito privado;11.13
CLASSES - FIF;04.831.907/0001-53;;BRADESCO REFERENCIADA DI SKY FIF - CIC RENDA FIXA - RESPONSABILIDADE LIMITADA;2025-08-31;Títulos públicos federais;14.97
CLASSES - FIF;04.839.017/0001-98;;SULAMÉRICA EXCLUSIVE FIF RENDA FIXA REFERENCIADO DI DE RESPONSABILIDADE LIMITADA;2025-08-31;Cotas de Fundo;0.00
CLASSES - FIF;04.839.017/0001-98;;SULAMÉRICA EXCLUSIVE FIF RENDA FIXA REFERENCIADO DI DE RESPONSABILIDADE LIMITADA;2025-08-31;Op. Compromissadas lastreadas em títulos públicos;0.00
CLASSES - FIF;04.839.017/0001-98;;SULAMÉRICA EXCLUSIVE FIF RENDA FIXA REFERENCIADO DI DE RESPONSABILIDADE LIMITADA;2025-08-31;Outros;36.44
CLASSES - FIF;04.839.017/0001-98;;SULAMÉRICA EXCLUSIVE FIF RENDA FIXA REFERENCIADO DI DE RESPONSABILIDADE LIMITADA;2025-08-31;Títulos de crédito privado;0.00
CLASSES - FIF;04.839.017/0001-98;;SULAMÉRICA EXCLUSIVE FIF RENDA FIXA REFERENCIADO DI DE RESPONSABILIDADE LIMITADA;2025-08-31;Títulos público federais;63.56
CLASSES - FIF;04.841.745/0001-34;;BRAM PRIVATE FIF - CLASSE DE INVESTIMENTO MULTIMERCADO MULTIESTRATÉGIA - RESP LIMITADA;2025-08-31;Operações compromissadas lastreadas em títulos públicos federais;9.61
CLASSES - FIF;04.841.745/0001-34;;BRAM PRIVATE FIF - CLASSE DE INVESTIMENTO MULTIMERCADO MULTIESTRATÉGIA - RESP LIMITADA;2025-08-31;Títulos públicos federais;89.89
CLASSES - FIF;04.875.006/0001-63;;BRAM IQ FIF - CLASSE DE INVESTIMENTO RENDA FIXA CRÉDITO PRIVADO - RESPONSABILIDADE LIMITADA;2025-08-31;Cotas de fundos de investimento 409;1.47
CLASSES - FIF;04.875.006/0001-63;;BRAM IQ FIF - CLASSE DE INVESTIMENTO RENDA FIXA CRÉDITO PRIVADO - RESPONSABILIDADE LIMITADA;2025-08-31;Depósitos a prazo e outros títulos de instituições financeiras;45.59
CLASSES - FIF;04.875.006/0001-63;;BRAM IQ FIF - CLASSE DE INVESTIMENTO RENDA FIXA CRÉDITO PRIVADO - RESPONSABILIDADE LIMITADA;2025-08-31;Operações compromissadas lastreadas em títulos públicos federais;26.03
CLASSES - FIF;04.875.006/0001-63;;BRAM IQ FIF - CLASSE DE INVESTIMENTO RENDA FIXA CRÉDITO PRIVADO - RESPONSABILIDADE LIMITADA;2025-08-31;Títulos de crédito privado;25.54
CLASSES - FIF;04.875.006/0001-63;;BRAM IQ FIF - CLASSE DE INVESTIMENTO RENDA FIXA CRÉDITO PRIVADO - RESPONSABILIDADE LIMITADA;2025-08-31;Títulos públicos federais;1.00
CLASSES - FIF;04.875.166/0001-02;;BRADESCO FIF - CLASSE DE INVESTIMENTO EM COTAS CAMBIAL DÓLAR TOP - RESP LIMITADA;2025-08-31;Derivativos;99.80
CLASSES - FIF;04.875.166/0001-02;;BRADESCO FIF - CLASSE DE INVESTIMENTO EM COTAS CAMBIAL DÓLAR TOP - RESP LIMITADA;2025-08-31;Operações compromissadas lastreadas em títulos públicos federais;11.19
CLASSES - FIF;04.875.166/0001-02;;BRADESCO FIF - CLASSE DE INVESTIMENTO EM COTAS CAMBIAL DÓLAR TOP - RESP LIMITADA;2025-08-31;Títulos públicos federais;88.54
CLASSES - FIF;04.882.617/0001-39;;BRADESCO FIF - CLASSE DE INVESTIMENTO EM AÇÕES VALE - RESPONSABILIDADE LIMITADA;2025-08-31;Ações;96.36
CLASSES - FIF;04.882.617/0001-39;;BRADESCO FIF - CLASSE DE INVESTIMENTO EM AÇÕES VALE - RESPONSABILIDADE LIMITADA;2025-08-31;Operações compromissadas lastreadas em títulos públicos federais;0.41
CLASSES - FIF;04.884.567/0001-29;;BRADESCO BA FIF - CLASSE DE INVESTIMENTO EM AÇÕES VALE -RESP LIMITADA;2025-08-31;Ações;95.73
CLASSES - FIF;04.892.107/0001-42;;BRADESCO H FIF - CLASSE DE INVESTIMENTO EM AÇÕES VALE DO RIO DOCE - RESP LIMITADA;2025-08-31;Ações;96.36
CLASSES - FIF;04.892.107/0001-42;;BRADESCO H FIF - CLASSE DE INVESTIMENTO EM AÇÕES VALE DO RIO DOCE - RESP LIMITADA;2025-08-31;Títulos públicos federais;0.26
CLASSES - FIF;04.899.128/0001-90;;SULAMÉRICA EXCELLENCE FIF RENDA FIXA CRÉDITO PRIVADO DE RESPONSABILIDADE LIMITADA;2025-08-31;Cotas de Fundo;3.41
CLASSES - FIF;04.899.128/0001-90;;SULAMÉRICA EXCELLENCE FIF RENDA FIXA CRÉDITO PRIVADO DE RESPONSABILIDADE LIMITADA;2025-08-31;Op. Compromissadas lastreadas em títulos públicos;0.00
CLASSES - FIF;04.899.128/0001-90;;SULAMÉRICA EXCELLENCE FIF RENDA FIXA CRÉDITO PRIVADO DE RESPONSABILIDADE LIMITADA;2025-08-31;Outros;18.13
CLASSES - FIF;04.899.128/0001-90;;SULAMÉRICA EXCELLENCE FIF RENDA FIXA CRÉDITO PRIVADO DE RESPONSABILIDADE LIMITADA;2025-08-31;Títulos de crédito privado;75.41
CLASSES - FIF;04.899.128/0001-90;;SULAMÉRICA EXCELLENCE FIF RENDA FIXA CRÉDITO PRIVADO DE RESPONSABILIDADE LIMITADA;2025-08-31;Títulos público federais;3.05
CLASSES - FIF;05.084.425/0001-40;;BRADESCO EMPRESAS FIF - CLASSE DE INVESTIMENTO EM COTAS RENDA FIXA CURTO PRAZO - RESP LIMITADA;2025-08-31;Operações compromissadas lastreadas em títulos públicos federais;96.15
CLASSES - FIF;05.084.445/0001-10;;BRADESCO FIF - CLASSE DE INVESTIMENTO EM COTAS RENDA FIXA MULTI-ÍNDICES LONGO PRAZO -RESP LIMITADA;2025-08-31;Cotas de fundos de investimento 409;19.99
CLASSES - FIF;05.084.445/0001-10;;BRADESCO FIF - CLASSE DE INVESTIMENTO EM COTAS RENDA FIXA MULTI-ÍNDICES LONGO PRAZO -RESP LIMITADA;2025-08-31;Depósitos a prazo e outros títulos de instituições financeiras;25.74
CLASSES - FIF;05.084.445/0001-10;;BRADESCO FIF - CLASSE DE INVESTIMENTO EM COTAS RENDA FIXA MULTI-ÍNDICES LONGO PRAZO -RESP LIMITADA;2025-08-31;Derivativos;9.24
CLASSES - FIF;05.084.445/0001-10;;BRADESCO FIF - CLASSE DE INVESTIMENTO EM COTAS RENDA FIXA MULTI-ÍNDICES LONGO PRAZO -RESP LIMITADA;2025-08-31;Operações compromissadas lastreadas em títulos públicos federais;16.57
CLASSES - FIF;05.084.445/0001-10;;BRADESCO FIF - CLASSE DE INVESTIMENTO EM COTAS RENDA FIXA MULTI-ÍNDICES LONGO PRAZO -RESP LIMITADA;2025-08-31;Títulos públicos federais;37.99
CLASSES - FIF;05.207.090/0001-00;;BRAM H CASH II FI FINANCEIRO - CI RF REFERENCIADA DI - RESP LIMITADA;2025-08-31;Títulos públicos federais;99.29
CLASSES - FIF;05.222.509/0001-00;;BRADESCO PRIME FUNDO DE INVESTIMENTO FINANCEIRO - CIC CAMBIAL DÓLAR - RESP LIMITADA;2025-08-31;Derivativos;99.75
CLASSES - FIF;05.222.509/0001-00;;BRADESCO PRIME FUNDO DE INVESTIMENTO FINANCEIRO - CIC CAMBIAL DÓLAR - RESP LIMITADA;2025-08-31;Operações compromissadas lastreadas em títulos públicos federais;10.93
CLASSES - FIF;05.222.509/0001-00;;BRADESCO PRIME FUNDO DE INVESTIMENTO FINANCEIRO - CIC CAMBIAL DÓLAR - RESP LIMITADA;2025-08-31;Títulos públicos federais;89.19
CLASSES - FIF;05.222.510/0001-27;;BRADESCO PRIME FIF - CIC RENDA FIXA REFERENCIADA DI - RESPONSABILIDADE LIMITADA;2025-08-31;Depósitos a prazo e outros títulos de instituições financeiras;4.53
CLASSES - FIF;05.222.510/0001-27;;BRADESCO PRIME FIF - CIC RENDA FIXA REFERENCIADA DI - RESPONSABILIDADE LIMITADA;2025-08-31;Operações compromissadas lastreadas em títulos públicos federais;55.12
CLASSES - FIF;05.222.510/0001-27;;BRADESCO PRIME FIF - CIC RENDA FIXA REFERENCIADA DI - RESPONSABILIDADE LIMITADA;2025-08-31;Títulos de crédito privado;0.02
CLASSES - FIF;05.222.510/0001-27;;BRADESCO PRIME FIF - CIC RENDA FIXA REFERENCIADA DI - RESPONSABILIDADE LIMITADA;2025-08-31;Títulos públicos federais;36.02
CLASSES - FIF;05.222.533/0001-31;;BRADESCO PRIME FIF - CIC RENDA FIXA MULTI-ÍNDICES LONGO PRAZO - RESP LIMITADA;2025-08-31;Cotas de fundos de investimento 409;19.98
CLASSES - FIF;05.222.533/0001-31;;BRADESCO PRIME FIF - CIC RENDA FIXA MULTI-ÍNDICES LONGO PRAZO - RESP LIMITADA;2025-08-31;Depósitos a prazo e outros títulos de instituições financeiras;25.74
CLASSES - FIF;05.222.533/0001-31;;BRADESCO PRIME FIF - CIC RENDA FIXA MULTI-ÍNDICES LONGO PRAZO - RESP LIMITADA;2025-08-31;Derivativos;9.23
CLASSES - FIF;05.222.533/0001-31;;BRADESCO PRIME FIF - CIC RENDA FIXA MULTI-ÍNDICES LONGO PRAZO - RESP LIMITADA;2025-08-31;Operações compromissadas lastreadas em títulos públicos federais;16.57
CLASSES - FIF;05.222.533/0001-31;;BRADESCO PRIME FIF - CIC RENDA FIXA MULTI-ÍNDICES LONGO PRAZO - RESP LIMITADA;2025-08-31;Títulos públicos federais;37.98
CLASSES - FIF;05.222.536/0001-75;;BRADESCO PRIME FIF - CIC MULTI - RESP LIMITADA;2025-08-31;Cotas de fundos de investimento 409;100.05
CLASSES - FIF;05.222.538/0001-64;;BRADESCO PRIME FIF - CIC RENDA FIXA REFERENCIADA DI PLUS -  RESPONSABILIDADE LIMITADA;2025-08-31;Cotas de fundos de investimento 409;0.96
CLASSES - FIF;05.222.538/0001-64;;BRADESCO PRIME FIF - CIC RENDA FIXA REFERENCIADA DI PLUS -  RESPONSABILIDADE LIMITADA;2025-08-31;Depósitos a prazo e outros títulos de instituições financeiras;17.21
CLASSES - FIF;05.222.538/0001-64;;BRADESCO PRIME FIF - CIC RENDA FIXA REFERENCIADA DI PLUS -  RESPONSABILIDADE LIMITADA;2025-08-31;Operações compromissadas lastreadas em títulos públicos federais;46.97
CLASSES - FIF;05.222.538/0001-64;;BRADESCO PRIME FIF - CIC RENDA FIXA REFERENCIADA DI PLUS -  RESPONSABILIDADE LIMITADA;2025-08-31;Títulos de crédito privado;7.08
CLASSES - FIF;05.222.538/0001-64;;BRADESCO PRIME FIF - CIC RENDA FIXA REFERENCIADA DI PLUS -  RESPONSABILIDADE LIMITADA;2025-08-31;Títulos públicos federais;25.39
CLASSES - FIF;05.222.545/0001-66;;BRADESCO PRIME FIF - CLASSE DE INVESTIMENTO EM COTAS RENDA FIXA PLUS - RESPONSABILIDADE LIMITADA;2025-08-31;Cotas de fundos de investimento 409;17.12
CLASSES - FIF;05.222.545/0001-66;;BRADESCO PRIME FIF - CLASSE DE INVESTIMENTO EM COTAS RENDA FIXA PLUS - RESPONSABILIDADE LIMITADA;2025-08-31;Depósitos a prazo e outros títulos de instituições financeiras;23.05
CLASSES - FIF;05.222.545/0001-66;;BRADESCO PRIME FIF - CLASSE DE INVESTIMENTO EM COTAS RENDA FIXA PLUS - RESPONSABILIDADE LIMITADA;2025-08-31;Operações compromissadas lastreadas em títulos públicos federais;23.29
CLASSES - FIF;05.222.545/0001-66;;BRADESCO PRIME FIF - CLASSE DE INVESTIMENTO EM COTAS RENDA FIXA PLUS - RESPONSABILIDADE LIMITADA;2025-08-31;Títulos de crédito privado;0.90
CLASSES - FIF;05.222.545/0001-66;;BRADESCO PRIME FIF - CLASSE DE INVESTIMENTO EM COTAS RENDA FIXA PLUS - RESPONSABILIDADE LIMITADA;2025-08-31;Títulos públicos federais;32.56
CLASSES - FIF;05.222.547/0001-55;;BRADESCO PRIME FIF - CIC RENDA FIXA - RESPONSABILIDADE LIMITADA;2025-08-31;Cotas de fundos de investimento 409;19.06
CLASSES - FIF;05.222.547/0001-55;;BRADESCO PRIME FIF - CIC RENDA FIXA - RESPONSABILIDADE LIMITADA;2025-08-31;Depósitos a prazo e outros títulos de instituições financeiras;23.67
CLASSES - FIF;05.222.547/0001-55;;BRADESCO PRIME FIF - CIC RENDA FIXA - RESPONSABILIDADE LIMITADA;2025-08-31;Derivativos;-7.95
CLASSES - FIF;05.222.547/0001-55;;BRADESCO PRIME FIF - CIC RENDA FIXA - RESPONSABILIDADE LIMITADA;2025-08-31;Operações compromissadas lastreadas em títulos públicos federais;21.25
CLASSES - FIF;05.222.547/0001-55;;BRADESCO PRIME FIF - CIC RENDA FIXA - RESPONSABILIDADE LIMITADA;2025-08-31;Títulos públicos federais;31.52
CLASSES - FIF;05.231.773/0001-00;;BRAM MULTI-ÍNDICES FI FINANCEIRO - CI RF - RESP LIMITADA;2025-08-31;Depósitos a prazo e outros títulos de instituições financeiras;34.88
CLASSES - FIF;05.231.773/0001-00;;BRAM MULTI-ÍNDICES FI FINANCEIRO - CI RF - RESP LIMITADA;2025-08-31;Derivativos;9.23
CLASSES - FIF;05.231.773/0001-00;;BRAM MULTI-ÍNDICES FI FINANCEIRO - CI RF - RESP LIMITADA;2025-08-31;Operações compromissadas lastreadas em títulos públicos federais;23.69
CLASSES - FIF;05.231.773/0001-00;;BRAM MULTI-ÍNDICES FI FINANCEIRO - CI RF - RESP LIMITADA;2025-08-31;Títulos de crédito privado;1.37
CLASSES - FIF;05.231.773/0001-00;;BRAM MULTI-ÍNDICES FI FINANCEIRO - CI RF - RESP LIMITADA;2025-08-31;Títulos públicos federais;40.04
CLASSES - FIF;05.357.507/0001-10;;BANESTES INSTITUCIONAL FIF RENDA FIXA RESPONSABILIDADE LIMITADA;2025-08-31;Derivativos;-0.02
CLASSES - FIF;05.357.507/0001-10;;BANESTES INSTITUCIONAL FIF RENDA FIXA RESPONSABILIDADE LIMITADA;2025-08-31;Operações compromissadas lastreadas em títulos públicos federais;12.49
CLASSES - FIF;05.357.507/0001-10;;BANESTES INSTITUCIONAL FIF RENDA FIXA RESPONSABILIDADE LIMITADA;2025-08-31;Títulos de crédito privado;0.95
CLASSES - FIF;05.357.507/0001-10;;BANESTES INSTITUCIONAL FIF RENDA FIXA RESPONSABILIDADE LIMITADA;2025-08-31;Títulos públicos federais;86.58
CLASSES - FIF;05.491.230/0001-14;;CSHG ALLOCATION VERDE AM AGAR FUNDO DE INVESTIMENTO EM COTAS DE FIF MULTIMERCADO - RESP LIMITADA;2025-08-31;Outras Cotas de Fundos de Investimento;100.08
CLASSES - FIF;05.491.230/0001-14;;CSHG ALLOCATION VERDE AM AGAR FUNDO DE INVESTIMENTO EM COTAS DE FIF MULTIMERCADO - RESP LIMITADA;2025-08-31;Outros;0.01
CLASSES - FIF;05.586.704/0001-01;;CSHG ALLOCATION VERDE 30 FUNDO DE INVESTIMENTO EM COTAS DE FIF MULTIMERCADO - RESP LIMITADA;2025-08-31;Outras Cotas de Fundos de Investimento;100.05
CLASSES - FIF;05.586.704/0001-01;;CSHG ALLOCATION VERDE 30 FUNDO DE INVESTIMENTO EM COTAS DE FIF MULTIMERCADO - RESP LIMITADA;2025-08-31;Outros;0.00
CLASSES - FIF;05.589.418/0001-08;;BRAM FI FINANCEIRO - CIA IBOVESPA - RESP LIMITADA;2025-08-31;Ações;68.18
CLASSES - FIF;05.589.418/0001-08;;BRAM FI FINANCEIRO - CIA IBOVESPA - RESP LIMITADA;2025-08-31;Cotas de fundos de investimento 409;30.56
CLASSES - FIF;05.589.418/0001-08;;BRAM FI FINANCEIRO - CIA IBOVESPA - RESP LIMITADA;2025-08-31;Derivativos;1.20
CLASSES - FIF;05.589.418/0001-08;;BRAM FI FINANCEIRO - CIA IBOVESPA - RESP LIMITADA;2025-08-31;Operações compromissadas lastreadas em títulos públicos federais;0.48
CLASSES - FIF;05.589.424/0001-57;;BRAM FI FINANCEIRO - CIA - RESP LIMITADA;2025-08-31;Ações;69.23
CLASSES - FIF;05.589.424/0001-57;;BRAM FI FINANCEIRO - CIA - RESP LIMITADA;2025-08-31;Cotas de fundos de investimento 409;29.37
CLASSES - FIF;05.589.424/0001-57;;BRAM FI FINANCEIRO - CIA - RESP LIMITADA;2025-08-31;Derivativos;0.80
CLASSES - FIF;05.589.424/0001-57;;BRAM FI FINANCEIRO - CIA - RESP LIMITADA;2025-08-31;Operações compromissadas lastreadas em títulos públicos federais;0.32
CLASSES - FIF;05.589.433/0001-48;;BRAM FIF - CLASSE DE INVESTIMENTO EM AÇÕES IBOVESPA ATIVO - RESP LIMITADA;2025-08-31;Ações;93.24
CLASSES - FIF;05.589.433/0001-48;;BRAM FIF - CLASSE DE INVESTIMENTO EM AÇÕES IBOVESPA ATIVO - RESP LIMITADA;2025-08-31;Derivativos;0.48
CLASSES - FIF;05.589.433/0001-48;;BRAM FIF - CLASSE DE INVESTIMENTO EM AÇÕES IBOVESPA ATIVO - RESP LIMITADA;2025-08-31;Investimento no exterior;5.00
CLASSES - FIF;05.589.433/0001-48;;BRAM FIF - CLASSE DE INVESTIMENTO EM AÇÕES IBOVESPA ATIVO - RESP LIMITADA;2025-08-31;Operações compromissadas lastreadas em títulos públicos federais;0.84
CLASSES - FIF;05.629.872/0001-37;;BRADESCO CORPORATE FIF -CIC CAMBIAL DÓLAR - RESPONSABILIDADE LIMITADA;2025-08-31;Derivativos;99.80
CLASSES - FIF;05.629.872/0001-37;;BRADESCO CORPORATE FIF -CIC CAMBIAL DÓLAR - RESPONSABILIDADE LIMITADA;2025-08-31;Operações compromissadas lastreadas em títulos públicos federais;11.19
CLASSES - FIF;05.629.872/0001-37;;BRADESCO CORPORATE FIF -CIC CAMBIAL DÓLAR - RESPONSABILIDADE LIMITADA;2025-08-31;Títulos públicos federais;88.55
CLASSES - FIF;05.629.888/0001-40;;BRADESCO CORPORATE FIF -CLASSE DE INVESTIMENTO EM COTAS RENDA FIXA - RESP LIMITADA;2025-08-31;Cotas de fundos de investimento 409;19.08
CLASSES - FIF;05.629.888/0001-40;;BRADESCO CORPORATE FIF -CLASSE DE INVESTIMENTO EM COTAS RENDA FIXA - RESP LIMITADA;2025-08-31;Depósitos a prazo e outros títulos de instituições financeiras;23.70
CLASSES - FIF;05.629.888/0001-40;;BRADESCO CORPORATE FIF -CLASSE DE INVESTIMENTO EM COTAS RENDA FIXA - RESP LIMITADA;2025-08-31;Derivativos;-7.95
CLASSES - FIF;05.629.888/0001-40;;BRADESCO CORPORATE FIF -CLASSE DE INVESTIMENTO EM COTAS RENDA FIXA - RESP LIMITADA;2025-08-31;Operações compromissadas lastreadas em títulos públicos federais;21.28
CLASSES - FIF;05.629.888/0001-40;;BRADESCO CORPORATE FIF -CLASSE DE INVESTIMENTO EM COTAS RENDA FIXA - RESP LIMITADA;2025-08-31;Títulos públicos federais;31.55
CLASSES - FIF;05.629.893/0001-52;;BRADESCO CORPORATE FIF -  CIC RENDA FIXA REFERENCIADA DI -  RESPONSABILIDADE LIMITADA;2025-08-31;Depósitos a prazo e outros títulos de instituições financeiras;4.67
CLASSES - FIF;05.629.893/0001-52;;BRADESCO CORPORATE FIF -  CIC RENDA FIXA REFERENCIADA DI -  RESPONSABILIDADE LIMITADA;2025-08-31;Operações compromissadas lastreadas em títulos públicos federais;56.78
CLASSES - FIF;05.629.893/0001-52;;BRADESCO CORPORATE FIF -  CIC RENDA FIXA REFERENCIADA DI -  RESPONSABILIDADE LIMITADA;2025-08-31;Títulos de crédito privado;0.02
CLASSES - FIF;05.629.893/0001-52;;BRADESCO CORPORATE FIF -  CIC RENDA FIXA REFERENCIADA DI -  RESPONSABILIDADE LIMITADA;2025-08-31;Títulos públicos federais;37.10
CLASSES - FIF;05.629.904/0001-02;;BRADESCO CORPORATE FC FIF RENDA FIXA REFERENCIADA DI FEDERAL EXTRA -RESP LIMITADA;2025-08-31;Operações compromissadas lastreadas em títulos públicos federais;27.27
CLASSES - FIF;05.629.904/0001-02;;BRADESCO CORPORATE FC FIF RENDA FIXA REFERENCIADA DI FEDERAL EXTRA -RESP LIMITADA;2025-08-31;Títulos públicos federais;68.72
CLASSES - FIF;05.635.774/0001-02;;BRADESCO H 1.000 FIF - CIC RENDA FIXA REFERENCIADA DI LONGO PRAZO -  RESPONSABILIDADE LIMITADA;2025-08-31;Depósitos a prazo e outros títulos de instituições financeiras;4.73
CLASSES - FIF;05.635.774/0001-02;;BRADESCO H 1.000 FIF - CIC RENDA FIXA REFERENCIADA DI LONGO PRAZO -  RESPONSABILIDADE LIMITADA;2025-08-31;Operações compromissadas lastreadas em títulos públicos federais;57.58
CLASSES - FIF;05.635.774/0001-02;;BRADESCO H 1.000 FIF - CIC RENDA FIXA REFERENCIADA DI LONGO PRAZO -  RESPONSABILIDADE LIMITADA;2025-08-31;Títulos de crédito privado;0.02
CLASSES - FIF;05.635.774/0001-02;;BRADESCO H 1.000 FIF - CIC RENDA FIXA REFERENCIADA DI LONGO PRAZO -  RESPONSABILIDADE LIMITADA;2025-08-31;Títulos públicos federais;37.62
CLASSES - FIF;05.753.141/0001-07;;BRADESCO PRIME FIF - CIC DE AÇÕES IBOVESPA ATIVO - RESPONSABILIDADE LIMITADA;2025-08-31;Ações;93.34
CLASSES - FIF;05.753.141/0001-07;;BRADESCO PRIME FIF - CIC DE AÇÕES IBOVESPA ATIVO - RESPONSABILIDADE LIMITADA;2025-08-31;Derivativos;0.48
CLASSES - FIF;05.753.141/0001-07;;BRADESCO PRIME FIF - CIC DE AÇÕES IBOVESPA ATIVO - RESPONSABILIDADE LIMITADA;2025-08-31;Investimento no exterior;5.01
CLASSES - FIF;05.753.141/0001-07;;BRADESCO PRIME FIF - CIC DE AÇÕES IBOVESPA ATIVO - RESPONSABILIDADE LIMITADA;2025-08-31;Operações compromissadas lastreadas em títulos públicos federais;0.84
CLASSES - FIF;05.755.769/0001-33;;ICATU VANGUARDA PLUS FIF  RF  LONGO PRAZO - RESP  LTDA;2025-08-31;Ações;0.02
CLASSES - FIF;05.755.769/0001-33;;ICATU VANGUARDA PLUS FIF  RF  LONGO PRAZO - RESP  LTDA;2025-08-31;Depósitos a prazo e outros títulos de instituições financeiras;14.39
CLASSES - FIF;05.755.769/0001-33;;ICATU VANGUARDA PLUS FIF  RF  LONGO PRAZO - RESP  LTDA;2025-08-31;Operações compromissadas lastreadas em títulos públicos federais;2.54
CLASSES - FIF;05.755.769/0001-33;;ICATU VANGUARDA PLUS FIF  RF  LONGO PRAZO - RESP  LTDA;2025-08-31;Títulos de crédito privado;20.36
CLASSES - FIF;05.755.769/0001-33;;ICATU VANGUARDA PLUS FIF  RF  LONGO PRAZO - RESP  LTDA;2025-08-31;Títulos públicos federais;62.72
CLASSES - FIF;05.926.162/0001-79;;BRADESCO FUTURO FI FINANCEIRO - CIC DE CI MULT CRED PRIV - RESP LIMITADA;2025-08-31;Cotas de fundos de investimento 409;1.74
CLASSES - FIF;05.926.162/0001-79;;BRADESCO FUTURO FI FINANCEIRO - CIC DE CI MULT CRED PRIV - RESP LIMITADA;2025-08-31;Depósitos a prazo e outros títulos de instituições financeiras;27.61
CLASSES - FIF;05.926.162/0001-79;;BRADESCO FUTURO FI FINANCEIRO - CIC DE CI MULT CRED PRIV - RESP LIMITADA;2025-08-31;Operações compromissadas lastreadas em títulos públicos federais;42.95
CLASSES - FIF;05.926.162/0001-79;;BRADESCO FUTURO FI FINANCEIRO - CIC DE CI MULT CRED PRIV - RESP LIMITADA;2025-08-31;Títulos de crédito privado;12.75
CLASSES - FIF;05.926.162/0001-79;;BRADESCO FUTURO FI FINANCEIRO - CIC DE CI MULT CRED PRIV - RESP LIMITADA;2025-08-31;Títulos públicos federais;18.51
CLASSES - FIF;05.959.219/0001-36;;BRADESCO H FIF - CLASSE DE INVESTIMENTO RENDA FIXA CURTO PRAZO - RESPONSABILIDADE LIMITADA;2025-08-31;Operações compromissadas lastreadas em títulos públicos federais;100.01
CLASSES - FIF;05.964.067/0001-60;;FINACAP MAURITSSTAD FIF - CLASSE DE INVESTIMENTO EM AÇÕES - RESPONSABILIDADE LIMITADA;2025-08-31;Ações;97.15
CLASSES - FIF;05.964.067/0001-60;;FINACAP MAURITSSTAD FIF - CLASSE DE INVESTIMENTO EM AÇÕES - RESPONSABILIDADE LIMITADA;2025-08-31;Operações compromissadas lastreadas em títulos públicos federais;1.91
CLASSES - FIF;05.983.558/0001-58;;BRADESCO PRIME FIF - CIC RENDA FIXA SPECIAL - RESPONSABILIDADE LIMITADA;2025-08-31;Cotas de fundos de investimento 409;19.05
CLASSES - FIF;05.983.558/0001-58;;BRADESCO PRIME FIF - CIC RENDA FIXA SPECIAL - RESPONSABILIDADE LIMITADA;2025-08-31;Depósitos a prazo e outros títulos de instituições financeiras;23.66
CLASSES - FIF;05.983.558/0001-58;;BRADESCO PRIME FIF - CIC RENDA FIXA SPECIAL - RESPONSABILIDADE LIMITADA;2025-08-31;Derivativos;-7.94
CLASSES - FIF;05.983.558/0001-58;;BRADESCO PRIME FIF - CIC RENDA FIXA SPECIAL - RESPONSABILIDADE LIMITADA;2025-08-31;Operações compromissadas lastreadas em títulos públicos federais;21.24
CLASSES - FIF;05.983.558/0001-58;;BRADESCO PRIME FIF - CIC RENDA FIXA SPECIAL - RESPONSABILIDADE LIMITADA;2025-08-31;Títulos públicos federais;31.50
CLASSES - FIF;05.983.569/0001-38;;BRADESCO PRIME SPECIAL FIF -  CIC RENDA FIXA REFERENCIADA DI -  RESPONSABILIDADE LIMITADA;2025-08-31;Depósitos a prazo e outros títulos de instituições financeiras;4.53
CLASSES - FIF;05.983.569/0001-38;;BRADESCO PRIME SPECIAL FIF -  CIC RENDA FIXA REFERENCIADA DI -  RESPONSABILIDADE LIMITADA;2025-08-31;Operações compromissadas lastreadas em títulos públicos federais;55.05
CLASSES - FIF;05.983.569/0001-38;;BRADESCO PRIME SPECIAL FIF -  CIC RENDA FIXA REFERENCIADA DI -  RESPONSABILIDADE LIMITADA;2025-08-31;Títulos de crédito privado;0.02
CLASSES - FIF;05.983.569/0001-38;;BRADESCO PRIME SPECIAL FIF -  CIC RENDA FIXA REFERENCIADA DI -  RESPONSABILIDADE LIMITADA;2025-08-31;Títulos públicos federais;35.97
CLASSES - FIF;05.983.641/0001-27;;BRADESCO TOPÁZIO FIF - CIC RENDA FIXA REFERENCIADA DI -  RESPONSABILIDADE LIMITADA;2025-08-31;Depósitos a prazo e outros títulos de instituições financeiras;4.58
CLASSES - FIF;05.983.641/0001-27;;BRADESCO TOPÁZIO FIF - CIC RENDA FIXA REFERENCIADA DI -  RESPONSABILIDADE LIMITADA;2025-08-31;Operações compromissadas lastreadas em títulos públicos federais;55.68
CLASSES - FIF;05.983.641/0001-27;;BRADESCO TOPÁZIO FIF - CIC RENDA FIXA REFERENCIADA DI -  RESPONSABILIDADE LIMITADA;2025-08-31;Títulos de crédito privado;0.02
CLASSES - FIF;05.983.641/0001-27;;BRADESCO TOPÁZIO FIF - CIC RENDA FIXA REFERENCIADA DI -  RESPONSABILIDADE LIMITADA;2025-08-31;Títulos públicos federais;36.38
CLASSES - FIF;05.983.660/0001-53;;BRADESCO PRIME FIF - CIC RENDA FIXA CURTO PRAZO - RESP LIMITADA;2025-08-31;Operações compromissadas lastreadas em títulos públicos federais;95.96
CLASSES - FIF;06.077.638/0001-07;;BRADESCO FIF - CLASSE DE INVESTIMENTO RF CRÉDITO PRIVADO LP PERFORMANCE - RESP LIMITADA;2025-08-31;Cotas de fundos de investimento 409;1.93
CLASSES - FIF;06.077.638/0001-07;;BRADESCO FIF - CLASSE DE INVESTIMENTO RF CRÉDITO PRIVADO LP PERFORMANCE - RESP LIMITADA;2025-08-31;Depósitos a prazo e outros títulos de instituições financeiras;31.71
CLASSES - FIF;06.077.638/0001-07;;BRADESCO FIF - CLASSE DE INVESTIMENTO RF CRÉDITO PRIVADO LP PERFORMANCE - RESP LIMITADA;2025-08-31;Operações compromissadas lastreadas em títulos públicos federais;26.14
CLASSES - FIF;06.077.638/0001-07;;BRADESCO FIF - CLASSE DE INVESTIMENTO RF CRÉDITO PRIVADO LP PERFORMANCE - RESP LIMITADA;2025-08-31;Títulos de crédito privado;36.45
CLASSES - FIF;06.077.638/0001-07;;BRADESCO FIF - CLASSE DE INVESTIMENTO RF CRÉDITO PRIVADO LP PERFORMANCE - RESP LIMITADA;2025-08-31;Títulos públicos federais;2.91
CLASSES - FIF;06.081.490/0001-84;;BRAM FI FINANCEIRO - CI RF CP - RESP LIMITADA;2025-08-31;Operações compromissadas lastreadas em títulos públicos federais;99.91
CLASSES - FIF;06.092.123/0001-86;;DAYCOVAL MULTIFUNDS FUNDO DE INVESTIMENTO FINANCEIRO;2025-08-31;Cotas de Fundos de Investimento 409;99.60
CLASSES - FIF;06.092.123/0001-86;;DAYCOVAL MULTIFUNDS FUNDO DE INVESTIMENTO FINANCEIRO;2025-08-31;Outras Aplicações;0.68
CLASSES - FIF;06.127.871/0001-57;;BRADESCO H FIF - CIC RENDA FIXA LONGO PRAZO 1.000 - RESPONSABILIDADE LIMITADA;2025-08-31;Cotas de fundos de investimento 409;8.89
CLASSES - FIF;06.127.871/0001-57;;BRADESCO H FIF - CIC RENDA FIXA LONGO PRAZO 1.000 - RESPONSABILIDADE LIMITADA;2025-08-31;Depósitos a prazo e outros títulos de instituições financeiras;20.50
CLASSES - FIF;06.127.871/0001-57;;BRADESCO H FIF - CIC RENDA FIXA LONGO PRAZO 1.000 - RESPONSABILIDADE LIMITADA;2025-08-31;Derivativos;-1.77
CLASSES - FIF;06.127.871/0001-57;;BRADESCO H FIF - CIC RENDA FIXA LONGO PRAZO 1.000 - RESPONSABILIDADE LIMITADA;2025-08-31;Operações compromissadas lastreadas em títulos públicos federais;25.08
CLASSES - FIF;06.127.871/0001-57;;BRADESCO H FIF - CIC RENDA FIXA LONGO PRAZO 1.000 - RESPONSABILIDADE LIMITADA;2025-08-31;Títulos públicos federais;45.59
CLASSES - FIF;06.185.715/0001-42;;BRAM MACRO 22 FI FINANCEIRO - CI MULT - RESP LIMITADA;2025-08-31;Derivativos;-18.48
CLASSES - FIF;06.185.715/0001-42;;BRAM MACRO 22 FI FINANCEIRO - CI MULT - RESP LIMITADA;2025-08-31;Operações compromissadas lastreadas em títulos públicos federais;48.16
CLASSES - FIF;06.185.715/0001-42;;BRAM MACRO 22 FI FINANCEIRO - CI MULT - RESP LIMITADA;2025-08-31;Títulos públicos federais;51.87
CLASSES - FIF;06.190.196/0001-00;;BRADESCO PRIME FIF - CIC MULTI MULTI ALLOCATION - RESP LIMITADA;2025-08-31;Cotas de fundos de investimento 409;100.64
CLASSES - FIF;06.190.263/0001-97;;BRADESCO FIF - CIC RENDA FIXA CURTO PRAZO - RESP LIMITADA;2025-08-31;Operações compromissadas lastreadas em títulos públicos federais;99.03
CLASSES - FIF;06.224.719/0001-92;;ICATU VANGUARDA IBX FIF - CLASSE DE INVESTIMENTO EM AÇÕES - RESPONSABILIDADE LIMITADA;2025-08-31;Ações;93.84
CLASSES - FIF;06.224.719/0001-92;;ICATU VANGUARDA IBX FIF - CLASSE DE INVESTIMENTO EM AÇÕES - RESPONSABILIDADE LIMITADA;2025-08-31;Derivativos;4.54
CLASSES - FIF;06.224.719/0001-92;;ICATU VANGUARDA IBX FIF - CLASSE DE INVESTIMENTO EM AÇÕES - RESPONSABILIDADE LIMITADA;2025-08-31;Operações compromissadas lastreadas em títulos públicos federais;4.90
CLASSES - FIF;06.245.549/0001-22;;BRADESCO PIBBS I FI FINANCEIRO - CIA - RESP LIMITADA;2025-08-31;Cotas de fundos de investimento 409;99.03
CLASSES - FIF;06.245.549/0001-22;;BRADESCO PIBBS I FI FINANCEIRO - CIA - RESP LIMITADA;2025-08-31;Operações compromissadas lastreadas em títulos públicos federais;0.90
CLASSES - FIF;06.275.894/0001-09;;FUNDO DE INVESTIMENTO SITA MIX MULTIMERCADO RESPONSABILIDADE LIMITADA;2025-08-31;Acões;0.92
CLASSES - FIF;06.275.894/0001-09;;FUNDO DE INVESTIMENTO SITA MIX MULTIMERCADO RESPONSABILIDADE LIMITADA;2025-08-31;Cotas de Fundos de Investimento 555;8.17
CLASSES - FIF;06.275.894/0001-09;;FUNDO DE INVESTIMENTO SITA MIX MULTIMERCADO RESPONSABILIDADE LIMITADA;2025-08-31;Depósito a prazo e outros títulos de instituições financeiras;82.22
CLASSES - FIF;06.275.894/0001-09;;FUNDO DE INVESTIMENTO SITA MIX MULTIMERCADO RESPONSABILIDADE LIMITADA;2025-08-31;Operacões compromissadas lastreadas em títulos públicos federais;5.47
CLASSES - FIF;06.275.894/0001-09;;FUNDO DE INVESTIMENTO SITA MIX MULTIMERCADO RESPONSABILIDADE LIMITADA;2025-08-31;Títulos de crédito privado;3.21
CLASSES - FIF;06.865.916/0001-90;;BRADESCO PRIME H FIF - CIC RENDA FIXA CRÉDITO PRIVADO LP PERFORMANCE - RESP LIMITADA;2025-08-31;Cotas de fundos de investimento 409;2.79
CLASSES - FIF;06.865.916/0001-90;;BRADESCO PRIME H FIF - CIC RENDA FIXA CRÉDITO PRIVADO LP PERFORMANCE - RESP LIMITADA;2025-08-31;Depósitos a prazo e outros títulos de instituições financeiras;30.87
CLASSES - FIF;06.865.916/0001-90;;BRADESCO PRIME H FIF - CIC RENDA FIXA CRÉDITO PRIVADO LP PERFORMANCE - RESP LIMITADA;2025-08-31;Operações compromissadas lastreadas em títulos públicos federais;26.28
CLASSES - FIF;06.865.916/0001-90;;BRADESCO PRIME H FIF - CIC RENDA FIXA CRÉDITO PRIVADO LP PERFORMANCE - RESP LIMITADA;2025-08-31;Títulos de crédito privado;35.49
CLASSES - FIF;06.865.916/0001-90;;BRADESCO PRIME H FIF - CIC RENDA FIXA CRÉDITO PRIVADO LP PERFORMANCE - RESP LIMITADA;2025-08-31;Títulos públicos federais;4.62
CLASSES - FIF;06.866.051/0001-87;;TIVIO INSTITUCIONAL RENDA FIXA CRED PRIV FUNDO DE INVESTIMENTO FINANCEIRO - RESP LIMITADA;2025-08-31;Cotas de fundos de investimento 409;2.57
CLASSES - FIF;06.866.051/0001-87;;TIVIO INSTITUCIONAL RENDA FIXA CRED PRIV FUNDO DE INVESTIMENTO FINANCEIRO - RESP LIMITADA;2025-08-31;Depósitos a prazo e outros títulos de instituições financeiras;42.90
CLASSES - FIF;06.866.051/0001-87;;TIVIO INSTITUCIONAL RENDA FIXA CRED PRIV FUNDO DE INVESTIMENTO FINANCEIRO - RESP LIMITADA;2025-08-31;Operações compromissadas lastreadas em títulos públicos federais;12.59
CLASSES - FIF;06.866.051/0001-87;;TIVIO INSTITUCIONAL RENDA FIXA CRED PRIV FUNDO DE INVESTIMENTO FINANCEIRO - RESP LIMITADA;2025-08-31;Títulos de crédito privado;18.01
CLASSES - FIF;06.866.051/0001-87;;TIVIO INSTITUCIONAL RENDA FIXA CRED PRIV FUNDO DE INVESTIMENTO FINANCEIRO - RESP LIMITADA;2025-08-31;Títulos públicos federais;23.78
CLASSES - FIF;06.871.308/0001-99;;CSHG TOP 30 FUNDO DE INVESTIMENTO EM COTAS DE FUNDOS DE INVESTIMENTO FINANCEIRO MULT RESP LIMITADA;2025-08-31;Outras Cotas de Fundos de Investimento;100.05
CLASSES - FIF;06.871.308/0001-99;;CSHG TOP 30 FUNDO DE INVESTIMENTO EM COTAS DE FUNDOS DE INVESTIMENTO FINANCEIRO MULT RESP LIMITADA;2025-08-31;Outros;0.00
CLASSES - FIF;06.916.384/0001-73;;BRADESCO FIF - CLASSE DE INVESTIMENTO EM AÇÕES DIVIDENDOS - RESP LIMITADA;2025-08-31;Ações;93.86
CLASSES - FIF;06.916.384/0001-73;;BRADESCO FIF - CLASSE DE INVESTIMENTO EM AÇÕES DIVIDENDOS - RESP LIMITADA;2025-08-31;Derivativos;-0.18
CLASSES - FIF;06.916.384/0001-73;;BRADESCO FIF - CLASSE DE INVESTIMENTO EM AÇÕES DIVIDENDOS - RESP LIMITADA;2025-08-31;Operações compromissadas lastreadas em títulos públicos federais;6.53
CLASSES - FIF;06.916.397/0001-42;;BRADESCO PRIME FIF - CIC DE AÇÕES DIVIDENDOS - RESP LIMITADA;2025-08-31;Ações;95.67
CLASSES - FIF;06.916.397/0001-42;;BRADESCO PRIME FIF - CIC DE AÇÕES DIVIDENDOS - RESP LIMITADA;2025-08-31;Derivativos;-0.18
CLASSES - FIF;06.916.397/0001-42;;BRADESCO PRIME FIF - CIC DE AÇÕES DIVIDENDOS - RESP LIMITADA;2025-08-31;Operações compromissadas lastreadas em títulos públicos federais;3.87
CLASSES - FIF;06.940.782/0001-25;;RIO BRAVO FUNDAMENTAL FUNDO DE INVESTIMENTO FINANCEIRO EM AÇÕES RESPONSABILIDADE LIMITADA;2025-08-31;Ações;92.41
CLASSES - FIF;06.940.782/0001-25;;RIO BRAVO FUNDAMENTAL FUNDO DE INVESTIMENTO FINANCEIRO EM AÇÕES RESPONSABILIDADE LIMITADA;2025-08-31;Cotas de fundos de investimento 409;3.13
CLASSES - FIF;06.940.782/0001-25;;RIO BRAVO FUNDAMENTAL FUNDO DE INVESTIMENTO FINANCEIRO EM AÇÕES RESPONSABILIDADE LIMITADA;2025-08-31;Operações compromissadas lastreadas em títulos públicos federais;3.29
CLASSES - FIF;06.988.623/0001-09;;BRADESCO FIF - CLASSE DE  INVESTIMENTO EM AÇÕES MID SMALL CAPS - RESPONSABILIDADE LIMITADA;2025-08-31;Ações;90.15
CLASSES - FIF;06.988.623/0001-09;;BRADESCO FIF - CLASSE DE  INVESTIMENTO EM AÇÕES MID SMALL CAPS - RESPONSABILIDADE LIMITADA;2025-08-31;Derivativos;0.09
CLASSES - FIF;06.988.623/0001-09;;BRADESCO FIF - CLASSE DE  INVESTIMENTO EM AÇÕES MID SMALL CAPS - RESPONSABILIDADE LIMITADA;2025-08-31;Operações compromissadas lastreadas em títulos públicos federais;9.83
CLASSES - FIF;07.018.136/0001-78;;PRISMA FIA;2025-08-31;Ações;91.26
CLASSES - FIF;07.018.136/0001-78;;PRISMA FIA;2025-08-31;Cotas de fundos de investimento 555;0.45
CLASSES - FIF;07.018.136/0001-78;;PRISMA FIA;2025-08-31;Operações compromissadas lastreadas em títulospúblicos federais;7.25
CLASSES - FIF;07.018.136/0001-78;;PRISMA FIA;2025-08-31;Outras aplicações;1.04
CLASSES - FIF;07.187.482/0001-80;;BRAM MACRO MULTIESTRATÉGIA FI FINANCEIRO - CI MULT - RESP LIMITADA;2025-08-31;Derivativos;109.65
CLASSES - FIF;07.187.482/0001-80;;BRAM MACRO MULTIESTRATÉGIA FI FINANCEIRO - CI MULT - RESP LIMITADA;2025-08-31;Operações compromissadas lastreadas em títulos públicos federais;28.03
CLASSES - FIF;07.187.482/0001-80;;BRAM MACRO MULTIESTRATÉGIA FI FINANCEIRO - CI MULT - RESP LIMITADA;2025-08-31;Títulos públicos federais;72.04
CLASSES - FIF;07.187.565/0001-79;;BRADESCO FIF - CLASSE DE INVESTIMENTO MULTIMERCADO LONG SHORT - RESP LIMITADA;2025-08-31;Títulos públicos federais;133.68
CLASSES - FIF;07.187.570/0001-81;;BRADESCO PODER PÚBLICO FIF -  CIC RENDA FIXA REFERENCIADA DI -  RESPONSABILIDADE LIMITADA;2025-08-31;Operações compromissadas lastreadas em títulos públicos federais;27.32
CLASSES - FIF;07.187.570/0001-81;;BRADESCO PODER PÚBLICO FIF -  CIC RENDA FIXA REFERENCIADA DI -  RESPONSABILIDADE LIMITADA;2025-08-31;Títulos públicos federais;68.87
CLASSES - FIF;07.187.751/0001-08;;BRADESCO FIF - CLASSE DE INVESTIMENTO EM AÇÕES IS SUSTENTABILIDADE EMPRESARIAL - RESP LIMITADA;2025-08-31;Ações;97.30
CLASSES - FIF;07.187.751/0001-08;;BRADESCO FIF - CLASSE DE INVESTIMENTO EM AÇÕES IS SUSTENTABILIDADE EMPRESARIAL - RESP LIMITADA;2025-08-31;Operações compromissadas lastreadas em títulos públicos federais;1.81
CLASSES - FIF;07.192.319/0001-05;;BRADESCO PRIME FIF - CIC MULTIMERCADO LONG SHORT - RESP LIMITADA;2025-08-31;Ações;18.99
CLASSES - FIF;07.192.319/0001-05;;BRADESCO PRIME FIF - CIC MULTIMERCADO LONG SHORT - RESP LIMITADA;2025-08-31;Cotas de fundos de investimento 409;4.12
CLASSES - FIF;07.192.319/0001-05;;BRADESCO PRIME FIF - CIC MULTIMERCADO LONG SHORT - RESP LIMITADA;2025-08-31;Investimento no exterior;1.36
CLASSES - FIF;07.192.319/0001-05;;BRADESCO PRIME FIF - CIC MULTIMERCADO LONG SHORT - RESP LIMITADA;2025-08-31;Operações compromissadas lastreadas em títulos públicos federais;17.55
CLASSES - FIF;07.192.319/0001-05;;BRADESCO PRIME FIF - CIC MULTIMERCADO LONG SHORT - RESP LIMITADA;2025-08-31;Títulos públicos federais;70.36
CLASSES - FIF;07.192.386/0001-20;;BRADESCO FIF - CIC MULTIMERCADO MULTIESTRATÉGIA - RESP LIMITADA;2025-08-31;Cotas de fundos de investimento 409;70.84
CLASSES - FIF;07.192.386/0001-20;;BRADESCO FIF - CIC MULTIMERCADO MULTIESTRATÉGIA - RESP LIMITADA;2025-08-31;Operações compromissadas lastreadas em títulos públicos federais;9.27
CLASSES - FIF;07.192.386/0001-20;;BRADESCO FIF - CIC MULTIMERCADO MULTIESTRATÉGIA - RESP LIMITADA;2025-08-31;Títulos públicos federais;19.97
CLASSES - FIF;07.192.395/0001-10;;BRADESCO CORPORATE FIF - CIC RENDA FIXA CRÉDITO PRIVADO LONGO PRAZO - RESP LIMITADA;2025-08-31;Cotas de fundos de investimento 409;4.90
CLASSES - FIF;07.192.395/0001-10;;BRADESCO CORPORATE FIF - CIC RENDA FIXA CRÉDITO PRIVADO LONGO PRAZO - RESP LIMITADA;2025-08-31;Depósitos a prazo e outros títulos de instituições financeiras;46.65
CLASSES - FIF;07.192.395/0001-10;;BRADESCO CORPORATE FIF - CIC RENDA FIXA CRÉDITO PRIVADO LONGO PRAZO - RESP LIMITADA;2025-08-31;Operações compromissadas lastreadas em títulos públicos federais;20.80
CLASSES - FIF;07.192.395/0001-10;;BRADESCO CORPORATE FIF - CIC RENDA FIXA CRÉDITO PRIVADO LONGO PRAZO - RESP LIMITADA;2025-08-31;Títulos de crédito privado;27.63
CLASSES - FIF;07.192.395/0001-10;;BRADESCO CORPORATE FIF - CIC RENDA FIXA CRÉDITO PRIVADO LONGO PRAZO - RESP LIMITADA;2025-08-31;Títulos públicos federais;0.08
CLASSES - FIF;07.192.409/0001-04;;BRADESCO CORPORATE TOP FIF  - CIC  RENDA FIXA REFERENCIADA DI -  RESPONSABILIDADE LIMITADA;2025-08-31;Cotas de fundos de investimento 409;1.68
CLASSES - FIF;07.192.409/0001-04;;BRADESCO CORPORATE TOP FIF  - CIC  RENDA FIXA REFERENCIADA DI -  RESPONSABILIDADE LIMITADA;2025-08-31;Depósitos a prazo e outros títulos de instituições financeiras;26.64
CLASSES - FIF;07.192.409/0001-04;;BRADESCO CORPORATE TOP FIF  - CIC  RENDA FIXA REFERENCIADA DI -  RESPONSABILIDADE LIMITADA;2025-08-31;Operações compromissadas lastreadas em títulos públicos federais;41.43
CLASSES - FIF;07.192.409/0001-04;;BRADESCO CORPORATE TOP FIF  - CIC  RENDA FIXA REFERENCIADA DI -  RESPONSABILIDADE LIMITADA;2025-08-31;Títulos de crédito privado;12.30
CLASSES - FIF;07.192.409/0001-04;;BRADESCO CORPORATE TOP FIF  - CIC  RENDA FIXA REFERENCIADA DI -  RESPONSABILIDADE LIMITADA;2025-08-31;Títulos públicos federais;17.85
CLASSES - FIF;07.194.559/0001-49;;BRADESCO PIBBS II FI FINANCEIRO - CIA - RESP LIMITADA;2025-08-31;Cotas de fundos de investimento 409;99.04
CLASSES - FIF;07.194.559/0001-49;;BRADESCO PIBBS II FI FINANCEIRO - CIA - RESP LIMITADA;2025-08-31;Títulos públicos federais;0.65
CLASSES - FIF;07.195.440/0001-90;;E2M INTRUST FUNDO DE INVESTIMENTO DE AÇÕES - RESPONSABILIDADE LIMITADA;2025-08-31;Ações;83.24
CLASSES - FIF;07.195.440/0001-90;;E2M INTRUST FUNDO DE INVESTIMENTO DE AÇÕES - RESPONSABILIDADE LIMITADA;2025-08-31;Cotas de fundos de investimento 555;7.37
CLASSES - FIF;07.195.440/0001-90;;E2M INTRUST FUNDO DE INVESTIMENTO DE AÇÕES - RESPONSABILIDADE LIMITADA;2025-08-31;Operações compromissadas lastreadas em títulospúblicos federais;3.86
CLASSES - FIF;07.195.440/0001-90;;E2M INTRUST FUNDO DE INVESTIMENTO DE AÇÕES - RESPONSABILIDADE LIMITADA;2025-08-31;Outras aplicações;-4.67
CLASSES - FIF;07.195.440/0001-90;;E2M INTRUST FUNDO DE INVESTIMENTO DE AÇÕES - RESPONSABILIDADE LIMITADA;2025-08-31;Títulos públicos federais;10.19
CLASSES - FIF;07.287.126/0001-38;;BRADESCO FIF - CIC RENDA FIXA REFERENCIADA DI LIQUIDEZ ÁGORA - RESP LIMITADA;2025-08-31;Cotas de fundos de investimento 409;1.90
CLASSES - FIF;07.287.126/0001-38;;BRADESCO FIF - CIC RENDA FIXA REFERENCIADA DI LIQUIDEZ ÁGORA - RESP LIMITADA;2025-08-31;Depósitos a prazo e outros títulos de instituições financeiras;26.94
CLASSES - FIF;07.287.126/0001-38;;BRADESCO FIF - CIC RENDA FIXA REFERENCIADA DI LIQUIDEZ ÁGORA - RESP LIMITADA;2025-08-31;Operações compromissadas lastreadas em títulos públicos federais;45.08
CLASSES - FIF;07.287.126/0001-38;;BRADESCO FIF - CIC RENDA FIXA REFERENCIADA DI LIQUIDEZ ÁGORA - RESP LIMITADA;2025-08-31;Títulos de crédito privado;11.12
CLASSES - FIF;07.287.126/0001-38;;BRADESCO FIF - CIC RENDA FIXA REFERENCIADA DI LIQUIDEZ ÁGORA - RESP LIMITADA;2025-08-31;Títulos públicos federais;14.97
CLASSES - FIF;07.364.099/0001-50;;BRADESCO FIF - CIC RENDA FIXA PREFIXADO CURTO - RESP LIMITADA;2025-08-31;Derivativos;11.59
CLASSES - FIF;07.364.099/0001-50;;BRADESCO FIF - CIC RENDA FIXA PREFIXADO CURTO - RESP LIMITADA;2025-08-31;Operações compromissadas lastreadas em títulos públicos federais;11.96
CLASSES - FIF;07.364.099/0001-50;;BRADESCO FIF - CIC RENDA FIXA PREFIXADO CURTO - RESP LIMITADA;2025-08-31;Títulos públicos federais;88.23
CLASSES - FIF;07.364.744/0001-34;;BRADESCO H FI FINANCEIRO - CIA PIBB IBRX 50 - RESP LIMITADA;2025-08-31;Cotas de fundos de investimento 409;99.04
CLASSES - FIF;07.364.744/0001-34;;BRADESCO H FI FINANCEIRO - CIA PIBB IBRX 50 - RESP LIMITADA;2025-08-31;Títulos públicos federais;0.34
CLASSES - FIF;07.364.756/0001-69;;BRAM FIF - CLASSE DE INVESTIMENTO RENDA FIXA INDEX IRF-M - RESP LIMITADA;2025-08-31;Derivativos;11.59
CLASSES - FIF;07.364.756/0001-69;;BRAM FIF - CLASSE DE INVESTIMENTO RENDA FIXA INDEX IRF-M - RESP LIMITADA;2025-08-31;Operações compromissadas lastreadas em títulos públicos federais;11.95
CLASSES - FIF;07.364.756/0001-69;;BRAM FIF - CLASSE DE INVESTIMENTO RENDA FIXA INDEX IRF-M - RESP LIMITADA;2025-08-31;Títulos públicos federais;88.20
CLASSES - FIF;07.381.653/0001-07;;SUL AMÉRICA ATIVO FIF - CLASSE DE INVESTIMENTO RENDA FIXA LONGO PRAZO - RESP LIMITADA;2025-08-31;Derivativos;1.71
CLASSES - FIF;07.381.653/0001-07;;SUL AMÉRICA ATIVO FIF - CLASSE DE INVESTIMENTO RENDA FIXA LONGO PRAZO - RESP LIMITADA;2025-08-31;Operações compromissadas lastreadas em títulos públicos federais;53.41
CLASSES - FIF;07.381.653/0001-07;;SUL AMÉRICA ATIVO FIF - CLASSE DE INVESTIMENTO RENDA FIXA LONGO PRAZO - RESP LIMITADA;2025-08-31;Títulos públicos federais;46.61
CLASSES - FIF;07.400.556/0001-14;;ICATU VANGUARDA INFLAÇÃO LONGA FIF - CLASSE DE INVESTIMENTO EM COTAS RF LONGO PRAZO - RESP LIMITADA;2025-08-31;Operações compromissadas lastreadas em títulos públicos federais;0.77
CLASSES - FIF;07.400.556/0001-14;;ICATU VANGUARDA INFLAÇÃO LONGA FIF - CLASSE DE INVESTIMENTO EM COTAS RF LONGO PRAZO - RESP LIMITADA;2025-08-31;Títulos públicos federais;99.33
CLASSES - FIF;07.420.595/0001-83;;RIO VERDE SMALL CAPS FI FINANCEIRO - CIA - RESP LIMITADA;2025-08-31;Ações;99.29
CLASSES - FIF;07.420.595/0001-83;;RIO VERDE SMALL CAPS FI FINANCEIRO - CIA - RESP LIMITADA;2025-08-31;Operações compromissadas lastreadas em títulos públicos federais;0.88
CLASSES - FIF;07.455.460/0001-53;;CSHG ALLOCATION VERDE 90 FUNDO DE INVESTIMENTO EM COTAS DE FIF MULTIMERCADO - RESP LIMITADA;2025-08-31;Outras Cotas de Fundos de Investimento;100.05
CLASSES - FIF;07.455.460/0001-53;;CSHG ALLOCATION VERDE 90 FUNDO DE INVESTIMENTO EM COTAS DE FIF MULTIMERCADO - RESP LIMITADA;2025-08-31;Outros;0.02
CLASSES - FIF;07.488.106/0001-25;;VINCI GAS DIVIDENDOS FIF - CLASSE DE INVESTIMENTO EM AÇÕES - RESP LIMITADA;2025-08-31;Ações;93.13
CLASSES - FIF;07.488.106/0001-25;;VINCI GAS DIVIDENDOS FIF - CLASSE DE INVESTIMENTO EM AÇÕES - RESP LIMITADA;2025-08-31;Operações compromissadas lastreadas em títulos públicos federais;3.16
CLASSES - FIF;07.535.827/0001-49;;BRADESCO H SUSTENTABILIDADE IS - FIF- CIC EM AÇÕES - RESPONSABILIDADE LIMITADA;2025-08-31;Ações;96.76
CLASSES - FIF;07.535.827/0001-49;;BRADESCO H SUSTENTABILIDADE IS - FIF- CIC EM AÇÕES - RESPONSABILIDADE LIMITADA;2025-08-31;Operações compromissadas lastreadas em títulos públicos federais;2.30
CLASSES - FIF;07.667.163/0001-71;;BRADESCO FIF - CLASSE DE INVESTIMENTO RF REFERENCIADA DI TASC - RESP LIMITADA;2025-08-31;Operações compromissadas lastreadas em títulos públicos federais;100.00
CLASSES - FIF;07.667.213/0001-10;;BRADESCO PRIME FIF - CIC DE AÇÕES IBRX - 50 - RESP LIMITADA;2025-08-31;Ações;97.71
CLASSES - FIF;07.667.213/0001-10;;BRADESCO PRIME FIF - CIC DE AÇÕES IBRX - 50 - RESP LIMITADA;2025-08-31;Derivativos;2.28
CLASSES - FIF;07.667.213/0001-10;;BRADESCO PRIME FIF - CIC DE AÇÕES IBRX - 50 - RESP LIMITADA;2025-08-31;Operações compromissadas lastreadas em títulos públicos federais;0.86
CLASSES - FIF;07.667.245/0001-16;;BRAM FI FINANCEIRO - CIA IBRX-50 - RESP LIMITADA;2025-08-31;Ações;97.68
CLASSES - FIF;07.667.245/0001-16;;BRAM FI FINANCEIRO - CIA IBRX-50 - RESP LIMITADA;2025-08-31;Derivativos;2.28
CLASSES - FIF;07.667.245/0001-16;;BRAM FI FINANCEIRO - CIA IBRX-50 - RESP LIMITADA;2025-08-31;Operações compromissadas lastreadas em títulos públicos federais;0.86
CLASSES - FIF;07.667.259/0001-30;;BRADESCO FIF - CIC RENDA FIXA SIMPLES AUTOMÁTICO - RESPONSABILIDADE LIMITADA;2025-08-31;Depósitos a prazo e outros títulos de instituições financeiras;0.00
CLASSES - FIF;07.667.259/0001-30;;BRADESCO FIF - CIC RENDA FIXA SIMPLES AUTOMÁTICO - RESPONSABILIDADE LIMITADA;2025-08-31;Operações compromissadas lastreadas em títulos públicos federais;32.28
CLASSES - FIF;07.667.259/0001-30;;BRADESCO FIF - CIC RENDA FIXA SIMPLES AUTOMÁTICO - RESPONSABILIDADE LIMITADA;2025-08-31;Títulos públicos federais;63.59
CLASSES - FIF;07.667.274/0001-88;;BRADESCO PRIME ÍNDICE DE SUSTENTABILIDADE EMPRESARIAL  IS FIF - CIC EM AÇÕES - RESP LIMITADA;2025-08-31;Ações;96.65
CLASSES - FIF;07.667.274/0001-88;;BRADESCO PRIME ÍNDICE DE SUSTENTABILIDADE EMPRESARIAL  IS FIF - CIC EM AÇÕES - RESP LIMITADA;2025-08-31;Operações compromissadas lastreadas em títulos públicos federais;2.30
CLASSES - FIF;07.667.299/0001-81;;BRADESCO PRIME NET CRISTAL FUNDO DE INVESTIMENTO FINANCEIRO - CIC MULTIMERCADO - RESP LIMITADA;2025-08-31;Cotas de fundos de investimento 409;99.41
CLASSES - FIF;07.667.341/0001-64;;BRADESCO  GOVERNANÇA CORPORATIVA IS FIF - CIC EM AÇÕES  - RESPONSABILIDADE LIMITADA.;2025-08-31;Ações;96.68
CLASSES - FIF;07.667.341/0001-64;;BRADESCO  GOVERNANÇA CORPORATIVA IS FIF - CIC EM AÇÕES  - RESPONSABILIDADE LIMITADA.;2025-08-31;Operações compromissadas lastreadas em títulos públicos federais;2.30
CLASSES - FIF;07.667.620/0001-28;;BRADESCO MULTIGESTORES FI FINANCEIRO - CIC MULT - RESP LIMITADA;2025-08-31;Ações;31.53
CLASSES - FIF;07.667.620/0001-28;;BRADESCO MULTIGESTORES FI FINANCEIRO - CIC MULT - RESP LIMITADA;2025-08-31;Cotas de fundos de investimento 409;18.30
CLASSES - FIF;07.667.620/0001-28;;BRADESCO MULTIGESTORES FI FINANCEIRO - CIC MULT - RESP LIMITADA;2025-08-31;Derivativos;46.19
CLASSES - FIF;07.667.620/0001-28;;BRADESCO MULTIGESTORES FI FINANCEIRO - CIC MULT - RESP LIMITADA;2025-08-31;Operações compromissadas lastreadas em títulos públicos federais;9.69
CLASSES - FIF;07.667.620/0001-28;;BRADESCO MULTIGESTORES FI FINANCEIRO - CIC MULT - RESP LIMITADA;2025-08-31;Títulos públicos federais;54.06
CLASSES - FIF;07.812.369/0001-48;;BAHIA AM REFERENCIADO DI FIF - CLASSE DE INVESTIMENTO RF REFERENCIADO DI - RESP LIMITADA;2025-08-31;Operações compromissadas lastreadas em títulos públicos federais;10.14
CLASSES - FIF;07.812.369/0001-48;;BAHIA AM REFERENCIADO DI FIF - CLASSE DE INVESTIMENTO RF REFERENCIADO DI - RESP LIMITADA;2025-08-31;Títulos públicos federais;89.88
CLASSES - FIF;07.899.238/0001-40;;META VALOR FUNDO DE INVESTIMENTO FINANCEIRO AÇÕES RESPONSABILIDADE LIMITADA;2025-08-31;Ações;87.63
CLASSES - FIF;07.899.238/0001-40;;META VALOR FUNDO DE INVESTIMENTO FINANCEIRO AÇÕES RESPONSABILIDADE LIMITADA;2025-08-31;Cotas de Fundos de Investimento 409;6.66
CLASSES - FIF;07.899.238/0001-40;;META VALOR FUNDO DE INVESTIMENTO FINANCEIRO AÇÕES RESPONSABILIDADE LIMITADA;2025-08-31;Operações Compromissadas Lastreadas em Títulos Públicos Federais;1.70
CLASSES - FIF;07.899.238/0001-40;;META VALOR FUNDO DE INVESTIMENTO FINANCEIRO AÇÕES RESPONSABILIDADE LIMITADA;2025-08-31;Outras Aplicações;4.23
CLASSES - FIF;07.986.196/0001-84;;BRADESCO H SMALL CAPS FI FINANCEIRO - CIA - RESP LIMITADA;2025-08-31;Ações;99.02
CLASSES - FIF;07.986.196/0001-84;;BRADESCO H SMALL CAPS FI FINANCEIRO - CIA - RESP LIMITADA;2025-08-31;Derivativos;0.95
CLASSES - FIF;07.986.196/0001-84;;BRADESCO H SMALL CAPS FI FINANCEIRO - CIA - RESP LIMITADA;2025-08-31;Operações compromissadas lastreadas em títulos públicos federais;0.35
CLASSES - FIF;08.018.849/0001-02;;BANESTES BTG PACTUAL ABSOLUTO INSTITUCIONAL FIC DE FIF DE AÇÕES RESPONSABILIDADE LIMITADA;2025-08-31;Cotas de fundos de investimento 555;98.33
CLASSES - FIF;08.018.849/0001-02;;BANESTES BTG PACTUAL ABSOLUTO INSTITUCIONAL FIC DE FIF DE AÇÕES RESPONSABILIDADE LIMITADA;2025-08-31;Operações compromissadas lastreadas em títulos públicos federais;0.87
CLASSES - FIF;08.018.849/0001-02;;BANESTES BTG PACTUAL ABSOLUTO INSTITUCIONAL FIC DE FIF DE AÇÕES RESPONSABILIDADE LIMITADA;2025-08-31;Títulos públicos federais;0.69
CLASSES - FIF;08.035.673/0001-99;;BRADESCO H CLASSIC FIF -  CIC RENDA FIXA REFERENCIADA DI LONGO  PRAZO - RESPONSABILIDADE LIMITADA;2025-08-31;Depósitos a prazo e outros títulos de instituições financeiras;4.73
CLASSES - FIF;08.035.673/0001-99;;BRADESCO H CLASSIC FIF -  CIC RENDA FIXA REFERENCIADA DI LONGO  PRAZO - RESPONSABILIDADE LIMITADA;2025-08-31;Operações compromissadas lastreadas em títulos públicos federais;57.53
CLASSES - FIF;08.035.673/0001-99;;BRADESCO H CLASSIC FIF -  CIC RENDA FIXA REFERENCIADA DI LONGO  PRAZO - RESPONSABILIDADE LIMITADA;2025-08-31;Títulos de crédito privado;0.02
CLASSES - FIF;08.035.673/0001-99;;BRADESCO H CLASSIC FIF -  CIC RENDA FIXA REFERENCIADA DI LONGO  PRAZO - RESPONSABILIDADE LIMITADA;2025-08-31;Títulos públicos federais;37.59
CLASSES - FIF;08.154.725/0001-46;;BRADESCO H FIF - CIC DE AÇÕES SMALL CAPS - RESP LIMITADA;2025-08-31;Ações;98.92
CLASSES - FIF;08.154.725/0001-46;;BRADESCO H FIF - CIC DE AÇÕES SMALL CAPS - RESP LIMITADA;2025-08-31;Derivativos;0.95
CLASSES - FIF;08.154.725/0001-46;;BRADESCO H FIF - CIC DE AÇÕES SMALL CAPS - RESP LIMITADA;2025-08-31;Operações compromissadas lastreadas em títulos públicos federais;0.51
CLASSES - FIF;08.244.560/0001-01;;BRADESCO FIF - CIC MULTIMERCADO QUANT - RESP LIMITADA;2025-08-31;Ações;1.31
CLASSES - FIF;08.244.560/0001-01;;BRADESCO FIF - CIC MULTIMERCADO QUANT - RESP LIMITADA;2025-08-31;Depósitos a prazo e outros títulos de instituições financeiras;0.40
CLASSES - FIF;08.244.560/0001-01;;BRADESCO FIF - CIC MULTIMERCADO QUANT - RESP LIMITADA;2025-08-31;Investimento no exterior;17.00
CLASSES - FIF;08.244.560/0001-01;;BRADESCO FIF - CIC MULTIMERCADO QUANT - RESP LIMITADA;2025-08-31;Operações compromissadas lastreadas em títulos públicos federais;23.96
CLASSES - FIF;08.244.560/0001-01;;BRADESCO FIF - CIC MULTIMERCADO QUANT - RESP LIMITADA;2025-08-31;Títulos públicos federais;59.25
CLASSES - FIF;08.244.575/0001-61;;BRADESCO PRIME FIF - CIC DE AÇÕES SML - RESP LIMITADA;2025-08-31;Ações;96.92
CLASSES - FIF;08.244.575/0001-61;;BRADESCO PRIME FIF - CIC DE AÇÕES SML - RESP LIMITADA;2025-08-31;Operações compromissadas lastreadas em títulos públicos federais;2.64
CLASSES - FIF;08.246.263/0001-97;;BRADESCO FIF - CLASSE DE INVESTIMENTO RENDA FIXA MAXI PODER PÚBLICO - RESP LIMITADA;2025-08-31;Operações compromissadas lastreadas em títulos públicos federais;8.98
CLASSES - FIF;08.246.263/0001-97;;BRADESCO FIF - CLASSE DE INVESTIMENTO RENDA FIXA MAXI PODER PÚBLICO - RESP LIMITADA;2025-08-31;Títulos públicos federais;84.67
CLASSES - FIF;08.246.279/0001-08;;BRADESCO SML FIF - CLASSE DE INVESTIMENTO EM COTAS DE AÇÕES - RESP LIMITADA;2025-08-31;Ações;96.50
CLASSES - FIF;08.246.279/0001-08;;BRADESCO SML FIF - CLASSE DE INVESTIMENTO EM COTAS DE AÇÕES - RESP LIMITADA;2025-08-31;Operações compromissadas lastreadas em títulos públicos federais;2.63
CLASSES - FIF;08.246.301/0001-01;;BRADESCO FIF - CLASSE DE INVESTIMENTO EM COTAS RENDA FIXA FIC MAIS - RESPONSABILIDADE LIMITADA;2025-08-31;Cotas de fundos de investimento 409;19.83
CLASSES - FIF;08.246.301/0001-01;;BRADESCO FIF - CLASSE DE INVESTIMENTO EM COTAS RENDA FIXA FIC MAIS - RESPONSABILIDADE LIMITADA;2025-08-31;Depósitos a prazo e outros títulos de instituições financeiras;24.62
CLASSES - FIF;08.246.301/0001-01;;BRADESCO FIF - CLASSE DE INVESTIMENTO EM COTAS RENDA FIXA FIC MAIS - RESPONSABILIDADE LIMITADA;2025-08-31;Derivativos;-8.27
CLASSES - FIF;08.246.301/0001-01;;BRADESCO FIF - CLASSE DE INVESTIMENTO EM COTAS RENDA FIXA FIC MAIS - RESPONSABILIDADE LIMITADA;2025-08-31;Operações compromissadas lastreadas em títulos públicos federais;22.11
CLASSES - FIF;08.246.301/0001-01;;BRADESCO FIF - CLASSE DE INVESTIMENTO EM COTAS RENDA FIXA FIC MAIS - RESPONSABILIDADE LIMITADA;2025-08-31;Títulos públicos federais;32.78
CLASSES - FIF;08.246.318/0001-69;;BRADESCO INSTITUCIONAL IMA GERAL FI FINANCEIRO - CIC RF - RESP LIMITADA;2025-08-31;Derivativos;2.95
CLASSES - FIF;08.246.318/0001-69;;BRADESCO INSTITUCIONAL IMA GERAL FI FINANCEIRO - CIC RF - RESP LIMITADA;2025-08-31;Operações compromissadas lastreadas em títulos públicos federais;13.87
CLASSES - FIF;08.246.318/0001-69;;BRADESCO INSTITUCIONAL IMA GERAL FI FINANCEIRO - CIC RF - RESP LIMITADA;2025-08-31;Títulos públicos federais;86.13
CLASSES - FIF;08.258.416/0001-16;;BRADESCO PRIME PRINCIPAL PROTEGIDO FI FINANCEIRO - CI MULT - RESP LIMITADA;2025-08-31;Operações compromissadas lastreadas em títulos públicos federais;95.67
CLASSES - FIF;08.258.416/0001-16;;BRADESCO PRIME PRINCIPAL PROTEGIDO FI FINANCEIRO - CI MULT - RESP LIMITADA;2025-08-31;Outras aplicações;4.02
CLASSES - FIF;08.258.431/0001-64;;BRADESCO PRIME FIF - CLASSE DE INVESTIMENTO EM COTAS RF DURATION - RESPONSABILIDADE LIMITADA;2025-08-31;Cotas de fundos de investimento 409;18.56
CLASSES - FIF;08.258.431/0001-64;;BRADESCO PRIME FIF - CLASSE DE INVESTIMENTO EM COTAS RF DURATION - RESPONSABILIDADE LIMITADA;2025-08-31;Depósitos a prazo e outros títulos de instituições financeiras;18.25
CLASSES - FIF;08.258.431/0001-64;;BRADESCO PRIME FIF - CLASSE DE INVESTIMENTO EM COTAS RF DURATION - RESPONSABILIDADE LIMITADA;2025-08-31;Derivativos;10.77
CLASSES - FIF;08.258.431/0001-64;;BRADESCO PRIME FIF - CLASSE DE INVESTIMENTO EM COTAS RF DURATION - RESPONSABILIDADE LIMITADA;2025-08-31;Operações compromissadas lastreadas em títulos públicos federais;11.25
CLASSES - FIF;08.258.431/0001-64;;BRADESCO PRIME FIF - CLASSE DE INVESTIMENTO EM COTAS RF DURATION - RESPONSABILIDADE LIMITADA;2025-08-31;Títulos públicos federais;52.12
CLASSES - FIF;08.279.304/0001-41;;ICATU VANGUARDA DIVIDENDOS FIF - CLASSE DE INVESTIMENTO EM AÇÕES - RESPONSABILIDADE LIMITADA;2025-08-31;Ações;96.08
CLASSES - FIF;08.279.304/0001-41;;ICATU VANGUARDA DIVIDENDOS FIF - CLASSE DE INVESTIMENTO EM AÇÕES - RESPONSABILIDADE LIMITADA;2025-08-31;Derivativos;6.69
CLASSES - FIF;08.279.304/0001-41;;ICATU VANGUARDA DIVIDENDOS FIF - CLASSE DE INVESTIMENTO EM AÇÕES - RESPONSABILIDADE LIMITADA;2025-08-31;Operações compromissadas lastreadas em títulos públicos federais;3.76
CLASSES - FIF;08.627.607/0001-08;;B3 MARGEM GARANTIA REF DI FIC DE FUNDOS DE INVESTIMENTO - RESPONSABILIDADE LIMITADA;2025-08-31;Cotas de fundos de investimento 555;100.03
CLASSES - FIF;08.627.607/0001-08;;B3 MARGEM GARANTIA REF DI FIC DE FUNDOS DE INVESTIMENTO - RESPONSABILIDADE LIMITADA;2025-08-31;Outras aplicações;-0.03
CLASSES - FIF;08.669.394/0001-87;;TIVIO FEDERAL REF FI FINANCEIRO - CIC RF REFERENCIADA DI - RESP LIMITADA;2025-08-31;Operações compromissadas lastreadas em títulos públicos federais;29.88
CLASSES - FIF;08.669.394/0001-87;;TIVIO FEDERAL REF FI FINANCEIRO - CIC RF REFERENCIADA DI - RESP LIMITADA;2025-08-31;Títulos públicos federais;70.14
CLASSES - FIF;08.674.732/0001-79;;BRADESCO CORPORATE FIF - CLASSE DE INVESTIMENTO EM COTAS RENDA FIXA DURATION - RESP LIMITADA;2025-08-31;Cotas de fundos de investimento 409;18.56
CLASSES - FIF;08.674.732/0001-79;;BRADESCO CORPORATE FIF - CLASSE DE INVESTIMENTO EM COTAS RENDA FIXA DURATION - RESP LIMITADA;2025-08-31;Depósitos a prazo e outros títulos de instituições financeiras;18.24
CLASSES - FIF;08.674.732/0001-79;;BRADESCO CORPORATE FIF - CLASSE DE INVESTIMENTO EM COTAS RENDA FIXA DURATION - RESP LIMITADA;2025-08-31;Derivativos;10.77
CLASSES - FIF;08.674.732/0001-79;;BRADESCO CORPORATE FIF - CLASSE DE INVESTIMENTO EM COTAS RENDA FIXA DURATION - RESP LIMITADA;2025-08-31;Operações compromissadas lastreadas em títulos públicos federais;11.25
CLASSES - FIF;08.674.732/0001-79;;BRADESCO CORPORATE FIF - CLASSE DE INVESTIMENTO EM COTAS RENDA FIXA DURATION - RESP LIMITADA;2025-08-31;Títulos públicos federais;52.11
CLASSES - FIF;08.674.801/0001-44;;BRADESCO PRIME FIF - CIC DE AÇÕES SELEÇÃO - RESP LIMITADA;2025-08-31;Ações;78.86
CLASSES - FIF;08.674.801/0001-44;;BRADESCO PRIME FIF - CIC DE AÇÕES SELEÇÃO - RESP LIMITADA;2025-08-31;Cotas de fundos de investimento 409;9.15
CLASSES - FIF;08.674.801/0001-44;;BRADESCO PRIME FIF - CIC DE AÇÕES SELEÇÃO - RESP LIMITADA;2025-08-31;Derivativos;-1.10
CLASSES - FIF;08.674.801/0001-44;;BRADESCO PRIME FIF - CIC DE AÇÕES SELEÇÃO - RESP LIMITADA;2025-08-31;Operações compromissadas lastreadas em títulos públicos federais;12.55
CLASSES - FIF;08.702.798/0001-25;;BRADESCO INSTITUCIONAL IMA-B FI FINANCEIRO - CIC RF - RESP LIMITADA;2025-08-31;Cotas de fundos de investimento 409;9.83
CLASSES - FIF;08.702.798/0001-25;;BRADESCO INSTITUCIONAL IMA-B FI FINANCEIRO - CIC RF - RESP LIMITADA;2025-08-31;Derivativos;2.22
CLASSES - FIF;08.702.798/0001-25;;BRADESCO INSTITUCIONAL IMA-B FI FINANCEIRO - CIC RF - RESP LIMITADA;2025-08-31;Operações compromissadas lastreadas em títulos públicos federais;2.32
CLASSES - FIF;08.702.798/0001-25;;BRADESCO INSTITUCIONAL IMA-B FI FINANCEIRO - CIC RF - RESP LIMITADA;2025-08-31;Títulos públicos federais;87.87
CLASSES - FIF;08.702.804/0001-44;;BRADESCO FIF DEDICADO AO SETOR DE SAÚDE SUPLEMENTAR ANS - CI RF - RESPONSABILIDADE LIMITADA;2025-08-31;Operações compromissadas lastreadas em títulos públicos federais;13.50
CLASSES - FIF;08.702.804/0001-44;;BRADESCO FIF DEDICADO AO SETOR DE SAÚDE SUPLEMENTAR ANS - CI RF - RESPONSABILIDADE LIMITADA;2025-08-31;Títulos públicos federais;86.53
CLASSES - FIF;08.756.265/0001-26;;BRADESCO FEEDER TNA FIF - CLASSE DE INVESTIMENTO RF CRED PRIV - RESP LIMITADA;2025-08-31;Depósitos a prazo e outros títulos de instituições financeiras;2.04
CLASSES - FIF;08.756.265/0001-26;;BRADESCO FEEDER TNA FIF - CLASSE DE INVESTIMENTO RF CRED PRIV - RESP LIMITADA;2025-08-31;Derivativos;21.82
CLASSES - FIF;08.756.265/0001-26;;BRADESCO FEEDER TNA FIF - CLASSE DE INVESTIMENTO RF CRED PRIV - RESP LIMITADA;2025-08-31;Operações compromissadas lastreadas em títulos públicos federais;12.00
CLASSES - FIF;08.756.265/0001-26;;BRADESCO FEEDER TNA FIF - CLASSE DE INVESTIMENTO RF CRED PRIV - RESP LIMITADA;2025-08-31;Títulos públicos federais;69.72
CLASSES - FIF;08.776.308/0001-35;;BRADESCO H TOP FIF - CLASSE DE  INVESTIMENTO RENDA FIXA LP CRÉDITO PRIVADO -  RESP LIMITADA;2025-08-31;Depósitos a prazo e outros títulos de instituições financeiras;30.13
CLASSES - FIF;08.776.308/0001-35;;BRADESCO H TOP FIF - CLASSE DE  INVESTIMENTO RENDA FIXA LP CRÉDITO PRIVADO -  RESP LIMITADA;2025-08-31;Derivativos;-1.97
CLASSES - FIF;08.776.308/0001-35;;BRADESCO H TOP FIF - CLASSE DE  INVESTIMENTO RENDA FIXA LP CRÉDITO PRIVADO -  RESP LIMITADA;2025-08-31;Operações compromissadas lastreadas em títulos públicos federais;26.98
CLASSES - FIF;08.776.308/0001-35;;BRADESCO H TOP FIF - CLASSE DE  INVESTIMENTO RENDA FIXA LP CRÉDITO PRIVADO -  RESP LIMITADA;2025-08-31;Títulos públicos federais;42.87
FI;08.815.386/0001-00;;INTER SELECTION AÇÕES FUNDO DE INVESTIMENTO FINANCEIRO EM AÇÕES RESPONSABILIDADE LIMITADA;2025-08-31;Cotas de Fundos de Investimento 555;97.13
FI;08.815.386/0001-00;;INTER SELECTION AÇÕES FUNDO DE INVESTIMENTO FINANCEIRO EM AÇÕES RESPONSABILIDADE LIMITADA;2025-08-31;Operações Compromissadas Lastreadas em Títulos Públicos Federais;3.24
CLASSES - FIF;08.845.635/0001-00;;MOSAICO FI FINANCEIRO - CIA - RESP LIMITADA;2025-08-31;Ações;84.79
CLASSES - FIF;08.845.635/0001-00;;MOSAICO FI FINANCEIRO - CIA - RESP LIMITADA;2025-08-31;Depósitos a prazo e outros títulos de instituições financeiras;0.42
CLASSES - FIF;08.845.635/0001-00;;MOSAICO FI FINANCEIRO - CIA - RESP LIMITADA;2025-08-31;Operações compromissadas lastreadas em títulos públicos federais;10.63
CLASSES - FIF;08.869.576/0001-00;;MOS FIF - CLASSE DE INVESTIMENTO EM AÇÕES - RESP LIMITADA;2025-08-31;Ações;90.02
CLASSES - FIF;08.869.576/0001-00;;MOS FIF - CLASSE DE INVESTIMENTO EM AÇÕES - RESP LIMITADA;2025-08-31;Cotas de fundos de investimento 409;9.07
CLASSES - FIF;08.869.576/0001-00;;MOS FIF - CLASSE DE INVESTIMENTO EM AÇÕES - RESP LIMITADA;2025-08-31;Derivativos;0.40
CLASSES - FIF;08.869.576/0001-00;;MOS FIF - CLASSE DE INVESTIMENTO EM AÇÕES - RESP LIMITADA;2025-08-31;Operações compromissadas lastreadas em títulos públicos federais;0.41
CLASSES - FIF;08.875.020/0001-18;;GÁVEA MACRO MASTER FIF - CLASSE DE INVESTIMENTO MULT - RESP LIMITADA;2025-08-31;Ações;4.18
CLASSES - FIF;08.875.020/0001-18;;GÁVEA MACRO MASTER FIF - CLASSE DE INVESTIMENTO MULT - RESP LIMITADA;2025-08-31;Derivativos;17.29
CLASSES - FIF;08.875.020/0001-18;;GÁVEA MACRO MASTER FIF - CLASSE DE INVESTIMENTO MULT - RESP LIMITADA;2025-08-31;Investimento no exterior;14.81
CLASSES - FIF;08.875.020/0001-18;;GÁVEA MACRO MASTER FIF - CLASSE DE INVESTIMENTO MULT - RESP LIMITADA;2025-08-31;Operações compromissadas lastreadas em títulos públicos federais;17.47
CLASSES - FIF;08.875.020/0001-18;;GÁVEA MACRO MASTER FIF - CLASSE DE INVESTIMENTO MULT - RESP LIMITADA;2025-08-31;Títulos públicos federais;64.67
CLASSES - FIF;08.893.082/0001-52;;GÁVEA MACRO FI  FINANCEIRO - CIC MULT - RESP LIMITADA;2025-08-31;Ações;4.19
CLASSES - FIF;08.893.082/0001-52;;GÁVEA MACRO FI  FINANCEIRO - CIC MULT - RESP LIMITADA;2025-08-31;Derivativos;17.33
CLASSES - FIF;08.893.082/0001-52;;GÁVEA MACRO FI  FINANCEIRO - CIC MULT - RESP LIMITADA;2025-08-31;Investimento no exterior;14.85
CLASSES - FIF;08.893.082/0001-52;;GÁVEA MACRO FI  FINANCEIRO - CIC MULT - RESP LIMITADA;2025-08-31;Operações compromissadas lastreadas em títulos públicos federais;17.53
CLASSES - FIF;08.893.082/0001-52;;GÁVEA MACRO FI  FINANCEIRO - CIC MULT - RESP LIMITADA;2025-08-31;Títulos públicos federais;64.86
CLASSES - FIF;08.893.093/0001-32;;APOENA MACRO FIF - CLASSE DE INVESTIMENTO EM COTAS MULT - RESP LIMITADA;2025-08-31;Ações;4.17
CLASSES - FIF;08.893.093/0001-32;;APOENA MACRO FIF - CLASSE DE INVESTIMENTO EM COTAS MULT - RESP LIMITADA;2025-08-31;Derivativos;17.25
CLASSES - FIF;08.893.093/0001-32;;APOENA MACRO FIF - CLASSE DE INVESTIMENTO EM COTAS MULT - RESP LIMITADA;2025-08-31;Investimento no exterior;14.78
CLASSES - FIF;08.893.093/0001-32;;APOENA MACRO FIF - CLASSE DE INVESTIMENTO EM COTAS MULT - RESP LIMITADA;2025-08-31;Operações compromissadas lastreadas em títulos públicos federais;17.50
CLASSES - FIF;08.893.093/0001-32;;APOENA MACRO FIF - CLASSE DE INVESTIMENTO EM COTAS MULT - RESP LIMITADA;2025-08-31;Títulos públicos federais;64.69
CLASSES - FIF;08.893.177/0001-76;;QLZ FUNDO DE INVESTIMENTO RENDA FIXA LONGO PRAZO CRÉDITO PRIVADO RESPONSABILIDADE LIMITADA;2025-08-31;Depósitos a prazo e outros títulos de instituições financeiras;14.89
CLASSES - FIF;08.893.177/0001-76;;QLZ FUNDO DE INVESTIMENTO RENDA FIXA LONGO PRAZO CRÉDITO PRIVADO RESPONSABILIDADE LIMITADA;2025-08-31;Operações compromissadas lastreadas em títulos públicos federais;44.74
CLASSES - FIF;08.893.177/0001-76;;QLZ FUNDO DE INVESTIMENTO RENDA FIXA LONGO PRAZO CRÉDITO PRIVADO RESPONSABILIDADE LIMITADA;2025-08-31;Títulos de crédito privado;2.69
CLASSES - FIF;08.893.177/0001-76;;QLZ FUNDO DE INVESTIMENTO RENDA FIXA LONGO PRAZO CRÉDITO PRIVADO RESPONSABILIDADE LIMITADA;2025-08-31;Títulos públicos federais;37.73
CLASSES - FIF;08.909.429/0001-08;;AGORA BOLSA FC - CIC EM AÇÕES - RESP LIMITADA;2025-08-31;Ações;4.27
CLASSES - FIF;08.909.429/0001-08;;AGORA BOLSA FC - CIC EM AÇÕES - RESP LIMITADA;2025-08-31;Cotas de fundos de investimento 409;85.01
CLASSES - FIF;08.909.429/0001-08;;AGORA BOLSA FC - CIC EM AÇÕES - RESP LIMITADA;2025-08-31;Derivativos;4.42
CLASSES - FIF;08.909.429/0001-08;;AGORA BOLSA FC - CIC EM AÇÕES - RESP LIMITADA;2025-08-31;Operações compromissadas lastreadas em títulos públicos federais;1.24
CLASSES - FIF;08.909.429/0001-08;;AGORA BOLSA FC - CIC EM AÇÕES - RESP LIMITADA;2025-08-31;Títulos públicos federais;2.50
CLASSES - FIF;08.915.198/0001-45;;BRADESCO H AQUAMARINE FC - CIC EM AÇÕES - RESP LIMITADA;2025-08-31;Ações;1.12
CLASSES - FIF;08.915.198/0001-45;;BRADESCO H AQUAMARINE FC - CIC EM AÇÕES - RESP LIMITADA;2025-08-31;Cotas de fundos de investimento 409;92.09
CLASSES - FIF;08.915.198/0001-45;;BRADESCO H AQUAMARINE FC - CIC EM AÇÕES - RESP LIMITADA;2025-08-31;Derivativos;1.16
CLASSES - FIF;08.915.198/0001-45;;BRADESCO H AQUAMARINE FC - CIC EM AÇÕES - RESP LIMITADA;2025-08-31;Operações compromissadas lastreadas em títulos públicos federais;1.05
CLASSES - FIF;08.915.198/0001-45;;BRADESCO H AQUAMARINE FC - CIC EM AÇÕES - RESP LIMITADA;2025-08-31;Títulos públicos federais;0.65
CLASSES - FIF;08.915.927/0001-63;;BEM TPF FI FINANCEIRO - CI RF SIMPLES - RESP LIMITADA;2025-08-31;Operações compromissadas lastreadas em títulos públicos federais;28.68
CLASSES - FIF;08.915.927/0001-63;;BEM TPF FI FINANCEIRO - CI RF SIMPLES - RESP LIMITADA;2025-08-31;Títulos públicos federais;71.32
CLASSES - FIF;08.944.708/0001-02;;BRADESCO H FIF ANS - CLASSE DE INVESTIMENTO RENDA FIXA - RESP LIMITADA;2025-08-31;Operações compromissadas lastreadas em títulos públicos federais;11.45
CLASSES - FIF;08.944.708/0001-02;;BRADESCO H FIF ANS - CLASSE DE INVESTIMENTO RENDA FIXA - RESP LIMITADA;2025-08-31;Títulos públicos federais;88.57
CLASSES - FIF;08.960.971/0001-95;;BANRISUL PREMIUM FUNDO DE INVESTIMENTO RENDA FIXA DE LONGO PRAZO RESPONSABILIDADE LIMITADA;2025-08-31;COTAS DE FUNDOS DE INVESTIMENTO 409;17.65
CLASSES - FIF;08.960.971/0001-95;;BANRISUL PREMIUM FUNDO DE INVESTIMENTO RENDA FIXA DE LONGO PRAZO RESPONSABILIDADE LIMITADA;2025-08-31;OPERAÇÕES COMPROMISSADAS LASTREADAS EM TÍTULOS PÚBLICOS FEDERAIS;18.67
CLASSES - FIF;08.960.971/0001-95;;BANRISUL PREMIUM FUNDO DE INVESTIMENTO RENDA FIXA DE LONGO PRAZO RESPONSABILIDADE LIMITADA;2025-08-31;TÍTULOS DE CRÉDITO PRIVADO;27.06
CLASSES - FIF;08.960.971/0001-95;;BANRISUL PREMIUM FUNDO DE INVESTIMENTO RENDA FIXA DE LONGO PRAZO RESPONSABILIDADE LIMITADA;2025-08-31;TÍTULOS PÚBLICOS FEDERAIS;36.65
CLASSES - FIF;08.960.978/0001-07;;BANRISUL FLEX CREDITO PRIVADO FUNDO DE INVESTIMENTO RENDA FIXA DE LONGO PRAZO RESPONS LIMITADA;2025-08-31;COTAS DE FUNDOS DE INVESTIMENTO 409;40.06
CLASSES - FIF;08.960.978/0001-07;;BANRISUL FLEX CREDITO PRIVADO FUNDO DE INVESTIMENTO RENDA FIXA DE LONGO PRAZO RESPONS LIMITADA;2025-08-31;OPERAÇÕES COMPROMISSADAS LASTREADAS EM TÍTULOS PÚBLICOS FEDERAIS;10.64
CLASSES - FIF;08.960.978/0001-07;;BANRISUL FLEX CREDITO PRIVADO FUNDO DE INVESTIMENTO RENDA FIXA DE LONGO PRAZO RESPONS LIMITADA;2025-08-31;TÍTULOS DE CRÉDITO PRIVADO;41.84
CLASSES - FIF;08.960.978/0001-07;;BANRISUL FLEX CREDITO PRIVADO FUNDO DE INVESTIMENTO RENDA FIXA DE LONGO PRAZO RESPONS LIMITADA;2025-08-31;TÍTULOS PÚBLICOS FEDERAIS;6.97
CLASSES - FIF;08.971.898/0001-57;;CSHG TOP MASTER FUNDO DE INVESTIMENTO EM COTAS DE FIF MULTIMERCADO RESPONSABILIDADE LIMITADA;2025-08-31;Cotas de Fundos de Investimento 555;17.75
CLASSES - FIF;08.971.898/0001-57;;CSHG TOP MASTER FUNDO DE INVESTIMENTO EM COTAS DE FIF MULTIMERCADO RESPONSABILIDADE LIMITADA;2025-08-31;Outras Cotas de Fundos de Investimento;82.36
CLASSES - FIF;08.971.898/0001-57;;CSHG TOP MASTER FUNDO DE INVESTIMENTO EM COTAS DE FIF MULTIMERCADO RESPONSABILIDADE LIMITADA;2025-08-31;Outros;0.00
CLASSES - FIF;09.076.056/0001-02;;NEO MULTIMANAGER BBDC FI FINANCEIRO - CI MULT - RESP LIMITADA;2025-08-31;Ações;12.58
CLASSES - FIF;09.076.056/0001-02;;NEO MULTIMANAGER BBDC FI FINANCEIRO - CI MULT - RESP LIMITADA;2025-08-31;Cotas de fundos de investimento 409;0.00
CLASSES - FIF;09.076.056/0001-02;;NEO MULTIMANAGER BBDC FI FINANCEIRO - CI MULT - RESP LIMITADA;2025-08-31;Investimento no exterior;6.36
CLASSES - FIF;09.076.056/0001-02;;NEO MULTIMANAGER BBDC FI FINANCEIRO - CI MULT - RESP LIMITADA;2025-08-31;Operações compromissadas lastreadas em títulos públicos federais;5.12
CLASSES - FIF;09.076.056/0001-02;;NEO MULTIMANAGER BBDC FI FINANCEIRO - CI MULT - RESP LIMITADA;2025-08-31;Títulos públicos federais;87.77
CLASSES - FIF;09.076.297/0001-43;;BTG PACTUAL MULTIMANAGER BBDC FI FINANCEIRO - CI MULT - RESP LIMITADA;2025-08-31;Ações;29.68
CLASSES - FIF;09.076.297/0001-43;;BTG PACTUAL MULTIMANAGER BBDC FI FINANCEIRO - CI MULT - RESP LIMITADA;2025-08-31;Cotas de fundos de investimento 409;7.12
CLASSES - FIF;09.076.297/0001-43;;BTG PACTUAL MULTIMANAGER BBDC FI FINANCEIRO - CI MULT - RESP LIMITADA;2025-08-31;Derivativos;532.72
CLASSES - FIF;09.076.297/0001-43;;BTG PACTUAL MULTIMANAGER BBDC FI FINANCEIRO - CI MULT - RESP LIMITADA;2025-08-31;Investimento no exterior;14.50
CLASSES - FIF;09.076.297/0001-43;;BTG PACTUAL MULTIMANAGER BBDC FI FINANCEIRO - CI MULT - RESP LIMITADA;2025-08-31;Títulos públicos federais;65.68
CLASSES - FIF;09.150.949/0001-42;;CSHG VERDE TM FUNDO DE INVESTIMENTO EM COTAS DE FIF MULTIMERCADO - RESPONSABILIDADE LIMITADA;2025-08-31;Cotas de Fundos de Investimento 555;100.01
CLASSES - FIF;09.150.949/0001-42;;CSHG VERDE TM FUNDO DE INVESTIMENTO EM COTAS DE FIF MULTIMERCADO - RESPONSABILIDADE LIMITADA;2025-08-31;Outros;0.02
CLASSES - FIF;09.238.487/0001-10;;TIVIO SOBERANO FI FINANCEIRO - CI RF - RESP LIMITADA;2025-08-31;Operações compromissadas lastreadas em títulos públicos federais;29.88
CLASSES - FIF;09.238.487/0001-10;;TIVIO SOBERANO FI FINANCEIRO - CI RF - RESP LIMITADA;2025-08-31;Títulos públicos federais;70.14
CLASSES - FIF;09.241.756/0001-05;;BRAM H VOLGA FI FINANCEIRO - CI RF LP - RESP LIMITADA;2025-08-31;Derivativos;14.54
CLASSES - FIF;09.241.756/0001-05;;BRAM H VOLGA FI FINANCEIRO - CI RF LP - RESP LIMITADA;2025-08-31;Operações compromissadas lastreadas em títulos públicos federais;51.33
CLASSES - FIF;09.241.756/0001-05;;BRAM H VOLGA FI FINANCEIRO - CI RF LP - RESP LIMITADA;2025-08-31;Títulos públicos federais;48.71
CLASSES - FIF;09.241.809/0001-80;;BRADESCO LONG AND SHORT FI FINANCEIRO - CI MULT - RESP LIMITADA;2025-08-31;Ações;17.53
CLASSES - FIF;09.241.809/0001-80;;BRADESCO LONG AND SHORT FI FINANCEIRO - CI MULT - RESP LIMITADA;2025-08-31;Cotas de fundos de investimento 409;4.90
CLASSES - FIF;09.241.809/0001-80;;BRADESCO LONG AND SHORT FI FINANCEIRO - CI MULT - RESP LIMITADA;2025-08-31;Derivativos;-3.09
CLASSES - FIF;09.241.809/0001-80;;BRADESCO LONG AND SHORT FI FINANCEIRO - CI MULT - RESP LIMITADA;2025-08-31;Operações compromissadas lastreadas em títulos públicos federais;2.53
CLASSES - FIF;09.241.809/0001-80;;BRADESCO LONG AND SHORT FI FINANCEIRO - CI MULT - RESP LIMITADA;2025-08-31;Títulos públicos federais;87.36
CLASSES - FIF;09.274.058/0001-06;;DAYCOVAL MULTIESTRATÉGIA FUNDO DE INVESTIMENTO FINANCEIRO;2025-08-31;Derivativos;-0.10
CLASSES - FIF;09.274.058/0001-06;;DAYCOVAL MULTIESTRATÉGIA FUNDO DE INVESTIMENTO FINANCEIRO;2025-08-31;Operações Compromissadas Lastreadas em Títulos Públicos Federais;15.98
CLASSES - FIF;09.274.058/0001-06;;DAYCOVAL MULTIESTRATÉGIA FUNDO DE INVESTIMENTO FINANCEIRO;2025-08-31;Outras Aplicações;0.02
CLASSES - FIF;09.274.058/0001-06;;DAYCOVAL MULTIESTRATÉGIA FUNDO DE INVESTIMENTO FINANCEIRO;2025-08-31;Outras Cotas de Fundos de Investimento;3.04
CLASSES - FIF;09.274.058/0001-06;;DAYCOVAL MULTIESTRATÉGIA FUNDO DE INVESTIMENTO FINANCEIRO;2025-08-31;Títulos Públicos Federais;81.40
CLASSES - FIF;09.289.134/0001-49;;GÁVEA MACRO II FIF - CLASSE DE INVESTIMENTO EM COTAS MULTIMERCADO - RESP LIMITADA;2025-08-31;Ações;4.18
CLASSES - FIF;09.289.134/0001-49;;GÁVEA MACRO II FIF - CLASSE DE INVESTIMENTO EM COTAS MULTIMERCADO - RESP LIMITADA;2025-08-31;Derivativos;17.28
CLASSES - FIF;09.289.134/0001-49;;GÁVEA MACRO II FIF - CLASSE DE INVESTIMENTO EM COTAS MULTIMERCADO - RESP LIMITADA;2025-08-31;Investimento no exterior;14.80
CLASSES - FIF;09.289.134/0001-49;;GÁVEA MACRO II FIF - CLASSE DE INVESTIMENTO EM COTAS MULTIMERCADO - RESP LIMITADA;2025-08-31;Operações compromissadas lastreadas em títulos públicos federais;17.54
CLASSES - FIF;09.289.134/0001-49;;GÁVEA MACRO II FIF - CLASSE DE INVESTIMENTO EM COTAS MULTIMERCADO - RESP LIMITADA;2025-08-31;Títulos públicos federais;64.82
CLASSES - FIF;09.298.405/0001-22;;BRADESCO FIF - CIC RF CRED PRIVADO HIGH YIELD - RESP LIMITADA;2025-08-31;Cotas de fundos de investimento 409;4.81
CLASSES - FIF;09.298.405/0001-22;;BRADESCO FIF - CIC RF CRED PRIVADO HIGH YIELD - RESP LIMITADA;2025-08-31;Depósitos a prazo e outros títulos de instituições financeiras;47.45
CLASSES - FIF;09.298.405/0001-22;;BRADESCO FIF - CIC RF CRED PRIVADO HIGH YIELD - RESP LIMITADA;2025-08-31;Operações compromissadas lastreadas em títulos públicos federais;20.64
CLASSES - FIF;09.298.405/0001-22;;BRADESCO FIF - CIC RF CRED PRIVADO HIGH YIELD - RESP LIMITADA;2025-08-31;Títulos de crédito privado;27.05
CLASSES - FIF;09.298.405/0001-22;;BRADESCO FIF - CIC RF CRED PRIVADO HIGH YIELD - RESP LIMITADA;2025-08-31;Títulos públicos federais;0.06
CLASSES - FIF;09.326.708/0001-01;;SUL AMÉRICA INFLATIE FIF - CLASSE DE INVESTIMENTO RENDA FIXA LONGO PRAZO - RESP LIMITADA;2025-08-31;Derivativos;10.33
CLASSES - FIF;09.326.708/0001-01;;SUL AMÉRICA INFLATIE FIF - CLASSE DE INVESTIMENTO RENDA FIXA LONGO PRAZO - RESP LIMITADA;2025-08-31;Operações compromissadas lastreadas em títulos públicos federais;11.13
CLASSES - FIF;09.326.708/0001-01;;SUL AMÉRICA INFLATIE FIF - CLASSE DE INVESTIMENTO RENDA FIXA LONGO PRAZO - RESP LIMITADA;2025-08-31;Títulos públicos federais;89.43
CLASSES - FIF;09.329.721/0001-14;;CS EVOLUTION DI MASTER FUNDO DE INVESTIMENTO FINANCEIRO RENDA FIXA REFERENCIADO - RESP LIMITADA;2025-08-31;Dep¿os a Prazo e Outros T¿los de Institui¿s Financeiras;20.56
CLASSES - FIF;09.329.721/0001-14;;CS EVOLUTION DI MASTER FUNDO DE INVESTIMENTO FINANCEIRO RENDA FIXA REFERENCIADO - RESP LIMITADA;2025-08-31;Outras Cotas de Fundos de Investimento;0.81
CLASSES - FIF;09.329.721/0001-14;;CS EVOLUTION DI MASTER FUNDO DE INVESTIMENTO FINANCEIRO RENDA FIXA REFERENCIADO - RESP LIMITADA;2025-08-31;Outros;8.17
CLASSES - FIF;09.329.721/0001-14;;CS EVOLUTION DI MASTER FUNDO DE INVESTIMENTO FINANCEIRO RENDA FIXA REFERENCIADO - RESP LIMITADA;2025-08-31;T¿los de Cr¿to Privado;17.88
CLASSES - FIF;09.329.721/0001-14;;CS EVOLUTION DI MASTER FUNDO DE INVESTIMENTO FINANCEIRO RENDA FIXA REFERENCIADO - RESP LIMITADA;2025-08-31;T¿los P¿blicos Federais;52.59
CLASSES - FIF;09.344.799/0001-08;;TIVIO INFLATION FI FINANCEIRO - CIC RF - RESP LIMITADA;2025-08-31;Operações compromissadas lastreadas em títulos públicos federais;4.34
CLASSES - FIF;09.344.799/0001-08;;TIVIO INFLATION FI FINANCEIRO - CIC RF - RESP LIMITADA;2025-08-31;Títulos públicos federais;95.64
CLASSES - FIF;09.352.825/0001-40;;TIVIO ALOCAÇÃO DÓLAR FIF - CLASSE DE INVESTIMENTO CAMBIAL - RESPONSABILIDADE LIMITADA;2025-08-31;Derivativos;98.11
CLASSES - FIF;09.352.825/0001-40;;TIVIO ALOCAÇÃO DÓLAR FIF - CLASSE DE INVESTIMENTO CAMBIAL - RESPONSABILIDADE LIMITADA;2025-08-31;Operações compromissadas lastreadas em títulos públicos federais;29.40
CLASSES - FIF;09.352.825/0001-40;;TIVIO ALOCAÇÃO DÓLAR FIF - CLASSE DE INVESTIMENTO CAMBIAL - RESPONSABILIDADE LIMITADA;2025-08-31;Títulos públicos federais;70.38
CLASSES - FIF;09.478.646/0001-53;;LSC FUNDO DE INVESTIMENTO MULTIMERCADO LONGO PRAZO;2025-08-31;Ações;9.10
CLASSES - FIF;09.478.646/0001-53;;LSC FUNDO DE INVESTIMENTO MULTIMERCADO LONGO PRAZO;2025-08-31;Operações compromissadas lastreadas em títulospúblicos federais;44.05
CLASSES - FIF;09.478.646/0001-53;;LSC FUNDO DE INVESTIMENTO MULTIMERCADO LONGO PRAZO;2025-08-31;Outras aplicações;0.37
CLASSES - FIF;09.478.646/0001-53;;LSC FUNDO DE INVESTIMENTO MULTIMERCADO LONGO PRAZO;2025-08-31;Títulos públicos federais;46.49
CLASSES - FIF;09.519.413/0001-51;;BRADESCO H FIF - CLASSE DE INVESTIMENTO RF REFERENCIADA DI HEALTH CARE - RESP LIMITADA;2025-08-31;Operações compromissadas lastreadas em títulos públicos federais;11.95
CLASSES - FIF;09.519.413/0001-51;;BRADESCO H FIF - CLASSE DE INVESTIMENTO RF REFERENCIADA DI HEALTH CARE - RESP LIMITADA;2025-08-31;Títulos públicos federais;87.96
CLASSES - FIF;09.522.470/0001-90;;BRADESCO H FIF - CLASSE DE INVESTIMENTO RF LP PREÇOS - RESP LIMITADA;2025-08-31;Depósitos a prazo e outros títulos de instituições financeiras;3.80
CLASSES - FIF;09.522.470/0001-90;;BRADESCO H FIF - CLASSE DE INVESTIMENTO RF LP PREÇOS - RESP LIMITADA;2025-08-31;Derivativos;3.03
CLASSES - FIF;09.522.470/0001-90;;BRADESCO H FIF - CLASSE DE INVESTIMENTO RF LP PREÇOS - RESP LIMITADA;2025-08-31;Operações compromissadas lastreadas em títulos públicos federais;1.58
CLASSES - FIF;09.522.470/0001-90;;BRADESCO H FIF - CLASSE DE INVESTIMENTO RF LP PREÇOS - RESP LIMITADA;2025-08-31;Títulos públicos federais;94.92
CLASSES - FIF;09.522.705/0001-43;;BRADESCO H HEALTH CARE PLUS FIF - CLASSE DE INVESTIMENTO RENDA FIXA CRÉDITO PRIVADO - RESP LIMITADA;2025-08-31;Cotas de fundos de investimento 409;1.24
CLASSES - FIF;09.522.705/0001-43;;BRADESCO H HEALTH CARE PLUS FIF - CLASSE DE INVESTIMENTO RENDA FIXA CRÉDITO PRIVADO - RESP LIMITADA;2025-08-31;Depósitos a prazo e outros títulos de instituições financeiras;46.44
CLASSES - FIF;09.522.705/0001-43;;BRADESCO H HEALTH CARE PLUS FIF - CLASSE DE INVESTIMENTO RENDA FIXA CRÉDITO PRIVADO - RESP LIMITADA;2025-08-31;Operações compromissadas lastreadas em títulos públicos federais;19.67
CLASSES - FIF;09.522.705/0001-43;;BRADESCO H HEALTH CARE PLUS FIF - CLASSE DE INVESTIMENTO RENDA FIXA CRÉDITO PRIVADO - RESP LIMITADA;2025-08-31;Títulos de crédito privado;14.57
CLASSES - FIF;09.522.705/0001-43;;BRADESCO H HEALTH CARE PLUS FIF - CLASSE DE INVESTIMENTO RENDA FIXA CRÉDITO PRIVADO - RESP LIMITADA;2025-08-31;Títulos públicos federais;17.85
CLASSES - FIF;09.525.418/0001-97;;SICOOB ANS FUNDO DE INVESTIMENTO FINANCEIRO RENDA FIXA;2025-08-31;Operações compromissadas lastreadas em títulos públicos federais;1.17
CLASSES - FIF;09.525.418/0001-97;;SICOOB ANS FUNDO DE INVESTIMENTO FINANCEIRO RENDA FIXA;2025-08-31;Títulos públicos federais;98.83
CLASSES - FIF;09.528.698/0001-97;;BAHIA AM FIF - CLASSE DE INVESTIMENTO EM COTAS MULTIMERCADO - RESP LIMITADA;2025-08-31;Derivativos;-72.24
CLASSES - FIF;09.528.698/0001-97;;BAHIA AM FIF - CLASSE DE INVESTIMENTO EM COTAS MULTIMERCADO - RESP LIMITADA;2025-08-31;Investimento no exterior;8.08
CLASSES - FIF;09.528.698/0001-97;;BAHIA AM FIF - CLASSE DE INVESTIMENTO EM COTAS MULTIMERCADO - RESP LIMITADA;2025-08-31;Operações compromissadas lastreadas em títulos públicos federais;-18.26
CLASSES - FIF;09.528.698/0001-97;;BAHIA AM FIF - CLASSE DE INVESTIMENTO EM COTAS MULTIMERCADO - RESP LIMITADA;2025-08-31;Títulos públicos federais;99.77
CLASSES - FIF;09.543.255/0001-75;;RIO BRAVO FI FINANCEIRO - CI RF CRED PRIV - RESP LIMITADA;2025-08-31;Cotas de fundos de investimento 409;11.53
CLASSES - FIF;09.543.255/0001-75;;RIO BRAVO FI FINANCEIRO - CI RF CRED PRIV - RESP LIMITADA;2025-08-31;Depósitos a prazo e outros títulos de instituições financeiras;26.79
CLASSES - FIF;09.543.255/0001-75;;RIO BRAVO FI FINANCEIRO - CI RF CRED PRIV - RESP LIMITADA;2025-08-31;Operações compromissadas lastreadas em títulos públicos federais;18.87
CLASSES - FIF;09.543.255/0001-75;;RIO BRAVO FI FINANCEIRO - CI RF CRED PRIV - RESP LIMITADA;2025-08-31;Títulos de crédito privado;27.49
CLASSES - FIF;09.543.255/0001-75;;RIO BRAVO FI FINANCEIRO - CI RF CRED PRIV - RESP LIMITADA;2025-08-31;Títulos públicos federais;15.39
CLASSES - FIF;09.550.197/0001-07;;4UM SMALL CAPS FIF - CLASSE DE INVESTIMENTO EM AÇÕES - RESP LIMITADA;2025-08-31;Ações;89.20
CLASSES - FIF;09.550.197/0001-07;;4UM SMALL CAPS FIF - CLASSE DE INVESTIMENTO EM AÇÕES - RESP LIMITADA;2025-08-31;Operações compromissadas lastreadas em títulos públicos federais;9.88
CLASSES - FIF;09.564.065/0001-34;;BRAM FIF - CLASSE DE INVESTIMENTO EM AÇÕES IBRX ATIVO - RESP LIMITADA;2025-08-31;Ações;98.14
CLASSES - FIF;09.564.065/0001-34;;BRAM FIF - CLASSE DE INVESTIMENTO EM AÇÕES IBRX ATIVO - RESP LIMITADA;2025-08-31;Cotas de fundos de investimento 409;0.02
CLASSES - FIF;09.564.065/0001-34;;BRAM FIF - CLASSE DE INVESTIMENTO EM AÇÕES IBRX ATIVO - RESP LIMITADA;2025-08-31;Derivativos;0.92
CLASSES - FIF;09.564.065/0001-34;;BRAM FIF - CLASSE DE INVESTIMENTO EM AÇÕES IBRX ATIVO - RESP LIMITADA;2025-08-31;Operações compromissadas lastreadas em títulos públicos federais;0.76
CLASSES - FIF;09.564.069/0001-12;;BRADESCO CORPORATE FUNDO DE INVESTIMENTO EM COTAS FIF RF REFERENCIADA DI FEDERAL - RESP LIMITADA;2025-08-31;Operações compromissadas lastreadas em títulos públicos federais;31.22
CLASSES - FIF;09.564.069/0001-12;;BRADESCO CORPORATE FUNDO DE INVESTIMENTO EM COTAS FIF RF REFERENCIADA DI FEDERAL - RESP LIMITADA;2025-08-31;Títulos públicos federais;68.81
CLASSES - FIF;09.591.381/0001-03;;CS EVOLUTION DI MAX PRIVATE FUNDO DE INVESTIMENTO EM COTAS DE FIF RENDA FIXA REF RESP LIMITADA;2025-08-31;Outras Cotas de Fundos de Investimento;100.01
CLASSES - FIF;09.591.381/0001-03;;CS EVOLUTION DI MAX PRIVATE FUNDO DE INVESTIMENTO EM COTAS DE FIF RENDA FIXA REF RESP LIMITADA;2025-08-31;Outros;0.00
CLASSES - FIF;09.594.596/0001-70;;BANESTES IMA-B TÍTULOS PÚBLICOS FIF RENDA FIXA RESPONSABILIDADE LIMITADA;2025-08-31;Derivativos;-0.02
CLASSES - FIF;09.594.596/0001-70;;BANESTES IMA-B TÍTULOS PÚBLICOS FIF RENDA FIXA RESPONSABILIDADE LIMITADA;2025-08-31;Operações compromissadas lastreadas em títulos públicos federais;10.89
CLASSES - FIF;09.594.596/0001-70;;BANESTES IMA-B TÍTULOS PÚBLICOS FIF RENDA FIXA RESPONSABILIDADE LIMITADA;2025-08-31;Títulos públicos federais;89.13
CLASSES - FIF;09.599.346/0001-22;;4UM MARLIM DIVIDENDOS FIF - CLASSE DE INVESTIMENTO EM AÇÕES - RESP LIMITADA;2025-08-31;Ações;93.32
CLASSES - FIF;09.599.346/0001-22;;4UM MARLIM DIVIDENDOS FIF - CLASSE DE INVESTIMENTO EM AÇÕES - RESP LIMITADA;2025-08-31;Operações compromissadas lastreadas em títulos públicos federais;3.12
CLASSES - FIF;09.635.130/0001-75;;BAHIA AM VALUATION MASTER FIF - CLASSE DE INVESTIMENTO EM AÇÕES - RESP LIMITADA;2025-08-31;Ações;83.83
CLASSES - FIF;09.635.130/0001-75;;BAHIA AM VALUATION MASTER FIF - CLASSE DE INVESTIMENTO EM AÇÕES - RESP LIMITADA;2025-08-31;Derivativos;5.29
CLASSES - FIF;09.635.130/0001-75;;BAHIA AM VALUATION MASTER FIF - CLASSE DE INVESTIMENTO EM AÇÕES - RESP LIMITADA;2025-08-31;Operações compromissadas lastreadas em títulos públicos federais;14.47
CLASSES - FIF;09.635.172/0001-06;;BAHIA AM VALUATION FIF - CLASSE DE INVESTIMENTO EM COTAS EM AÇÕES - RESP LIMITADA;2025-08-31;Ações;83.94
CLASSES - FIF;09.635.172/0001-06;;BAHIA AM VALUATION FIF - CLASSE DE INVESTIMENTO EM COTAS EM AÇÕES - RESP LIMITADA;2025-08-31;Derivativos;5.29
CLASSES - FIF;09.635.172/0001-06;;BAHIA AM VALUATION FIF - CLASSE DE INVESTIMENTO EM COTAS EM AÇÕES - RESP LIMITADA;2025-08-31;Operações compromissadas lastreadas em títulos públicos federais;14.54
CLASSES - FIF;09.636.818/0001-70;;CSHG SOBERANO EXCLUSIVO FUNDO DE INVESTIMENTO EM COTAS DE FIF RF REFERENCIADO DI - RESP LIMITADA;2025-08-31;Outras Cotas de Fundos de Investimento;100.00
CLASSES - FIF;09.636.818/0001-70;;CSHG SOBERANO EXCLUSIVO FUNDO DE INVESTIMENTO EM COTAS DE FIF RF REFERENCIADO DI - RESP LIMITADA;2025-08-31;Outros;0.00
CLASSES - FIF;09.639.909/0001-69;;CSHG SOBERANO PRIVATE I FUNDO DE INVESTIMENTO EM COTAS DE FIF RENDA FIXA REF DI - RESP LIMITADA;2025-08-31;Outras Cotas de Fundos de Investimento;100.01
CLASSES - FIF;09.639.909/0001-69;;CSHG SOBERANO PRIVATE I FUNDO DE INVESTIMENTO EM COTAS DE FIF RENDA FIXA REF DI - RESP LIMITADA;2025-08-31;Outros;0.00
CLASSES - FIF;09.639.924/0001-07;;CSHG SOBERANO MASTER FUNDO DE INVESTIMENTO FINANCEIRO RENDA FIXA REFERENCIADO DI - RESP LIMITADA;2025-08-31;Outros;8.29
CLASSES - FIF;09.639.924/0001-07;;CSHG SOBERANO MASTER FUNDO DE INVESTIMENTO FINANCEIRO RENDA FIXA REFERENCIADO DI - RESP LIMITADA;2025-08-31;T¿los P¿blicos Federais;91.72
FI;09.720.710/0001-60;;INTER CONSERVADOR PLUS FIF RENDA FIXA CRÉDITO PRIVADO LONGO PRAZO RESP LIMITADA;2025-08-31;Depósitos a Prazo e Outros Títulos de Instituições Financeiras;16.59
FI;09.720.710/0001-60;;INTER CONSERVADOR PLUS FIF RENDA FIXA CRÉDITO PRIVADO LONGO PRAZO RESP LIMITADA;2025-08-31;Derivativos;8.81
FI;09.720.710/0001-60;;INTER CONSERVADOR PLUS FIF RENDA FIXA CRÉDITO PRIVADO LONGO PRAZO RESP LIMITADA;2025-08-31;Operações Compromissadas Lastreadas em Títulos Públicos Federais;11.65
FI;09.720.710/0001-60;;INTER CONSERVADOR PLUS FIF RENDA FIXA CRÉDITO PRIVADO LONGO PRAZO RESP LIMITADA;2025-08-31;Títulos de Crédito Privado;30.83
FI;09.720.710/0001-60;;INTER CONSERVADOR PLUS FIF RENDA FIXA CRÉDITO PRIVADO LONGO PRAZO RESP LIMITADA;2025-08-31;Títulos Públicos Federais;30.27
CLASSES - FIF;10.158.171/0001-05;;SAFARI 30 FUNDO DE INVESTIMENTO EM COTAS DE FIF MULTIMERCADO - RESPONSABILIDADE LIMITADA;2025-08-31;Cotas de Fundos de Investimento 555;100.14
CLASSES - FIF;10.158.171/0001-05;;SAFARI 30 FUNDO DE INVESTIMENTO EM COTAS DE FIF MULTIMERCADO - RESPONSABILIDADE LIMITADA;2025-08-31;Outros;0.01
CLASSES - FIF;10.199.934/0001-58;;BANRISUL DIVIDENDOS FUNDO DE INVESTIMENTO FINANCEIRO EM AÇÕES RESPONSABILIDADE LIMITADA;2025-08-31;AÇÕES;96.93
CLASSES - FIF;10.199.934/0001-58;;BANRISUL DIVIDENDOS FUNDO DE INVESTIMENTO FINANCEIRO EM AÇÕES RESPONSABILIDADE LIMITADA;2025-08-31;OPERAÇÕES COMPROMISSADAS LASTREADAS EM TÍTULOS PÚBLICOS FEDERAIS;1.45
CLASSES - FIF;10.295.477/0001-03;;KONDOR MASTER FI FINANCEIRO - CI MULT - RESP LIMITADA;2025-08-31;Ações;8.49
CLASSES - FIF;10.295.477/0001-03;;KONDOR MASTER FI FINANCEIRO - CI MULT - RESP LIMITADA;2025-08-31;Cotas de fundos de investimento 409;7.35
CLASSES - FIF;10.295.477/0001-03;;KONDOR MASTER FI FINANCEIRO - CI MULT - RESP LIMITADA;2025-08-31;Investimento no exterior;12.43
CLASSES - FIF;10.295.477/0001-03;;KONDOR MASTER FI FINANCEIRO - CI MULT - RESP LIMITADA;2025-08-31;Operações compromissadas lastreadas em títulos públicos federais;1.25
CLASSES - FIF;10.295.477/0001-03;;KONDOR MASTER FI FINANCEIRO - CI MULT - RESP LIMITADA;2025-08-31;Títulos públicos federais;70.61
CLASSES - FIF;10.342.116/0001-62;;TIVIO IRF-M1+ FIF - CLASSE DE  INVESTIMENTO RENDA FIXA - RESPONSABILIDADE LIMITADA;2025-08-31;Derivativos;35.00
CLASSES - FIF;10.342.116/0001-62;;TIVIO IRF-M1+ FIF - CLASSE DE  INVESTIMENTO RENDA FIXA - RESPONSABILIDADE LIMITADA;2025-08-31;Operações compromissadas lastreadas em títulos públicos federais;19.96
CLASSES - FIF;10.342.116/0001-62;;TIVIO IRF-M1+ FIF - CLASSE DE  INVESTIMENTO RENDA FIXA - RESPONSABILIDADE LIMITADA;2025-08-31;Títulos públicos federais;80.09
CLASSES - FIF;10.347.453/0001-42;;TIVIO ALOCAÇÃO INFLAÇÃO FI FINANCEIRO - CI RF - RESP LIMITADA;2025-08-31;Operações compromissadas lastreadas em títulos públicos federais;4.34
CLASSES - FIF;10.347.453/0001-42;;TIVIO ALOCAÇÃO INFLAÇÃO FI FINANCEIRO - CI RF - RESP LIMITADA;2025-08-31;Títulos públicos federais;95.69
CLASSES - FIF;10.347.493/0001-94;;TIVIO BANKS RENDA FIXA CRÉDITO PRIVADO FUNDO DE INVESTIMENTO FINANCEIRO - RESPONSABILIDADE LIMITADA;2025-08-31;Depósitos a prazo e outros títulos de instituições financeiras;77.50
CLASSES - FIF;10.347.493/0001-94;;TIVIO BANKS RENDA FIXA CRÉDITO PRIVADO FUNDO DE INVESTIMENTO FINANCEIRO - RESPONSABILIDADE LIMITADA;2025-08-31;Operações compromissadas lastreadas em títulos públicos federais;16.26
CLASSES - FIF;10.347.493/0001-94;;TIVIO BANKS RENDA FIXA CRÉDITO PRIVADO FUNDO DE INVESTIMENTO FINANCEIRO - RESPONSABILIDADE LIMITADA;2025-08-31;Títulos públicos federais;6.26
CLASSES - FIF;10.435.467/0001-18;;SHARP MULTIMANAGER BBDC FI FINANCEIRO - CI MULT - RESP LIMITADA;2025-08-31;Ações;72.11
CLASSES - FIF;10.435.467/0001-18;;SHARP MULTIMANAGER BBDC FI FINANCEIRO - CI MULT - RESP LIMITADA;2025-08-31;Derivativos;-23.09
CLASSES - FIF;10.435.467/0001-18;;SHARP MULTIMANAGER BBDC FI FINANCEIRO - CI MULT - RESP LIMITADA;2025-08-31;Operações compromissadas lastreadas em títulos públicos federais;12.63
CLASSES - FIF;10.435.467/0001-18;;SHARP MULTIMANAGER BBDC FI FINANCEIRO - CI MULT - RESP LIMITADA;2025-08-31;Títulos públicos federais;54.02
CLASSES - FIF;10.590.147/0001-32;;BRAM INSTITUCIONAL IMA GERAL EX-C FI FINANCEIRO - CI RF - RESP LIMITADA;2025-08-31;Derivativos;16.07
CLASSES - FIF;10.590.147/0001-32;;BRAM INSTITUCIONAL IMA GERAL EX-C FI FINANCEIRO - CI RF - RESP LIMITADA;2025-08-31;Operações compromissadas lastreadas em títulos públicos federais;22.38
CLASSES - FIF;10.590.147/0001-32;;BRAM INSTITUCIONAL IMA GERAL EX-C FI FINANCEIRO - CI RF - RESP LIMITADA;2025-08-31;Títulos públicos federais;77.29
CLASSES - FIF;10.601.349/0001-32;;BRAM FIF - CLASSE DE INVESTIMENTO RENDA FIXA SIMPLES FEDERAL II - RESP LIMITADA;2025-08-31;Operações compromissadas lastreadas em títulos públicos federais;31.70
CLASSES - FIF;10.601.349/0001-32;;BRAM FIF - CLASSE DE INVESTIMENTO RENDA FIXA SIMPLES FEDERAL II - RESP LIMITADA;2025-08-31;Títulos públicos federais;68.31
CLASSES - FIF;10.601.479/0001-75;;BRADESCO FIF - CLASSE DE INVESTIMENTO EM AÇÕES BRADESCO - RESP LIMITADA;2025-08-31;Ações;95.89
CLASSES - FIF;10.601.479/0001-75;;BRADESCO FIF - CLASSE DE INVESTIMENTO EM AÇÕES BRADESCO - RESP LIMITADA;2025-08-31;Operações compromissadas lastreadas em títulos públicos federais;0.35
CLASSES - FIF;10.608.762/0001-29;;PERFIN FORESIGHT INSTITUCIONAL FIF - CLASSE DE INVESTIMENTO EM COTAS DE AÇÕES - RESP  LIMITADA;2025-08-31;Ações;96.55
CLASSES - FIF;10.608.762/0001-29;;PERFIN FORESIGHT INSTITUCIONAL FIF - CLASSE DE INVESTIMENTO EM COTAS DE AÇÕES - RESP  LIMITADA;2025-08-31;Operações compromissadas lastreadas em títulos públicos federais;2.18
CLASSES - FIF;10.756.541/0001-06;;ICATU VANGUARDA INFLAÇÃO LONGA FIF - CLASSE DE INVESTIMENTO RENDA FIXA LP - RESP LIMITADA;2025-08-31;Operações compromissadas lastreadas em títulos públicos federais;0.28
CLASSES - FIF;10.756.541/0001-06;;ICATU VANGUARDA INFLAÇÃO LONGA FIF - CLASSE DE INVESTIMENTO RENDA FIXA LP - RESP LIMITADA;2025-08-31;Títulos públicos federais;99.75
CLASSES - FIF;10.756.556/0001-66;;ICATU VANGUARDA GOLD FIF - CLASSE DE INVESTIMENTO RENDA FIXA LONGO PRAZO - RESP  LIMITADA;2025-08-31;Cotas de fundos de investimento 409;7.77
CLASSES - FIF;10.756.556/0001-66;;ICATU VANGUARDA GOLD FIF - CLASSE DE INVESTIMENTO RENDA FIXA LONGO PRAZO - RESP  LIMITADA;2025-08-31;Depósitos a prazo e outros títulos de instituições financeiras;12.03
CLASSES - FIF;10.756.556/0001-66;;ICATU VANGUARDA GOLD FIF - CLASSE DE INVESTIMENTO RENDA FIXA LONGO PRAZO - RESP  LIMITADA;2025-08-31;Operações compromissadas lastreadas em títulos públicos federais;23.35
CLASSES - FIF;10.756.556/0001-66;;ICATU VANGUARDA GOLD FIF - CLASSE DE INVESTIMENTO RENDA FIXA LONGO PRAZO - RESP  LIMITADA;2025-08-31;Títulos de crédito privado;5.92
CLASSES - FIF;10.756.556/0001-66;;ICATU VANGUARDA GOLD FIF - CLASSE DE INVESTIMENTO RENDA FIXA LONGO PRAZO - RESP  LIMITADA;2025-08-31;Títulos públicos federais;50.98
CLASSES - FIF;10.756.685/0001-54;;PRÓPRIO CAPITAL FUNDO DE INVESTIMENTO FINANCEIRO;2025-08-31;Ações;84.71
CLASSES - FIF;10.756.685/0001-54;;PRÓPRIO CAPITAL FUNDO DE INVESTIMENTO FINANCEIRO;2025-08-31;Cotas de Fundos de Índice de Renda Variável;8.02
CLASSES - FIF;10.756.685/0001-54;;PRÓPRIO CAPITAL FUNDO DE INVESTIMENTO FINANCEIRO;2025-08-31;Operações Compromissadas Lastreadas em Títulos Públicos Federais;0.75
CLASSES - FIF;10.756.685/0001-54;;PRÓPRIO CAPITAL FUNDO DE INVESTIMENTO FINANCEIRO;2025-08-31;Outras Aplicações;0.06
CLASSES - FIF;10.783.480/0001-68;;DAYCOVAL CLASSIC FUNDO DE INVESTIMENTO EM COTAS DE FIF RENDA FIXA CRÉDITO PRIVADO;2025-08-31;Cotas de Fundos de Investimento 409;100.01
CLASSES - FIF;10.783.480/0001-68;;DAYCOVAL CLASSIC FUNDO DE INVESTIMENTO EM COTAS DE FIF RENDA FIXA CRÉDITO PRIVADO;2025-08-31;Operações Compromissadas Lastreadas em Títulos Públicos Federais;0.02
CLASSES - FIF;10.783.480/0001-68;;DAYCOVAL CLASSIC FUNDO DE INVESTIMENTO EM COTAS DE FIF RENDA FIXA CRÉDITO PRIVADO;2025-08-31;Outras Aplicações;0.20
CLASSES - FIF;10.813.716/0001-61;;BRADESCO H PERFORMANCE INSTITUCIONAL FI FINANCEIRO - CI RF CRED PRIV LP - RESP LIMITADA;2025-08-31;Cotas de fundos de investimento 409;1.87
CLASSES - FIF;10.813.716/0001-61;;BRADESCO H PERFORMANCE INSTITUCIONAL FI FINANCEIRO - CI RF CRED PRIV LP - RESP LIMITADA;2025-08-31;Depósitos a prazo e outros títulos de instituições financeiras;28.19
CLASSES - FIF;10.813.716/0001-61;;BRADESCO H PERFORMANCE INSTITUCIONAL FI FINANCEIRO - CI RF CRED PRIV LP - RESP LIMITADA;2025-08-31;Operações compromissadas lastreadas em títulos públicos federais;39.13
CLASSES - FIF;10.813.716/0001-61;;BRADESCO H PERFORMANCE INSTITUCIONAL FI FINANCEIRO - CI RF CRED PRIV LP - RESP LIMITADA;2025-08-31;Títulos de crédito privado;28.57
CLASSES - FIF;10.813.716/0001-61;;BRADESCO H PERFORMANCE INSTITUCIONAL FI FINANCEIRO - CI RF CRED PRIV LP - RESP LIMITADA;2025-08-31;Títulos públicos federais;1.47
CLASSES - FIF;10.922.432/0001-03;;ICATU VANGUARDA INFLAÇÃO CURTA FIF - CLASSE DE INVESTIMENTO RENDA FIXA LONGO PRAZO - RESP LIMITADA;2025-08-31;Operações compromissadas lastreadas em títulos públicos federais;0.00
CLASSES - FIF;10.922.432/0001-03;;ICATU VANGUARDA INFLAÇÃO CURTA FIF - CLASSE DE INVESTIMENTO RENDA FIXA LONGO PRAZO - RESP LIMITADA;2025-08-31;Títulos públicos federais;100.09
CLASSES - FIF;10.922.627/0001-53;;PRIVATE STOCKS FUNDO DE INVESTIMENTO DE AÇÕES RESPONSABILIDADE LIMITADA;2025-08-31;Ações;127.76
CLASSES - FIF;10.922.627/0001-53;;PRIVATE STOCKS FUNDO DE INVESTIMENTO DE AÇÕES RESPONSABILIDADE LIMITADA;2025-08-31;Operações compromissadas lastreadas em títulospúblicos federais;1.41
CLASSES - FIF;10.922.627/0001-53;;PRIVATE STOCKS FUNDO DE INVESTIMENTO DE AÇÕES RESPONSABILIDADE LIMITADA;2025-08-31;Outras aplicações;-29.17
CLASSES - FIF;10.986.880/0001-70;;BRADESCO INSTITUCIONAL IMA-B TÍTULOS PÚBLICOS FI FINANCEIRO - CIC RF - RESP LIMITADA;2025-08-31;Operações compromissadas lastreadas em títulos públicos federais;0.09
CLASSES - FIF;10.986.880/0001-70;;BRADESCO INSTITUCIONAL IMA-B TÍTULOS PÚBLICOS FI FINANCEIRO - CIC RF - RESP LIMITADA;2025-08-31;Títulos públicos federais;99.92
CLASSES - FIF;11.016.883/0001-44;;BRAM IMA GERAL FI FINANCEIRO - CI RF - RESP LIMITADA;2025-08-31;Derivativos;2.95
CLASSES - FIF;11.016.883/0001-44;;BRAM IMA GERAL FI FINANCEIRO - CI RF - RESP LIMITADA;2025-08-31;Operações compromissadas lastreadas em títulos públicos federais;13.87
CLASSES - FIF;11.016.883/0001-44;;BRAM IMA GERAL FI FINANCEIRO - CI RF - RESP LIMITADA;2025-08-31;Títulos públicos federais;86.12
CLASSES - FIF;11.077.933/0001-01;;KONDOR MASTER CASH FI FINANCEIRO - CI MULT - RESP LIMITADA;2025-08-31;Títulos públicos federais;100.00
CLASSES - FIF;11.182.064/0001-77;;CONSTÂNCIA FUNDAMENTO FUNDO DE INVESTIMENTO FINANCEIRO;2025-08-31;Ações;94.86
CLASSES - FIF;11.182.064/0001-77;;CONSTÂNCIA FUNDAMENTO FUNDO DE INVESTIMENTO FINANCEIRO;2025-08-31;Operações compromissadas lastreadas em títulos públicos federais;3.24
CLASSES - FIF;11.225.767/0001-35;;STUDIO INSTITUCIONAL FI FINANCEIRO - CIC EM AÇÕES - RESP LIMITADA;2025-08-31;Ações;91.80
CLASSES - FIF;11.225.767/0001-35;;STUDIO INSTITUCIONAL FI FINANCEIRO - CIC EM AÇÕES - RESP LIMITADA;2025-08-31;Derivativos;0.73
CLASSES - FIF;11.225.767/0001-35;;STUDIO INSTITUCIONAL FI FINANCEIRO - CIC EM AÇÕES - RESP LIMITADA;2025-08-31;Investimento no exterior;4.17
CLASSES - FIF;11.225.767/0001-35;;STUDIO INSTITUCIONAL FI FINANCEIRO - CIC EM AÇÕES - RESP LIMITADA;2025-08-31;Operações compromissadas lastreadas em títulos públicos federais;4.56
CLASSES - FIF;11.232.995/0001-32;;BRADESCO H IBOVESPA REGIMES DE PREVIDÊNCIA FI FINANCEIRO - CIC EM AÇÕES - RESP LIMITADA;2025-08-31;Ações;9.62
CLASSES - FIF;11.232.995/0001-32;;BRADESCO H IBOVESPA REGIMES DE PREVIDÊNCIA FI FINANCEIRO - CIC EM AÇÕES - RESP LIMITADA;2025-08-31;Cotas de fundos de investimento 409;80.11
CLASSES - FIF;11.232.995/0001-32;;BRADESCO H IBOVESPA REGIMES DE PREVIDÊNCIA FI FINANCEIRO - CIC EM AÇÕES - RESP LIMITADA;2025-08-31;Derivativos;9.95
CLASSES - FIF;11.232.995/0001-32;;BRADESCO H IBOVESPA REGIMES DE PREVIDÊNCIA FI FINANCEIRO - CIC EM AÇÕES - RESP LIMITADA;2025-08-31;Operações compromissadas lastreadas em títulos públicos federais;2.93
CLASSES - FIF;11.232.995/0001-32;;BRADESCO H IBOVESPA REGIMES DE PREVIDÊNCIA FI FINANCEIRO - CIC EM AÇÕES - RESP LIMITADA;2025-08-31;Títulos públicos federais;5.93
CLASSES - FIF;11.245.687/0001-41;;VINCI REF DI FI FINANCEIRO - CI RF REFERENCIADA DI - RESP LIMITADA;2025-08-31;Operações compromissadas lastreadas em títulos públicos federais;2.23
CLASSES - FIF;11.245.687/0001-41;;VINCI REF DI FI FINANCEIRO - CI RF REFERENCIADA DI - RESP LIMITADA;2025-08-31;Títulos públicos federais;97.82
CLASSES - FIF;11.286.540/0001-08;;STUDIO MASTER FI FINANCEIRO - CIA - RESP LIMITADA;2025-08-31;Ações;91.75
CLASSES - FIF;11.286.540/0001-08;;STUDIO MASTER FI FINANCEIRO - CIA - RESP LIMITADA;2025-08-31;Derivativos;0.73
CLASSES - FIF;11.286.540/0001-08;;STUDIO MASTER FI FINANCEIRO - CIA - RESP LIMITADA;2025-08-31;Investimento no exterior;4.17
CLASSES - FIF;11.286.540/0001-08;;STUDIO MASTER FI FINANCEIRO - CIA - RESP LIMITADA;2025-08-31;Operações compromissadas lastreadas em títulos públicos federais;4.56
CLASSES - FIF;11.311.874/0001-86;;BANRISUL SOBERANO FUNDO DE INVESTIMENTO FINANCEIRO RENDA FIXA SIMPLES LONGO PRAZO RESP LIMITADA;2025-08-31;OPERAÇÕES COMPROMISSADAS LASTREADAS EM TÍTULOS PÚBLICOS FEDERAIS;21.01
CLASSES - FIF;11.311.874/0001-86;;BANRISUL SOBERANO FUNDO DE INVESTIMENTO FINANCEIRO RENDA FIXA SIMPLES LONGO PRAZO RESP LIMITADA;2025-08-31;TÍTULOS PÚBLICOS FEDERAIS;79.03
CLASSES - FIF;11.435.287/0001-07;;MAG FUNDO DE INVESTIMENTO FINANCEIRO - CLASSE DE  INVESTIMENTO RENDA FIXA - RESP LIMITADATA;2025-08-31;Depósitos a prazo e outros títulos de instituições financeiras;13.45
CLASSES - FIF;11.435.287/0001-07;;MAG FUNDO DE INVESTIMENTO FINANCEIRO - CLASSE DE  INVESTIMENTO RENDA FIXA - RESP LIMITADATA;2025-08-31;Derivativos;0.63
CLASSES - FIF;11.435.287/0001-07;;MAG FUNDO DE INVESTIMENTO FINANCEIRO - CLASSE DE  INVESTIMENTO RENDA FIXA - RESP LIMITADATA;2025-08-31;Operações compromissadas lastreadas em títulos públicos federais;8.79
CLASSES - FIF;11.435.287/0001-07;;MAG FUNDO DE INVESTIMENTO FINANCEIRO - CLASSE DE  INVESTIMENTO RENDA FIXA - RESP LIMITADATA;2025-08-31;Títulos de crédito privado;21.09
CLASSES - FIF;11.435.287/0001-07;;MAG FUNDO DE INVESTIMENTO FINANCEIRO - CLASSE DE  INVESTIMENTO RENDA FIXA - RESP LIMITADATA;2025-08-31;Títulos públicos federais;56.70
CLASSES - FIF;11.458.144/0001-02;;SUL AMÉRICA EQUITIES FIF - CLASSE DE INVESTIMENTO EM AÇÕES - RESP LIMITADA;2025-08-31;Ações;84.77
CLASSES - FIF;11.458.144/0001-02;;SUL AMÉRICA EQUITIES FIF - CLASSE DE INVESTIMENTO EM AÇÕES - RESP LIMITADA;2025-08-31;Derivativos;13.70
CLASSES - FIF;11.458.144/0001-02;;SUL AMÉRICA EQUITIES FIF - CLASSE DE INVESTIMENTO EM AÇÕES - RESP LIMITADA;2025-08-31;Operações compromissadas lastreadas em títulos públicos federais;15.75
CLASSES - FIF;11.484.558/0001-06;;BRADESCO FIF - CLASSE DE INVESTIMENTO RF IRF-M 1 TÍTULOS PÚBLICOS - RESP LIMITADA;2025-08-31;Derivativos;20.06
CLASSES - FIF;11.484.558/0001-06;;BRADESCO FIF - CLASSE DE INVESTIMENTO RF IRF-M 1 TÍTULOS PÚBLICOS - RESP LIMITADA;2025-08-31;Operações compromissadas lastreadas em títulos públicos federais;2.94
CLASSES - FIF;11.484.558/0001-06;;BRADESCO FIF - CLASSE DE INVESTIMENTO RF IRF-M 1 TÍTULOS PÚBLICOS - RESP LIMITADA;2025-08-31;Títulos públicos federais;97.08
CLASSES - FIF;11.504.894/0001-73;;BRADESCO FIF - CLASSE DE INVESTIMENTO EM AÇÕES - PETROBRAS 2010 - RESP LIMITADA;2025-08-31;Ações;96.25
CLASSES - FIF;11.504.894/0001-73;;BRADESCO FIF - CLASSE DE INVESTIMENTO EM AÇÕES - PETROBRAS 2010 - RESP LIMITADA;2025-08-31;Operações compromissadas lastreadas em títulos públicos federais;0.36
CLASSES - FIF;11.555.338/0001-26;;BRADESCO EMPRESAS H FIF - CLASSE DE INVESTIMENTO RF CRED PRIVADO LP PERFORMANCE 20 - RESP LIMITADA;2025-08-31;Cotas de fundos de investimento 409;1.46
CLASSES - FIF;11.555.338/0001-26;;BRADESCO EMPRESAS H FIF - CLASSE DE INVESTIMENTO RF CRED PRIVADO LP PERFORMANCE 20 - RESP LIMITADA;2025-08-31;Depósitos a prazo e outros títulos de instituições financeiras;28.91
CLASSES - FIF;11.555.338/0001-26;;BRADESCO EMPRESAS H FIF - CLASSE DE INVESTIMENTO RF CRED PRIVADO LP PERFORMANCE 20 - RESP LIMITADA;2025-08-31;Operações compromissadas lastreadas em títulos públicos federais;33.30
CLASSES - FIF;11.555.338/0001-26;;BRADESCO EMPRESAS H FIF - CLASSE DE INVESTIMENTO RF CRED PRIVADO LP PERFORMANCE 20 - RESP LIMITADA;2025-08-31;Outras aplicações;0.87
CLASSES - FIF;11.555.338/0001-26;;BRADESCO EMPRESAS H FIF - CLASSE DE INVESTIMENTO RF CRED PRIVADO LP PERFORMANCE 20 - RESP LIMITADA;2025-08-31;Títulos de crédito privado;35.00
CLASSES - FIF;11.616.482/0001-25;;OCCAM FI FINANCEIRO - CIA - RESP LIMITADA;2025-08-31;Ações;94.00
CLASSES - FIF;11.616.482/0001-25;;OCCAM FI FINANCEIRO - CIA - RESP LIMITADA;2025-08-31;Derivativos;0.35
CLASSES - FIF;11.616.482/0001-25;;OCCAM FI FINANCEIRO - CIA - RESP LIMITADA;2025-08-31;Operações compromissadas lastreadas em títulos públicos federais;7.47
CLASSES - FIF;11.628.883/0001-03;;OCCAM FI FINANCEIRO - CIC EM AÇÕES - RESP LIMITADA;2025-08-31;Ações;93.99
CLASSES - FIF;11.628.883/0001-03;;OCCAM FI FINANCEIRO - CIC EM AÇÕES - RESP LIMITADA;2025-08-31;Derivativos;0.35
CLASSES - FIF;11.628.883/0001-03;;OCCAM FI FINANCEIRO - CIC EM AÇÕES - RESP LIMITADA;2025-08-31;Operações compromissadas lastreadas em títulos públicos federais;7.83
CLASSES - FIF;11.675.309/0001-06;;BRADESCO IBOVESPA VALUATION FI FINANCEIRO - CIC EM AÇÕES - RESP LIMITADA;2025-08-31;Ações;79.00
CLASSES - FIF;11.675.309/0001-06;;BRADESCO IBOVESPA VALUATION FI FINANCEIRO - CIC EM AÇÕES - RESP LIMITADA;2025-08-31;Cotas de fundos de investimento 409;9.16
CLASSES - FIF;11.675.309/0001-06;;BRADESCO IBOVESPA VALUATION FI FINANCEIRO - CIC EM AÇÕES - RESP LIMITADA;2025-08-31;Derivativos;-1.11
CLASSES - FIF;11.675.309/0001-06;;BRADESCO IBOVESPA VALUATION FI FINANCEIRO - CIC EM AÇÕES - RESP LIMITADA;2025-08-31;Operações compromissadas lastreadas em títulos públicos federais;12.57
CLASSES - FIF;11.898.280/0001-13;;PLURAL DIVIDENDOS FUNDO DE INVESTIMENTO FINANCEIRO - CLASSE DE INVESTIMENTO EM AÇÕES - RESP LIMITADA;2025-08-31;Ações;88.68
CLASSES - FIF;11.898.280/0001-13;;PLURAL DIVIDENDOS FUNDO DE INVESTIMENTO FINANCEIRO - CLASSE DE INVESTIMENTO EM AÇÕES - RESP LIMITADA;2025-08-31;Cotas de fundos de investimento 409;0.06
CLASSES - FIF;11.898.280/0001-13;;PLURAL DIVIDENDOS FUNDO DE INVESTIMENTO FINANCEIRO - CLASSE DE INVESTIMENTO EM AÇÕES - RESP LIMITADA;2025-08-31;Derivativos;3.21
CLASSES - FIF;11.898.280/0001-13;;PLURAL DIVIDENDOS FUNDO DE INVESTIMENTO FINANCEIRO - CLASSE DE INVESTIMENTO EM AÇÕES - RESP LIMITADA;2025-08-31;Operações compromissadas lastreadas em títulos públicos federais;11.27
CLASSES - FIF;11.898.280/0001-13;;PLURAL DIVIDENDOS FUNDO DE INVESTIMENTO FINANCEIRO - CLASSE DE INVESTIMENTO EM AÇÕES - RESP LIMITADA;2025-08-31;Títulos públicos federais;0.12
CLASSES - FIF;11.952.800/0001-29;;PERFIN FORESIGHT MASTER FIF - CLASSE DE INVESTIMENTO EM AÇÕES - RESP  LIMITADA;2025-08-31;Ações;96.38
CLASSES - FIF;11.952.800/0001-29;;PERFIN FORESIGHT MASTER FIF - CLASSE DE INVESTIMENTO EM AÇÕES - RESP  LIMITADA;2025-08-31;Operações compromissadas lastreadas em títulos públicos federais;2.13
CLASSES - FIF;12.085.947/0001-21;;BRADESCO MACRO FI FINANCEIRO - CIC MULT - RESP LIMITADA;2025-08-31;Cotas de fundos de investimento 409;100.37
CLASSES - FIF;12.086.151/0001-93;;BRAM H IBOVESPA GESTÃO FI FINANCEIRO - CIA - RESP LIMITADA;2025-08-31;Ações;28.53
CLASSES - FIF;12.086.151/0001-93;;BRAM H IBOVESPA GESTÃO FI FINANCEIRO - CIA - RESP LIMITADA;2025-08-31;Cotas de fundos de investimento 409;41.43
CLASSES - FIF;12.086.151/0001-93;;BRAM H IBOVESPA GESTÃO FI FINANCEIRO - CIA - RESP LIMITADA;2025-08-31;Derivativos;29.53
CLASSES - FIF;12.086.151/0001-93;;BRAM H IBOVESPA GESTÃO FI FINANCEIRO - CIA - RESP LIMITADA;2025-08-31;Operações compromissadas lastreadas em títulos públicos federais;8.25
CLASSES - FIF;12.086.151/0001-93;;BRAM H IBOVESPA GESTÃO FI FINANCEIRO - CIA - RESP LIMITADA;2025-08-31;Títulos públicos federais;16.68
CLASSES - FIF;12.088.861/0001-52;;BRADESCO FIF - CIC RF CRED PRIVADO LP IS PERFOMANCE SRI 20 - RESP LIMITADA;2025-08-31;Cotas de fundos de investimento 409;1.32
CLASSES - FIF;12.088.861/0001-52;;BRADESCO FIF - CIC RF CRED PRIVADO LP IS PERFOMANCE SRI 20 - RESP LIMITADA;2025-08-31;Depósitos a prazo e outros títulos de instituições financeiras;23.95
CLASSES - FIF;12.088.861/0001-52;;BRADESCO FIF - CIC RF CRED PRIVADO LP IS PERFOMANCE SRI 20 - RESP LIMITADA;2025-08-31;Operações compromissadas lastreadas em títulos públicos federais;35.07
CLASSES - FIF;12.088.861/0001-52;;BRADESCO FIF - CIC RF CRED PRIVADO LP IS PERFOMANCE SRI 20 - RESP LIMITADA;2025-08-31;Títulos de crédito privado;31.05
CLASSES - FIF;12.088.861/0001-52;;BRADESCO FIF - CIC RF CRED PRIVADO LP IS PERFOMANCE SRI 20 - RESP LIMITADA;2025-08-31;Títulos públicos federais;8.69
CLASSES - FIF;12.092.501/0001-24;;BRADESCO H NOVO EXECUTIVO FIF - CIC RENDA FIXA REFERENCIADA DI  CRÉDITO PRIVADO - RESP LIMITADA;2025-08-31;Cotas de fundos de investimento 409;1.57
CLASSES - FIF;12.092.501/0001-24;;BRADESCO H NOVO EXECUTIVO FIF - CIC RENDA FIXA REFERENCIADA DI  CRÉDITO PRIVADO - RESP LIMITADA;2025-08-31;Depósitos a prazo e outros títulos de instituições financeiras;57.79
CLASSES - FIF;12.092.501/0001-24;;BRADESCO H NOVO EXECUTIVO FIF - CIC RENDA FIXA REFERENCIADA DI  CRÉDITO PRIVADO - RESP LIMITADA;2025-08-31;Operações compromissadas lastreadas em títulos públicos federais;27.57
CLASSES - FIF;12.092.501/0001-24;;BRADESCO H NOVO EXECUTIVO FIF - CIC RENDA FIXA REFERENCIADA DI  CRÉDITO PRIVADO - RESP LIMITADA;2025-08-31;Títulos de crédito privado;12.44
CLASSES - FIF;12.092.501/0001-24;;BRADESCO H NOVO EXECUTIVO FIF - CIC RENDA FIXA REFERENCIADA DI  CRÉDITO PRIVADO - RESP LIMITADA;2025-08-31;Títulos públicos federais;0.71
CLASSES - FIF;12.092.694/0001-13;;BRADESCO PRIME H FIF - CIC DE RF CRED PRIVADO LP PERFORMANCE 20 - RESP LIMITADA;2025-08-31;Cotas de fundos de investimento 409;2.26
CLASSES - FIF;12.092.694/0001-13;;BRADESCO PRIME H FIF - CIC DE RF CRED PRIVADO LP PERFORMANCE 20 - RESP LIMITADA;2025-08-31;Depósitos a prazo e outros títulos de instituições financeiras;28.14
CLASSES - FIF;12.092.694/0001-13;;BRADESCO PRIME H FIF - CIC DE RF CRED PRIVADO LP PERFORMANCE 20 - RESP LIMITADA;2025-08-31;Operações compromissadas lastreadas em títulos públicos federais;33.26
CLASSES - FIF;12.092.694/0001-13;;BRADESCO PRIME H FIF - CIC DE RF CRED PRIVADO LP PERFORMANCE 20 - RESP LIMITADA;2025-08-31;Títulos de crédito privado;34.07
CLASSES - FIF;12.092.694/0001-13;;BRADESCO PRIME H FIF - CIC DE RF CRED PRIVADO LP PERFORMANCE 20 - RESP LIMITADA;2025-08-31;Títulos públicos federais;2.29
CLASSES - FIF;12.123.799/0001-92;;SKADE FUNDO DE INVESTIMENTO EM COTAS DE FUNDOS DE INVESTIMENTO FINANCEIRO EM AÇÕES;2025-08-31;Cotas de Fundos de Investimento 555;100.15
CLASSES - FIF;12.123.799/0001-92;;SKADE FUNDO DE INVESTIMENTO EM COTAS DE FUNDOS DE INVESTIMENTO FINANCEIRO EM AÇÕES;2025-08-31;Outros;0.01
CLASSES - FIF;12.124.089/0001-87;;IBIUNA HEDGE FIF - CLASSE DE INVESTIMENTO MULTIMERCADO - RESPONSABILIDADE LIMITADA;2025-08-31;Derivativos;827.13
CLASSES - FIF;12.124.089/0001-87;;IBIUNA HEDGE FIF - CLASSE DE INVESTIMENTO MULTIMERCADO - RESPONSABILIDADE LIMITADA;2025-08-31;Investimento no exterior;12.87
CLASSES - FIF;12.124.089/0001-87;;IBIUNA HEDGE FIF - CLASSE DE INVESTIMENTO MULTIMERCADO - RESPONSABILIDADE LIMITADA;2025-08-31;Operações compromissadas lastreadas em títulos públicos federais;71.34
CLASSES - FIF;12.124.089/0001-87;;IBIUNA HEDGE FIF - CLASSE DE INVESTIMENTO MULTIMERCADO - RESPONSABILIDADE LIMITADA;2025-08-31;Títulos de crédito privado;3.41
CLASSES - FIF;12.124.089/0001-87;;IBIUNA HEDGE FIF - CLASSE DE INVESTIMENTO MULTIMERCADO - RESPONSABILIDADE LIMITADA;2025-08-31;Títulos públicos federais;12.05
CLASSES - FIF;12.154.412/0001-65;;IBIUNA HEDGE FIF - CLASSE DE INVESTIMENTO EM COTAS MULTIMERCADO - RESP LIMITADA;2025-08-31;Cotas de fundos de investimento 409;4.44
CLASSES - FIF;12.154.412/0001-65;;IBIUNA HEDGE FIF - CLASSE DE INVESTIMENTO EM COTAS MULTIMERCADO - RESP LIMITADA;2025-08-31;Derivativos;831.64
CLASSES - FIF;12.154.412/0001-65;;IBIUNA HEDGE FIF - CLASSE DE INVESTIMENTO EM COTAS MULTIMERCADO - RESP LIMITADA;2025-08-31;Investimento no exterior;12.13
CLASSES - FIF;12.154.412/0001-65;;IBIUNA HEDGE FIF - CLASSE DE INVESTIMENTO EM COTAS MULTIMERCADO - RESP LIMITADA;2025-08-31;Operações compromissadas lastreadas em títulos públicos federais;71.11
CLASSES - FIF;12.154.412/0001-65;;IBIUNA HEDGE FIF - CLASSE DE INVESTIMENTO EM COTAS MULTIMERCADO - RESP LIMITADA;2025-08-31;Títulos públicos federais;9.52
CLASSES - FIF;12.184.246/0001-40;;FUNDAMENTA FI FINANCEIRO - CIA - RESP LIMITADA;2025-08-31;Ações;98.45
CLASSES - FIF;12.184.246/0001-40;;FUNDAMENTA FI FINANCEIRO - CIA - RESP LIMITADA;2025-08-31;Operações compromissadas lastreadas em títulos públicos federais;0.60
CLASSES - FIF;12.265.822/0001-83;;DAYCOVAL IRFM 1 FUNDO DE INVESTIMENTO FINANCEIRO;2025-08-31;Derivativos;0.00
CLASSES - FIF;12.265.822/0001-83;;DAYCOVAL IRFM 1 FUNDO DE INVESTIMENTO FINANCEIRO;2025-08-31;Operações Compromissadas Lastreadas em Títulos Públicos Federais;7.61
CLASSES - FIF;12.265.822/0001-83;;DAYCOVAL IRFM 1 FUNDO DE INVESTIMENTO FINANCEIRO;2025-08-31;Outras Aplicações;0.01
CLASSES - FIF;12.265.822/0001-83;;DAYCOVAL IRFM 1 FUNDO DE INVESTIMENTO FINANCEIRO;2025-08-31;Títulos Públicos Federais;92.48
CLASSES - FIF;12.284.306/0001-04;;SMARTQUANT FUNDO DE INVESTIMENTO MULTIMERCADO;2025-08-31;Ações;1.95
CLASSES - FIF;12.284.306/0001-04;;SMARTQUANT FUNDO DE INVESTIMENTO MULTIMERCADO;2025-08-31;Cotas de fundos de investimento 555;8.17
CLASSES - FIF;12.284.306/0001-04;;SMARTQUANT FUNDO DE INVESTIMENTO MULTIMERCADO;2025-08-31;Operações compromissadas lastreadas em títulospúblicos federais;12.92
CLASSES - FIF;12.284.306/0001-04;;SMARTQUANT FUNDO DE INVESTIMENTO MULTIMERCADO;2025-08-31;Outras aplicações;-0.07
CLASSES - FIF;12.284.306/0001-04;;SMARTQUANT FUNDO DE INVESTIMENTO MULTIMERCADO;2025-08-31;Títulos públicos federais;77.03
CLASSES - FIF;12.287.682/0001-44;;VINCI SELEÇÃO FIF - CLASSE DE INVESTIMENTO EM AÇÕES - RESP LIMITADA;2025-08-31;Ações;90.67
CLASSES - FIF;12.287.682/0001-44;;VINCI SELEÇÃO FIF - CLASSE DE INVESTIMENTO EM AÇÕES - RESP LIMITADA;2025-08-31;Operações compromissadas lastreadas em títulos públicos federais;5.01
CLASSES - FIF;12.287.682/0001-44;;VINCI SELEÇÃO FIF - CLASSE DE INVESTIMENTO EM AÇÕES - RESP LIMITADA;2025-08-31;Títulos de crédito privado;-1.32
CLASSES - FIF;12.287.682/0001-44;;VINCI SELEÇÃO FIF - CLASSE DE INVESTIMENTO EM AÇÕES - RESP LIMITADA;2025-08-31;Títulos públicos federais;1.27
CLASSES - FIF;12.412.610/0001-81;;BRADESCO PRIME FIF - CLASSE DE INVESTIMENTO EM COTAS RENDA FIXA CRÉDITO PRIVADO - RESP LIMITADA;2025-08-31;Cotas de fundos de investimento 409;4.21
CLASSES - FIF;12.412.610/0001-81;;BRADESCO PRIME FIF - CLASSE DE INVESTIMENTO EM COTAS RENDA FIXA CRÉDITO PRIVADO - RESP LIMITADA;2025-08-31;Depósitos a prazo e outros títulos de instituições financeiras;37.92
CLASSES - FIF;12.412.610/0001-81;;BRADESCO PRIME FIF - CLASSE DE INVESTIMENTO EM COTAS RENDA FIXA CRÉDITO PRIVADO - RESP LIMITADA;2025-08-31;Operações compromissadas lastreadas em títulos públicos federais;23.11
CLASSES - FIF;12.412.610/0001-81;;BRADESCO PRIME FIF - CLASSE DE INVESTIMENTO EM COTAS RENDA FIXA CRÉDITO PRIVADO - RESP LIMITADA;2025-08-31;Títulos de crédito privado;23.86
CLASSES - FIF;12.412.610/0001-81;;BRADESCO PRIME FIF - CLASSE DE INVESTIMENTO EM COTAS RENDA FIXA CRÉDITO PRIVADO - RESP LIMITADA;2025-08-31;Títulos públicos federais;10.69
CLASSES - FIF;12.412.818/0001-09;;BRAM LIVRE FI FINANCEIRO - CI RF CRED PRIV - RESP LIMITADA;2025-08-31;Cotas de fundos de investimento 409;5.40
CLASSES - FIF;12.412.818/0001-09;;BRAM LIVRE FI FINANCEIRO - CI RF CRED PRIV - RESP LIMITADA;2025-08-31;Depósitos a prazo e outros títulos de instituições financeiras;15.92
CLASSES - FIF;12.412.818/0001-09;;BRAM LIVRE FI FINANCEIRO - CI RF CRED PRIV - RESP LIMITADA;2025-08-31;Investimento no exterior;2.16
CLASSES - FIF;12.412.818/0001-09;;BRAM LIVRE FI FINANCEIRO - CI RF CRED PRIV - RESP LIMITADA;2025-08-31;Operações compromissadas lastreadas em títulos públicos federais;26.34
CLASSES - FIF;12.412.818/0001-09;;BRAM LIVRE FI FINANCEIRO - CI RF CRED PRIV - RESP LIMITADA;2025-08-31;Títulos de crédito privado;48.97
CLASSES - FIF;12.412.832/0001-02;;BRADESCO UPPER FI FINANCEIRO - CIC MULT CRED PRIV - RESP LIMITADA;2025-08-31;Cotas de fundos de investimento 409;4.81
CLASSES - FIF;12.412.832/0001-02;;BRADESCO UPPER FI FINANCEIRO - CIC MULT CRED PRIV - RESP LIMITADA;2025-08-31;Depósitos a prazo e outros títulos de instituições financeiras;47.46
CLASSES - FIF;12.412.832/0001-02;;BRADESCO UPPER FI FINANCEIRO - CIC MULT CRED PRIV - RESP LIMITADA;2025-08-31;Operações compromissadas lastreadas em títulos públicos federais;20.65
CLASSES - FIF;12.412.832/0001-02;;BRADESCO UPPER FI FINANCEIRO - CIC MULT CRED PRIV - RESP LIMITADA;2025-08-31;Títulos de crédito privado;27.05
CLASSES - FIF;12.412.832/0001-02;;BRADESCO UPPER FI FINANCEIRO - CIC MULT CRED PRIV - RESP LIMITADA;2025-08-31;Títulos públicos federais;0.06
CLASSES - FIF;12.430.199/0001-77;;NAVI LONG SHORT FI FINANCEIRO - CIC MULT - RESP LIMITADA;2025-08-31;Ações;74.44
CLASSES - FIF;12.430.199/0001-77;;NAVI LONG SHORT FI FINANCEIRO - CIC MULT - RESP LIMITADA;2025-08-31;Cotas de fundos de investimento 409;0.80
CLASSES - FIF;12.430.199/0001-77;;NAVI LONG SHORT FI FINANCEIRO - CIC MULT - RESP LIMITADA;2025-08-31;Investimento no exterior;19.46
CLASSES - FIF;12.430.199/0001-77;;NAVI LONG SHORT FI FINANCEIRO - CIC MULT - RESP LIMITADA;2025-08-31;Operações compromissadas lastreadas em títulos públicos federais;24.58
CLASSES - FIF;12.430.199/0001-77;;NAVI LONG SHORT FI FINANCEIRO - CIC MULT - RESP LIMITADA;2025-08-31;Títulos públicos federais;20.86
CLASSES - FIF;12.440.748/0001-94;;BRADESCO PRIME FIF - CIC DE AÇÕES SML PLUS - RESP LIMITADA;2025-08-31;Ações;96.34
CLASSES - FIF;12.440.748/0001-94;;BRADESCO PRIME FIF - CIC DE AÇÕES SML PLUS - RESP LIMITADA;2025-08-31;Operações compromissadas lastreadas em títulos públicos federais;2.62
CLASSES - FIF;12.440.825/0001-06;;VINCI MULTIESTRATÉGIA FI FINANCEIRO - CI MULT - RESP LIMITADA;2025-08-31;Derivativos;21.95
CLASSES - FIF;12.440.825/0001-06;;VINCI MULTIESTRATÉGIA FI FINANCEIRO - CI MULT - RESP LIMITADA;2025-08-31;Operações compromissadas lastreadas em títulos públicos federais;4.48
CLASSES - FIF;12.440.825/0001-06;;VINCI MULTIESTRATÉGIA FI FINANCEIRO - CI MULT - RESP LIMITADA;2025-08-31;Títulos públicos federais;95.65
CLASSES - FIF;12.518.210/0001-55;;FIC CLASSE A FIF - CLASSE DE INVESTIMENTO EM COTAS RENDA FIXA REFERENCIADO DI - RESP LIMITADA;2025-08-31;Cotas de fundos de investimento 409;99.22
CLASSES - FIF;12.518.210/0001-55;;FIC CLASSE A FIF - CLASSE DE INVESTIMENTO EM COTAS RENDA FIXA REFERENCIADO DI - RESP LIMITADA;2025-08-31;Operações compromissadas lastreadas em títulos públicos federais;0.21
CLASSES - FIF;12.518.210/0001-55;;FIC CLASSE A FIF - CLASSE DE INVESTIMENTO EM COTAS RENDA FIXA REFERENCIADO DI - RESP LIMITADA;2025-08-31;Títulos públicos federais;0.54
CLASSES - FIF;12.672.120/0001-14;;DAYCOVAL ALOCAÇÃO DINÂMICA FUNDO DE INVESTIMENTO FINANCEIRO;2025-08-31;Derivativos;-0.04
CLASSES - FIF;12.672.120/0001-14;;DAYCOVAL ALOCAÇÃO DINÂMICA FUNDO DE INVESTIMENTO FINANCEIRO;2025-08-31;Operações Compromissadas Lastreadas em Títulos Públicos Federais;0.08
CLASSES - FIF;12.672.120/0001-14;;DAYCOVAL ALOCAÇÃO DINÂMICA FUNDO DE INVESTIMENTO FINANCEIRO;2025-08-31;Outras Aplicações;0.03
CLASSES - FIF;12.672.120/0001-14;;DAYCOVAL ALOCAÇÃO DINÂMICA FUNDO DE INVESTIMENTO FINANCEIRO;2025-08-31;Títulos Públicos Federais;100.01
CLASSES - FIF;12.682.783/0001-10;;ICATU VANGUARDA INFLAÇÃO CURTA FIF - CLASSE DE INVESTIMENTO EM COTAS RENDA FIXA LP - RESP LIMITADA;2025-08-31;Operações compromissadas lastreadas em títulos públicos federais;0.15
CLASSES - FIF;12.682.783/0001-10;;ICATU VANGUARDA INFLAÇÃO CURTA FIF - CLASSE DE INVESTIMENTO EM COTAS RENDA FIXA LP - RESP LIMITADA;2025-08-31;Títulos públicos federais;99.98
CLASSES - FIF;12.813.445/0001-70;;E2M ESTRATÉGIA FUNDO DE INVESTIMENTO MULTIMERCADO -  RESPONSABILIDADE LIMITADA;2025-08-31;Ações;2.09
CLASSES - FIF;12.813.445/0001-70;;E2M ESTRATÉGIA FUNDO DE INVESTIMENTO MULTIMERCADO -  RESPONSABILIDADE LIMITADA;2025-08-31;Cotas de fundos de investimento 555;9.81
CLASSES - FIF;12.813.445/0001-70;;E2M ESTRATÉGIA FUNDO DE INVESTIMENTO MULTIMERCADO -  RESPONSABILIDADE LIMITADA;2025-08-31;Operações compromissadas lastreadas em títulospúblicos federais;1.34
CLASSES - FIF;12.813.445/0001-70;;E2M ESTRATÉGIA FUNDO DE INVESTIMENTO MULTIMERCADO -  RESPONSABILIDADE LIMITADA;2025-08-31;Outras aplicações;-0.05
CLASSES - FIF;12.813.445/0001-70;;E2M ESTRATÉGIA FUNDO DE INVESTIMENTO MULTIMERCADO -  RESPONSABILIDADE LIMITADA;2025-08-31;Títulos públicos federais;86.80
CLASSES - FIF;12.839.769/0001-87;;SUL AMÉRICA EVOLUTION FIF - CLASSE DE INVESTIMENTO MULTIMERCADO - RESP LIMITADA;2025-08-31;Derivativos;-26.41
CLASSES - FIF;12.839.769/0001-87;;SUL AMÉRICA EVOLUTION FIF - CLASSE DE INVESTIMENTO MULTIMERCADO - RESP LIMITADA;2025-08-31;Operações compromissadas lastreadas em títulos públicos federais;36.79
CLASSES - FIF;12.839.769/0001-87;;SUL AMÉRICA EVOLUTION FIF - CLASSE DE INVESTIMENTO MULTIMERCADO - RESP LIMITADA;2025-08-31;Títulos de crédito privado;2.77
CLASSES - FIF;12.839.769/0001-87;;SUL AMÉRICA EVOLUTION FIF - CLASSE DE INVESTIMENTO MULTIMERCADO - RESP LIMITADA;2025-08-31;Títulos públicos federais;60.46
CLASSES - FIF;12.907.100/0001-85;;FUNDO DE INVESTIMENTO SITA RENDA FIXA CREDITO PRIVADO LONGO PRAZO;2025-08-31;Acões;0.00
CLASSES - FIF;12.907.100/0001-85;;FUNDO DE INVESTIMENTO SITA RENDA FIXA CREDITO PRIVADO LONGO PRAZO;2025-08-31;Depósito a prazo e outros títulos de instituições financeiras;64.97
CLASSES - FIF;12.907.100/0001-85;;FUNDO DE INVESTIMENTO SITA RENDA FIXA CREDITO PRIVADO LONGO PRAZO;2025-08-31;Operacões compromissadas lastreadas em títulos públicos federais;25.82
CLASSES - FIF;12.907.100/0001-85;;FUNDO DE INVESTIMENTO SITA RENDA FIXA CREDITO PRIVADO LONGO PRAZO;2025-08-31;Títulos de crédito privado;0.02
CLASSES - FIF;12.907.100/0001-85;;FUNDO DE INVESTIMENTO SITA RENDA FIXA CREDITO PRIVADO LONGO PRAZO;2025-08-31;Títulos Públicos federais;9.19
CLASSES - FIF;13.000.857/0001-53;;CANVAS ENDURO II CSHG FUNDO DE INVESTIMENTO EM COTAS DE FIF MULTIMERCADO - RESPONSABILIDADE LIMITADA;2025-08-31;Cotas de Fundos de Investimento 555;103.50
CLASSES - FIF;13.000.857/0001-53;;CANVAS ENDURO II CSHG FUNDO DE INVESTIMENTO EM COTAS DE FIF MULTIMERCADO - RESPONSABILIDADE LIMITADA;2025-08-31;Outros;0.64
CLASSES - FIF;13.000.859/0001-42;;CSHG ALLOCATION IBIUNA HEDGE STHG FUNDO DE INVESTIMENTO EM COTAS DE FIF MULTIMERCADO - RESP LTDA;2025-08-31;Outras Cotas de Fundos de Investimento;100.04
CLASSES - FIF;13.000.859/0001-42;;CSHG ALLOCATION IBIUNA HEDGE STHG FUNDO DE INVESTIMENTO EM COTAS DE FIF MULTIMERCADO - RESP LTDA;2025-08-31;Outros;0.04
CLASSES - FIF;13.001.237/0001-39;;SUL AMÉRICA FV FUNDO DE INVESTIMENTO FINANCEIRO DE AÇÕES DE RESPONSABILIDADE LIMITADA;2025-08-31;Ações;97.30
CLASSES - FIF;13.001.237/0001-39;;SUL AMÉRICA FV FUNDO DE INVESTIMENTO FINANCEIRO DE AÇÕES DE RESPONSABILIDADE LIMITADA;2025-08-31;Cotas de Fundo;0.00
CLASSES - FIF;13.001.237/0001-39;;SUL AMÉRICA FV FUNDO DE INVESTIMENTO FINANCEIRO DE AÇÕES DE RESPONSABILIDADE LIMITADA;2025-08-31;Op. Compromissadas lastreadas em títulos públicos;1.27
CLASSES - FIF;13.001.237/0001-39;;SUL AMÉRICA FV FUNDO DE INVESTIMENTO FINANCEIRO DE AÇÕES DE RESPONSABILIDADE LIMITADA;2025-08-31;Outros;1.43
CLASSES - FIF;13.001.237/0001-39;;SUL AMÉRICA FV FUNDO DE INVESTIMENTO FINANCEIRO DE AÇÕES DE RESPONSABILIDADE LIMITADA;2025-08-31;Títulos de crédito privado;0.00
CLASSES - FIF;13.060.032/0001-24;;TIVIO IRF-M 1+ FIF - CLASSE DE INVESTIMENTO EM COTAS RENDA FIXA LONGO PRAZO - RESP LIMITADA;2025-08-31;Derivativos;35.00
CLASSES - FIF;13.060.032/0001-24;;TIVIO IRF-M 1+ FIF - CLASSE DE INVESTIMENTO EM COTAS RENDA FIXA LONGO PRAZO - RESP LIMITADA;2025-08-31;Operações compromissadas lastreadas em títulos públicos federais;19.96
CLASSES - FIF;13.060.032/0001-24;;TIVIO IRF-M 1+ FIF - CLASSE DE INVESTIMENTO EM COTAS RENDA FIXA LONGO PRAZO - RESP LIMITADA;2025-08-31;Títulos públicos federais;80.08
CLASSES - FIF;13.155.995/0001-01;;DAYCOVAL IBOVESPA ATIVO FUNDO DE INVESTIMENTO EM AÇÕES;2025-08-31;Ações;94.43
CLASSES - FIF;13.155.995/0001-01;;DAYCOVAL IBOVESPA ATIVO FUNDO DE INVESTIMENTO EM AÇÕES;2025-08-31;Cotas de Fundos de Índice de Renda Variável;0.49
CLASSES - FIF;13.155.995/0001-01;;DAYCOVAL IBOVESPA ATIVO FUNDO DE INVESTIMENTO EM AÇÕES;2025-08-31;Operações Compromissadas Lastreadas em Títulos Públicos Federais;2.04
CLASSES - FIF;13.155.995/0001-01;;DAYCOVAL IBOVESPA ATIVO FUNDO DE INVESTIMENTO EM AÇÕES;2025-08-31;Outras Aplicações;4.01
CLASSES - FIF;13.294.661/0001-19;;VN FUNDO DE INVESTIMENTO MULTIMERCADO CRÉDITO PRIVADO - INVESTIMENTO  NO EXTERIOR;2025-08-31;Acões;0.00
CLASSES - FIF;13.294.661/0001-19;;VN FUNDO DE INVESTIMENTO MULTIMERCADO CRÉDITO PRIVADO - INVESTIMENTO  NO EXTERIOR;2025-08-31;Cotas de Fundos de Investimento 555;100.05
CLASSES - FIF;13.294.661/0001-19;;VN FUNDO DE INVESTIMENTO MULTIMERCADO CRÉDITO PRIVADO - INVESTIMENTO  NO EXTERIOR;2025-08-31;Operacões compromissadas lastreadas em títulos privados;0.00
CLASSES - FIF;13.294.661/0001-19;;VN FUNDO DE INVESTIMENTO MULTIMERCADO CRÉDITO PRIVADO - INVESTIMENTO  NO EXTERIOR;2025-08-31;Operacões compromissadas lastreadas em títulos públicos federais;0.00
CLASSES - FIF;13.294.661/0001-19;;VN FUNDO DE INVESTIMENTO MULTIMERCADO CRÉDITO PRIVADO - INVESTIMENTO  NO EXTERIOR;2025-08-31;Títulos Públicos federais;0.00
CLASSES - FIF;13.396.703/0001-22;;VINCI VALOREM FIF - CLASSE DE INVESTIMENTO MULTIMERCADO - RESPONSABILIDADE LIMITADA;2025-08-31;Derivativos;-17.98
CLASSES - FIF;13.396.703/0001-22;;VINCI VALOREM FIF - CLASSE DE INVESTIMENTO MULTIMERCADO - RESPONSABILIDADE LIMITADA;2025-08-31;Operações compromissadas lastreadas em títulos públicos federais;12.76
CLASSES - FIF;13.396.703/0001-22;;VINCI VALOREM FIF - CLASSE DE INVESTIMENTO MULTIMERCADO - RESPONSABILIDADE LIMITADA;2025-08-31;Títulos públicos federais;88.19
CLASSES - FIF;13.396.819/0001-61;;IBIUNA EQUITIES MASTER FIF - CLASSE DE INVESTIMENTO EM AÇÕES - RESPONSABILIDADE LIMITADA;2025-08-31;Ações;92.04
CLASSES - FIF;13.396.819/0001-61;;IBIUNA EQUITIES MASTER FIF - CLASSE DE INVESTIMENTO EM AÇÕES - RESPONSABILIDADE LIMITADA;2025-08-31;Operações compromissadas lastreadas em títulos públicos federais;6.88
CLASSES - FIF;13.397.466/0001-14;;BRADESCO PODER PÚBLICO FI FINANCEIRO - CIC RF CP - RESP LIMITADA;2025-08-31;Operações compromissadas lastreadas em títulos públicos federais;98.97
CLASSES - FIF;13.400.050/0001-08;;BRADESCO FIF  - CIC  RENDA FIXA INFLAÇÃO LONGA - RESPONSABILIDADE LIMITADA;2025-08-31;Cotas de fundos de investimento 409;10.12
CLASSES - FIF;13.400.050/0001-08;;BRADESCO FIF  - CIC  RENDA FIXA INFLAÇÃO LONGA - RESPONSABILIDADE LIMITADA;2025-08-31;Operações compromissadas lastreadas em títulos públicos federais;0.27
CLASSES - FIF;13.400.050/0001-08;;BRADESCO FIF  - CIC  RENDA FIXA INFLAÇÃO LONGA - RESPONSABILIDADE LIMITADA;2025-08-31;Títulos públicos federais;89.77
CLASSES - FIF;13.400.077/0001-09;;BRADESCO INSTITUCIONAL IMA-B 5+ FI FINANCEIRO - CIC RF - RESP LIMITADA;2025-08-31;Derivativos;1.32
CLASSES - FIF;13.400.077/0001-09;;BRADESCO INSTITUCIONAL IMA-B 5+ FI FINANCEIRO - CIC RF - RESP LIMITADA;2025-08-31;Operações compromissadas lastreadas em títulos públicos federais;1.49
CLASSES - FIF;13.400.077/0001-09;;BRADESCO INSTITUCIONAL IMA-B 5+ FI FINANCEIRO - CIC RF - RESP LIMITADA;2025-08-31;Títulos públicos federais;98.52
CLASSES - FIF;13.400.194/0001-64;;BRAM CAPITAL FI FINANCEIRO - CI RF CRED PRIV - RESP LIMITADA;2025-08-31;Cotas de fundos de investimento 409;4.70
CLASSES - FIF;13.400.194/0001-64;;BRAM CAPITAL FI FINANCEIRO - CI RF CRED PRIV - RESP LIMITADA;2025-08-31;Depósitos a prazo e outros títulos de instituições financeiras;24.89
CLASSES - FIF;13.400.194/0001-64;;BRAM CAPITAL FI FINANCEIRO - CI RF CRED PRIV - RESP LIMITADA;2025-08-31;Operações compromissadas lastreadas em títulos públicos federais;34.69
CLASSES - FIF;13.400.194/0001-64;;BRAM CAPITAL FI FINANCEIRO - CI RF CRED PRIV - RESP LIMITADA;2025-08-31;Outras aplicações;2.88
CLASSES - FIF;13.400.194/0001-64;;BRAM CAPITAL FI FINANCEIRO - CI RF CRED PRIV - RESP LIMITADA;2025-08-31;Títulos de crédito privado;31.37
CLASSES - FIF;13.401.175/0001-52;;BRADESCO GOV PP FIF - CLASSE DE INVESTIMENTO RF REFERENCIADA DI - RESP LIMITADA;2025-08-31;Derivativos;0.99
CLASSES - FIF;13.401.175/0001-52;;BRADESCO GOV PP FIF - CLASSE DE INVESTIMENTO RF REFERENCIADA DI - RESP LIMITADA;2025-08-31;Operações compromissadas lastreadas em títulos públicos federais;34.77
CLASSES - FIF;13.401.175/0001-52;;BRADESCO GOV PP FIF - CLASSE DE INVESTIMENTO RF REFERENCIADA DI - RESP LIMITADA;2025-08-31;Títulos públicos federais;61.82
CLASSES - FIF;13.401.188/0001-21;;BRADESCO FIF - CLASSE DE INVESTIMENTO EM COTAS RENDA FIXA TÍTULOS DO TESOURO - RESP LIMITADA;2025-08-31;Derivativos;2.95
CLASSES - FIF;13.401.188/0001-21;;BRADESCO FIF - CLASSE DE INVESTIMENTO EM COTAS RENDA FIXA TÍTULOS DO TESOURO - RESP LIMITADA;2025-08-31;Operações compromissadas lastreadas em títulos públicos federais;13.89
CLASSES - FIF;13.401.188/0001-21;;BRADESCO FIF - CLASSE DE INVESTIMENTO EM COTAS RENDA FIXA TÍTULOS DO TESOURO - RESP LIMITADA;2025-08-31;Títulos públicos federais;86.22
CLASSES - FIF;13.401.215/0001-66;;BRADESCO NÍVEL I FI FINANCEIRO - CIA - RESP LIMITADA;2025-08-31;Ações;65.32
CLASSES - FIF;13.401.215/0001-66;;BRADESCO NÍVEL I FI FINANCEIRO - CIA - RESP LIMITADA;2025-08-31;Cotas de fundos de investimento 409;15.73
CLASSES - FIF;13.401.215/0001-66;;BRADESCO NÍVEL I FI FINANCEIRO - CIA - RESP LIMITADA;2025-08-31;Investimento no exterior;17.67
CLASSES - FIF;13.401.215/0001-66;;BRADESCO NÍVEL I FI FINANCEIRO - CIA - RESP LIMITADA;2025-08-31;Operações compromissadas lastreadas em títulos públicos federais;1.34
CLASSES - FIF;13.401.224/0001-57;;BRADESCO FIF - CIC DE AÇÕES - RESP LIMITADA;2025-08-31;Ações;65.45
CLASSES - FIF;13.401.224/0001-57;;BRADESCO FIF - CIC DE AÇÕES - RESP LIMITADA;2025-08-31;Cotas de fundos de investimento 409;15.84
CLASSES - FIF;13.401.224/0001-57;;BRADESCO FIF - CIC DE AÇÕES - RESP LIMITADA;2025-08-31;Investimento no exterior;17.65
CLASSES - FIF;13.401.224/0001-57;;BRADESCO FIF - CIC DE AÇÕES - RESP LIMITADA;2025-08-31;Operações compromissadas lastreadas em títulos públicos federais;1.33
CLASSES - FIF;13.401.510/0001-12;;BRADESCO FUNDO DE INVESTIMENTO - CIC RF CURTO PRAZO RIO DE JANEIRO - RESP LIMITADA;2025-08-31;Operações compromissadas lastreadas em títulos públicos federais;96.71
CLASSES - FIF;13.401.715/0001-06;;IBIUNA EQUITIES FIF - CLASSE DE INVESTIMENTO EM COTAS DE AÇÕES - RESP LIMITADA;2025-08-31;Ações;93.28
CLASSES - FIF;13.401.715/0001-06;;IBIUNA EQUITIES FIF - CLASSE DE INVESTIMENTO EM COTAS DE AÇÕES - RESP LIMITADA;2025-08-31;Operações compromissadas lastreadas em títulos públicos federais;6.97
CLASSES - FIF;13.429.264/0001-07;;KONDOR MACRO FI FINANCEIRO - CI MULT - RESP LIMITADA;2025-08-31;Ações;8.41
CLASSES - FIF;13.429.264/0001-07;;KONDOR MACRO FI FINANCEIRO - CI MULT - RESP LIMITADA;2025-08-31;Cotas de fundos de investimento 409;7.28
CLASSES - FIF;13.429.264/0001-07;;KONDOR MACRO FI FINANCEIRO - CI MULT - RESP LIMITADA;2025-08-31;Investimento no exterior;12.31
CLASSES - FIF;13.429.264/0001-07;;KONDOR MACRO FI FINANCEIRO - CI MULT - RESP LIMITADA;2025-08-31;Operações compromissadas lastreadas em títulos públicos federais;1.24
CLASSES - FIF;13.429.264/0001-07;;KONDOR MACRO FI FINANCEIRO - CI MULT - RESP LIMITADA;2025-08-31;Títulos públicos federais;71.08
CLASSES - FIF;13.611.616/0001-40;;TIVIO ALOCAÇÃO IMAB 5+ FI FINANCEIRO - CI RF - RESP LIMITADA;2025-08-31;Operações compromissadas lastreadas em títulos públicos federais;4.83
CLASSES - FIF;13.611.616/0001-40;;TIVIO ALOCAÇÃO IMAB 5+ FI FINANCEIRO - CI RF - RESP LIMITADA;2025-08-31;Títulos públicos federais;95.17
CLASSES - FIF;13.614.709/0001-29;;TOP GESTOR LONG ONLY FC - CIC EM AÇÕES - RESP LIMITADA;2025-08-31;Ações;3.99
CLASSES - FIF;13.614.709/0001-29;;TOP GESTOR LONG ONLY FC - CIC EM AÇÕES - RESP LIMITADA;2025-08-31;Cotas de fundos de investimento 409;90.90
CLASSES - FIF;13.614.709/0001-29;;TOP GESTOR LONG ONLY FC - CIC EM AÇÕES - RESP LIMITADA;2025-08-31;Derivativos;0.50
CLASSES - FIF;13.614.709/0001-29;;TOP GESTOR LONG ONLY FC - CIC EM AÇÕES - RESP LIMITADA;2025-08-31;Operações compromissadas lastreadas em títulos públicos federais;1.79
CLASSES - FIF;13.614.709/0001-29;;TOP GESTOR LONG ONLY FC - CIC EM AÇÕES - RESP LIMITADA;2025-08-31;Títulos públicos federais;1.87
CLASSES - FIF;13.659.375/0001-00;;SITA EXCLUSIVE FUNDO DE INVESTIMENTO DE AÇÕES RESPONSABILIDADE LIMITADA;2025-08-31;Acões;97.01
CLASSES - FIF;13.659.375/0001-00;;SITA EXCLUSIVE FUNDO DE INVESTIMENTO DE AÇÕES RESPONSABILIDADE LIMITADA;2025-08-31;Depósito a prazo e outros títulos de instituições financeiras;0.99
CLASSES - FIF;13.659.375/0001-00;;SITA EXCLUSIVE FUNDO DE INVESTIMENTO DE AÇÕES RESPONSABILIDADE LIMITADA;2025-08-31;Operacões compromissadas lastreadas em títulos privados;0.00
CLASSES - FIF;13.659.375/0001-00;;SITA EXCLUSIVE FUNDO DE INVESTIMENTO DE AÇÕES RESPONSABILIDADE LIMITADA;2025-08-31;Operacões compromissadas lastreadas em títulos públicos federais;2.00
CLASSES - FIF;13.659.375/0001-00;;SITA EXCLUSIVE FUNDO DE INVESTIMENTO DE AÇÕES RESPONSABILIDADE LIMITADA;2025-08-31;Títulos Públicos federais;0.00
CLASSES - FIF;13.823.084/0001-05;;SUL AMÉRICA CRÉDITO ATIVO FIF RENDA FIXA CRÉD PRIV LONGO PRAZO DE RESP LIMITADA;2025-08-31;Cotas de Fundo;7.65
CLASSES - FIF;13.823.084/0001-05;;SUL AMÉRICA CRÉDITO ATIVO FIF RENDA FIXA CRÉD PRIV LONGO PRAZO DE RESP LIMITADA;2025-08-31;Deposito a prazo e outros títulos de instituições financeiras;22.78
CLASSES - FIF;13.823.084/0001-05;;SUL AMÉRICA CRÉDITO ATIVO FIF RENDA FIXA CRÉD PRIV LONGO PRAZO DE RESP LIMITADA;2025-08-31;Op. Compromissadas lastreadas em títulos públicos;17.77
CLASSES - FIF;13.823.084/0001-05;;SUL AMÉRICA CRÉDITO ATIVO FIF RENDA FIXA CRÉD PRIV LONGO PRAZO DE RESP LIMITADA;2025-08-31;Outros;0.35
CLASSES - FIF;13.823.084/0001-05;;SUL AMÉRICA CRÉDITO ATIVO FIF RENDA FIXA CRÉD PRIV LONGO PRAZO DE RESP LIMITADA;2025-08-31;Títulos de crédito privado;46.36
CLASSES - FIF;13.902.266/0001-71;;BRADESCO FIF  - CIC  MULTIMERCADO ALOCAÇÃO DINÂMICA - RESPONSABILIDADE LIMITADA;2025-08-31;Cotas de fundos de investimento 409;71.85
CLASSES - FIF;13.902.266/0001-71;;BRADESCO FIF  - CIC  MULTIMERCADO ALOCAÇÃO DINÂMICA - RESPONSABILIDADE LIMITADA;2025-08-31;Depósitos a prazo e outros títulos de instituições financeiras;2.63
CLASSES - FIF;13.902.266/0001-71;;BRADESCO FIF  - CIC  MULTIMERCADO ALOCAÇÃO DINÂMICA - RESPONSABILIDADE LIMITADA;2025-08-31;Operações compromissadas lastreadas em títulos públicos federais;8.18
CLASSES - FIF;13.902.266/0001-71;;BRADESCO FIF  - CIC  MULTIMERCADO ALOCAÇÃO DINÂMICA - RESPONSABILIDADE LIMITADA;2025-08-31;Títulos públicos federais;17.62
CLASSES - FIF;13.911.703/0001-13;;BRADESCO FIF  - CIC  MULTIMERCADO ALOCAÇÃO ARROJADA - RESPONSABILIDADE LIMITADA;2025-08-31;Cotas de fundos de investimento 409;84.49
CLASSES - FIF;13.911.703/0001-13;;BRADESCO FIF  - CIC  MULTIMERCADO ALOCAÇÃO ARROJADA - RESPONSABILIDADE LIMITADA;2025-08-31;Operações compromissadas lastreadas em títulos públicos federais;4.95
CLASSES - FIF;13.911.703/0001-13;;BRADESCO FIF  - CIC  MULTIMERCADO ALOCAÇÃO ARROJADA - RESPONSABILIDADE LIMITADA;2025-08-31;Títulos públicos federais;10.67
CLASSES - FIF;13.962.959/0001-50;;IBIUNA LONG SHORT ST MASTER FIF - CLASSE DE INVESTIMENTO MULTIMERCADO - RESP LIMITADA;2025-08-31;Ações;56.84
CLASSES - FIF;13.962.959/0001-50;;IBIUNA LONG SHORT ST MASTER FIF - CLASSE DE INVESTIMENTO MULTIMERCADO - RESP LIMITADA;2025-08-31;Cotas de fundos de investimento 409;0.46
CLASSES - FIF;13.962.959/0001-50;;IBIUNA LONG SHORT ST MASTER FIF - CLASSE DE INVESTIMENTO MULTIMERCADO - RESP LIMITADA;2025-08-31;Investimento no exterior;17.67
CLASSES - FIF;13.962.959/0001-50;;IBIUNA LONG SHORT ST MASTER FIF - CLASSE DE INVESTIMENTO MULTIMERCADO - RESP LIMITADA;2025-08-31;Operações compromissadas lastreadas em títulos públicos federais;10.95
CLASSES - FIF;13.962.959/0001-50;;IBIUNA LONG SHORT ST MASTER FIF - CLASSE DE INVESTIMENTO MULTIMERCADO - RESP LIMITADA;2025-08-31;Títulos públicos federais;58.06
CLASSES - FIF;13.973.228/0001-00;;SICOOB INFLAÇÃO FUNDO DE INVESTIMENTO FINANCEIRO RENDA FIXA IMA-B;2025-08-31;Operações compromissadas lastreadas em títulos públicos federais;5.70
CLASSES - FIF;13.973.228/0001-00;;SICOOB INFLAÇÃO FUNDO DE INVESTIMENTO FINANCEIRO RENDA FIXA IMA-B;2025-08-31;Títulos públicos federais;94.30
CLASSES - FIF;14.099.976/0001-78;;BRADESCO INSTITUCIONAL IBRX ALPHA FI FINANCEIRO - CIC EM AÇÕES - RESP LIMITADA;2025-08-31;Ações;97.62
CLASSES - FIF;14.099.976/0001-78;;BRADESCO INSTITUCIONAL IBRX ALPHA FI FINANCEIRO - CIC EM AÇÕES - RESP LIMITADA;2025-08-31;Cotas de fundos de investimento 409;0.61
CLASSES - FIF;14.099.976/0001-78;;BRADESCO INSTITUCIONAL IBRX ALPHA FI FINANCEIRO - CIC EM AÇÕES - RESP LIMITADA;2025-08-31;Derivativos;0.92
CLASSES - FIF;14.099.976/0001-78;;BRADESCO INSTITUCIONAL IBRX ALPHA FI FINANCEIRO - CIC EM AÇÕES - RESP LIMITADA;2025-08-31;Operações compromissadas lastreadas em títulos públicos federais;0.75
CLASSES - FIF;14.104.042/0001-87;;BRADESCO FIF - CIC RF PODIUM - RESP LIMITADA;2025-08-31;Cotas de fundos de investimento 409;19.82
CLASSES - FIF;14.104.042/0001-87;;BRADESCO FIF - CIC RF PODIUM - RESP LIMITADA;2025-08-31;Depósitos a prazo e outros títulos de instituições financeiras;24.61
CLASSES - FIF;14.104.042/0001-87;;BRADESCO FIF - CIC RF PODIUM - RESP LIMITADA;2025-08-31;Derivativos;-8.26
CLASSES - FIF;14.104.042/0001-87;;BRADESCO FIF - CIC RF PODIUM - RESP LIMITADA;2025-08-31;Operações compromissadas lastreadas em títulos públicos federais;22.10
CLASSES - FIF;14.104.042/0001-87;;BRADESCO FIF - CIC RF PODIUM - RESP LIMITADA;2025-08-31;Títulos públicos federais;32.76
CLASSES - FIF;14.104.062/0001-58;;BRADESCO NET FIF - CIC RENDA FIXA REFERENCIADA DI - RESPONSABILIDADE  LIMITADA;2025-08-31;Depósitos a prazo e outros títulos de instituições financeiras;4.68
CLASSES - FIF;14.104.062/0001-58;;BRADESCO NET FIF - CIC RENDA FIXA REFERENCIADA DI - RESPONSABILIDADE  LIMITADA;2025-08-31;Operações compromissadas lastreadas em títulos públicos federais;56.86
CLASSES - FIF;14.104.062/0001-58;;BRADESCO NET FIF - CIC RENDA FIXA REFERENCIADA DI - RESPONSABILIDADE  LIMITADA;2025-08-31;Títulos de crédito privado;0.02
CLASSES - FIF;14.104.062/0001-58;;BRADESCO NET FIF - CIC RENDA FIXA REFERENCIADA DI - RESPONSABILIDADE  LIMITADA;2025-08-31;Títulos públicos federais;37.15
CLASSES - FIF;14.104.082/0001-29;;BRADESCO NET FIF- CIC RF - RESP LIMITADA;2025-08-31;Cotas de fundos de investimento 409;19.65
CLASSES - FIF;14.104.082/0001-29;;BRADESCO NET FIF- CIC RF - RESP LIMITADA;2025-08-31;Depósitos a prazo e outros títulos de instituições financeiras;24.40
CLASSES - FIF;14.104.082/0001-29;;BRADESCO NET FIF- CIC RF - RESP LIMITADA;2025-08-31;Derivativos;-8.19
CLASSES - FIF;14.104.082/0001-29;;BRADESCO NET FIF- CIC RF - RESP LIMITADA;2025-08-31;Operações compromissadas lastreadas em títulos públicos federais;21.91
CLASSES - FIF;14.104.082/0001-29;;BRADESCO NET FIF- CIC RF - RESP LIMITADA;2025-08-31;Títulos públicos federais;32.48
CLASSES - FIF;14.104.126/0001-10;;BRADESCO PRIME NET FIF - CIC RF - RESP LIMITADA;2025-08-31;Cotas de fundos de investimento 409;19.82
CLASSES - FIF;14.104.126/0001-10;;BRADESCO PRIME NET FIF - CIC RF - RESP LIMITADA;2025-08-31;Depósitos a prazo e outros títulos de instituições financeiras;24.62
CLASSES - FIF;14.104.126/0001-10;;BRADESCO PRIME NET FIF - CIC RF - RESP LIMITADA;2025-08-31;Derivativos;-8.26
CLASSES - FIF;14.104.126/0001-10;;BRADESCO PRIME NET FIF - CIC RF - RESP LIMITADA;2025-08-31;Operações compromissadas lastreadas em títulos públicos federais;22.10
CLASSES - FIF;14.104.126/0001-10;;BRADESCO PRIME NET FIF - CIC RF - RESP LIMITADA;2025-08-31;Títulos públicos federais;32.77
CLASSES - FIF;14.104.139/0001-90;;BRADESCO PRIME NET FIC DE FI FINANCEIRO RENDA FIXA REFERENCIADA DI - RESPONSABILIDADE LIMITADA;2025-08-31;Depósitos a prazo e outros títulos de instituições financeiras;4.66
CLASSES - FIF;14.104.139/0001-90;;BRADESCO PRIME NET FIC DE FI FINANCEIRO RENDA FIXA REFERENCIADA DI - RESPONSABILIDADE LIMITADA;2025-08-31;Operações compromissadas lastreadas em títulos públicos federais;56.72
CLASSES - FIF;14.104.139/0001-90;;BRADESCO PRIME NET FIC DE FI FINANCEIRO RENDA FIXA REFERENCIADA DI - RESPONSABILIDADE LIMITADA;2025-08-31;Títulos de crédito privado;0.02
CLASSES - FIF;14.104.139/0001-90;;BRADESCO PRIME NET FIC DE FI FINANCEIRO RENDA FIXA REFERENCIADA DI - RESPONSABILIDADE LIMITADA;2025-08-31;Títulos públicos federais;37.06
CLASSES - FIF;14.113.340/0001-33;;NAVI INSTITUCIONAL FI FINANCEIRO - CIC EM AÇÕES - RESP LIMITADA;2025-08-31;Ações;94.58
CLASSES - FIF;14.113.340/0001-33;;NAVI INSTITUCIONAL FI FINANCEIRO - CIC EM AÇÕES - RESP LIMITADA;2025-08-31;Derivativos;4.19
CLASSES - FIF;14.113.340/0001-33;;NAVI INSTITUCIONAL FI FINANCEIRO - CIC EM AÇÕES - RESP LIMITADA;2025-08-31;Operações compromissadas lastreadas em títulos públicos federais;6.14
CLASSES - FIF;14.115.118/0001-70;;MAG INFLAÇÃO REFERENCIADO IMA-B FIF - CI RF LP - RESPONSABILIDADE LIMITADA;2025-08-31;Derivativos;30.19
CLASSES - FIF;14.115.118/0001-70;;MAG INFLAÇÃO REFERENCIADO IMA-B FIF - CI RF LP - RESPONSABILIDADE LIMITADA;2025-08-31;Operações compromissadas lastreadas em títulos públicos federais;0.15
CLASSES - FIF;14.115.118/0001-70;;MAG INFLAÇÃO REFERENCIADO IMA-B FIF - CI RF LP - RESPONSABILIDADE LIMITADA;2025-08-31;Títulos públicos federais;99.84
CLASSES - FIF;14.287.871/0001-42;;SICOOB DI FUNDO DE INVESTIMENTO FINANCEIRO RENDA FIXA REFERENCIADO DI;2025-08-31;Depósitos a prazo e outros títulos de instituições financeiras;16.49
CLASSES - FIF;14.287.871/0001-42;;SICOOB DI FUNDO DE INVESTIMENTO FINANCEIRO RENDA FIXA REFERENCIADO DI;2025-08-31;Operações compromissadas lastreadas em títulos públicos federais;6.31
CLASSES - FIF;14.287.871/0001-42;;SICOOB DI FUNDO DE INVESTIMENTO FINANCEIRO RENDA FIXA REFERENCIADO DI;2025-08-31;Títulos públicos federais;77.20
CLASSES - FIF;14.491.665/0001-50;;TIVIO FI FINANCEIRO - CI RF CRED PRIV - RESP LIMITADA;2025-08-31;Ações;0.00
CLASSES - FIF;14.491.665/0001-50;;TIVIO FI FINANCEIRO - CI RF CRED PRIV - RESP LIMITADA;2025-08-31;Depósitos a prazo e outros títulos de instituições financeiras;35.46
CLASSES - FIF;14.491.665/0001-50;;TIVIO FI FINANCEIRO - CI RF CRED PRIV - RESP LIMITADA;2025-08-31;Operações compromissadas lastreadas em títulos públicos federais;12.89
CLASSES - FIF;14.491.665/0001-50;;TIVIO FI FINANCEIRO - CI RF CRED PRIV - RESP LIMITADA;2025-08-31;Títulos de crédito privado;40.41
CLASSES - FIF;14.491.665/0001-50;;TIVIO FI FINANCEIRO - CI RF CRED PRIV - RESP LIMITADA;2025-08-31;Títulos públicos federais;11.26
CLASSES - FIF;14.550.994/0001-24;;MAG BRASIL FUNDO DE INVESTIMENTO FINANCEIRO  CLASSE DE INVESTIMENTO EM AÇÕES  RESP LIMITADA;2025-08-31;Ações;95.90
CLASSES - FIF;14.550.994/0001-24;;MAG BRASIL FUNDO DE INVESTIMENTO FINANCEIRO  CLASSE DE INVESTIMENTO EM AÇÕES  RESP LIMITADA;2025-08-31;Cotas de fundos de investimento 409;1.30
CLASSES - FIF;14.550.994/0001-24;;MAG BRASIL FUNDO DE INVESTIMENTO FINANCEIRO  CLASSE DE INVESTIMENTO EM AÇÕES  RESP LIMITADA;2025-08-31;Derivativos;-0.21
CLASSES - FIF;14.550.994/0001-24;;MAG BRASIL FUNDO DE INVESTIMENTO FINANCEIRO  CLASSE DE INVESTIMENTO EM AÇÕES  RESP LIMITADA;2025-08-31;Operações compromissadas lastreadas em títulos públicos federais;0.23
CLASSES - FIF;14.550.994/0001-24;;MAG BRASIL FUNDO DE INVESTIMENTO FINANCEIRO  CLASSE DE INVESTIMENTO EM AÇÕES  RESP LIMITADA;2025-08-31;Títulos públicos federais;0.53
CLASSES - FIF;14.632.925/0001-60;;MB FUNDO DE INVESTIMENTO FINANCEIRO EM AÇÕES  INSTITUIÇÕES FINANCEIRAS - RESPONSABILIDADE LIMITADA;2025-08-31;Ações;99.11
CLASSES - FIF;14.632.925/0001-60;;MB FUNDO DE INVESTIMENTO FINANCEIRO EM AÇÕES  INSTITUIÇÕES FINANCEIRAS - RESPONSABILIDADE LIMITADA;2025-08-31;Operações compromissadas lastreadas em títulos públicos federais;0.54
CLASSES - FIF;14.632.925/0001-60;;MB FUNDO DE INVESTIMENTO FINANCEIRO EM AÇÕES  INSTITUIÇÕES FINANCEIRAS - RESPONSABILIDADE LIMITADA;2025-08-31;Títulos públicos federais;0.36
CLASSES - FIF;14.843.717/0001-00;;JULIUS BAER FEEDER ABSOLUTE VERTEX FI FINANCEIRO - CIC MULT CRED PRIV - RESP LIMITADA;2025-08-31;Cotas de fundos de investimento 409;99.33
CLASSES - FIF;14.843.717/0001-00;;JULIUS BAER FEEDER ABSOLUTE VERTEX FI FINANCEIRO - CIC MULT CRED PRIV - RESP LIMITADA;2025-08-31;Operações compromissadas lastreadas em títulos públicos federais;0.19
CLASSES - FIF;14.843.717/0001-00;;JULIUS BAER FEEDER ABSOLUTE VERTEX FI FINANCEIRO - CIC MULT CRED PRIV - RESP LIMITADA;2025-08-31;Títulos públicos federais;0.48
CLASSES - FIF;14.843.784/0001-24;;ICATU VANGUARDA SIMPLES SOBERANO FIF - CLASSE DE INVESTIMENTO RENDA FIXA - RESP LIMITADA;2025-08-31;Operações compromissadas lastreadas em títulos públicos federais;15.68
CLASSES - FIF;14.843.784/0001-24;;ICATU VANGUARDA SIMPLES SOBERANO FIF - CLASSE DE INVESTIMENTO RENDA FIXA - RESP LIMITADA;2025-08-31;Títulos públicos federais;84.35
CLASSES - FIF;15.019.684/0001-40;;CASH STAR FIF - CLASSE DE INVESTIMENTO RF REFERENCIADO DI - RESP LIMITADA;2025-08-31;Operações compromissadas lastreadas em títulos públicos federais;23.06
CLASSES - FIF;15.019.684/0001-40;;CASH STAR FIF - CLASSE DE INVESTIMENTO RF REFERENCIADO DI - RESP LIMITADA;2025-08-31;Títulos públicos federais;77.00
CLASSES - FIF;15.212.344/0001-31;;CANVAS ENDURO 30 CSHG FUNDO DE INVESTIMENTO EM COTAS DE FIF MULTIMERCADO - RESPONSABILIDADE LIMITADA;2025-08-31;Cotas de Fundos de Investimento 555;100.17
CLASSES - FIF;15.212.344/0001-31;;CANVAS ENDURO 30 CSHG FUNDO DE INVESTIMENTO EM COTAS DE FIF MULTIMERCADO - RESPONSABILIDADE LIMITADA;2025-08-31;Outros;0.13
CLASSES - FIF;15.259.071/0001-80;;BRADESCO H FIF - CLASSE DE  INVESTIMENTO RENDA FIXA NILO - RESPONSABILIDADE LIMITADA;2025-08-31;Derivativos;-1.33
CLASSES - FIF;15.259.071/0001-80;;BRADESCO H FIF - CLASSE DE  INVESTIMENTO RENDA FIXA NILO - RESPONSABILIDADE LIMITADA;2025-08-31;Operações compromissadas lastreadas em títulos públicos federais;0.58
CLASSES - FIF;15.259.071/0001-80;;BRADESCO H FIF - CLASSE DE  INVESTIMENTO RENDA FIXA NILO - RESPONSABILIDADE LIMITADA;2025-08-31;Títulos públicos federais;99.47
CLASSES - FIF;15.259.423/0001-06;;BRADESCO H FIF - CIC RF LONGO PRAZO INFLAÇÃO 15.000 - RESP LIMITADA;2025-08-31;Cotas de fundos de investimento 409;3.83
CLASSES - FIF;15.259.423/0001-06;;BRADESCO H FIF - CIC RF LONGO PRAZO INFLAÇÃO 15.000 - RESP LIMITADA;2025-08-31;Depósitos a prazo e outros títulos de instituições financeiras;2.35
CLASSES - FIF;15.259.423/0001-06;;BRADESCO H FIF - CIC RF LONGO PRAZO INFLAÇÃO 15.000 - RESP LIMITADA;2025-08-31;Derivativos;2.71
CLASSES - FIF;15.259.423/0001-06;;BRADESCO H FIF - CIC RF LONGO PRAZO INFLAÇÃO 15.000 - RESP LIMITADA;2025-08-31;Operações compromissadas lastreadas em títulos públicos federais;1.77
CLASSES - FIF;15.259.423/0001-06;;BRADESCO H FIF - CIC RF LONGO PRAZO INFLAÇÃO 15.000 - RESP LIMITADA;2025-08-31;Títulos públicos federais;92.07
CLASSES - FIF;15.487.918/0001-84;;IBIUNA  HEDGE ST MASTER FIF - CLASSE DE  INVESTIMENTO MULTIMERCADO - RESPONSABILIDADE LIMITADA;2025-08-31;Derivativos;1306.45
CLASSES - FIF;15.487.918/0001-84;;IBIUNA  HEDGE ST MASTER FIF - CLASSE DE  INVESTIMENTO MULTIMERCADO - RESPONSABILIDADE LIMITADA;2025-08-31;Investimento no exterior;19.28
CLASSES - FIF;15.487.918/0001-84;;IBIUNA  HEDGE ST MASTER FIF - CLASSE DE  INVESTIMENTO MULTIMERCADO - RESPONSABILIDADE LIMITADA;2025-08-31;Operações compromissadas lastreadas em títulos públicos federais;103.53
CLASSES - FIF;15.487.918/0001-84;;IBIUNA  HEDGE ST MASTER FIF - CLASSE DE  INVESTIMENTO MULTIMERCADO - RESPONSABILIDADE LIMITADA;2025-08-31;Títulos de crédito privado;5.28
CLASSES - FIF;15.487.918/0001-84;;IBIUNA  HEDGE ST MASTER FIF - CLASSE DE  INVESTIMENTO MULTIMERCADO - RESPONSABILIDADE LIMITADA;2025-08-31;Títulos públicos federais;103.54
CLASSES - FIF;15.578.409/0001-67;;ICATU VANGUARDA MULTIESTRATÉGIA FUNDO DE INVESTIMENTO EM COTAS FIF MULT CRED PRIV - RESP LIMITADA;2025-08-31;Cotas de fundos de investimento 409;18.62
CLASSES - FIF;15.578.409/0001-67;;ICATU VANGUARDA MULTIESTRATÉGIA FUNDO DE INVESTIMENTO EM COTAS FIF MULT CRED PRIV - RESP LIMITADA;2025-08-31;Depósitos a prazo e outros títulos de instituições financeiras;12.69
CLASSES - FIF;15.578.409/0001-67;;ICATU VANGUARDA MULTIESTRATÉGIA FUNDO DE INVESTIMENTO EM COTAS FIF MULT CRED PRIV - RESP LIMITADA;2025-08-31;Operações compromissadas lastreadas em títulos públicos federais;18.68
CLASSES - FIF;15.578.409/0001-67;;ICATU VANGUARDA MULTIESTRATÉGIA FUNDO DE INVESTIMENTO EM COTAS FIF MULT CRED PRIV - RESP LIMITADA;2025-08-31;Títulos de crédito privado;19.94
CLASSES - FIF;15.578.409/0001-67;;ICATU VANGUARDA MULTIESTRATÉGIA FUNDO DE INVESTIMENTO EM COTAS FIF MULT CRED PRIV - RESP LIMITADA;2025-08-31;Títulos públicos federais;29.50
CLASSES - FIF;15.586.796/0001-83;;ICATU VANGUARDA DATA ALVO 2040 FUNDO DE INVESTIMENTO EM COTAS FIF MULT CRED PRIV - RESP LIMITADA;2025-08-31;Ações;24.12
CLASSES - FIF;15.586.796/0001-83;;ICATU VANGUARDA DATA ALVO 2040 FUNDO DE INVESTIMENTO EM COTAS FIF MULT CRED PRIV - RESP LIMITADA;2025-08-31;Depósitos a prazo e outros títulos de instituições financeiras;9.20
CLASSES - FIF;15.586.796/0001-83;;ICATU VANGUARDA DATA ALVO 2040 FUNDO DE INVESTIMENTO EM COTAS FIF MULT CRED PRIV - RESP LIMITADA;2025-08-31;Derivativos;16.89
CLASSES - FIF;15.586.796/0001-83;;ICATU VANGUARDA DATA ALVO 2040 FUNDO DE INVESTIMENTO EM COTAS FIF MULT CRED PRIV - RESP LIMITADA;2025-08-31;Títulos de crédito privado;15.45
CLASSES - FIF;15.586.796/0001-83;;ICATU VANGUARDA DATA ALVO 2040 FUNDO DE INVESTIMENTO EM COTAS FIF MULT CRED PRIV - RESP LIMITADA;2025-08-31;Títulos públicos federais;31.65
CLASSES - FIF;15.586.797/0001-28;;ICATU VANGUARDA DATA ALVO 2030 FUNDO DE INVESTIMENTO EM COTAS FIF MULT CRED PRIV - RESP LIMITADA;2025-08-31;Cotas de fundos de investimento 409;15.29
CLASSES - FIF;15.586.797/0001-28;;ICATU VANGUARDA DATA ALVO 2030 FUNDO DE INVESTIMENTO EM COTAS FIF MULT CRED PRIV - RESP LIMITADA;2025-08-31;Depósitos a prazo e outros títulos de instituições financeiras;11.39
CLASSES - FIF;15.586.797/0001-28;;ICATU VANGUARDA DATA ALVO 2030 FUNDO DE INVESTIMENTO EM COTAS FIF MULT CRED PRIV - RESP LIMITADA;2025-08-31;Derivativos;16.82
CLASSES - FIF;15.586.797/0001-28;;ICATU VANGUARDA DATA ALVO 2030 FUNDO DE INVESTIMENTO EM COTAS FIF MULT CRED PRIV - RESP LIMITADA;2025-08-31;Títulos de crédito privado;18.16
CLASSES - FIF;15.586.797/0001-28;;ICATU VANGUARDA DATA ALVO 2030 FUNDO DE INVESTIMENTO EM COTAS FIF MULT CRED PRIV - RESP LIMITADA;2025-08-31;Títulos públicos federais;34.98
CLASSES - FIF;15.603.942/0001-31;;IBIUNA HEDGE STR FIF - CLASSE DE INVESTIMENTO EM COTAS MULTIMERCADO -RESP LIMITADA;2025-08-31;Cotas de fundos de investimento 409;6.65
CLASSES - FIF;15.603.942/0001-31;;IBIUNA HEDGE STR FIF - CLASSE DE INVESTIMENTO EM COTAS MULTIMERCADO -RESP LIMITADA;2025-08-31;Derivativos;1311.42
CLASSES - FIF;15.603.942/0001-31;;IBIUNA HEDGE STR FIF - CLASSE DE INVESTIMENTO EM COTAS MULTIMERCADO -RESP LIMITADA;2025-08-31;Investimento no exterior;18.15
CLASSES - FIF;15.603.942/0001-31;;IBIUNA HEDGE STR FIF - CLASSE DE INVESTIMENTO EM COTAS MULTIMERCADO -RESP LIMITADA;2025-08-31;Operações compromissadas lastreadas em títulos públicos federais;103.02
CLASSES - FIF;15.603.942/0001-31;;IBIUNA HEDGE STR FIF - CLASSE DE INVESTIMENTO EM COTAS MULTIMERCADO -RESP LIMITADA;2025-08-31;Títulos públicos federais;99.90
CLASSES - FIF;15.603.945/0001-75;;VINCI SELECTION EQUITIES FIF - CLASSE DE INVESTIMENTO EM AÇÕES - RESP LIMITADA;2025-08-31;Ações;20.66
CLASSES - FIF;15.603.945/0001-75;;VINCI SELECTION EQUITIES FIF - CLASSE DE INVESTIMENTO EM AÇÕES - RESP LIMITADA;2025-08-31;Cotas de fundos de investimento 409;55.22
CLASSES - FIF;15.603.945/0001-75;;VINCI SELECTION EQUITIES FIF - CLASSE DE INVESTIMENTO EM AÇÕES - RESP LIMITADA;2025-08-31;Derivativos;6.94
CLASSES - FIF;15.603.945/0001-75;;VINCI SELECTION EQUITIES FIF - CLASSE DE INVESTIMENTO EM AÇÕES - RESP LIMITADA;2025-08-31;Operações compromissadas lastreadas em títulos públicos federais;3.33
CLASSES - FIF;15.603.945/0001-75;;VINCI SELECTION EQUITIES FIF - CLASSE DE INVESTIMENTO EM AÇÕES - RESP LIMITADA;2025-08-31;Títulos públicos federais;20.18
CLASSES - FIF;15.675.415/0001-32;;BRAM BANCOS FI FINANCEIRO - CI RF CRED PRIV - RESP LIMITADA;2025-08-31;Depósitos a prazo e outros títulos de instituições financeiras;74.16
CLASSES - FIF;15.675.415/0001-32;;BRAM BANCOS FI FINANCEIRO - CI RF CRED PRIV - RESP LIMITADA;2025-08-31;Operações compromissadas lastreadas em títulos públicos federais;23.52
CLASSES - FIF;15.675.415/0001-32;;BRAM BANCOS FI FINANCEIRO - CI RF CRED PRIV - RESP LIMITADA;2025-08-31;Títulos públicos federais;2.32
CLASSES - FIF;15.675.431/0001-25;;BRAM FIF - CLASSE DE INVESTIMENTO RF REFERENCIADA DI CORAL - RESP LIMITADA;2025-08-31;Cotas de fundos de investimento 409;1.08
CLASSES - FIF;15.675.431/0001-25;;BRAM FIF - CLASSE DE INVESTIMENTO RF REFERENCIADA DI CORAL - RESP LIMITADA;2025-08-31;Depósitos a prazo e outros títulos de instituições financeiras;26.63
CLASSES - FIF;15.675.431/0001-25;;BRAM FIF - CLASSE DE INVESTIMENTO RF REFERENCIADA DI CORAL - RESP LIMITADA;2025-08-31;Operações compromissadas lastreadas em títulos públicos federais;41.42
CLASSES - FIF;15.675.431/0001-25;;BRAM FIF - CLASSE DE INVESTIMENTO RF REFERENCIADA DI CORAL - RESP LIMITADA;2025-08-31;Títulos de crédito privado;12.30
CLASSES - FIF;15.675.431/0001-25;;BRAM FIF - CLASSE DE INVESTIMENTO RF REFERENCIADA DI CORAL - RESP LIMITADA;2025-08-31;Títulos públicos federais;17.85
CLASSES - FIF;15.675.437/0001-00;;BRAM FI FINANCEIRO - CI RF CRED PRIV - RESP LIMITADA;2025-08-31;Cotas de fundos de investimento 409;3.34
CLASSES - FIF;15.675.437/0001-00;;BRAM FI FINANCEIRO - CI RF CRED PRIV - RESP LIMITADA;2025-08-31;Depósitos a prazo e outros títulos de instituições financeiras;47.45
CLASSES - FIF;15.675.437/0001-00;;BRAM FI FINANCEIRO - CI RF CRED PRIV - RESP LIMITADA;2025-08-31;Operações compromissadas lastreadas em títulos públicos federais;20.64
CLASSES - FIF;15.675.437/0001-00;;BRAM FI FINANCEIRO - CI RF CRED PRIV - RESP LIMITADA;2025-08-31;Outras aplicações;1.47
CLASSES - FIF;15.675.437/0001-00;;BRAM FI FINANCEIRO - CI RF CRED PRIV - RESP LIMITADA;2025-08-31;Títulos de crédito privado;27.05
CLASSES - FIF;15.714.222/0001-43;;BRADESCO FUNDO DE INVESTIMENTO FINANCEIRO - CIC DE AÇÕES DIVIDENDOS - RESPONSABILIDADE LIMITADA;2025-08-31;Ações;95.65
CLASSES - FIF;15.714.222/0001-43;;BRADESCO FUNDO DE INVESTIMENTO FINANCEIRO - CIC DE AÇÕES DIVIDENDOS - RESPONSABILIDADE LIMITADA;2025-08-31;Derivativos;-0.18
CLASSES - FIF;15.714.222/0001-43;;BRADESCO FUNDO DE INVESTIMENTO FINANCEIRO - CIC DE AÇÕES DIVIDENDOS - RESPONSABILIDADE LIMITADA;2025-08-31;Operações compromissadas lastreadas em títulos públicos federais;3.87
CLASSES - FIF;15.714.258/0001-27;;BRAM IMA-B 5 FI FINANCEIRO - CI RF - RESP LIMITADA;2025-08-31;Derivativos;2.33
CLASSES - FIF;15.714.258/0001-27;;BRAM IMA-B 5 FI FINANCEIRO - CI RF - RESP LIMITADA;2025-08-31;Operações compromissadas lastreadas em títulos públicos federais;2.50
CLASSES - FIF;15.714.258/0001-27;;BRAM IMA-B 5 FI FINANCEIRO - CI RF - RESP LIMITADA;2025-08-31;Títulos públicos federais;97.50
CLASSES - FIF;15.780.914/0001-90;;BRADESCO EXTENDED CREDIT POD FI FINANCEIRO - CIC DE CI MULT - RESP LIMITADA;2025-08-31;Cotas de fundos de investimento 409;1.21
CLASSES - FIF;15.780.914/0001-90;;BRADESCO EXTENDED CREDIT POD FI FINANCEIRO - CIC DE CI MULT - RESP LIMITADA;2025-08-31;Operações compromissadas lastreadas em títulos públicos federais;31.64
CLASSES - FIF;15.780.914/0001-90;;BRADESCO EXTENDED CREDIT POD FI FINANCEIRO - CIC DE CI MULT - RESP LIMITADA;2025-08-31;Títulos públicos federais;68.19
CLASSES - FIF;15.799.713/0001-34;;IBIUNA HEDGE STH FIF - CLASSE DE INVESTIMENTO EM COTAS MULTIMERCADO - RESP LIMITADA;2025-08-31;Cotas de fundos de investimento 409;6.65
CLASSES - FIF;15.799.713/0001-34;;IBIUNA HEDGE STH FIF - CLASSE DE INVESTIMENTO EM COTAS MULTIMERCADO - RESP LIMITADA;2025-08-31;Derivativos;1311.61
CLASSES - FIF;15.799.713/0001-34;;IBIUNA HEDGE STH FIF - CLASSE DE INVESTIMENTO EM COTAS MULTIMERCADO - RESP LIMITADA;2025-08-31;Investimento no exterior;18.15
CLASSES - FIF;15.799.713/0001-34;;IBIUNA HEDGE STH FIF - CLASSE DE INVESTIMENTO EM COTAS MULTIMERCADO - RESP LIMITADA;2025-08-31;Operações compromissadas lastreadas em títulos públicos federais;103.03
CLASSES - FIF;15.799.713/0001-34;;IBIUNA HEDGE STH FIF - CLASSE DE INVESTIMENTO EM COTAS MULTIMERCADO - RESP LIMITADA;2025-08-31;Títulos públicos federais;99.91
CLASSES - FIF;15.834.698/0001-18;;MB AÇÕES MERCANTIL DO BRASIL  FUNDO DE INVESTIMENTO FINANCEIRO EM AÇÕES - RESPONSABILIDADE  LIMITADA;2025-08-31;Ações;97.07
CLASSES - FIF;15.834.698/0001-18;;MB AÇÕES MERCANTIL DO BRASIL  FUNDO DE INVESTIMENTO FINANCEIRO EM AÇÕES - RESPONSABILIDADE  LIMITADA;2025-08-31;Operações compromissadas lastreadas em títulos públicos federais;2.12
CLASSES - FIF;15.834.698/0001-18;;MB AÇÕES MERCANTIL DO BRASIL  FUNDO DE INVESTIMENTO FINANCEIRO EM AÇÕES - RESPONSABILIDADE  LIMITADA;2025-08-31;Títulos públicos federais;0.89
CLASSES - FIF;15.862.355/0001-67;;BANESTES TESOURO  FIF RENDA FIXA REFERENCIADO DI RESPONSABILIDADE LIMITADA;2025-08-31;Depósitos a prazo e outros títulos de instituições financeiras;9.60
CLASSES - FIF;15.862.355/0001-67;;BANESTES TESOURO  FIF RENDA FIXA REFERENCIADO DI RESPONSABILIDADE LIMITADA;2025-08-31;Operações compromissadas lastreadas em títulos públicos federais;49.82
CLASSES - FIF;15.862.355/0001-67;;BANESTES TESOURO  FIF RENDA FIXA REFERENCIADO DI RESPONSABILIDADE LIMITADA;2025-08-31;Títulos públicos federais;40.58
CLASSES - FIF;16.570.371/0001-49;;BBT MULTIMERCADO FUNDO DE INVESTIMENTO FINANCEIRO;2025-08-31;Ações;42.12
CLASSES - FIF;16.570.371/0001-49;;BBT MULTIMERCADO FUNDO DE INVESTIMENTO FINANCEIRO;2025-08-31;Derivativos;3.89
CLASSES - FIF;16.570.371/0001-49;;BBT MULTIMERCADO FUNDO DE INVESTIMENTO FINANCEIRO;2025-08-31;Titulos publicos federais;48.77
CLASSES - FIF;16.617.593/0001-70;;BBT AÇÕES FUNDO DE INVESTIMENTO FINANCEIRO;2025-08-31;Ações;91.88
CLASSES - FIF;16.617.593/0001-70;;BBT AÇÕES FUNDO DE INVESTIMENTO FINANCEIRO;2025-08-31;Titulos publicos federais;3.70
CLASSES - FIF;16.844.885/0001-45;;BANRISUL FOCO IRF-M FUNDO DE INVESTIMENTO FINANCEIRO RENDA FIXA LONGO PRAZO RESP LIMITADA;2025-08-31;DERIVATIVOS;40.25
CLASSES - FIF;16.844.885/0001-45;;BANRISUL FOCO IRF-M FUNDO DE INVESTIMENTO FINANCEIRO RENDA FIXA LONGO PRAZO RESP LIMITADA;2025-08-31;OPERAÇÕES COMPROMISSADAS LASTREADAS EM TÍTULOS PÚBLICOS FEDERAIS;25.56
CLASSES - FIF;16.844.885/0001-45;;BANRISUL FOCO IRF-M FUNDO DE INVESTIMENTO FINANCEIRO RENDA FIXA LONGO PRAZO RESP LIMITADA;2025-08-31;TÍTULOS PÚBLICOS FEDERAIS;74.51
CLASSES - FIF;16.844.890/0001-58;;BANRISUL FOCO IMA-B FUNDO DE INVESTIMENTO FINANCEIRO RENDA FIXA LONGO PRAZO RESPONSABILIDADE LIMITAD;2025-08-31;OPERAÇÕES COMPROMISSADAS LASTREADAS EM TÍTULOS PÚBLICOS FEDERAIS;1.48
CLASSES - FIF;16.844.890/0001-58;;BANRISUL FOCO IMA-B FUNDO DE INVESTIMENTO FINANCEIRO RENDA FIXA LONGO PRAZO RESPONSABILIDADE LIMITAD;2025-08-31;TÍTULOS PÚBLICOS FEDERAIS;98.53
CLASSES - FIF;16.880.814/0001-06;;BRAM FUNDO DE INVESTIMENTO FINANCEIRO - CLASSE DE INVESTIMENTO AÇÕES SMALL CAPS - RESP LIMITADA;2025-08-31;Ações;96.82
CLASSES - FIF;16.880.814/0001-06;;BRAM FUNDO DE INVESTIMENTO FINANCEIRO - CLASSE DE INVESTIMENTO AÇÕES SMALL CAPS - RESP LIMITADA;2025-08-31;Operações compromissadas lastreadas em títulos públicos federais;2.64
CLASSES - FIF;16.892.122/0001-70;;SULAMÉRICA SELECTION FUNDO DE INVESTIMENTO FINANCEIRO AÇÕES DE RESPONSABILIDADE LIMITADA;2025-08-31;Ações;98.18
CLASSES - FIF;16.892.122/0001-70;;SULAMÉRICA SELECTION FUNDO DE INVESTIMENTO FINANCEIRO AÇÕES DE RESPONSABILIDADE LIMITADA;2025-08-31;Cotas de Fundo;0.00
CLASSES - FIF;16.892.122/0001-70;;SULAMÉRICA SELECTION FUNDO DE INVESTIMENTO FINANCEIRO AÇÕES DE RESPONSABILIDADE LIMITADA;2025-08-31;Op. Compromissadas lastreadas em títulos públicos;1.32
CLASSES - FIF;16.892.122/0001-70;;SULAMÉRICA SELECTION FUNDO DE INVESTIMENTO FINANCEIRO AÇÕES DE RESPONSABILIDADE LIMITADA;2025-08-31;Outros;0.50
CLASSES - FIF;16.892.122/0001-70;;SULAMÉRICA SELECTION FUNDO DE INVESTIMENTO FINANCEIRO AÇÕES DE RESPONSABILIDADE LIMITADA;2025-08-31;Títulos público federais;0.00
CLASSES - FIF;16.964.091/0001-15;;BANESTES SOLIDEZ AUTOMÁTICO FIF RENDA FIXA CURTO PRAZO RESPONSABILIDADE LIMITADA;2025-08-31;Operações compromissadas lastreadas em títulos públicos federais;99.41
CLASSES - FIF;17.080.119/0001-14;;BAHIA AM MASTER FIF - CLASSE DE INVESTIMENTO MULTIMERCADO - RESP LIMITADA;2025-08-31;Derivativos;-76.72
CLASSES - FIF;17.080.119/0001-14;;BAHIA AM MASTER FIF - CLASSE DE INVESTIMENTO MULTIMERCADO - RESP LIMITADA;2025-08-31;Investimento no exterior;9.29
CLASSES - FIF;17.080.119/0001-14;;BAHIA AM MASTER FIF - CLASSE DE INVESTIMENTO MULTIMERCADO - RESP LIMITADA;2025-08-31;Operações compromissadas lastreadas em títulos públicos federais;2.74
CLASSES - FIF;17.080.119/0001-14;;BAHIA AM MASTER FIF - CLASSE DE INVESTIMENTO MULTIMERCADO - RESP LIMITADA;2025-08-31;Títulos públicos federais;78.52
CLASSES - FIF;17.087.932/0001-16;;BAHIA AM MARAÚ FIF - CLASSE DE INVESTIMENTO EM COTAS MULTIMERCADO - RESP LIMITADA;2025-08-31;Derivativos;-124.64
CLASSES - FIF;17.087.932/0001-16;;BAHIA AM MARAÚ FIF - CLASSE DE INVESTIMENTO EM COTAS MULTIMERCADO - RESP LIMITADA;2025-08-31;Investimento no exterior;12.63
CLASSES - FIF;17.087.932/0001-16;;BAHIA AM MARAÚ FIF - CLASSE DE INVESTIMENTO EM COTAS MULTIMERCADO - RESP LIMITADA;2025-08-31;Operações compromissadas lastreadas em títulos públicos federais;-79.77
CLASSES - FIF;17.087.932/0001-16;;BAHIA AM MARAÚ FIF - CLASSE DE INVESTIMENTO EM COTAS MULTIMERCADO - RESP LIMITADA;2025-08-31;Títulos públicos federais;156.53
CLASSES - FIF;17.137.326/0001-68;;IBIUNA HEDGE STHG FIF- CLASSE DE INVESTIMENTO EM COTAS MULTIMERCADO - RESPONSABILIDADE LIMITADA;2025-08-31;Cotas de fundos de investimento 409;6.64
CLASSES - FIF;17.137.326/0001-68;;IBIUNA HEDGE STHG FIF- CLASSE DE INVESTIMENTO EM COTAS MULTIMERCADO - RESPONSABILIDADE LIMITADA;2025-08-31;Derivativos;1310.19
CLASSES - FIF;17.137.326/0001-68;;IBIUNA HEDGE STHG FIF- CLASSE DE INVESTIMENTO EM COTAS MULTIMERCADO - RESPONSABILIDADE LIMITADA;2025-08-31;Investimento no exterior;18.13
CLASSES - FIF;17.137.326/0001-68;;IBIUNA HEDGE STHG FIF- CLASSE DE INVESTIMENTO EM COTAS MULTIMERCADO - RESPONSABILIDADE LIMITADA;2025-08-31;Operações compromissadas lastreadas em títulos públicos federais;102.92
CLASSES - FIF;17.137.326/0001-68;;IBIUNA HEDGE STHG FIF- CLASSE DE INVESTIMENTO EM COTAS MULTIMERCADO - RESPONSABILIDADE LIMITADA;2025-08-31;Títulos públicos federais;99.80
CLASSES - FIF;17.284.948/0001-19;;BRAM H FUNDO DE INVESTIMENTO FINANCEIRO - CLASSE DE  INVESTIMENTO AÇÕES DIVIDENDOS - RESP LIMITADA;2025-08-31;Ações;95.45
CLASSES - FIF;17.284.948/0001-19;;BRAM H FUNDO DE INVESTIMENTO FINANCEIRO - CLASSE DE  INVESTIMENTO AÇÕES DIVIDENDOS - RESP LIMITADA;2025-08-31;Derivativos;-0.18
CLASSES - FIF;17.284.948/0001-19;;BRAM H FUNDO DE INVESTIMENTO FINANCEIRO - CLASSE DE  INVESTIMENTO AÇÕES DIVIDENDOS - RESP LIMITADA;2025-08-31;Operações compromissadas lastreadas em títulos públicos federais;3.86
CLASSES - FIF;17.489.019/0001-46;;BRADESCO FIF - CIC RF CRED PRIVADO EXCLUSIVO BETA - RESP LIMITADA;2025-08-31;Cotas de fundos de investimento 409;1.90
CLASSES - FIF;17.489.019/0001-46;;BRADESCO FIF - CIC RF CRED PRIVADO EXCLUSIVO BETA - RESP LIMITADA;2025-08-31;Depósitos a prazo e outros títulos de instituições financeiras;26.94
CLASSES - FIF;17.489.019/0001-46;;BRADESCO FIF - CIC RF CRED PRIVADO EXCLUSIVO BETA - RESP LIMITADA;2025-08-31;Operações compromissadas lastreadas em títulos públicos federais;45.08
CLASSES - FIF;17.489.019/0001-46;;BRADESCO FIF - CIC RF CRED PRIVADO EXCLUSIVO BETA - RESP LIMITADA;2025-08-31;Títulos de crédito privado;11.12
CLASSES - FIF;17.489.019/0001-46;;BRADESCO FIF - CIC RF CRED PRIVADO EXCLUSIVO BETA - RESP LIMITADA;2025-08-31;Títulos públicos federais;14.97
CLASSES - FIF;17.489.031/0001-50;;BAHIA AM MARAÚ A FIF - CIC MULTIM- RESPONSABILIDADE LIMITADA;2025-08-31;Derivativos;-124.55
CLASSES - FIF;17.489.031/0001-50;;BAHIA AM MARAÚ A FIF - CIC MULTIM- RESPONSABILIDADE LIMITADA;2025-08-31;Investimento no exterior;12.62
CLASSES - FIF;17.489.031/0001-50;;BAHIA AM MARAÚ A FIF - CIC MULTIM- RESPONSABILIDADE LIMITADA;2025-08-31;Operações compromissadas lastreadas em títulos públicos federais;-79.72
CLASSES - FIF;17.489.031/0001-50;;BAHIA AM MARAÚ A FIF - CIC MULTIM- RESPONSABILIDADE LIMITADA;2025-08-31;Títulos públicos federais;156.43
CLASSES - FIF;17.489.100/0001-26;;BRADESCO FIF - CLASSE DE INVESTIMENTO EM AÇÕES BB SEGURIDADE - RESP LIMITADA;2025-08-31;Ações;99.46
CLASSES - FIF;17.489.100/0001-26;;BRADESCO FIF - CLASSE DE INVESTIMENTO EM AÇÕES BB SEGURIDADE - RESP LIMITADA;2025-08-31;Operações compromissadas lastreadas em títulos públicos federais;0.35
CLASSES - FIF;17.554.200/0001-99;;IBIUNA LONG BIASED FIF - CLASSE DE INVESTIMENTO EM COTAS MULTIMERCADO - RESPONSABILIDADE LIMITADA;2025-08-31;Ações;105.94
CLASSES - FIF;17.554.200/0001-99;;IBIUNA LONG BIASED FIF - CLASSE DE INVESTIMENTO EM COTAS MULTIMERCADO - RESPONSABILIDADE LIMITADA;2025-08-31;Cotas de fundos de investimento 409;0.78
CLASSES - FIF;17.554.200/0001-99;;IBIUNA LONG BIASED FIF - CLASSE DE INVESTIMENTO EM COTAS MULTIMERCADO - RESPONSABILIDADE LIMITADA;2025-08-31;Derivativos;21.01
CLASSES - FIF;17.554.200/0001-99;;IBIUNA LONG BIASED FIF - CLASSE DE INVESTIMENTO EM COTAS MULTIMERCADO - RESPONSABILIDADE LIMITADA;2025-08-31;Investimento no exterior;13.05
CLASSES - FIF;17.554.200/0001-99;;IBIUNA LONG BIASED FIF - CLASSE DE INVESTIMENTO EM COTAS MULTIMERCADO - RESPONSABILIDADE LIMITADA;2025-08-31;Operações compromissadas lastreadas em títulos públicos federais;11.06
CLASSES - FIF;17.554.210/0001-24;;IBIUNA LONG BIASED MASTER FIF - CLASSE DE INVESTIMENTO MULTIMERCADO - RESPONSABILIDADE LIMITADA;2025-08-31;Ações;103.20
CLASSES - FIF;17.554.210/0001-24;;IBIUNA LONG BIASED MASTER FIF - CLASSE DE INVESTIMENTO MULTIMERCADO - RESPONSABILIDADE LIMITADA;2025-08-31;Cotas de fundos de investimento 409;0.76
CLASSES - FIF;17.554.210/0001-24;;IBIUNA LONG BIASED MASTER FIF - CLASSE DE INVESTIMENTO MULTIMERCADO - RESPONSABILIDADE LIMITADA;2025-08-31;Derivativos;20.46
CLASSES - FIF;17.554.210/0001-24;;IBIUNA LONG BIASED MASTER FIF - CLASSE DE INVESTIMENTO MULTIMERCADO - RESPONSABILIDADE LIMITADA;2025-08-31;Investimento no exterior;12.71
CLASSES - FIF;17.554.210/0001-24;;IBIUNA LONG BIASED MASTER FIF - CLASSE DE INVESTIMENTO MULTIMERCADO - RESPONSABILIDADE LIMITADA;2025-08-31;Operações compromissadas lastreadas em títulos públicos federais;10.77
CLASSES - FIF;17.797.493/0001-35;;SULAMÉRICA APOLLO FUNDO DE INVESTIMENTO FINANCEIRO MULTIMERCADO DE RESPONSABILIDADE LIMITADA;2025-08-31;Ações;0.00
CLASSES - FIF;17.797.493/0001-35;;SULAMÉRICA APOLLO FUNDO DE INVESTIMENTO FINANCEIRO MULTIMERCADO DE RESPONSABILIDADE LIMITADA;2025-08-31;Cotas de Fundos;0.00
CLASSES - FIF;17.797.493/0001-35;;SULAMÉRICA APOLLO FUNDO DE INVESTIMENTO FINANCEIRO MULTIMERCADO DE RESPONSABILIDADE LIMITADA;2025-08-31;Op. Compromissadas lastreadas em títulos públicos;41.92
CLASSES - FIF;17.797.493/0001-35;;SULAMÉRICA APOLLO FUNDO DE INVESTIMENTO FINANCEIRO MULTIMERCADO DE RESPONSABILIDADE LIMITADA;2025-08-31;Outros;8.14
CLASSES - FIF;17.797.493/0001-35;;SULAMÉRICA APOLLO FUNDO DE INVESTIMENTO FINANCEIRO MULTIMERCADO DE RESPONSABILIDADE LIMITADA;2025-08-31;Títulos público federais;49.93
CLASSES - FIF;17.812.153/0001-36;;MÉTODO AMZ FUNDO DE INVESTIMENTO DE AÇÕES;2025-08-31;Ações;2.34
CLASSES - FIF;17.812.153/0001-36;;MÉTODO AMZ FUNDO DE INVESTIMENTO DE AÇÕES;2025-08-31;Operações Compromissadas Lastreadas em Títulos Públicos Federais;0.57
CLASSES - FIF;17.812.153/0001-36;;MÉTODO AMZ FUNDO DE INVESTIMENTO DE AÇÕES;2025-08-31;Outras Aplicações;97.15
CLASSES - FIF;17.979.906/0001-00;;FEEDER FALCON FIF - CLASSE DE INVESTIMENTO EM COTAS DE AÇÕES - RESP LIMITADA;2025-08-31;Cotas de fundos de investimento 409;98.50
CLASSES - FIF;17.979.906/0001-00;;FEEDER FALCON FIF - CLASSE DE INVESTIMENTO EM COTAS DE AÇÕES - RESP LIMITADA;2025-08-31;Operações compromissadas lastreadas em títulos públicos federais;0.35
CLASSES - FIF;17.979.906/0001-00;;FEEDER FALCON FIF - CLASSE DE INVESTIMENTO EM COTAS DE AÇÕES - RESP LIMITADA;2025-08-31;Títulos públicos federais;0.88
CLASSES - FIF;18.000.606/0001-92;;BRADESCO FIF - CIC RF IRFM ÁGORA - RESPONSABILIDAE LIMITADA;2025-08-31;Derivativos;11.59
CLASSES - FIF;18.000.606/0001-92;;BRADESCO FIF - CIC RF IRFM ÁGORA - RESPONSABILIDAE LIMITADA;2025-08-31;Operações compromissadas lastreadas em títulos públicos federais;11.95
CLASSES - FIF;18.000.606/0001-92;;BRADESCO FIF - CIC RF IRFM ÁGORA - RESPONSABILIDAE LIMITADA;2025-08-31;Títulos públicos federais;88.20
CLASSES - FIF;18.079.388/0001-23;;BRADESCO BANCOS FI FINANCEIRO - CIC RF CRED PRIV - RESP LIMITADA;2025-08-31;Depósitos a prazo e outros títulos de instituições financeiras;74.17
CLASSES - FIF;18.079.388/0001-23;;BRADESCO BANCOS FI FINANCEIRO - CIC RF CRED PRIV - RESP LIMITADA;2025-08-31;Operações compromissadas lastreadas em títulos públicos federais;23.52
CLASSES - FIF;18.079.388/0001-23;;BRADESCO BANCOS FI FINANCEIRO - CIC RF CRED PRIV - RESP LIMITADA;2025-08-31;Títulos públicos federais;2.32
CLASSES - FIF;18.079.540/0001-78;;BRADESCO S&P 500 MAIS FC - CIC MULT - RESP LIMITADA;2025-08-31;Derivativos;100.24
CLASSES - FIF;18.079.540/0001-78;;BRADESCO S&P 500 MAIS FC - CIC MULT - RESP LIMITADA;2025-08-31;Operações compromissadas lastreadas em títulos públicos federais;11.66
CLASSES - FIF;18.079.540/0001-78;;BRADESCO S&P 500 MAIS FC - CIC MULT - RESP LIMITADA;2025-08-31;Títulos públicos federais;89.57
CLASSES - FIF;18.085.876/0001-43;;BRAM INSTITUCIONAL IRF-M FI FINANCEIRO - CI RF - RESP LIMITADA;2025-08-31;Derivativos;9.88
CLASSES - FIF;18.085.876/0001-43;;BRAM INSTITUCIONAL IRF-M FI FINANCEIRO - CI RF - RESP LIMITADA;2025-08-31;Operações compromissadas lastreadas em títulos públicos federais;10.08
CLASSES - FIF;18.085.876/0001-43;;BRAM INSTITUCIONAL IRF-M FI FINANCEIRO - CI RF - RESP LIMITADA;2025-08-31;Títulos públicos federais;89.93
CLASSES - FIF;18.085.885/0001-34;;BRAM IMA-B 5+ FI FINANCEIRO - CI RF - RESP LIMITADA;2025-08-31;Derivativos;1.32
CLASSES - FIF;18.085.885/0001-34;;BRAM IMA-B 5+ FI FINANCEIRO - CI RF - RESP LIMITADA;2025-08-31;Operações compromissadas lastreadas em títulos públicos federais;1.49
CLASSES - FIF;18.085.885/0001-34;;BRAM IMA-B 5+ FI FINANCEIRO - CI RF - RESP LIMITADA;2025-08-31;Títulos públicos federais;98.52
CLASSES - FIF;18.085.891/0001-91;;BRAM IMA-B TÍTULOS PÚBLICOS FI FINANCEIRO - CI RF - RESP LIMITADA;2025-08-31;Operações compromissadas lastreadas em títulos públicos federais;0.09
CLASSES - FIF;18.085.891/0001-91;;BRAM IMA-B TÍTULOS PÚBLICOS FI FINANCEIRO - CI RF - RESP LIMITADA;2025-08-31;Títulos públicos federais;99.91
CLASSES - FIF;18.085.913/0001-13;;BRAM IMA-B FI FINANCEIRO - CI RF - RESP LIMITADA;2025-08-31;Cotas de fundos de investimento 409;9.81
CLASSES - FIF;18.085.913/0001-13;;BRAM IMA-B FI FINANCEIRO - CI RF - RESP LIMITADA;2025-08-31;Derivativos;2.22
CLASSES - FIF;18.085.913/0001-13;;BRAM IMA-B FI FINANCEIRO - CI RF - RESP LIMITADA;2025-08-31;Operações compromissadas lastreadas em títulos públicos federais;2.34
CLASSES - FIF;18.085.913/0001-13;;BRAM IMA-B FI FINANCEIRO - CI RF - RESP LIMITADA;2025-08-31;Títulos públicos federais;87.86
CLASSES - FIF;18.391.138/0001-24;;IBIUNA LONG SHORT STLS FIF - CLASSE DE INVESTIMENTO EM COTAS MULTIMERCADO - RESP LIMITADA;2025-08-31;Ações;57.29
CLASSES - FIF;18.391.138/0001-24;;IBIUNA LONG SHORT STLS FIF - CLASSE DE INVESTIMENTO EM COTAS MULTIMERCADO - RESP LIMITADA;2025-08-31;Cotas de fundos de investimento 409;0.46
CLASSES - FIF;18.391.138/0001-24;;IBIUNA LONG SHORT STLS FIF - CLASSE DE INVESTIMENTO EM COTAS MULTIMERCADO - RESP LIMITADA;2025-08-31;Investimento no exterior;17.81
CLASSES - FIF;18.391.138/0001-24;;IBIUNA LONG SHORT STLS FIF - CLASSE DE INVESTIMENTO EM COTAS MULTIMERCADO - RESP LIMITADA;2025-08-31;Operações compromissadas lastreadas em títulos públicos federais;11.04
CLASSES - FIF;18.391.138/0001-24;;IBIUNA LONG SHORT STLS FIF - CLASSE DE INVESTIMENTO EM COTAS MULTIMERCADO - RESP LIMITADA;2025-08-31;Títulos públicos federais;58.52
CLASSES - FIF;18.422.272/0001-45;;CSHG ALLOCATION ABSOLUTE VERTEX FUNDO DE INVESTIMENTO EM COTAS DE FIF MULTIMERCADO - RESP LIMITADA;2025-08-31;Outras Cotas de Fundos de Investimento;100.07
CLASSES - FIF;18.422.272/0001-45;;CSHG ALLOCATION ABSOLUTE VERTEX FUNDO DE INVESTIMENTO EM COTAS DE FIF MULTIMERCADO - RESP LIMITADA;2025-08-31;Outros;0.00
FI;18.448.137/0001-79;;GERAL DIVIDENDO FUNDO DE INVESTIMENTO EM AÇÕES - RESPONSABILIDADE LIMITADA;2025-08-31;Ações;85.21
FI;18.448.137/0001-79;;GERAL DIVIDENDO FUNDO DE INVESTIMENTO EM AÇÕES - RESPONSABILIDADE LIMITADA;2025-08-31;Operações compromissadas lastreadas em títulos públicos federais;10.16
FI;18.448.137/0001-79;;GERAL DIVIDENDO FUNDO DE INVESTIMENTO EM AÇÕES - RESPONSABILIDADE LIMITADA;2025-08-31;Outras aplicações;4.63
CLASSES - FIF;18.466.245/0001-74;;BANRISUL FOCO IRF-M 1 FUNDO DE INVESTIMENTO FINANCEIRO RENDA FIXA RESPONSABILIDADE LIMITADA;2025-08-31;DERIVATIVOS;3.63
CLASSES - FIF;18.466.245/0001-74;;BANRISUL FOCO IRF-M 1 FUNDO DE INVESTIMENTO FINANCEIRO RENDA FIXA RESPONSABILIDADE LIMITADA;2025-08-31;OPERAÇÕES COMPROMISSADAS LASTREADAS EM TÍTULOS PÚBLICOS FEDERAIS;4.95
CLASSES - FIF;18.466.245/0001-74;;BANRISUL FOCO IRF-M 1 FUNDO DE INVESTIMENTO FINANCEIRO RENDA FIXA RESPONSABILIDADE LIMITADA;2025-08-31;TÍTULOS PÚBLICOS FEDERAIS;95.06
CLASSES - FIF;18.558.694/0001-42;;QUARTZO ESTRATÉGIA FUNDO DE INVESTIMENTO FINANCEIRO;2025-08-31;Ações;98.92
CLASSES - FIF;18.558.694/0001-42;;QUARTZO ESTRATÉGIA FUNDO DE INVESTIMENTO FINANCEIRO;2025-08-31;Derivativos;0.00
CLASSES - FIF;18.558.694/0001-42;;QUARTZO ESTRATÉGIA FUNDO DE INVESTIMENTO FINANCEIRO;2025-08-31;Operações Compromissadas Lastreadas em Títulos Públicos Federais;1.99
CLASSES - FIF;18.558.694/0001-42;;QUARTZO ESTRATÉGIA FUNDO DE INVESTIMENTO FINANCEIRO;2025-08-31;Outras Aplicações;0.64
CLASSES - FIF;18.602.064/0001-28;;FL PREMIUM INSTITUCIONAL FUNDO DE INVESTIMENTO RENDA FIXA LONGO PRAZO;2025-08-31;Acões;0.00
CLASSES - FIF;18.602.064/0001-28;;FL PREMIUM INSTITUCIONAL FUNDO DE INVESTIMENTO RENDA FIXA LONGO PRAZO;2025-08-31;Cotas de Fundos de Investimento 555;0.00
CLASSES - FIF;18.602.064/0001-28;;FL PREMIUM INSTITUCIONAL FUNDO DE INVESTIMENTO RENDA FIXA LONGO PRAZO;2025-08-31;Operacões compromissadas lastreadas em títulos privados;0.00
CLASSES - FIF;18.602.064/0001-28;;FL PREMIUM INSTITUCIONAL FUNDO DE INVESTIMENTO RENDA FIXA LONGO PRAZO;2025-08-31;Operacões compromissadas lastreadas em títulos públicos federais;95.67
CLASSES - FIF;18.602.064/0001-28;;FL PREMIUM INSTITUCIONAL FUNDO DE INVESTIMENTO RENDA FIXA LONGO PRAZO;2025-08-31;Títulos Públicos federais;0.00
CLASSES - FIF;18.628.896/0001-13;;GENEBRA COVERED CALL LS FUNDO DE INVESTIMENTO FINANCEIRO;2025-08-31;Cotas de Fundos de Índice de Renda Variável;77.22
CLASSES - FIF;18.628.896/0001-13;;GENEBRA COVERED CALL LS FUNDO DE INVESTIMENTO FINANCEIRO;2025-08-31;Cotas de Fundos de Investimento 409;10.41
CLASSES - FIF;18.628.896/0001-13;;GENEBRA COVERED CALL LS FUNDO DE INVESTIMENTO FINANCEIRO;2025-08-31;Derivativos;-3.69
CLASSES - FIF;18.628.896/0001-13;;GENEBRA COVERED CALL LS FUNDO DE INVESTIMENTO FINANCEIRO;2025-08-31;Outras Aplicações;0.11
CLASSES - FIF;18.628.896/0001-13;;GENEBRA COVERED CALL LS FUNDO DE INVESTIMENTO FINANCEIRO;2025-08-31;Títulos Públicos Federais;16.41
CLASSES - FIF;18.799.585/0001-17;;MB FUNDO DE INVESTIMENTO FINANCEIRO EM AÇÕES - RESPONSABILIDADE LIMITADA;2025-08-31;Ações;84.58
CLASSES - FIF;18.799.585/0001-17;;MB FUNDO DE INVESTIMENTO FINANCEIRO EM AÇÕES - RESPONSABILIDADE LIMITADA;2025-08-31;Operações compromissadas lastreadas em títulos públicos federais;14.42
CLASSES - FIF;18.810.900/0001-60;;BRADESCO H FIF - CIC MULT  GLOBAL - RESP LIMITADA;2025-08-31;Cotas de fundos de investimento 409;1.83
CLASSES - FIF;18.810.900/0001-60;;BRADESCO H FIF - CIC MULT  GLOBAL - RESP LIMITADA;2025-08-31;Derivativos;1.00
CLASSES - FIF;18.810.900/0001-60;;BRADESCO H FIF - CIC MULT  GLOBAL - RESP LIMITADA;2025-08-31;Investimento no exterior;17.75
CLASSES - FIF;18.810.900/0001-60;;BRADESCO H FIF - CIC MULT  GLOBAL - RESP LIMITADA;2025-08-31;Operações compromissadas lastreadas em títulos públicos federais;21.83
CLASSES - FIF;18.810.900/0001-60;;BRADESCO H FIF - CIC MULT  GLOBAL - RESP LIMITADA;2025-08-31;Títulos públicos federais;58.36
CLASSES - FIF;18.820.189/0001-24;;BRADESCO H FIF - CLASSE DE INVESTIMENTO EM COTAS RF REFERENCIADA DI LP AMBAR -RESP LIMITADA;2025-08-31;Depósitos a prazo e outros títulos de instituições financeiras;4.68
CLASSES - FIF;18.820.189/0001-24;;BRADESCO H FIF - CLASSE DE INVESTIMENTO EM COTAS RF REFERENCIADA DI LP AMBAR -RESP LIMITADA;2025-08-31;Operações compromissadas lastreadas em títulos públicos federais;57.23
CLASSES - FIF;18.820.189/0001-24;;BRADESCO H FIF - CLASSE DE INVESTIMENTO EM COTAS RF REFERENCIADA DI LP AMBAR -RESP LIMITADA;2025-08-31;Títulos de crédito privado;0.02
CLASSES - FIF;18.820.189/0001-24;;BRADESCO H FIF - CLASSE DE INVESTIMENTO EM COTAS RF REFERENCIADA DI LP AMBAR -RESP LIMITADA;2025-08-31;Títulos públicos federais;37.92
CLASSES - FIF;18.956.713/0001-99;;BRADESCO PRIVATE FUND OF FUNDS LONG BIASED FI FINANCEIRO - CIC MULT - RESP LIMITADA;2025-08-31;Ações;1.25
CLASSES - FIF;18.956.713/0001-99;;BRADESCO PRIVATE FUND OF FUNDS LONG BIASED FI FINANCEIRO - CIC MULT - RESP LIMITADA;2025-08-31;Cotas de fundos de investimento 409;95.47
CLASSES - FIF;18.956.713/0001-99;;BRADESCO PRIVATE FUND OF FUNDS LONG BIASED FI FINANCEIRO - CIC MULT - RESP LIMITADA;2025-08-31;Derivativos;1.29
CLASSES - FIF;18.956.713/0001-99;;BRADESCO PRIVATE FUND OF FUNDS LONG BIASED FI FINANCEIRO - CIC MULT - RESP LIMITADA;2025-08-31;Operações compromissadas lastreadas em títulos públicos federais;0.64
CLASSES - FIF;18.956.713/0001-99;;BRADESCO PRIVATE FUND OF FUNDS LONG BIASED FI FINANCEIRO - CIC MULT - RESP LIMITADA;2025-08-31;Títulos públicos federais;1.33
CLASSES - FIF;18.956.729/0001-00;;QUARTZO HEDGE FUNDO DE INVESTIMENTO FINANCEIRO;2025-08-31;Ações;8.12
CLASSES - FIF;18.956.729/0001-00;;QUARTZO HEDGE FUNDO DE INVESTIMENTO FINANCEIRO;2025-08-31;Cotas de Fundos de Investimento 409;12.62
CLASSES - FIF;18.956.729/0001-00;;QUARTZO HEDGE FUNDO DE INVESTIMENTO FINANCEIRO;2025-08-31;Operações Compromissadas Lastreadas em Títulos Públicos Federais;17.41
CLASSES - FIF;18.956.729/0001-00;;QUARTZO HEDGE FUNDO DE INVESTIMENTO FINANCEIRO;2025-08-31;Outras Aplicações;22.59
CLASSES - FIF;18.956.729/0001-00;;QUARTZO HEDGE FUNDO DE INVESTIMENTO FINANCEIRO;2025-08-31;Títulos Públicos Federais;35.09
CLASSES - FIF;18.959.094/0001-96;;BRADESCO BOLSA AMERICANA FI FINANCEIRO - CIC MULT - RESP LIMITADA;2025-08-31;Derivativos;99.91
CLASSES - FIF;18.959.094/0001-96;;BRADESCO BOLSA AMERICANA FI FINANCEIRO - CIC MULT - RESP LIMITADA;2025-08-31;Operações compromissadas lastreadas em títulos públicos federais;11.62
CLASSES - FIF;18.959.094/0001-96;;BRADESCO BOLSA AMERICANA FI FINANCEIRO - CIC MULT - RESP LIMITADA;2025-08-31;Títulos públicos federais;89.28
CLASSES - FIF;18.959.265/0001-87;;BRADESCO FIF - CLASSE DE INVESTIMENTO RENDA FIXA CRÉDITO PRIVADO CREDIT SELECTION - RESP LIMITADA;2025-08-31;Depósitos a prazo e outros títulos de instituições financeiras;6.20
CLASSES - FIF;18.959.265/0001-87;;BRADESCO FIF - CLASSE DE INVESTIMENTO RENDA FIXA CRÉDITO PRIVADO CREDIT SELECTION - RESP LIMITADA;2025-08-31;Operações compromissadas lastreadas em títulos públicos federais;50.47
CLASSES - FIF;18.959.265/0001-87;;BRADESCO FIF - CLASSE DE INVESTIMENTO RENDA FIXA CRÉDITO PRIVADO CREDIT SELECTION - RESP LIMITADA;2025-08-31;Títulos de crédito privado;3.70
CLASSES - FIF;18.959.265/0001-87;;BRADESCO FIF - CLASSE DE INVESTIMENTO RENDA FIXA CRÉDITO PRIVADO CREDIT SELECTION - RESP LIMITADA;2025-08-31;Títulos públicos federais;40.15
CLASSES - FIF;19.038.997/0001-05;;FINACAP FI FINANCEIRO - CI MULT CRED PRIV - RESP LIMITADA;2025-08-31;Ações;11.07
CLASSES - FIF;19.038.997/0001-05;;FINACAP FI FINANCEIRO - CI MULT CRED PRIV - RESP LIMITADA;2025-08-31;Depósitos a prazo e outros títulos de instituições financeiras;9.29
CLASSES - FIF;19.038.997/0001-05;;FINACAP FI FINANCEIRO - CI MULT CRED PRIV - RESP LIMITADA;2025-08-31;Operações compromissadas lastreadas em títulos públicos federais;16.27
CLASSES - FIF;19.038.997/0001-05;;FINACAP FI FINANCEIRO - CI MULT CRED PRIV - RESP LIMITADA;2025-08-31;Títulos de crédito privado;15.72
CLASSES - FIF;19.038.997/0001-05;;FINACAP FI FINANCEIRO - CI MULT CRED PRIV - RESP LIMITADA;2025-08-31;Títulos públicos federais;45.08
CLASSES - FIF;19.170.160/0001-07;;BANESTES VALORES FIC DE FIF RENDA FIXA REFERENCIADO DI RESPONSABILIDADE LIMITADA;2025-08-31;Depósitos a prazo e outros títulos de instituições financeiras;12.28
CLASSES - FIF;19.170.160/0001-07;;BANESTES VALORES FIC DE FIF RENDA FIXA REFERENCIADO DI RESPONSABILIDADE LIMITADA;2025-08-31;Operações compromissadas lastreadas em títulos públicos federais;38.18
CLASSES - FIF;19.170.160/0001-07;;BANESTES VALORES FIC DE FIF RENDA FIXA REFERENCIADO DI RESPONSABILIDADE LIMITADA;2025-08-31;Outras cotas de fundos de investimento;2.23
CLASSES - FIF;19.170.160/0001-07;;BANESTES VALORES FIC DE FIF RENDA FIXA REFERENCIADO DI RESPONSABILIDADE LIMITADA;2025-08-31;Títulos de crédito privado;10.63
CLASSES - FIF;19.170.160/0001-07;;BANESTES VALORES FIC DE FIF RENDA FIXA REFERENCIADO DI RESPONSABILIDADE LIMITADA;2025-08-31;Títulos públicos federais;36.69
CLASSES - FIF;19.413.587/0001-99;;IBIUNA HEDGE A FIF - CLASSE DE INVESTIMENTO EM COTAS MULTIMERCADO - RESPONSABILIDADE LIMITADA;2025-08-31;Cotas de fundos de investimento 409;4.44
CLASSES - FIF;19.413.587/0001-99;;IBIUNA HEDGE A FIF - CLASSE DE INVESTIMENTO EM COTAS MULTIMERCADO - RESPONSABILIDADE LIMITADA;2025-08-31;Derivativos;830.87
CLASSES - FIF;19.413.587/0001-99;;IBIUNA HEDGE A FIF - CLASSE DE INVESTIMENTO EM COTAS MULTIMERCADO - RESPONSABILIDADE LIMITADA;2025-08-31;Investimento no exterior;12.12
CLASSES - FIF;19.413.587/0001-99;;IBIUNA HEDGE A FIF - CLASSE DE INVESTIMENTO EM COTAS MULTIMERCADO - RESPONSABILIDADE LIMITADA;2025-08-31;Operações compromissadas lastreadas em títulos públicos federais;71.04
CLASSES - FIF;19.413.587/0001-99;;IBIUNA HEDGE A FIF - CLASSE DE INVESTIMENTO EM COTAS MULTIMERCADO - RESPONSABILIDADE LIMITADA;2025-08-31;Títulos públicos federais;9.51
CLASSES - FIF;19.418.031/0001-95;;ICATU VANGUARDA PRÉ-FIXADO FIF - CLASSE DE INVESTIMENTO RENDA FIXA LONGO PRAZO -RESP LIMITADA;2025-08-31;Derivativos;77.20
CLASSES - FIF;19.418.031/0001-95;;ICATU VANGUARDA PRÉ-FIXADO FIF - CLASSE DE INVESTIMENTO RENDA FIXA LONGO PRAZO -RESP LIMITADA;2025-08-31;Operações compromissadas lastreadas em títulos públicos federais;5.29
CLASSES - FIF;19.418.031/0001-95;;ICATU VANGUARDA PRÉ-FIXADO FIF - CLASSE DE INVESTIMENTO RENDA FIXA LONGO PRAZO -RESP LIMITADA;2025-08-31;Títulos públicos federais;94.91
CLASSES - FIF;19.719.727/0001-51;;ICATU VANGUARDA INFLAÇÃO FIF - CI RENDA FIXA CRÉD PRIV LONGO PRAZO - RESP LIMITADA;2025-08-31;Depósitos a prazo e outros títulos de instituições financeiras;29.78
CLASSES - FIF;19.719.727/0001-51;;ICATU VANGUARDA INFLAÇÃO FIF - CI RENDA FIXA CRÉD PRIV LONGO PRAZO - RESP LIMITADA;2025-08-31;Derivativos;72.24
CLASSES - FIF;19.719.727/0001-51;;ICATU VANGUARDA INFLAÇÃO FIF - CI RENDA FIXA CRÉD PRIV LONGO PRAZO - RESP LIMITADA;2025-08-31;Operações compromissadas lastreadas em títulos públicos federais;5.07
CLASSES - FIF;19.719.727/0001-51;;ICATU VANGUARDA INFLAÇÃO FIF - CI RENDA FIXA CRÉD PRIV LONGO PRAZO - RESP LIMITADA;2025-08-31;Títulos de crédito privado;54.66
CLASSES - FIF;19.719.727/0001-51;;ICATU VANGUARDA INFLAÇÃO FIF - CI RENDA FIXA CRÉD PRIV LONGO PRAZO - RESP LIMITADA;2025-08-31;Títulos públicos federais;10.53
CLASSES - FIF;20.216.216/0001-04;;BRADESCO INSTITUCIONAL IMA-B 5 FI FINANCEIRO - CIC RF - RESP LIMITADA;2025-08-31;Derivativos;2.33
CLASSES - FIF;20.216.216/0001-04;;BRADESCO INSTITUCIONAL IMA-B 5 FI FINANCEIRO - CIC RF - RESP LIMITADA;2025-08-31;Operações compromissadas lastreadas em títulos públicos federais;2.50
CLASSES - FIF;20.216.216/0001-04;;BRADESCO INSTITUCIONAL IMA-B 5 FI FINANCEIRO - CIC RF - RESP LIMITADA;2025-08-31;Títulos públicos federais;97.52
CLASSES - FIF;20.216.279/0001-52;;BRAM LONG BIASED FIF - CLASSE DE INVESTIMENTO EM AÇÕES - RESPONSABILIDADE LIMITADA;2025-08-31;Ações;71.34
CLASSES - FIF;20.216.279/0001-52;;BRAM LONG BIASED FIF - CLASSE DE INVESTIMENTO EM AÇÕES - RESPONSABILIDADE LIMITADA;2025-08-31;Cotas de fundos de investimento 409;27.74
CLASSES - FIF;20.216.279/0001-52;;BRAM LONG BIASED FIF - CLASSE DE INVESTIMENTO EM AÇÕES - RESPONSABILIDADE LIMITADA;2025-08-31;Investimento no exterior;8.40
CLASSES - FIF;20.216.279/0001-52;;BRAM LONG BIASED FIF - CLASSE DE INVESTIMENTO EM AÇÕES - RESPONSABILIDADE LIMITADA;2025-08-31;Operações compromissadas lastreadas em títulos públicos federais;20.50
CLASSES - FIF;20.216.279/0001-52;;BRAM LONG BIASED FIF - CLASSE DE INVESTIMENTO EM AÇÕES - RESPONSABILIDADE LIMITADA;2025-08-31;Títulos públicos federais;7.67
CLASSES - FIF;20.216.336/0001-01;;BRADESCO FIF - CIC RENDA FIXA CRÉDITO PRIVADO LP PERFORMANCE 22 - RESPONSABILIDADE LIMITADA;2025-08-31;Cotas de fundos de investimento 409;6.23
CLASSES - FIF;20.216.336/0001-01;;BRADESCO FIF - CIC RENDA FIXA CRÉDITO PRIVADO LP PERFORMANCE 22 - RESPONSABILIDADE LIMITADA;2025-08-31;Depósitos a prazo e outros títulos de instituições financeiras;27.10
CLASSES - FIF;20.216.336/0001-01;;BRADESCO FIF - CIC RENDA FIXA CRÉDITO PRIVADO LP PERFORMANCE 22 - RESPONSABILIDADE LIMITADA;2025-08-31;Operações compromissadas lastreadas em títulos públicos federais;25.63
CLASSES - FIF;20.216.336/0001-01;;BRADESCO FIF - CIC RENDA FIXA CRÉDITO PRIVADO LP PERFORMANCE 22 - RESPONSABILIDADE LIMITADA;2025-08-31;Títulos de crédito privado;41.40
CLASSES - FIF;20.216.336/0001-01;;BRADESCO FIF - CIC RENDA FIXA CRÉDITO PRIVADO LP PERFORMANCE 22 - RESPONSABILIDADE LIMITADA;2025-08-31;Títulos públicos federais;0.73
CLASSES - FIF;20.216.348/0001-28;;BRADESCO FIF - CLASSE DE INVESTIMENTO EM COTAS RENDA FIXA PODIUM II - RESPONSABILIDADE LIMITADA;2025-08-31;Cotas de fundos de investimento 409;19.82
CLASSES - FIF;20.216.348/0001-28;;BRADESCO FIF - CLASSE DE INVESTIMENTO EM COTAS RENDA FIXA PODIUM II - RESPONSABILIDADE LIMITADA;2025-08-31;Depósitos a prazo e outros títulos de instituições financeiras;24.62
CLASSES - FIF;20.216.348/0001-28;;BRADESCO FIF - CLASSE DE INVESTIMENTO EM COTAS RENDA FIXA PODIUM II - RESPONSABILIDADE LIMITADA;2025-08-31;Derivativos;-8.26
CLASSES - FIF;20.216.348/0001-28;;BRADESCO FIF - CLASSE DE INVESTIMENTO EM COTAS RENDA FIXA PODIUM II - RESPONSABILIDADE LIMITADA;2025-08-31;Operações compromissadas lastreadas em títulos públicos federais;22.10
CLASSES - FIF;20.216.348/0001-28;;BRADESCO FIF - CLASSE DE INVESTIMENTO EM COTAS RENDA FIXA PODIUM II - RESPONSABILIDADE LIMITADA;2025-08-31;Títulos públicos federais;32.77
CLASSES - FIF;20.216.799/0001-65;;BRAM AJAX FIF - CI MULTIMERCADO - RESP LIMITADA;2025-08-31;Títulos públicos federais;134.61
CLASSES - FIF;20.230.719/0001-26;;BANESTES LIQUIDEZ FIF RENDA FIXA REFERENCIADO DI RESPONSABILIDADE LIMITADA;2025-08-31;Depósitos a prazo e outros títulos de instituições financeiras;12.28
CLASSES - FIF;20.230.719/0001-26;;BANESTES LIQUIDEZ FIF RENDA FIXA REFERENCIADO DI RESPONSABILIDADE LIMITADA;2025-08-31;Operações compromissadas lastreadas em títulos públicos federais;38.18
CLASSES - FIF;20.230.719/0001-26;;BANESTES LIQUIDEZ FIF RENDA FIXA REFERENCIADO DI RESPONSABILIDADE LIMITADA;2025-08-31;Outras cotas de fundos de investimento;2.23
CLASSES - FIF;20.230.719/0001-26;;BANESTES LIQUIDEZ FIF RENDA FIXA REFERENCIADO DI RESPONSABILIDADE LIMITADA;2025-08-31;Títulos de crédito privado;10.63
CLASSES - FIF;20.230.719/0001-26;;BANESTES LIQUIDEZ FIF RENDA FIXA REFERENCIADO DI RESPONSABILIDADE LIMITADA;2025-08-31;Títulos públicos federais;36.68
CLASSES - FIF;20.628.685/0001-22;;BRADESCO FIF - CLASSE DE INVESTIMENTO EM COTAS RF REFERENCIADA DI FEDERAL OP - RESP LIMITADA;2025-08-31;Operações compromissadas lastreadas em títulos públicos federais;31.19
CLASSES - FIF;20.628.685/0001-22;;BRADESCO FIF - CLASSE DE INVESTIMENTO EM COTAS RF REFERENCIADA DI FEDERAL OP - RESP LIMITADA;2025-08-31;Títulos públicos federais;68.75
CLASSES - FIF;20.867.112/0001-51;;FEEDER SPX NIMITZ FIF - CIC MULTIMERCADO - RESP LIMITADA;2025-08-31;Cotas de fundos de investimento 409;99.10
CLASSES - FIF;20.867.112/0001-51;;FEEDER SPX NIMITZ FIF - CIC MULTIMERCADO - RESP LIMITADA;2025-08-31;Operações compromissadas lastreadas em títulos públicos federais;0.23
CLASSES - FIF;20.867.112/0001-51;;FEEDER SPX NIMITZ FIF - CIC MULTIMERCADO - RESP LIMITADA;2025-08-31;Títulos públicos federais;0.58
FI;20.879.578/0001-77;;INTER CONSERVADOR FUNDO DE INVESTIMENTO FINANCEIRO RENDA FIXA CRÉDITO PRIVADO RESP LIMITADA;2025-08-31;Cotas de Fundos de Investimento 555;1.52
FI;20.879.578/0001-77;;INTER CONSERVADOR FUNDO DE INVESTIMENTO FINANCEIRO RENDA FIXA CRÉDITO PRIVADO RESP LIMITADA;2025-08-31;Depósitos a Prazo e Outros Títulos de Instituições Financeiras;41.49
FI;20.879.578/0001-77;;INTER CONSERVADOR FUNDO DE INVESTIMENTO FINANCEIRO RENDA FIXA CRÉDITO PRIVADO RESP LIMITADA;2025-08-31;Operações Compromissadas Lastreadas em Títulos Públicos Federais;2.79
FI;20.879.578/0001-77;;INTER CONSERVADOR FUNDO DE INVESTIMENTO FINANCEIRO RENDA FIXA CRÉDITO PRIVADO RESP LIMITADA;2025-08-31;Títulos de Crédito Privado;31.32
FI;20.879.578/0001-77;;INTER CONSERVADOR FUNDO DE INVESTIMENTO FINANCEIRO RENDA FIXA CRÉDITO PRIVADO RESP LIMITADA;2025-08-31;Títulos Públicos Federais;19.61
CLASSES - FIF;21.005.667/0001-57;;BANESTES IRF-M 1 TÍTULOS PÚBLICOS FIF RENDA FIXA RESPONSABILIDADE LIMITADA;2025-08-31;Derivativos;0.00
CLASSES - FIF;21.005.667/0001-57;;BANESTES IRF-M 1 TÍTULOS PÚBLICOS FIF RENDA FIXA RESPONSABILIDADE LIMITADA;2025-08-31;Operações compromissadas lastreadas em títulos públicos federais;42.02
CLASSES - FIF;21.005.667/0001-57;;BANESTES IRF-M 1 TÍTULOS PÚBLICOS FIF RENDA FIXA RESPONSABILIDADE LIMITADA;2025-08-31;Títulos públicos federais;57.98
CLASSES - FIF;21.007.180/0001-03;;BANRISUL FOCO IDKA IPCA 2A FUNDO DE INVESTIMENTO FINANCEIRO RENDA FIXA RESPONSABILIDADE LIMITADA;2025-08-31;OPERAÇÕES COMPROMISSADAS LASTREADAS EM TÍTULOS PÚBLICOS FEDERAIS;0.54
CLASSES - FIF;21.007.180/0001-03;;BANRISUL FOCO IDKA IPCA 2A FUNDO DE INVESTIMENTO FINANCEIRO RENDA FIXA RESPONSABILIDADE LIMITADA;2025-08-31;TÍTULOS PÚBLICOS FEDERAIS;99.46
CLASSES - FIF;21.052.962/0001-64;;KAPITALO KAPPA ÁGORA FIF - CLASSE DE INVESTIMENTO EM COTAS MULTIMERCADO - RESP LIMITADA;2025-08-31;Cotas de fundos de investimento 409;0.78
CLASSES - FIF;21.053.080/0001-13;;BRAM ALPHA SISTEMÁTICO FI FINANCEIRO - CI MULT - RESP LIMITADA;2025-08-31;Ações;11.05
CLASSES - FIF;21.053.080/0001-13;;BRAM ALPHA SISTEMÁTICO FI FINANCEIRO - CI MULT - RESP LIMITADA;2025-08-31;Cotas de fundos de investimento 409;4.93
CLASSES - FIF;21.053.080/0001-13;;BRAM ALPHA SISTEMÁTICO FI FINANCEIRO - CI MULT - RESP LIMITADA;2025-08-31;Derivativos;0.83
CLASSES - FIF;21.053.080/0001-13;;BRAM ALPHA SISTEMÁTICO FI FINANCEIRO - CI MULT - RESP LIMITADA;2025-08-31;Operações compromissadas lastreadas em títulos públicos federais;5.24
CLASSES - FIF;21.053.080/0001-13;;BRAM ALPHA SISTEMÁTICO FI FINANCEIRO - CI MULT - RESP LIMITADA;2025-08-31;Títulos públicos federais;91.25
CLASSES - FIF;21.082.082/0001-30;;ICATU VANGUARDA DATA ALVO 2050 FIF - CLASSE DE INVESTIMENTO EM COTAS MULT CRED PRIV - RESP LIMITADA;2025-08-31;Ações;40.72
CLASSES - FIF;21.082.082/0001-30;;ICATU VANGUARDA DATA ALVO 2050 FIF - CLASSE DE INVESTIMENTO EM COTAS MULT CRED PRIV - RESP LIMITADA;2025-08-31;Derivativos;7.41
CLASSES - FIF;21.082.082/0001-30;;ICATU VANGUARDA DATA ALVO 2050 FIF - CLASSE DE INVESTIMENTO EM COTAS MULT CRED PRIV - RESP LIMITADA;2025-08-31;Investimento no exterior;7.56
CLASSES - FIF;21.082.082/0001-30;;ICATU VANGUARDA DATA ALVO 2050 FIF - CLASSE DE INVESTIMENTO EM COTAS MULT CRED PRIV - RESP LIMITADA;2025-08-31;Títulos de crédito privado;7.23
CLASSES - FIF;21.082.082/0001-30;;ICATU VANGUARDA DATA ALVO 2050 FIF - CLASSE DE INVESTIMENTO EM COTAS MULT CRED PRIV - RESP LIMITADA;2025-08-31;Títulos públicos federais;29.55
CLASSES - FIF;21.228.297/0001-17;;BAHIA AM MARAU ÁGORA FIF - CIC MULTIMERCADO - RESP LIMITADA;2025-08-31;Cotas de fundos de investimento 409;98.24
CLASSES - FIF;21.228.297/0001-17;;BAHIA AM MARAU ÁGORA FIF - CIC MULTIMERCADO - RESP LIMITADA;2025-08-31;Operações compromissadas lastreadas em títulos públicos federais;0.48
CLASSES - FIF;21.228.297/0001-17;;BAHIA AM MARAU ÁGORA FIF - CIC MULTIMERCADO - RESP LIMITADA;2025-08-31;Títulos públicos federais;1.13
CLASSES - FIF;21.287.197/0001-61;;BRAM H OPORTUNIDADE II FI FINANCEIRO - CI MULT - RESP LIMITADA;2025-08-31;Operações compromissadas lastreadas em títulos públicos federais;12.58
CLASSES - FIF;21.287.197/0001-61;;BRAM H OPORTUNIDADE II FI FINANCEIRO - CI MULT - RESP LIMITADA;2025-08-31;Títulos públicos federais;87.27
CLASSES - FIF;21.287.264/0001-48;;BRAM MACRO INSTITUCIONAL FI FINANCEIRO - CI MULT - RESP LIMITADA;2025-08-31;Derivativos;0.93
CLASSES - FIF;21.287.264/0001-48;;BRAM MACRO INSTITUCIONAL FI FINANCEIRO - CI MULT - RESP LIMITADA;2025-08-31;Operações compromissadas lastreadas em títulos públicos federais;8.32
CLASSES - FIF;21.287.264/0001-48;;BRAM MACRO INSTITUCIONAL FI FINANCEIRO - CI MULT - RESP LIMITADA;2025-08-31;Títulos públicos federais;91.71
CLASSES - FIF;21.287.393/0001-36;;BRADESCO H OPORTUNIDADE II FI FINANCEIRO - CIC MULT - RESP LIMITADA;2025-08-31;Operações compromissadas lastreadas em títulos públicos federais;12.57
CLASSES - FIF;21.287.393/0001-36;;BRADESCO H OPORTUNIDADE II FI FINANCEIRO - CIC MULT - RESP LIMITADA;2025-08-31;Títulos públicos federais;87.17
CLASSES - FIF;21.287.421/0001-15;;BRADESCO MACRO INSTITUCIONAL FI FINANCEIRO - CIC MULT - RESP LIMITADA;2025-08-31;Derivativos;0.93
CLASSES - FIF;21.287.421/0001-15;;BRADESCO MACRO INSTITUCIONAL FI FINANCEIRO - CIC MULT - RESP LIMITADA;2025-08-31;Operações compromissadas lastreadas em títulos públicos federais;8.32
CLASSES - FIF;21.287.421/0001-15;;BRADESCO MACRO INSTITUCIONAL FI FINANCEIRO - CIC MULT - RESP LIMITADA;2025-08-31;Títulos públicos federais;91.72
CLASSES - FIF;21.287.436/0001-83;;ACUMULAÇÃO 157 FI FINANCEIRO - CIC EM AÇÕES - RESP LIMITADA;2025-08-31;Ações;97.41
CLASSES - FIF;21.287.436/0001-83;;ACUMULAÇÃO 157 FI FINANCEIRO - CIC EM AÇÕES - RESP LIMITADA;2025-08-31;Cotas de fundos de investimento 409;0.00
CLASSES - FIF;21.287.436/0001-83;;ACUMULAÇÃO 157 FI FINANCEIRO - CIC EM AÇÕES - RESP LIMITADA;2025-08-31;Derivativos;1.45
CLASSES - FIF;21.287.436/0001-83;;ACUMULAÇÃO 157 FI FINANCEIRO - CIC EM AÇÕES - RESP LIMITADA;2025-08-31;Operações compromissadas lastreadas em títulos públicos federais;1.86
CLASSES - FIF;21.287.464/0001-09;;IBOVESPA 157 FI FINANCEIRO - CIA - RESP LIMITADA;2025-08-31;Ações;97.54
CLASSES - FIF;21.287.464/0001-09;;IBOVESPA 157 FI FINANCEIRO - CIA - RESP LIMITADA;2025-08-31;Derivativos;2.24
CLASSES - FIF;21.287.464/0001-09;;IBOVESPA 157 FI FINANCEIRO - CIA - RESP LIMITADA;2025-08-31;Operações compromissadas lastreadas em títulos públicos federais;1.27
CLASSES - FIF;21.321.454/0001-34;;BRADESCO INSTITUCIONAL FIF - CLASSE DE INVESTIMENTO EM AÇÕES - RESPONSABILIDADE LIMITADA;2025-08-31;Ações;63.28
CLASSES - FIF;21.321.454/0001-34;;BRADESCO INSTITUCIONAL FIF - CLASSE DE INVESTIMENTO EM AÇÕES - RESPONSABILIDADE LIMITADA;2025-08-31;Cotas de fundos de investimento 409;17.38
CLASSES - FIF;21.321.454/0001-34;;BRADESCO INSTITUCIONAL FIF - CLASSE DE INVESTIMENTO EM AÇÕES - RESPONSABILIDADE LIMITADA;2025-08-31;Investimento no exterior;18.34
CLASSES - FIF;21.321.454/0001-34;;BRADESCO INSTITUCIONAL FIF - CLASSE DE INVESTIMENTO EM AÇÕES - RESPONSABILIDADE LIMITADA;2025-08-31;Operações compromissadas lastreadas em títulos públicos federais;1.03
CLASSES - FIF;21.347.683/0001-28;;BRADESCO SMART ALLOCATION FI FINANCEIRO - CIA - RESP LIMITADA;2025-08-31;Ações;94.75
CLASSES - FIF;21.347.683/0001-28;;BRADESCO SMART ALLOCATION FI FINANCEIRO - CIA - RESP LIMITADA;2025-08-31;Cotas de fundos de investimento 409;3.99
CLASSES - FIF;21.347.683/0001-28;;BRADESCO SMART ALLOCATION FI FINANCEIRO - CIA - RESP LIMITADA;2025-08-31;Operações compromissadas lastreadas em títulos públicos federais;1.05
CLASSES - FIF;21.406.387/0001-50;;BRAM QAA ALPHA FI FINANCEIRO - CI MULT - RESP LIMITADA;2025-08-31;Cotas de fundos de investimento 409;19.56
CLASSES - FIF;21.406.387/0001-50;;BRAM QAA ALPHA FI FINANCEIRO - CI MULT - RESP LIMITADA;2025-08-31;Derivativos;-18.03
CLASSES - FIF;21.406.387/0001-50;;BRAM QAA ALPHA FI FINANCEIRO - CI MULT - RESP LIMITADA;2025-08-31;Operações compromissadas lastreadas em títulos públicos federais;2.70
CLASSES - FIF;21.406.387/0001-50;;BRAM QAA ALPHA FI FINANCEIRO - CI MULT - RESP LIMITADA;2025-08-31;Títulos públicos federais;77.75
CLASSES - FIF;21.743.480/0001-50;;BANRISUL ABSOLUTO FUNDO DE INVESTIMENTO FINANCEIRO RENDA FIXA LONGO PRAZO RESPONSABILIDADE LIMITADA;2025-08-31;OPERAÇÕES COMPROMISSADAS LASTREADAS EM TÍTULOS PÚBLICOS FEDERAIS;23.90
CLASSES - FIF;21.743.480/0001-50;;BANRISUL ABSOLUTO FUNDO DE INVESTIMENTO FINANCEIRO RENDA FIXA LONGO PRAZO RESPONSABILIDADE LIMITADA;2025-08-31;TÍTULOS PÚBLICOS FEDERAIS;76.11
CLASSES - FIF;22.003.346/0001-86;;DEVANT SOLIDUS CASH FUNDO DE INVESTIMENTO FINANCEIRO;2025-08-31;Cotas de Fundos de Investimento 409;0.00
CLASSES - FIF;22.003.346/0001-86;;DEVANT SOLIDUS CASH FUNDO DE INVESTIMENTO FINANCEIRO;2025-08-31;Depósitos a Prazo e Outros Títulos de Instituições Financeiras;0.00
CLASSES - FIF;22.003.346/0001-86;;DEVANT SOLIDUS CASH FUNDO DE INVESTIMENTO FINANCEIRO;2025-08-31;Operações Compromissadas Lastreadas em Títulos Públicos Federais;0.00
CLASSES - FIF;22.003.346/0001-86;;DEVANT SOLIDUS CASH FUNDO DE INVESTIMENTO FINANCEIRO;2025-08-31;Títulos de Crédito Privado;0.00
CLASSES - FIF;22.003.346/0001-86;;DEVANT SOLIDUS CASH FUNDO DE INVESTIMENTO FINANCEIRO;2025-08-31;Títulos Públicos Federais;0.00
CLASSES - FIF;22.013.560/0001-13;;TIVIO VIVALDI FI FINANCEIRO - CIC MULT - RESP LIMITADA;2025-08-31;Operações compromissadas lastreadas em títulos públicos federais;47.48
CLASSES - FIF;22.013.560/0001-13;;TIVIO VIVALDI FI FINANCEIRO - CIC MULT - RESP LIMITADA;2025-08-31;Títulos públicos federais;49.97
CLASSES - FIF;22.150.587/0001-58;;FIDUC FUNDO DE INVESTIMENTO FINANCEIRO - CLASSE DE  INVESTIMENTO EM COTAS EM AÇÕES - RESP LIMITADA;2025-08-31;Ações;7.88
CLASSES - FIF;22.150.587/0001-58;;FIDUC FUNDO DE INVESTIMENTO FINANCEIRO - CLASSE DE  INVESTIMENTO EM COTAS EM AÇÕES - RESP LIMITADA;2025-08-31;Cotas de fundos de investimento 409;89.76
CLASSES - FIF;22.150.587/0001-58;;FIDUC FUNDO DE INVESTIMENTO FINANCEIRO - CLASSE DE  INVESTIMENTO EM COTAS EM AÇÕES - RESP LIMITADA;2025-08-31;Operações compromissadas lastreadas em títulos públicos federais;1.02
CLASSES - FIF;22.150.587/0001-58;;FIDUC FUNDO DE INVESTIMENTO FINANCEIRO - CLASSE DE  INVESTIMENTO EM COTAS EM AÇÕES - RESP LIMITADA;2025-08-31;Títulos públicos federais;1.87
CLASSES - FIF;22.150.600/0001-79;;FIDUC FI FINANCEIRO - CIC RF CRED PRIV LP - RESP LIMITADA;2025-08-31;Cotas de fundos de investimento 409;77.38
CLASSES - FIF;22.150.600/0001-79;;FIDUC FI FINANCEIRO - CIC RF CRED PRIV LP - RESP LIMITADA;2025-08-31;Depósitos a prazo e outros títulos de instituições financeiras;3.80
CLASSES - FIF;22.150.600/0001-79;;FIDUC FI FINANCEIRO - CIC RF CRED PRIV LP - RESP LIMITADA;2025-08-31;Operações compromissadas lastreadas em títulos públicos federais;4.80
CLASSES - FIF;22.150.600/0001-79;;FIDUC FI FINANCEIRO - CIC RF CRED PRIV LP - RESP LIMITADA;2025-08-31;Títulos de crédito privado;7.65
CLASSES - FIF;22.150.600/0001-79;;FIDUC FI FINANCEIRO - CIC RF CRED PRIV LP - RESP LIMITADA;2025-08-31;Títulos públicos federais;6.51
CLASSES - FIF;22.187.973/0001-14;;CSHG VERDE AM AGAR FUNDO DE INVESTIMENTO EM COTAS DE FIF MULTIMERCADO - RESPONSABILIDADE LIMITADA;2025-08-31;Cotas de Fundos de Investimento 555;99.96
CLASSES - FIF;22.187.973/0001-14;;CSHG VERDE AM AGAR FUNDO DE INVESTIMENTO EM COTAS DE FIF MULTIMERCADO - RESPONSABILIDADE LIMITADA;2025-08-31;Outros;0.06
CLASSES - FIF;22.188.046/0001-19;;CSHG VERDE 14 FUNDO DE INVESTIMENTO EM COTAS DE FIF MULTIMERCADO - RESPONSABILIDADE LIMITADA;2025-08-31;Cotas de Fundos de Investimento 555;99.98
CLASSES - FIF;22.188.046/0001-19;;CSHG VERDE 14 FUNDO DE INVESTIMENTO EM COTAS DE FIF MULTIMERCADO - RESPONSABILIDADE LIMITADA;2025-08-31;Outros;0.03
CLASSES - FIF;22.215.116/0001-80;;CSHG VERDE 30 FUNDO DE INVESTIMENTO EM COTAS DE FIF MULTIMERCADO - RESPONSABILIDADE LIMITADA;2025-08-31;Cotas de Fundos de Investimento 555;99.99
CLASSES - FIF;22.215.116/0001-80;;CSHG VERDE 30 FUNDO DE INVESTIMENTO EM COTAS DE FIF MULTIMERCADO - RESPONSABILIDADE LIMITADA;2025-08-31;Outros;0.02
CLASSES - FIF;22.215.215/0001-62;;CSHG VERDE 90 FUNDO DE INVESTIMENTO EM COTAS DE FIF MULTIMERCADO - RESPONSABILIDADE LIMITADA;2025-08-31;Cotas de Fundos de Investimento 555;99.88
CLASSES - FIF;22.215.215/0001-62;;CSHG VERDE 90 FUNDO DE INVESTIMENTO EM COTAS DE FIF MULTIMERCADO - RESPONSABILIDADE LIMITADA;2025-08-31;Outros;0.13
CLASSES - FIF;22.504.092/0001-80;;ICATU VANGUARDA HEDGE FUNDO DE INVESTIMENTO FINANCEIRO MULTIMERCADO -RESP LIMITADA;2025-08-31;Ações;0.09
CLASSES - FIF;22.504.092/0001-80;;ICATU VANGUARDA HEDGE FUNDO DE INVESTIMENTO FINANCEIRO MULTIMERCADO -RESP LIMITADA;2025-08-31;Cotas de fundos de investimento 409;3.16
CLASSES - FIF;22.504.092/0001-80;;ICATU VANGUARDA HEDGE FUNDO DE INVESTIMENTO FINANCEIRO MULTIMERCADO -RESP LIMITADA;2025-08-31;Derivativos;-1.10
CLASSES - FIF;22.504.092/0001-80;;ICATU VANGUARDA HEDGE FUNDO DE INVESTIMENTO FINANCEIRO MULTIMERCADO -RESP LIMITADA;2025-08-31;Operações compromissadas lastreadas em títulos públicos federais;4.77
CLASSES - FIF;22.504.092/0001-80;;ICATU VANGUARDA HEDGE FUNDO DE INVESTIMENTO FINANCEIRO MULTIMERCADO -RESP LIMITADA;2025-08-31;Títulos públicos federais;92.12
CLASSES - FIF;22.759.995/0001-01;;SULAMÉRICA INFRA FIF INCENTIVADO DE INFRAESTRUTURA RENDA FIXA DE RESPONSABILIDADE LIMITADA;2025-08-31;Cotas de Fundo;0.00
CLASSES - FIF;22.759.995/0001-01;;SULAMÉRICA INFRA FIF INCENTIVADO DE INFRAESTRUTURA RENDA FIXA DE RESPONSABILIDADE LIMITADA;2025-08-31;Op. Compromissadas;10.12
CLASSES - FIF;22.759.995/0001-01;;SULAMÉRICA INFRA FIF INCENTIVADO DE INFRAESTRUTURA RENDA FIXA DE RESPONSABILIDADE LIMITADA;2025-08-31;Outros;0.00
CLASSES - FIF;22.759.995/0001-01;;SULAMÉRICA INFRA FIF INCENTIVADO DE INFRAESTRUTURA RENDA FIXA DE RESPONSABILIDADE LIMITADA;2025-08-31;Títulos de crédito privado;89.33
CLASSES - FIF;22.759.995/0001-01;;SULAMÉRICA INFRA FIF INCENTIVADO DE INFRAESTRUTURA RENDA FIXA DE RESPONSABILIDADE LIMITADA;2025-08-31;Títulos público federais;0.55
CLASSES - FIF;23.339.998/0001-59;;PANORAMA CSHG FUNDO DE INVESTIMENTO EM COTAS DE FIF MULTIMERCADO - CREDITO PRIVADO RESP LIMITADA;2025-08-31;Cotas de Fundos de Investimento 555;99.92
CLASSES - FIF;23.339.998/0001-59;;PANORAMA CSHG FUNDO DE INVESTIMENTO EM COTAS DE FIF MULTIMERCADO - CREDITO PRIVADO RESP LIMITADA;2025-08-31;Outros;0.32
CLASSES - FIF;23.352.212/0001-33;;RESERVA GRÁFICA VERMELHO FIF - CLASSE DE INVESTIMENTO RENDA FIXA SIMPLES - RESP LIMITADA;2025-08-31;Operações compromissadas lastreadas em títulos públicos federais;4.52
CLASSES - FIF;23.352.212/0001-33;;RESERVA GRÁFICA VERMELHO FIF - CLASSE DE INVESTIMENTO RENDA FIXA SIMPLES - RESP LIMITADA;2025-08-31;Títulos públicos federais;95.41
CLASSES - FIF;23.379.083/0001-77;;DIRECT LIQUIDEZ BEM FIF - CLASSE DE INVESTIMENTO EM COTAS RF SIMPLES - RESP LIMITADA;2025-08-31;Operações compromissadas lastreadas em títulos públicos federais;28.69
CLASSES - FIF;23.379.083/0001-77;;DIRECT LIQUIDEZ BEM FIF - CLASSE DE INVESTIMENTO EM COTAS RF SIMPLES - RESP LIMITADA;2025-08-31;Títulos públicos federais;71.36
CLASSES - FIF;23.502.654/0001-19;;SULAMÉRICA RETORNO TOTAL FUNDO DE INVESTIMENTO FINANCEIRO RENDA FIXA LONGO PRAZO DE RESPONSABILIDADE;2025-08-31;Deposito a prazo e outros títulos de instituições financeiras;0.00
CLASSES - FIF;23.502.654/0001-19;;SULAMÉRICA RETORNO TOTAL FUNDO DE INVESTIMENTO FINANCEIRO RENDA FIXA LONGO PRAZO DE RESPONSABILIDADE;2025-08-31;Op. Compromissadas lastreadas em títulos públicos;48.26
CLASSES - FIF;23.502.654/0001-19;;SULAMÉRICA RETORNO TOTAL FUNDO DE INVESTIMENTO FINANCEIRO RENDA FIXA LONGO PRAZO DE RESPONSABILIDADE;2025-08-31;Outros;0.00
CLASSES - FIF;23.502.654/0001-19;;SULAMÉRICA RETORNO TOTAL FUNDO DE INVESTIMENTO FINANCEIRO RENDA FIXA LONGO PRAZO DE RESPONSABILIDADE;2025-08-31;Títulos de crédito privado;0.00
CLASSES - FIF;23.502.654/0001-19;;SULAMÉRICA RETORNO TOTAL FUNDO DE INVESTIMENTO FINANCEIRO RENDA FIXA LONGO PRAZO DE RESPONSABILIDADE;2025-08-31;Títulos público federais;51.74
CLASSES - FIF;23.732.220/0001-05;;BAHIA AM LONG BIASED MÁSTER FIF - CLASSE DE INVESTIMENTO MULTIMERCADO - RESP LIMITADA;2025-08-31;Ações;62.77
CLASSES - FIF;23.732.220/0001-05;;BAHIA AM LONG BIASED MÁSTER FIF - CLASSE DE INVESTIMENTO MULTIMERCADO - RESP LIMITADA;2025-08-31;Derivativos;19.71
CLASSES - FIF;23.732.220/0001-05;;BAHIA AM LONG BIASED MÁSTER FIF - CLASSE DE INVESTIMENTO MULTIMERCADO - RESP LIMITADA;2025-08-31;Investimento no exterior;16.63
CLASSES - FIF;23.732.220/0001-05;;BAHIA AM LONG BIASED MÁSTER FIF - CLASSE DE INVESTIMENTO MULTIMERCADO - RESP LIMITADA;2025-08-31;Operações compromissadas lastreadas em títulos públicos federais;27.69
CLASSES - FIF;23.732.220/0001-05;;BAHIA AM LONG BIASED MÁSTER FIF - CLASSE DE INVESTIMENTO MULTIMERCADO - RESP LIMITADA;2025-08-31;Títulos públicos federais;28.38
CLASSES - FIF;23.732.231/0001-95;;BAHIA AM LONG BIASED FIF - CIC MULTIMERCADO - RESPONSABILIDADE LIMITADA;2025-08-31;Ações;62.94
CLASSES - FIF;23.732.231/0001-95;;BAHIA AM LONG BIASED FIF - CIC MULTIMERCADO - RESPONSABILIDADE LIMITADA;2025-08-31;Derivativos;19.76
CLASSES - FIF;23.732.231/0001-95;;BAHIA AM LONG BIASED FIF - CIC MULTIMERCADO - RESPONSABILIDADE LIMITADA;2025-08-31;Investimento no exterior;16.68
CLASSES - FIF;23.732.231/0001-95;;BAHIA AM LONG BIASED FIF - CIC MULTIMERCADO - RESPONSABILIDADE LIMITADA;2025-08-31;Operações compromissadas lastreadas em títulos públicos federais;27.82
CLASSES - FIF;23.732.231/0001-95;;BAHIA AM LONG BIASED FIF - CIC MULTIMERCADO - RESPONSABILIDADE LIMITADA;2025-08-31;Títulos públicos federais;28.46
CLASSES - FIF;23.863.573/0001-44;;BANRISUL RENDA FIXA SIMPLES FUNDO DE INVESTIMENTO EM COTAS DE FUNDOS DE INVESTIMENTO FINANCEIRO RESP;2025-08-31;COTAS DE FUNDOS DE INVESTIMENTO 409;97.32
CLASSES - FIF;23.863.573/0001-44;;BANRISUL RENDA FIXA SIMPLES FUNDO DE INVESTIMENTO EM COTAS DE FUNDOS DE INVESTIMENTO FINANCEIRO RESP;2025-08-31;OPERAÇÕES COMPROMISSADAS LASTREADAS EM TÍTULOS PÚBLICOS FEDERAIS;2.66
CLASSES - FIF;23.884.623/0001-70;;CSHG ALLOCATION ADAM MACRO FUNDO DE INVESTIMENTO EM COTAS DE FIF MULTIMERCADO - RESP LIMITADA;2025-08-31;Outras Cotas de Fundos de Investimento;100.05
CLASSES - FIF;23.884.623/0001-70;;CSHG ALLOCATION ADAM MACRO FUNDO DE INVESTIMENTO EM COTAS DE FIF MULTIMERCADO - RESP LIMITADA;2025-08-31;Outros;0.05
CLASSES - FIF;23.884.627/0001-58;;ADAM MACRO CSHG FUNDO DE INVESTIMENTO EM COTAS DE FIF MULTIMERCADO - RESPONSABILIDADE LIMITADA;2025-08-31;Cotas de Fundos de Investimento 555;100.04
CLASSES - FIF;23.884.627/0001-58;;ADAM MACRO CSHG FUNDO DE INVESTIMENTO EM COTAS DE FIF MULTIMERCADO - RESPONSABILIDADE LIMITADA;2025-08-31;Outros;0.09
CLASSES - FIF;23.970.201/0001-17;;OURO PRETO REAL FUNDO DE INVESTIMENTO EM COTAS DE FUNDOS DE INVESTIMENTO RENDA FIXA LONGO PRAZO;2025-08-31;Cotas de Fundos de Investimento 409;83.80
CLASSES - FIF;23.970.201/0001-17;;OURO PRETO REAL FUNDO DE INVESTIMENTO EM COTAS DE FUNDOS DE INVESTIMENTO RENDA FIXA LONGO PRAZO;2025-08-31;Operações Compromissadas Lastreadas em Títulos Públicos Federais;0.13
CLASSES - FIF;23.970.201/0001-17;;OURO PRETO REAL FUNDO DE INVESTIMENTO EM COTAS DE FUNDOS DE INVESTIMENTO RENDA FIXA LONGO PRAZO;2025-08-31;Outras Aplicações;0.01
CLASSES - FIF;23.970.201/0001-17;;OURO PRETO REAL FUNDO DE INVESTIMENTO EM COTAS DE FUNDOS DE INVESTIMENTO RENDA FIXA LONGO PRAZO;2025-08-31;Outras Cotas de Fundos de Investimento;17.33
CLASSES - FIF;23.970.201/0001-17;;OURO PRETO REAL FUNDO DE INVESTIMENTO EM COTAS DE FUNDOS DE INVESTIMENTO RENDA FIXA LONGO PRAZO;2025-08-31;Títulos Públicos Federais;0.36
CLASSES - FIF;24.022.566/0001-82;;BRADESCO IDKA PRÉ 2 FI FINANCEIRO - CI RF - RESP LIMITADA;2025-08-31;Derivativos;56.95
CLASSES - FIF;24.022.566/0001-82;;BRADESCO IDKA PRÉ 2 FI FINANCEIRO - CI RF - RESP LIMITADA;2025-08-31;Operações compromissadas lastreadas em títulos públicos federais;15.47
CLASSES - FIF;24.022.566/0001-82;;BRADESCO IDKA PRÉ 2 FI FINANCEIRO - CI RF - RESP LIMITADA;2025-08-31;Títulos públicos federais;84.60
CLASSES - FIF;24.069.611/0001-54;;SOMMA GENEBRA FI FINANCEIRO - CI RF REFERENCIADA DI - RESP LIMITADA;2025-08-31;Depósitos a prazo e outros títulos de instituições financeiras;30.67
CLASSES - FIF;24.069.611/0001-54;;SOMMA GENEBRA FI FINANCEIRO - CI RF REFERENCIADA DI - RESP LIMITADA;2025-08-31;Operações compromissadas lastreadas em títulos públicos federais;48.64
CLASSES - FIF;24.069.611/0001-54;;SOMMA GENEBRA FI FINANCEIRO - CI RF REFERENCIADA DI - RESP LIMITADA;2025-08-31;Títulos públicos federais;20.71
CLASSES - FIF;24.270.968/0001-04;;BAHIA AM ESTRATÉGIA MARAÚ FIF - CIC MULTI - RESPONSABILIDADE LIMITADA;2025-08-31;Derivativos;-124.57
CLASSES - FIF;24.270.968/0001-04;;BAHIA AM ESTRATÉGIA MARAÚ FIF - CIC MULTI - RESPONSABILIDADE LIMITADA;2025-08-31;Investimento no exterior;12.62
CLASSES - FIF;24.270.968/0001-04;;BAHIA AM ESTRATÉGIA MARAÚ FIF - CIC MULTI - RESPONSABILIDADE LIMITADA;2025-08-31;Operações compromissadas lastreadas em títulos públicos federais;-79.74
CLASSES - FIF;24.270.968/0001-04;;BAHIA AM ESTRATÉGIA MARAÚ FIF - CIC MULTI - RESPONSABILIDADE LIMITADA;2025-08-31;Títulos públicos federais;156.45
CLASSES - FIF;24.300.703/0001-01;;NEW CASH STAR FIF - CLASSE DE INVESTIMENTO RF REFERENCIADA DI CRÉDITO PRIVADO - RESP LIMITADA;2025-08-31;Operações compromissadas lastreadas em títulos públicos federais;14.50
CLASSES - FIF;24.300.703/0001-01;;NEW CASH STAR FIF - CLASSE DE INVESTIMENTO RF REFERENCIADA DI CRÉDITO PRIVADO - RESP LIMITADA;2025-08-31;Títulos públicos federais;85.57
CLASSES - FIF;24.325.096/0001-26;;SUL AMÉRICA PREMIUM FIF RENDA FIXA REFERENCIADO DI CRÉD PRIV DE RESP LIMITADA;2025-08-31;Cotas de Fundo;0.00
CLASSES - FIF;24.325.096/0001-26;;SUL AMÉRICA PREMIUM FIF RENDA FIXA REFERENCIADO DI CRÉD PRIV DE RESP LIMITADA;2025-08-31;Op. Compromissadas;10.62
CLASSES - FIF;24.325.096/0001-26;;SUL AMÉRICA PREMIUM FIF RENDA FIXA REFERENCIADO DI CRÉD PRIV DE RESP LIMITADA;2025-08-31;Outros;0.14
CLASSES - FIF;24.325.096/0001-26;;SUL AMÉRICA PREMIUM FIF RENDA FIXA REFERENCIADO DI CRÉD PRIV DE RESP LIMITADA;2025-08-31;Títulos de crédito privado;75.26
CLASSES - FIF;24.325.096/0001-26;;SUL AMÉRICA PREMIUM FIF RENDA FIXA REFERENCIADO DI CRÉD PRIV DE RESP LIMITADA;2025-08-31;Títulos público federais;13.99
CLASSES - FIF;24.404.844/0001-66;;H3 VERT FIF - CIC MULTIMERCADO - RESP LIMITADA;2025-08-31;Cotas de fundos de investimento 409;99.08
CLASSES - FIF;24.404.844/0001-66;;H3 VERT FIF - CIC MULTIMERCADO - RESP LIMITADA;2025-08-31;Operações compromissadas lastreadas em títulos públicos federais;0.27
CLASSES - FIF;24.404.844/0001-66;;H3 VERT FIF - CIC MULTIMERCADO - RESP LIMITADA;2025-08-31;Títulos públicos federais;0.67
CLASSES - FIF;24.413.868/0001-81;;FIDUC FC - CIC MULT CRED PRIV - RESP LIMITADA;2025-08-31;Ações;3.54
CLASSES - FIF;24.413.868/0001-81;;FIDUC FC - CIC MULT CRED PRIV - RESP LIMITADA;2025-08-31;Cotas de fundos de investimento 409;84.36
CLASSES - FIF;24.413.868/0001-81;;FIDUC FC - CIC MULT CRED PRIV - RESP LIMITADA;2025-08-31;Investimento no exterior;0.77
CLASSES - FIF;24.413.868/0001-81;;FIDUC FC - CIC MULT CRED PRIV - RESP LIMITADA;2025-08-31;Operações compromissadas lastreadas em títulos públicos federais;4.42
CLASSES - FIF;24.413.868/0001-81;;FIDUC FC - CIC MULT CRED PRIV - RESP LIMITADA;2025-08-31;Títulos públicos federais;7.09
CLASSES - FIF;24.572.582/0001-49;;VINCI ATLAS FUNDO DE INVESTIMENTO FINANCEIRO - CIC MULTIMERCADO - RESPONSABILIDADE LIMITADA;2025-08-31;Ações;4.61
CLASSES - FIF;24.572.582/0001-49;;VINCI ATLAS FUNDO DE INVESTIMENTO FINANCEIRO - CIC MULTIMERCADO - RESPONSABILIDADE LIMITADA;2025-08-31;Derivativos;54.33
CLASSES - FIF;24.572.582/0001-49;;VINCI ATLAS FUNDO DE INVESTIMENTO FINANCEIRO - CIC MULTIMERCADO - RESPONSABILIDADE LIMITADA;2025-08-31;Investimento no exterior;19.95
CLASSES - FIF;24.572.582/0001-49;;VINCI ATLAS FUNDO DE INVESTIMENTO FINANCEIRO - CIC MULTIMERCADO - RESPONSABILIDADE LIMITADA;2025-08-31;Operações compromissadas lastreadas em títulos públicos federais;7.22
CLASSES - FIF;24.572.582/0001-49;;VINCI ATLAS FUNDO DE INVESTIMENTO FINANCEIRO - CIC MULTIMERCADO - RESPONSABILIDADE LIMITADA;2025-08-31;Títulos públicos federais;66.77
CLASSES - FIF;24.572.601/0001-37;;VINCI ATLAS MASTER FIF - CLASSE DE INVESTIMENTO MULTIMERCADO - RESP LIMITADA;2025-08-31;Ações;4.61
CLASSES - FIF;24.572.601/0001-37;;VINCI ATLAS MASTER FIF - CLASSE DE INVESTIMENTO MULTIMERCADO - RESP LIMITADA;2025-08-31;Derivativos;54.34
CLASSES - FIF;24.572.601/0001-37;;VINCI ATLAS MASTER FIF - CLASSE DE INVESTIMENTO MULTIMERCADO - RESP LIMITADA;2025-08-31;Investimento no exterior;19.95
CLASSES - FIF;24.572.601/0001-37;;VINCI ATLAS MASTER FIF - CLASSE DE INVESTIMENTO MULTIMERCADO - RESP LIMITADA;2025-08-31;Operações compromissadas lastreadas em títulos públicos federais;7.07
CLASSES - FIF;24.572.601/0001-37;;VINCI ATLAS MASTER FIF - CLASSE DE INVESTIMENTO MULTIMERCADO - RESP LIMITADA;2025-08-31;Títulos públicos federais;66.77
CLASSES - FIF;24.752.500/0001-48;;BRADESCO LYXOR BRIDGEWATER CORE GLOBAL MACRO FEEDER FIF - CI MULT - RESP LIMITADA;2025-08-31;Investimento no exterior;98.52
CLASSES - FIF;24.752.500/0001-48;;BRADESCO LYXOR BRIDGEWATER CORE GLOBAL MACRO FEEDER FIF - CI MULT - RESP LIMITADA;2025-08-31;Operações compromissadas lastreadas em títulos públicos federais;0.13
CLASSES - FIF;24.752.500/0001-48;;BRADESCO LYXOR BRIDGEWATER CORE GLOBAL MACRO FEEDER FIF - CI MULT - RESP LIMITADA;2025-08-31;Títulos públicos federais;1.40
CLASSES - FIF;24.752.576/0001-73;;BRAM FUNDO DE INVESTIMENTO EM AÇÕES LONG ONLY;2025-08-31;Ações;82.31
CLASSES - FIF;24.752.576/0001-73;;BRAM FUNDO DE INVESTIMENTO EM AÇÕES LONG ONLY;2025-08-31;Cotas de fundos de investimento 409;8.17
CLASSES - FIF;24.752.576/0001-73;;BRAM FUNDO DE INVESTIMENTO EM AÇÕES LONG ONLY;2025-08-31;Derivativos;-5.88
CLASSES - FIF;24.752.576/0001-73;;BRAM FUNDO DE INVESTIMENTO EM AÇÕES LONG ONLY;2025-08-31;Investimento no exterior;0.43
CLASSES - FIF;24.752.576/0001-73;;BRAM FUNDO DE INVESTIMENTO EM AÇÕES LONG ONLY;2025-08-31;Operações compromissadas lastreadas em títulos públicos federais;8.55
CLASSES - FIF;25.246.206/0001-27;;TATICA RESEARCH FUNDO DE INVESTIMENTO FINANCEIRO;2025-08-31;Ações;85.03
CLASSES - FIF;25.246.206/0001-27;;TATICA RESEARCH FUNDO DE INVESTIMENTO FINANCEIRO;2025-08-31;Cotas de Fundos de Investimento 409;4.09
CLASSES - FIF;25.246.206/0001-27;;TATICA RESEARCH FUNDO DE INVESTIMENTO FINANCEIRO;2025-08-31;Derivativos;0.10
CLASSES - FIF;25.246.206/0001-27;;TATICA RESEARCH FUNDO DE INVESTIMENTO FINANCEIRO;2025-08-31;Fundos de Índice;1.53
CLASSES - FIF;25.246.206/0001-27;;TATICA RESEARCH FUNDO DE INVESTIMENTO FINANCEIRO;2025-08-31;Outras Aplicações;9.45
CLASSES - FIF;25.682.084/0001-11;;CSHG ALLOCATION VERDE AM 60 FUNDO DE INVESTIMENTO EM COTAD DE FIF MULTIMERCADO - RESP LIMITADA;2025-08-31;Outras Cotas de Fundos de Investimento;100.06
CLASSES - FIF;25.682.084/0001-11;;CSHG ALLOCATION VERDE AM 60 FUNDO DE INVESTIMENTO EM COTAD DE FIF MULTIMERCADO - RESP LIMITADA;2025-08-31;Outros;0.00
FI;26.089.666/0001-51;;INTER SELECTION DEBENT INCENT FC DE FIF INCENT DE INVEST EM INFRA RENDA FIXA CRÉD PRIV RESP LIMITADA;2025-08-31;Cotas de Fundos de Investimento 555;95.13
FI;26.089.666/0001-51;;INTER SELECTION DEBENT INCENT FC DE FIF INCENT DE INVEST EM INFRA RENDA FIXA CRÉD PRIV RESP LIMITADA;2025-08-31;Operações Compromissadas Lastreadas em Títulos Públicos Federais;2.48
FI;26.089.666/0001-51;;INTER SELECTION DEBENT INCENT FC DE FIF INCENT DE INVEST EM INFRA RENDA FIXA CRÉD PRIV RESP LIMITADA;2025-08-31;Outras Cotas de Fundos de Investimento;2.43
CLASSES - FIF;26.104.747/0001-83;;BANESTES FIC DE FIF INCENTIVADOS DE INVESTIMENTO EM INFRAESTRUTURA RF CRED PRIV RESP LIMITADA;2025-08-31;Cotas de fundos de investimento 555;98.73
CLASSES - FIF;26.104.747/0001-83;;BANESTES FIC DE FIF INCENTIVADOS DE INVESTIMENTO EM INFRAESTRUTURA RF CRED PRIV RESP LIMITADA;2025-08-31;Operações compromissadas lastreadas em títulos públicos federais;0.75
CLASSES - FIF;26.104.747/0001-83;;BANESTES FIC DE FIF INCENTIVADOS DE INVESTIMENTO EM INFRAESTRUTURA RF CRED PRIV RESP LIMITADA;2025-08-31;Títulos públicos federais;0.59
CLASSES - FIF;26.142.614/0001-00;;DAYCOVAL DEBÊNTURES INCENTIVADAS FUNDO DE INVESTIMENTO FINANCEIRO;2025-08-31;Cotas de Fundos de Investimento 409;5.99
CLASSES - FIF;26.142.614/0001-00;;DAYCOVAL DEBÊNTURES INCENTIVADAS FUNDO DE INVESTIMENTO FINANCEIRO;2025-08-31;Operações Compromissadas Lastreadas em Títulos Públicos Federais;2.92
CLASSES - FIF;26.142.614/0001-00;;DAYCOVAL DEBÊNTURES INCENTIVADAS FUNDO DE INVESTIMENTO FINANCEIRO;2025-08-31;Outras Aplicações;0.05
CLASSES - FIF;26.142.614/0001-00;;DAYCOVAL DEBÊNTURES INCENTIVADAS FUNDO DE INVESTIMENTO FINANCEIRO;2025-08-31;Títulos de Crédito Privado;90.63
CLASSES - FIF;26.142.614/0001-00;;DAYCOVAL DEBÊNTURES INCENTIVADAS FUNDO DE INVESTIMENTO FINANCEIRO;2025-08-31;Títulos Públicos Federais;0.53
CLASSES - FIF;26.190.993/0001-03;;TIVIO TOP MULTI ESTILOS FIF - CLASSE DE INVESTIMENTO EM AÇÕES - RESP LIMITADA;2025-08-31;Ações;78.75
CLASSES - FIF;26.190.993/0001-03;;TIVIO TOP MULTI ESTILOS FIF - CLASSE DE INVESTIMENTO EM AÇÕES - RESP LIMITADA;2025-08-31;Cotas de fundos de investimento 409;1.45
CLASSES - FIF;26.190.993/0001-03;;TIVIO TOP MULTI ESTILOS FIF - CLASSE DE INVESTIMENTO EM AÇÕES - RESP LIMITADA;2025-08-31;Derivativos;9.82
CLASSES - FIF;26.190.993/0001-03;;TIVIO TOP MULTI ESTILOS FIF - CLASSE DE INVESTIMENTO EM AÇÕES - RESP LIMITADA;2025-08-31;Operações compromissadas lastreadas em títulos públicos federais;19.57
CLASSES - FIF;26.315.539/0001-23;;BRADESCO ESTRATÉGIA IBOVESPA ATIVO FIF - CIC DE AÇÕES - RESP LIMITADA;2025-08-31;Ações;68.92
CLASSES - FIF;26.315.539/0001-23;;BRADESCO ESTRATÉGIA IBOVESPA ATIVO FIF - CIC DE AÇÕES - RESP LIMITADA;2025-08-31;Cotas de fundos de investimento 409;23.70
CLASSES - FIF;26.315.539/0001-23;;BRADESCO ESTRATÉGIA IBOVESPA ATIVO FIF - CIC DE AÇÕES - RESP LIMITADA;2025-08-31;Derivativos;-5.69
CLASSES - FIF;26.315.539/0001-23;;BRADESCO ESTRATÉGIA IBOVESPA ATIVO FIF - CIC DE AÇÕES - RESP LIMITADA;2025-08-31;Investimento no exterior;0.43
CLASSES - FIF;26.315.539/0001-23;;BRADESCO ESTRATÉGIA IBOVESPA ATIVO FIF - CIC DE AÇÕES - RESP LIMITADA;2025-08-31;Operações compromissadas lastreadas em títulos públicos federais;6.42
CLASSES - FIF;26.315.550/0001-93;;BRADESCO PRIVATE LONG ONLY FI FINANCEIRO - CIC EM AÇÕES - RESP LIMITADA;2025-08-31;Ações;68.91
CLASSES - FIF;26.315.550/0001-93;;BRADESCO PRIVATE LONG ONLY FI FINANCEIRO - CIC EM AÇÕES - RESP LIMITADA;2025-08-31;Cotas de fundos de investimento 409;23.69
CLASSES - FIF;26.315.550/0001-93;;BRADESCO PRIVATE LONG ONLY FI FINANCEIRO - CIC EM AÇÕES - RESP LIMITADA;2025-08-31;Derivativos;-5.69
CLASSES - FIF;26.315.550/0001-93;;BRADESCO PRIVATE LONG ONLY FI FINANCEIRO - CIC EM AÇÕES - RESP LIMITADA;2025-08-31;Investimento no exterior;0.43
CLASSES - FIF;26.315.550/0001-93;;BRADESCO PRIVATE LONG ONLY FI FINANCEIRO - CIC EM AÇÕES - RESP LIMITADA;2025-08-31;Operações compromissadas lastreadas em títulos públicos federais;6.41
CLASSES - FIF;26.559.284/0001-44;;TREND PÓS-FIXADO FUNDO DE INVESTIMENTO EM COTAS RENDA FIXA SIMPLES RESPONSABILIDADE LIMITADA;2025-08-31;Cotas de fundos de investimento 409;99.98
CLASSES - FIF;26.559.284/0001-44;;TREND PÓS-FIXADO FUNDO DE INVESTIMENTO EM COTAS RENDA FIXA SIMPLES RESPONSABILIDADE LIMITADA;2025-08-31;Cotas em Fundos a serem desmembradas;99.98
CLASSES - FIF;26.657.105/0001-01;;AURO AGAH FUNDO DE INVESTIMENTO FINANCEIRO MULTIMERCADO;2025-08-31;Ações;6.93
CLASSES - FIF;26.657.105/0001-01;;AURO AGAH FUNDO DE INVESTIMENTO FINANCEIRO MULTIMERCADO;2025-08-31;Cotas de Fundos de Investimento 409;18.36
CLASSES - FIF;26.657.105/0001-01;;AURO AGAH FUNDO DE INVESTIMENTO FINANCEIRO MULTIMERCADO;2025-08-31;Outras Aplicações;0.05
CLASSES - FIF;26.657.105/0001-01;;AURO AGAH FUNDO DE INVESTIMENTO FINANCEIRO MULTIMERCADO;2025-08-31;Outras Cotas de Fundos de Investimento;15.61
CLASSES - FIF;26.657.105/0001-01;;AURO AGAH FUNDO DE INVESTIMENTO FINANCEIRO MULTIMERCADO;2025-08-31;Títulos Públicos Federais;59.54
CLASSES - FIF;26.695.100/0001-73;;CSHG IBOVESPA INDEXADO FUNDO DE INVESTIMENTO FINANCEIRO - MULTIMERCADO RESPONSABILIDADE LIMITADA;2025-08-31;Compromissadas lastreadas em T¿los P¿blicos;42.61
CLASSES - FIF;26.695.100/0001-73;;CSHG IBOVESPA INDEXADO FUNDO DE INVESTIMENTO FINANCEIRO - MULTIMERCADO RESPONSABILIDADE LIMITADA;2025-08-31;Derivativos;0.00
CLASSES - FIF;26.695.100/0001-73;;CSHG IBOVESPA INDEXADO FUNDO DE INVESTIMENTO FINANCEIRO - MULTIMERCADO RESPONSABILIDADE LIMITADA;2025-08-31;Outros;0.23
CLASSES - FIF;26.695.100/0001-73;;CSHG IBOVESPA INDEXADO FUNDO DE INVESTIMENTO FINANCEIRO - MULTIMERCADO RESPONSABILIDADE LIMITADA;2025-08-31;T¿los P¿blicos Federais;57.23
CLASSES - FIF;26.725.138/0001-41;;KPR DIAGRAMA MACRO FIF - CIC MULTIMERCADO LIVRE - RESPONSABILIDADE LIMITADA;2025-08-31;Cotas de fundos de investimento 409;51.97
CLASSES - FIF;26.725.138/0001-41;;KPR DIAGRAMA MACRO FIF - CIC MULTIMERCADO LIVRE - RESPONSABILIDADE LIMITADA;2025-08-31;Derivativos;-11.25
CLASSES - FIF;26.725.138/0001-41;;KPR DIAGRAMA MACRO FIF - CIC MULTIMERCADO LIVRE - RESPONSABILIDADE LIMITADA;2025-08-31;Operações compromissadas lastreadas em títulos públicos federais;10.25
CLASSES - FIF;26.725.138/0001-41;;KPR DIAGRAMA MACRO FIF - CIC MULTIMERCADO LIVRE - RESPONSABILIDADE LIMITADA;2025-08-31;Títulos públicos federais;38.35
CLASSES - FIF;26.725.144/0001-07;;KPR DIAGRAMA MACRO FIF - CLASSE DE INVESTIMENTO MULTIMERCADO LIVRE - RESPONSABILIDADE LIMITADA;2025-08-31;Derivativos;39.54
CLASSES - FIF;26.725.144/0001-07;;KPR DIAGRAMA MACRO FIF - CLASSE DE INVESTIMENTO MULTIMERCADO LIVRE - RESPONSABILIDADE LIMITADA;2025-08-31;Operações compromissadas lastreadas em títulos públicos federais;14.47
CLASSES - FIF;26.725.144/0001-07;;KPR DIAGRAMA MACRO FIF - CLASSE DE INVESTIMENTO MULTIMERCADO LIVRE - RESPONSABILIDADE LIMITADA;2025-08-31;Títulos públicos federais;85.92
CLASSES - FIF;26.756.412/0001-40;;BRAM RETORNO ABSOLUTO FI FINANCEIRO - CI MULT - RESP LIMITADA;2025-08-31;Ações;2.00
CLASSES - FIF;26.756.412/0001-40;;BRAM RETORNO ABSOLUTO FI FINANCEIRO - CI MULT - RESP LIMITADA;2025-08-31;Derivativos;-6.64
CLASSES - FIF;26.756.412/0001-40;;BRAM RETORNO ABSOLUTO FI FINANCEIRO - CI MULT - RESP LIMITADA;2025-08-31;Investimento no exterior;17.74
CLASSES - FIF;26.756.412/0001-40;;BRAM RETORNO ABSOLUTO FI FINANCEIRO - CI MULT - RESP LIMITADA;2025-08-31;Operações compromissadas lastreadas em títulos públicos federais;4.65
CLASSES - FIF;26.756.412/0001-40;;BRAM RETORNO ABSOLUTO FI FINANCEIRO - CI MULT - RESP LIMITADA;2025-08-31;Títulos públicos federais;77.72
CLASSES - FIF;27.011.904/0001-79;;FUTURA ARB FUNDO DE INVESTIMENTO MULTIMERCADO LP - RESPONSABILIDADE LIMITADA;2025-08-31;Ações;33.60
CLASSES - FIF;27.011.904/0001-79;;FUTURA ARB FUNDO DE INVESTIMENTO MULTIMERCADO LP - RESPONSABILIDADE LIMITADA;2025-08-31;Cotas de fundos de investimento 555;40.11
CLASSES - FIF;27.011.904/0001-79;;FUTURA ARB FUNDO DE INVESTIMENTO MULTIMERCADO LP - RESPONSABILIDADE LIMITADA;2025-08-31;Operações compromissadas lastreadas em títulospúblicos federais;7.54
CLASSES - FIF;27.011.904/0001-79;;FUTURA ARB FUNDO DE INVESTIMENTO MULTIMERCADO LP - RESPONSABILIDADE LIMITADA;2025-08-31;Outras aplicações;-79.97
CLASSES - FIF;27.011.904/0001-79;;FUTURA ARB FUNDO DE INVESTIMENTO MULTIMERCADO LP - RESPONSABILIDADE LIMITADA;2025-08-31;Títulos públicos federais;96.98
CLASSES - FIF;27.205.842/0001-36;;JARDINS MULTIMERCADO FUNDO DE INVESTIMENTO EM COTAS DE FUNDOS DE INVESTIMENTOS MULTIMERCADO IE;2025-08-31;Acões;0.00
CLASSES - FIF;27.205.842/0001-36;;JARDINS MULTIMERCADO FUNDO DE INVESTIMENTO EM COTAS DE FUNDOS DE INVESTIMENTOS MULTIMERCADO IE;2025-08-31;Cotas de Fundos de Investimento 555;40.34
CLASSES - FIF;27.205.842/0001-36;;JARDINS MULTIMERCADO FUNDO DE INVESTIMENTO EM COTAS DE FUNDOS DE INVESTIMENTOS MULTIMERCADO IE;2025-08-31;Operacões compromissadas lastreadas em títulos privados;0.00
CLASSES - FIF;27.205.842/0001-36;;JARDINS MULTIMERCADO FUNDO DE INVESTIMENTO EM COTAS DE FUNDOS DE INVESTIMENTOS MULTIMERCADO IE;2025-08-31;Operacões compromissadas lastreadas em títulos públicos federais;0.00
CLASSES - FIF;27.205.842/0001-36;;JARDINS MULTIMERCADO FUNDO DE INVESTIMENTO EM COTAS DE FUNDOS DE INVESTIMENTOS MULTIMERCADO IE;2025-08-31;Títulos Públicos federais;0.00
CLASSES - FIF;27.389.566/0001-03;;TARPON GT MASTER FUNDO DE INVESTIMENTO FINANCEIRO;2025-08-31;Ações;96.88
CLASSES - FIF;27.389.566/0001-03;;TARPON GT MASTER FUNDO DE INVESTIMENTO FINANCEIRO;2025-08-31;Cotas de Fundos de Investimento 409;3.70
CLASSES - FIF;27.389.566/0001-03;;TARPON GT MASTER FUNDO DE INVESTIMENTO FINANCEIRO;2025-08-31;Outras Aplicações;-0.48
CLASSES - FIF;27.389.566/0001-03;;TARPON GT MASTER FUNDO DE INVESTIMENTO FINANCEIRO;2025-08-31;Títulos Públicos Federais;0.38
CLASSES - FIF;27.825.226/0001-88;;IBIUNA HEDGE STB FIF - CLASSE DE INVESTIMENTO EM COTAS MULTIMERCADO - RESPONSABILIDADE LIMITADA;2025-08-31;Cotas de fundos de investimento 409;6.66
CLASSES - FIF;27.825.226/0001-88;;IBIUNA HEDGE STB FIF - CLASSE DE INVESTIMENTO EM COTAS MULTIMERCADO - RESPONSABILIDADE LIMITADA;2025-08-31;Derivativos;1312.75
CLASSES - FIF;27.825.226/0001-88;;IBIUNA HEDGE STB FIF - CLASSE DE INVESTIMENTO EM COTAS MULTIMERCADO - RESPONSABILIDADE LIMITADA;2025-08-31;Investimento no exterior;18.16
CLASSES - FIF;27.825.226/0001-88;;IBIUNA HEDGE STB FIF - CLASSE DE INVESTIMENTO EM COTAS MULTIMERCADO - RESPONSABILIDADE LIMITADA;2025-08-31;Operações compromissadas lastreadas em títulos públicos federais;103.12
CLASSES - FIF;27.825.226/0001-88;;IBIUNA HEDGE STB FIF - CLASSE DE INVESTIMENTO EM COTAS MULTIMERCADO - RESPONSABILIDADE LIMITADA;2025-08-31;Títulos públicos federais;100.00
FI;27.826.059/0001-90;;INTER PREMIUM FUNDO DE INVESTIMENTO FINANCEIRO RENDA FIXA CRÉDITO PRIVADO LONGO PRAZO RESP LIMITADA;2025-08-31;Cotas de Fundos de Investimento 555;1.22
FI;27.826.059/0001-90;;INTER PREMIUM FUNDO DE INVESTIMENTO FINANCEIRO RENDA FIXA CRÉDITO PRIVADO LONGO PRAZO RESP LIMITADA;2025-08-31;Depósitos a Prazo e Outros Títulos de Instituições Financeiras;34.58
FI;27.826.059/0001-90;;INTER PREMIUM FUNDO DE INVESTIMENTO FINANCEIRO RENDA FIXA CRÉDITO PRIVADO LONGO PRAZO RESP LIMITADA;2025-08-31;Operações Compromissadas Lastreadas em Títulos Públicos Federais;15.15
FI;27.826.059/0001-90;;INTER PREMIUM FUNDO DE INVESTIMENTO FINANCEIRO RENDA FIXA CRÉDITO PRIVADO LONGO PRAZO RESP LIMITADA;2025-08-31;Títulos de Crédito Privado;39.54
FI;27.826.059/0001-90;;INTER PREMIUM FUNDO DE INVESTIMENTO FINANCEIRO RENDA FIXA CRÉDITO PRIVADO LONGO PRAZO RESP LIMITADA;2025-08-31;Títulos Públicos Federais;5.38
CLASSES - FIF;27.865.070/0001-69;;BRADESCO PRIME FIF - CIC DE AÇÕES INDEX - RESP LIMITADA;2025-08-31;Ações;68.21
CLASSES - FIF;27.865.070/0001-69;;BRADESCO PRIME FIF - CIC DE AÇÕES INDEX - RESP LIMITADA;2025-08-31;Cotas de fundos de investimento 409;30.58
CLASSES - FIF;27.865.070/0001-69;;BRADESCO PRIME FIF - CIC DE AÇÕES INDEX - RESP LIMITADA;2025-08-31;Derivativos;1.20
CLASSES - FIF;27.865.070/0001-69;;BRADESCO PRIME FIF - CIC DE AÇÕES INDEX - RESP LIMITADA;2025-08-31;Operações compromissadas lastreadas em títulos públicos federais;0.48
CLASSES - FIF;28.065.429/0001-86;;RENDA LIQUIDEZ FIM CRÉDITO PRIVADO - INVESTIMENTO NO EXTERIOR;2025-08-31;Acões;0.00
CLASSES - FIF;28.065.429/0001-86;;RENDA LIQUIDEZ FIM CRÉDITO PRIVADO - INVESTIMENTO NO EXTERIOR;2025-08-31;Cotas de Fundos de Investimento 555;92.36
CLASSES - FIF;28.065.429/0001-86;;RENDA LIQUIDEZ FIM CRÉDITO PRIVADO - INVESTIMENTO NO EXTERIOR;2025-08-31;Depósito a prazo e outros títulos de instituições financeiras;7.64
CLASSES - FIF;28.065.429/0001-86;;RENDA LIQUIDEZ FIM CRÉDITO PRIVADO - INVESTIMENTO NO EXTERIOR;2025-08-31;Operacões compromissadas lastreadas em títulos privados;0.00
CLASSES - FIF;28.065.429/0001-86;;RENDA LIQUIDEZ FIM CRÉDITO PRIVADO - INVESTIMENTO NO EXTERIOR;2025-08-31;Operacões compromissadas lastreadas em títulos públicos federais;0.00
CLASSES - FIF;28.206.220/0001-95;;SOMMA TORINO FIF - CI RF CRED PRIV LP - RESP LIMITADA;2025-08-31;Cotas de fundos de investimento 409;4.49
CLASSES - FIF;28.206.220/0001-95;;SOMMA TORINO FIF - CI RF CRED PRIV LP - RESP LIMITADA;2025-08-31;Depósitos a prazo e outros títulos de instituições financeiras;28.34
CLASSES - FIF;28.206.220/0001-95;;SOMMA TORINO FIF - CI RF CRED PRIV LP - RESP LIMITADA;2025-08-31;Operações compromissadas lastreadas em títulos públicos federais;31.20
CLASSES - FIF;28.206.220/0001-95;;SOMMA TORINO FIF - CI RF CRED PRIV LP - RESP LIMITADA;2025-08-31;Títulos de crédito privado;32.90
CLASSES - FIF;28.206.220/0001-95;;SOMMA TORINO FIF - CI RF CRED PRIV LP - RESP LIMITADA;2025-08-31;Títulos públicos federais;3.12
CLASSES - FIF;28.427.984/0001-00;;BRADESCO MACRO TOP 22 FIF - CIC MULT  - RESP LIMITADA;2025-08-31;Cotas de fundos de investimento 409;99.82
CLASSES - FIF;28.427.997/0001-80;;BRADESCO MACRO 22 FIF - CIC MULT  - RESP LIMITADA;2025-08-31;Cotas de fundos de investimento 409;100.25
CLASSES - FIF;28.428.129/0001-14;;BRADESCO MULTIGESTORES PLUS FI FINANCEIRO - CIC MULT - RESP LIMITADA;2025-08-31;Cotas de fundos de investimento 409;78.89
CLASSES - FIF;28.428.129/0001-14;;BRADESCO MULTIGESTORES PLUS FI FINANCEIRO - CIC MULT - RESP LIMITADA;2025-08-31;Operações compromissadas lastreadas em títulos públicos federais;1.02
CLASSES - FIF;28.428.129/0001-14;;BRADESCO MULTIGESTORES PLUS FI FINANCEIRO - CIC MULT - RESP LIMITADA;2025-08-31;Títulos públicos federais;2.56
CLASSES - FIF;28.428.137/0001-60;;BRADESCO MULTIGESTORES BALANCEADO FI FINANCEIRO - CIC EM AÇÕES - RESP LIMITADA;2025-08-31;Ações;3.67
CLASSES - FIF;28.428.137/0001-60;;BRADESCO MULTIGESTORES BALANCEADO FI FINANCEIRO - CIC EM AÇÕES - RESP LIMITADA;2025-08-31;Cotas de fundos de investimento 409;91.89
CLASSES - FIF;28.428.137/0001-60;;BRADESCO MULTIGESTORES BALANCEADO FI FINANCEIRO - CIC EM AÇÕES - RESP LIMITADA;2025-08-31;Derivativos;3.80
CLASSES - FIF;28.428.137/0001-60;;BRADESCO MULTIGESTORES BALANCEADO FI FINANCEIRO - CIC EM AÇÕES - RESP LIMITADA;2025-08-31;Operações compromissadas lastreadas em títulos públicos federais;1.32
CLASSES - FIF;28.428.137/0001-60;;BRADESCO MULTIGESTORES BALANCEADO FI FINANCEIRO - CIC EM AÇÕES - RESP LIMITADA;2025-08-31;Títulos públicos federais;2.69
CLASSES - FIF;28.428.179/0001-00;;BRADESCO ADAM FIF - CIC MULTIMERCADO - RESP LIMITADA;2025-08-31;Cotas de fundos de investimento 409;98.82
CLASSES - FIF;28.428.179/0001-00;;BRADESCO ADAM FIF - CIC MULTIMERCADO - RESP LIMITADA;2025-08-31;Operações compromissadas lastreadas em títulos públicos federais;0.21
CLASSES - FIF;28.428.179/0001-00;;BRADESCO ADAM FIF - CIC MULTIMERCADO - RESP LIMITADA;2025-08-31;Títulos públicos federais;0.52
CLASSES - FIF;28.428.202/0001-58;;BRADESCO SPX NIMITZ FIF - CLASSE DE INVESTIMENTO EM COTAS MULTIMERCADO - RESP LIMITADA;2025-08-31;Cotas de fundos de investimento 409;99.60
CLASSES - FIF;28.428.202/0001-58;;BRADESCO SPX NIMITZ FIF - CLASSE DE INVESTIMENTO EM COTAS MULTIMERCADO - RESP LIMITADA;2025-08-31;Operações compromissadas lastreadas em títulos públicos federais;0.12
CLASSES - FIF;28.428.202/0001-58;;BRADESCO SPX NIMITZ FIF - CLASSE DE INVESTIMENTO EM COTAS MULTIMERCADO - RESP LIMITADA;2025-08-31;Títulos públicos federais;0.31
CLASSES - FIF;28.428.211/0001-49;;BRADESCO GÁVEA MACRO FIF - CIC MULTIMERCADO - RESPONSABILIDADE LIMITADA;2025-08-31;Cotas de fundos de investimento 409;99.72
CLASSES - FIF;28.428.211/0001-49;;BRADESCO GÁVEA MACRO FIF - CIC MULTIMERCADO - RESPONSABILIDADE LIMITADA;2025-08-31;Operações compromissadas lastreadas em títulos públicos federais;0.13
CLASSES - FIF;28.428.211/0001-49;;BRADESCO GÁVEA MACRO FIF - CIC MULTIMERCADO - RESPONSABILIDADE LIMITADA;2025-08-31;Títulos públicos federais;0.32
CLASSES - FIF;28.428.226/0001-07;;BRADESCO KAPITALO KAPPA FIF - CLASSE DE INVESTIMENTO EM COTAS MULTIMERCADO - RESP LIMITADA;2025-08-31;Operações compromissadas lastreadas em títulos públicos federais;0.13
CLASSES - FIF;28.428.226/0001-07;;BRADESCO KAPITALO KAPPA FIF - CLASSE DE INVESTIMENTO EM COTAS MULTIMERCADO - RESP LIMITADA;2025-08-31;Títulos públicos federais;0.33
CLASSES - FIF;28.470.587/0001-11;;VINCI MOSAICO INSTITUCIONAL FIF - CLASSE DE INVESTIMENTO EM AÇÕES - RESP LIMITADA;2025-08-31;Ações;85.90
CLASSES - FIF;28.470.587/0001-11;;VINCI MOSAICO INSTITUCIONAL FIF - CLASSE DE INVESTIMENTO EM AÇÕES - RESP LIMITADA;2025-08-31;Operações compromissadas lastreadas em títulos públicos federais;12.13
CLASSES - FIF;28.515.850/0001-41;;BRADESCO FIF - CIC RF CRED PRIVADO CAIXA CENTRAL - RESP LIMITADA;2025-08-31;Cotas de fundos de investimento 409;1.90
CLASSES - FIF;28.515.850/0001-41;;BRADESCO FIF - CIC RF CRED PRIVADO CAIXA CENTRAL - RESP LIMITADA;2025-08-31;Depósitos a prazo e outros títulos de instituições financeiras;26.94
CLASSES - FIF;28.515.850/0001-41;;BRADESCO FIF - CIC RF CRED PRIVADO CAIXA CENTRAL - RESP LIMITADA;2025-08-31;Operações compromissadas lastreadas em títulos públicos federais;45.08
CLASSES - FIF;28.515.850/0001-41;;BRADESCO FIF - CIC RF CRED PRIVADO CAIXA CENTRAL - RESP LIMITADA;2025-08-31;Títulos de crédito privado;11.12
CLASSES - FIF;28.515.850/0001-41;;BRADESCO FIF - CIC RF CRED PRIVADO CAIXA CENTRAL - RESP LIMITADA;2025-08-31;Títulos públicos federais;14.97
CLASSES - FIF;28.515.874/0001-09;;BRADESCO ALOCAÇÃO DINÂMICA FI FINANCEIRO - CIC RF - RESP LIMITADA;2025-08-31;Cotas de fundos de investimento 409;1.29
CLASSES - FIF;28.515.874/0001-09;;BRADESCO ALOCAÇÃO DINÂMICA FI FINANCEIRO - CIC RF - RESP LIMITADA;2025-08-31;Derivativos;4.26
CLASSES - FIF;28.515.874/0001-09;;BRADESCO ALOCAÇÃO DINÂMICA FI FINANCEIRO - CIC RF - RESP LIMITADA;2025-08-31;Operações compromissadas lastreadas em títulos públicos federais;21.95
CLASSES - FIF;28.515.874/0001-09;;BRADESCO ALOCAÇÃO DINÂMICA FI FINANCEIRO - CIC RF - RESP LIMITADA;2025-08-31;Títulos públicos federais;76.80
CLASSES - FIF;28.515.917/0001-48;;BRADESCO CORPORATIVO FI FINANCEIRO - CIC RF CRED PRIV - RESP LIMITADA;2025-08-31;Cotas de fundos de investimento 409;0.91
CLASSES - FIF;28.515.917/0001-48;;BRADESCO CORPORATIVO FI FINANCEIRO - CIC RF CRED PRIV - RESP LIMITADA;2025-08-31;Investimento no exterior;96.01
CLASSES - FIF;28.515.917/0001-48;;BRADESCO CORPORATIVO FI FINANCEIRO - CIC RF CRED PRIV - RESP LIMITADA;2025-08-31;Títulos públicos federais;3.10
CLASSES - FIF;28.515.969/0001-14;;BRADESCO SMALL CAPS ÁGORA FI FINANCEIRO - CIC EM AÇÕES - RESP LIMITADA;2025-08-31;Ações;96.73
CLASSES - FIF;28.515.969/0001-14;;BRADESCO SMALL CAPS ÁGORA FI FINANCEIRO - CIC EM AÇÕES - RESP LIMITADA;2025-08-31;Operações compromissadas lastreadas em títulos públicos federais;2.63
CLASSES - FIF;28.515.996/0001-97;;BRADESCO FI FINANCEIRO - CIC DE CI MULT - S&P 500 ÁGORA - RESP LIMITADA;2025-08-31;Derivativos;99.90
CLASSES - FIF;28.515.996/0001-97;;BRADESCO FI FINANCEIRO - CIC DE CI MULT - S&P 500 ÁGORA - RESP LIMITADA;2025-08-31;Operações compromissadas lastreadas em títulos públicos federais;11.62
CLASSES - FIF;28.515.996/0001-97;;BRADESCO FI FINANCEIRO - CIC DE CI MULT - S&P 500 ÁGORA - RESP LIMITADA;2025-08-31;Títulos públicos federais;89.27
CLASSES - FIF;28.516.010/0001-01;;BRAM S&P FI FINANCEIRO - CI MULT - RESP LIMITADA;2025-08-31;Derivativos;99.81
CLASSES - FIF;28.516.010/0001-01;;BRAM S&P FI FINANCEIRO - CI MULT - RESP LIMITADA;2025-08-31;Operações compromissadas lastreadas em títulos públicos federais;11.61
CLASSES - FIF;28.516.010/0001-01;;BRAM S&P FI FINANCEIRO - CI MULT - RESP LIMITADA;2025-08-31;Títulos públicos federais;89.19
CLASSES - FIF;28.516.048/0001-76;;BRADESCO IBOVESPA ÁGORA FI FINANCEIRO - CIC EM AÇÕES - RESP LIMITADA;2025-08-31;Ações;68.10
CLASSES - FIF;28.516.048/0001-76;;BRADESCO IBOVESPA ÁGORA FI FINANCEIRO - CIC EM AÇÕES - RESP LIMITADA;2025-08-31;Cotas de fundos de investimento 409;30.53
CLASSES - FIF;28.516.048/0001-76;;BRADESCO IBOVESPA ÁGORA FI FINANCEIRO - CIC EM AÇÕES - RESP LIMITADA;2025-08-31;Derivativos;1.19
CLASSES - FIF;28.516.048/0001-76;;BRADESCO IBOVESPA ÁGORA FI FINANCEIRO - CIC EM AÇÕES - RESP LIMITADA;2025-08-31;Operações compromissadas lastreadas em títulos públicos federais;0.48
CLASSES - FIF;28.516.058/0001-01;;BRADESCO FIF - CIC DE FUNDO DE INVESTIMENTO CAMBIAL ÁGORA - RESPONSABILIDADE LIMITADA;2025-08-31;Derivativos;99.79
CLASSES - FIF;28.516.058/0001-01;;BRADESCO FIF - CIC DE FUNDO DE INVESTIMENTO CAMBIAL ÁGORA - RESPONSABILIDADE LIMITADA;2025-08-31;Operações compromissadas lastreadas em títulos públicos federais;10.94
CLASSES - FIF;28.516.058/0001-01;;BRADESCO FIF - CIC DE FUNDO DE INVESTIMENTO CAMBIAL ÁGORA - RESPONSABILIDADE LIMITADA;2025-08-31;Títulos públicos federais;89.23
CLASSES - FIF;28.557.904/0001-31;;BRADESCO IMA-B ÁGORA FI FINANCEIRO - CIC RF - RESP LIMITADA;2025-08-31;Cotas de fundos de investimento 409;9.91
CLASSES - FIF;28.557.904/0001-31;;BRADESCO IMA-B ÁGORA FI FINANCEIRO - CIC RF - RESP LIMITADA;2025-08-31;Operações compromissadas lastreadas em títulos públicos federais;0.27
CLASSES - FIF;28.557.904/0001-31;;BRADESCO IMA-B ÁGORA FI FINANCEIRO - CIC RF - RESP LIMITADA;2025-08-31;Títulos públicos federais;89.90
CLASSES - FIF;28.558.221/0001-07;;GÁVEA ESTRATÉGIA MACRO FIF - CIC MULTIMERCADO - RESPONSABILIDADE LIMITADA;2025-08-31;Ações;4.18
CLASSES - FIF;28.558.221/0001-07;;GÁVEA ESTRATÉGIA MACRO FIF - CIC MULTIMERCADO - RESPONSABILIDADE LIMITADA;2025-08-31;Derivativos;17.30
CLASSES - FIF;28.558.221/0001-07;;GÁVEA ESTRATÉGIA MACRO FIF - CIC MULTIMERCADO - RESPONSABILIDADE LIMITADA;2025-08-31;Investimento no exterior;14.82
CLASSES - FIF;28.558.221/0001-07;;GÁVEA ESTRATÉGIA MACRO FIF - CIC MULTIMERCADO - RESPONSABILIDADE LIMITADA;2025-08-31;Operações compromissadas lastreadas em títulos públicos federais;17.49
CLASSES - FIF;28.558.221/0001-07;;GÁVEA ESTRATÉGIA MACRO FIF - CIC MULTIMERCADO - RESPONSABILIDADE LIMITADA;2025-08-31;Títulos públicos federais;64.73
CLASSES - FIF;28.558.276/0001-09;;AZ QUEST MULTIMANAGER BBDC FIF - CLASSE DE INVESTIMENTO MULTIMERCADO;2025-08-31;Ações;0.94
CLASSES - FIF;28.558.276/0001-09;;AZ QUEST MULTIMANAGER BBDC FIF - CLASSE DE INVESTIMENTO MULTIMERCADO;2025-08-31;Cotas de fundos de investimento 409;0.78
CLASSES - FIF;28.558.276/0001-09;;AZ QUEST MULTIMANAGER BBDC FIF - CLASSE DE INVESTIMENTO MULTIMERCADO;2025-08-31;Derivativos;59.19
CLASSES - FIF;28.558.276/0001-09;;AZ QUEST MULTIMANAGER BBDC FIF - CLASSE DE INVESTIMENTO MULTIMERCADO;2025-08-31;Operações compromissadas lastreadas em títulos públicos federais;10.02
CLASSES - FIF;28.558.276/0001-09;;AZ QUEST MULTIMANAGER BBDC FIF - CLASSE DE INVESTIMENTO MULTIMERCADO;2025-08-31;Títulos públicos federais;88.96
CLASSES - FIF;28.581.607/0001-21;;4UM FI FINANCEIRO - CI RF CRED PRIV LP - RESP LIMITADA;2025-08-31;Depósitos a prazo e outros títulos de instituições financeiras;34.93
CLASSES - FIF;28.581.607/0001-21;;4UM FI FINANCEIRO - CI RF CRED PRIV LP - RESP LIMITADA;2025-08-31;Derivativos;7.90
CLASSES - FIF;28.581.607/0001-21;;4UM FI FINANCEIRO - CI RF CRED PRIV LP - RESP LIMITADA;2025-08-31;Operações compromissadas lastreadas em títulos públicos federais;9.45
CLASSES - FIF;28.581.607/0001-21;;4UM FI FINANCEIRO - CI RF CRED PRIV LP - RESP LIMITADA;2025-08-31;Títulos de crédito privado;26.55
CLASSES - FIF;28.581.607/0001-21;;4UM FI FINANCEIRO - CI RF CRED PRIV LP - RESP LIMITADA;2025-08-31;Títulos públicos federais;21.55
CLASSES - FIF;28.647.981/0001-82;;IBIUNA HEDGE STS FIF - CIC MULTIMERCADO - RESPONSABILIDADE LIMITADA;2025-08-31;Cotas de fundos de investimento 409;6.67
CLASSES - FIF;28.647.981/0001-82;;IBIUNA HEDGE STS FIF - CIC MULTIMERCADO - RESPONSABILIDADE LIMITADA;2025-08-31;Derivativos;1315.06
CLASSES - FIF;28.647.981/0001-82;;IBIUNA HEDGE STS FIF - CIC MULTIMERCADO - RESPONSABILIDADE LIMITADA;2025-08-31;Investimento no exterior;18.20
CLASSES - FIF;28.647.981/0001-82;;IBIUNA HEDGE STS FIF - CIC MULTIMERCADO - RESPONSABILIDADE LIMITADA;2025-08-31;Operações compromissadas lastreadas em títulos públicos federais;103.31
CLASSES - FIF;28.647.981/0001-82;;IBIUNA HEDGE STS FIF - CIC MULTIMERCADO - RESPONSABILIDADE LIMITADA;2025-08-31;Títulos públicos federais;100.18
CLASSES - FIF;28.651.424/0001-35;;ARTEMIS FUNDO DE INVESTIMENTO FINANCEIRO;2025-08-31;Operações Compromissadas Lastreadas em Títulos Públicos Federais;21.66
CLASSES - FIF;28.651.424/0001-35;;ARTEMIS FUNDO DE INVESTIMENTO FINANCEIRO;2025-08-31;Outras Aplicações;0.01
CLASSES - FIF;28.651.424/0001-35;;ARTEMIS FUNDO DE INVESTIMENTO FINANCEIRO;2025-08-31;Outras Cotas de Fundos de Investimento;19.10
CLASSES - FIF;28.651.424/0001-35;;ARTEMIS FUNDO DE INVESTIMENTO FINANCEIRO;2025-08-31;Títulos de Crédito Privado;46.96
CLASSES - FIF;28.651.424/0001-35;;ARTEMIS FUNDO DE INVESTIMENTO FINANCEIRO;2025-08-31;Títulos Públicos Federais;13.75
CLASSES - FIF;28.695.121/0001-14;;RJI WEGOS VALOR FUNDO DE INVESTIMENTO FINANCEIRO;2025-08-31;Ações;77.31
CLASSES - FIF;28.695.121/0001-14;;RJI WEGOS VALOR FUNDO DE INVESTIMENTO FINANCEIRO;2025-08-31;Cotas de Fundos de Investimento 409;9.41
CLASSES - FIF;28.695.121/0001-14;;RJI WEGOS VALOR FUNDO DE INVESTIMENTO FINANCEIRO;2025-08-31;Outras Aplicações;13.25
CLASSES - FIF;28.695.121/0001-14;;RJI WEGOS VALOR FUNDO DE INVESTIMENTO FINANCEIRO;2025-08-31;Outras Cotas de Fundos de Investimento;2.04
CLASSES - FIF;28.747.722/0001-23;;BAHIA AM MARAÚ RED FIF - CLASSE DE INVESTIMENTO EM COTAS MULTIMERCADO - RESP LIMITADA;2025-08-31;Derivativos;-124.61
CLASSES - FIF;28.747.722/0001-23;;BAHIA AM MARAÚ RED FIF - CLASSE DE INVESTIMENTO EM COTAS MULTIMERCADO - RESP LIMITADA;2025-08-31;Investimento no exterior;12.63
CLASSES - FIF;28.747.722/0001-23;;BAHIA AM MARAÚ RED FIF - CLASSE DE INVESTIMENTO EM COTAS MULTIMERCADO - RESP LIMITADA;2025-08-31;Operações compromissadas lastreadas em títulos públicos federais;-79.80
CLASSES - FIF;28.747.722/0001-23;;BAHIA AM MARAÚ RED FIF - CLASSE DE INVESTIMENTO EM COTAS MULTIMERCADO - RESP LIMITADA;2025-08-31;Títulos públicos federais;156.50
CLASSES - FIF;28.747.733/0001-03;;BAHIA AM MARAÚ ADVISORY FIF - CIC MULTIMERCADO - RESPONSABILIDADE LIMITADA;2025-08-31;Derivativos;-124.64
CLASSES - FIF;28.747.733/0001-03;;BAHIA AM MARAÚ ADVISORY FIF - CIC MULTIMERCADO - RESPONSABILIDADE LIMITADA;2025-08-31;Investimento no exterior;12.63
CLASSES - FIF;28.747.733/0001-03;;BAHIA AM MARAÚ ADVISORY FIF - CIC MULTIMERCADO - RESPONSABILIDADE LIMITADA;2025-08-31;Operações compromissadas lastreadas em títulos públicos federais;-79.77
CLASSES - FIF;28.747.733/0001-03;;BAHIA AM MARAÚ ADVISORY FIF - CIC MULTIMERCADO - RESPONSABILIDADE LIMITADA;2025-08-31;Títulos públicos federais;156.54
CLASSES - FIF;28.747.826/0001-38;;IBIUNA LONG SHORT B FIF - CLASSE DE INVESTIMENTO EM COTAS MULTIMERCADO - RESPONSABILIDADE LIMITADA;2025-08-31;Ações;57.15
CLASSES - FIF;28.747.826/0001-38;;IBIUNA LONG SHORT B FIF - CLASSE DE INVESTIMENTO EM COTAS MULTIMERCADO - RESPONSABILIDADE LIMITADA;2025-08-31;Cotas de fundos de investimento 409;0.46
CLASSES - FIF;28.747.826/0001-38;;IBIUNA LONG SHORT B FIF - CLASSE DE INVESTIMENTO EM COTAS MULTIMERCADO - RESPONSABILIDADE LIMITADA;2025-08-31;Investimento no exterior;17.77
CLASSES - FIF;28.747.826/0001-38;;IBIUNA LONG SHORT B FIF - CLASSE DE INVESTIMENTO EM COTAS MULTIMERCADO - RESPONSABILIDADE LIMITADA;2025-08-31;Operações compromissadas lastreadas em títulos públicos federais;11.01
CLASSES - FIF;28.747.826/0001-38;;IBIUNA LONG SHORT B FIF - CLASSE DE INVESTIMENTO EM COTAS MULTIMERCADO - RESPONSABILIDADE LIMITADA;2025-08-31;Títulos públicos federais;58.38
CLASSES - FIF;28.788.359/0001-94;;ORI CAPITAL II FIF - CIC EM AÇÕES - RESP LIMITADA;2025-08-31;Ações;89.64
CLASSES - FIF;28.788.359/0001-94;;ORI CAPITAL II FIF - CIC EM AÇÕES - RESP LIMITADA;2025-08-31;Investimento no exterior;3.50
CLASSES - FIF;28.788.359/0001-94;;ORI CAPITAL II FIF - CIC EM AÇÕES - RESP LIMITADA;2025-08-31;Operações compromissadas lastreadas em títulos públicos federais;6.40
CLASSES - FIF;28.788.359/0001-94;;ORI CAPITAL II FIF - CIC EM AÇÕES - RESP LIMITADA;2025-08-31;Títulos públicos federais;0.41
CLASSES - FIF;28.788.379/0001-65;;ORI CAPITAL II MÁSTER FI FINANCEIRO - CIA - RESP LIMITADA;2025-08-31;Ações;90.00
CLASSES - FIF;28.788.379/0001-65;;ORI CAPITAL II MÁSTER FI FINANCEIRO - CIA - RESP LIMITADA;2025-08-31;Investimento no exterior;3.51
CLASSES - FIF;28.788.379/0001-65;;ORI CAPITAL II MÁSTER FI FINANCEIRO - CIA - RESP LIMITADA;2025-08-31;Operações compromissadas lastreadas em títulos públicos federais;6.26
CLASSES - FIF;28.797.658/0001-95;;BRADESCO PIMCO INCOME - FIF - CIC MULTIMERCADO - RESPONSABILIDADE LIMITADA;2025-08-31;Cotas de fundos de investimento 409;99.30
CLASSES - FIF;28.797.658/0001-95;;BRADESCO PIMCO INCOME - FIF - CIC MULTIMERCADO - RESPONSABILIDADE LIMITADA;2025-08-31;Operações compromissadas lastreadas em títulos públicos federais;0.25
CLASSES - FIF;28.797.658/0001-95;;BRADESCO PIMCO INCOME - FIF - CIC MULTIMERCADO - RESPONSABILIDADE LIMITADA;2025-08-31;Títulos públicos federais;0.63
CLASSES - FIF;28.797.708/0001-34;;BRADESCO MULTIGESTORES ÁGORA FI FINANCEIRO - CIC EM AÇÕES - RESP LIMITADA;2025-08-31;Ações;28.00
CLASSES - FIF;28.797.708/0001-34;;BRADESCO MULTIGESTORES ÁGORA FI FINANCEIRO - CIC EM AÇÕES - RESP LIMITADA;2025-08-31;Cotas de fundos de investimento 409;40.67
CLASSES - FIF;28.797.708/0001-34;;BRADESCO MULTIGESTORES ÁGORA FI FINANCEIRO - CIC EM AÇÕES - RESP LIMITADA;2025-08-31;Derivativos;28.99
CLASSES - FIF;28.797.708/0001-34;;BRADESCO MULTIGESTORES ÁGORA FI FINANCEIRO - CIC EM AÇÕES - RESP LIMITADA;2025-08-31;Operações compromissadas lastreadas em títulos públicos federais;8.31
CLASSES - FIF;28.797.708/0001-34;;BRADESCO MULTIGESTORES ÁGORA FI FINANCEIRO - CIC EM AÇÕES - RESP LIMITADA;2025-08-31;Títulos públicos federais;16.83
CLASSES - FIF;28.797.725/0001-71;;ADAM ÁGORA FUNDO DE INVESTIMENTO FINANCEIRO - CIC MULTIMERCADO - RESP LIMITADA;2025-08-31;Cotas de fundos de investimento 409;99.99
CLASSES - FIF;28.797.748/0001-86;;GÁVEA MACRO ÁGORA FIF - CIC MULTIMERCADO - RESP LIMITADA;2025-08-31;Cotas de fundos de investimento 409;100.15
CLASSES - FIF;28.797.765/0001-13;;CONEXÃO NIMITZ FIF - CLASSE DE INVESTIMENTO EM COTAS MULTIMERCADO - RESP LIMITADA;2025-08-31;Cotas de fundos de investimento 409;100.02
CLASSES - FIF;28.819.711/0001-01;;ITABAIANA FUNDO DE INVESTIMENTO RENDA FIXA CRÉDITO PRIVADO;2025-08-31;Acões;0.00
CLASSES - FIF;28.819.711/0001-01;;ITABAIANA FUNDO DE INVESTIMENTO RENDA FIXA CRÉDITO PRIVADO;2025-08-31;Cotas de Fundos de Investimento 555;75.16
CLASSES - FIF;28.819.711/0001-01;;ITABAIANA FUNDO DE INVESTIMENTO RENDA FIXA CRÉDITO PRIVADO;2025-08-31;Depósito a prazo e outros títulos de instituições financeiras;1.65
CLASSES - FIF;28.819.711/0001-01;;ITABAIANA FUNDO DE INVESTIMENTO RENDA FIXA CRÉDITO PRIVADO;2025-08-31;Operacões compromissadas lastreadas em títulos privados;0.00
CLASSES - FIF;28.819.711/0001-01;;ITABAIANA FUNDO DE INVESTIMENTO RENDA FIXA CRÉDITO PRIVADO;2025-08-31;Títulos de crédito privado;19.42
CLASSES - FIF;28.849.736/0001-58;;BRADESCO REFERENCIADA DI SUPREMO FIF - CIC RENDA FIXA -  RESPONSABILIDADE LIMITADA;2025-08-31;Cotas de fundos de investimento 409;1.68
CLASSES - FIF;28.849.736/0001-58;;BRADESCO REFERENCIADA DI SUPREMO FIF - CIC RENDA FIXA -  RESPONSABILIDADE LIMITADA;2025-08-31;Depósitos a prazo e outros títulos de instituições financeiras;26.64
CLASSES - FIF;28.849.736/0001-58;;BRADESCO REFERENCIADA DI SUPREMO FIF - CIC RENDA FIXA -  RESPONSABILIDADE LIMITADA;2025-08-31;Operações compromissadas lastreadas em títulos públicos federais;41.44
CLASSES - FIF;28.849.736/0001-58;;BRADESCO REFERENCIADA DI SUPREMO FIF - CIC RENDA FIXA -  RESPONSABILIDADE LIMITADA;2025-08-31;Títulos de crédito privado;12.30
CLASSES - FIF;28.849.736/0001-58;;BRADESCO REFERENCIADA DI SUPREMO FIF - CIC RENDA FIXA -  RESPONSABILIDADE LIMITADA;2025-08-31;Títulos públicos federais;17.86
CLASSES - FIF;28.849.744/0001-02;;BRADESCO FIC DE FI FINANCEIRO RENDA  FIXA REFERENCIADA DI VIP - RESPONSABILIDADE LIMITADA;2025-08-31;Cotas de fundos de investimento 409;1.68
CLASSES - FIF;28.849.744/0001-02;;BRADESCO FIC DE FI FINANCEIRO RENDA  FIXA REFERENCIADA DI VIP - RESPONSABILIDADE LIMITADA;2025-08-31;Depósitos a prazo e outros títulos de instituições financeiras;26.64
CLASSES - FIF;28.849.744/0001-02;;BRADESCO FIC DE FI FINANCEIRO RENDA  FIXA REFERENCIADA DI VIP - RESPONSABILIDADE LIMITADA;2025-08-31;Operações compromissadas lastreadas em títulos públicos federais;41.44
CLASSES - FIF;28.849.744/0001-02;;BRADESCO FIC DE FI FINANCEIRO RENDA  FIXA REFERENCIADA DI VIP - RESPONSABILIDADE LIMITADA;2025-08-31;Títulos de crédito privado;12.30
CLASSES - FIF;28.849.744/0001-02;;BRADESCO FIC DE FI FINANCEIRO RENDA  FIXA REFERENCIADA DI VIP - RESPONSABILIDADE LIMITADA;2025-08-31;Títulos públicos federais;17.85
CLASSES - FIF;28.849.751/0001-04;;BRADESCO FIF - CIC MULT  ABSOLUTO TOP 42 - RESP LIMITADA;2025-08-31;Cotas de fundos de investimento 409;101.69
CLASSES - FIF;28.856.743/0001-87;;CONSTÂNCIA ABSOLUTO FIF - CLASSE DE INVESTIMENTO MULMERCADO - RESPONSABILIDADE LIMITADA;2025-08-31;Ações;41.46
CLASSES - FIF;28.856.743/0001-87;;CONSTÂNCIA ABSOLUTO FIF - CLASSE DE INVESTIMENTO MULMERCADO - RESPONSABILIDADE LIMITADA;2025-08-31;Derivativos;2.61
CLASSES - FIF;28.856.743/0001-87;;CONSTÂNCIA ABSOLUTO FIF - CLASSE DE INVESTIMENTO MULMERCADO - RESPONSABILIDADE LIMITADA;2025-08-31;Investimento no exterior;9.02
CLASSES - FIF;28.856.743/0001-87;;CONSTÂNCIA ABSOLUTO FIF - CLASSE DE INVESTIMENTO MULMERCADO - RESPONSABILIDADE LIMITADA;2025-08-31;Operações compromissadas lastreadas em títulos públicos federais;34.15
CLASSES - FIF;28.856.743/0001-87;;CONSTÂNCIA ABSOLUTO FIF - CLASSE DE INVESTIMENTO MULMERCADO - RESPONSABILIDADE LIMITADA;2025-08-31;Títulos públicos federais;39.30
CLASSES - FIF;28.858.089/0001-40;;4UM INFLAÇÃO IMA-B 5 FI FINANCEIRO - CI RF LP - RESP LIMITADA;2025-08-31;Operações compromissadas lastreadas em títulos públicos federais;25.26
CLASSES - FIF;28.858.089/0001-40;;4UM INFLAÇÃO IMA-B 5 FI FINANCEIRO - CI RF LP - RESP LIMITADA;2025-08-31;Títulos públicos federais;74.77
CLASSES - FIF;28.881.120/0001-64;;IBIUNA LONG SHORT A FIF - CLASSE DE INVESTIMENTO EM COTAS MULTIMERCADO - RESPONSABILIDADE LIMITADA;2025-08-31;Ações;57.15
CLASSES - FIF;28.881.120/0001-64;;IBIUNA LONG SHORT A FIF - CLASSE DE INVESTIMENTO EM COTAS MULTIMERCADO - RESPONSABILIDADE LIMITADA;2025-08-31;Cotas de fundos de investimento 409;0.46
CLASSES - FIF;28.881.120/0001-64;;IBIUNA LONG SHORT A FIF - CLASSE DE INVESTIMENTO EM COTAS MULTIMERCADO - RESPONSABILIDADE LIMITADA;2025-08-31;Investimento no exterior;17.77
CLASSES - FIF;28.881.120/0001-64;;IBIUNA LONG SHORT A FIF - CLASSE DE INVESTIMENTO EM COTAS MULTIMERCADO - RESPONSABILIDADE LIMITADA;2025-08-31;Operações compromissadas lastreadas em títulos públicos federais;11.01
CLASSES - FIF;28.881.120/0001-64;;IBIUNA LONG SHORT A FIF - CLASSE DE INVESTIMENTO EM COTAS MULTIMERCADO - RESPONSABILIDADE LIMITADA;2025-08-31;Títulos públicos federais;58.38
CLASSES - FIF;28.951.182/0001-03;;CANVAS VECTOR S FUNDO DE INVESTIMENTO EM COTAS DE FIF MULTIMERCADO - RESPONSABILIDADE LIMITADA;2025-08-31;Cotas de Fundos de Investimento 555;100.02
CLASSES - FIF;28.951.182/0001-03;;CANVAS VECTOR S FUNDO DE INVESTIMENTO EM COTAS DE FIF MULTIMERCADO - RESPONSABILIDADE LIMITADA;2025-08-31;Outros;0.03
CLASSES - FIF;28.951.248/0001-57;;CANVAS ENDURO S FUNDO DE INVESTIMENTO EM COTAS DE FIF MULTIMERCADO - RESPONSABILIDADE LIMITADA;2025-08-31;Cotas de Fundos de Investimento 555;100.01
CLASSES - FIF;28.951.248/0001-57;;CANVAS ENDURO S FUNDO DE INVESTIMENTO EM COTAS DE FIF MULTIMERCADO - RESPONSABILIDADE LIMITADA;2025-08-31;Outros;0.02
CLASSES - FIF;29.011.235/0001-60;;ADAM MACRO STRATEGY BP II FIF - CIC MULTIMERCADO - RESPONSABILIDADE LIMITADA;2025-08-31;Cotas de fundos de investimento 409;99.90
CLASSES - FIF;29.011.240/0001-73;;BRAM  PORTFÓLIO DE RISCO FIF - CIC MULTIMERCADO - RESPONSABILIDADE LIMITADA.;2025-08-31;Cotas de fundos de investimento 409;12.72
CLASSES - FIF;29.011.240/0001-73;;BRAM  PORTFÓLIO DE RISCO FIF - CIC MULTIMERCADO - RESPONSABILIDADE LIMITADA.;2025-08-31;Derivativos;4.36
CLASSES - FIF;29.011.240/0001-73;;BRAM  PORTFÓLIO DE RISCO FIF - CIC MULTIMERCADO - RESPONSABILIDADE LIMITADA.;2025-08-31;Investimento no exterior;8.32
CLASSES - FIF;29.011.240/0001-73;;BRAM  PORTFÓLIO DE RISCO FIF - CIC MULTIMERCADO - RESPONSABILIDADE LIMITADA.;2025-08-31;Operações compromissadas lastreadas em títulos públicos federais;12.03
CLASSES - FIF;29.011.240/0001-73;;BRAM  PORTFÓLIO DE RISCO FIF - CIC MULTIMERCADO - RESPONSABILIDADE LIMITADA.;2025-08-31;Títulos públicos federais;66.22
CLASSES - FIF;29.011.243/0001-07;;BRAM IDKA PRÉ 1 FI FINANCEIRO - CI RF - RESP LIMITADA;2025-08-31;Derivativos;99.30
CLASSES - FIF;29.011.243/0001-07;;BRAM IDKA PRÉ 1 FI FINANCEIRO - CI RF - RESP LIMITADA;2025-08-31;Operações compromissadas lastreadas em títulos públicos federais;17.89
CLASSES - FIF;29.011.243/0001-07;;BRAM IDKA PRÉ 1 FI FINANCEIRO - CI RF - RESP LIMITADA;2025-08-31;Títulos públicos federais;82.05
CLASSES - FIF;29.011.250/0001-09;;BRAM IDKA PRÉ 3 FI FINANCEIRO - CI RF - RESP LIMITADA;2025-08-31;Derivativos;72.56
CLASSES - FIF;29.011.250/0001-09;;BRAM IDKA PRÉ 3 FI FINANCEIRO - CI RF - RESP LIMITADA;2025-08-31;Operações compromissadas lastreadas em títulos públicos federais;11.05
CLASSES - FIF;29.011.250/0001-09;;BRAM IDKA PRÉ 3 FI FINANCEIRO - CI RF - RESP LIMITADA;2025-08-31;Títulos públicos federais;89.08
CLASSES - FIF;29.011.254/0001-97;;BRAM IDKA PRÉ 5 FI FINANCEIRO - CI RF - RESP LIMITADA;2025-08-31;Derivativos;61.57
CLASSES - FIF;29.011.254/0001-97;;BRAM IDKA PRÉ 5 FI FINANCEIRO - CI RF - RESP LIMITADA;2025-08-31;Operações compromissadas lastreadas em títulos públicos federais;15.43
CLASSES - FIF;29.011.254/0001-97;;BRAM IDKA PRÉ 5 FI FINANCEIRO - CI RF - RESP LIMITADA;2025-08-31;Títulos públicos federais;84.78
CLASSES - FIF;29.011.266/0001-11;;BRAM IDKA IPCA 2 FI FINANCEIRO - CI RF - RESP LIMITADA;2025-08-31;Derivativos;0.00
CLASSES - FIF;29.011.266/0001-11;;BRAM IDKA IPCA 2 FI FINANCEIRO - CI RF - RESP LIMITADA;2025-08-31;Operações compromissadas lastreadas em títulos públicos federais;0.12
CLASSES - FIF;29.011.266/0001-11;;BRAM IDKA IPCA 2 FI FINANCEIRO - CI RF - RESP LIMITADA;2025-08-31;Títulos públicos federais;99.85
CLASSES - FIF;29.045.353/0001-90;;MOS INSTITUCIONAL FIF - CLASSE DE INVESTIMENTO AÇÕES - RESP LIMITADA;2025-08-31;Ações;95.28
CLASSES - FIF;29.045.353/0001-90;;MOS INSTITUCIONAL FIF - CLASSE DE INVESTIMENTO AÇÕES - RESP LIMITADA;2025-08-31;Cotas de fundos de investimento 409;0.56
CLASSES - FIF;29.045.353/0001-90;;MOS INSTITUCIONAL FIF - CLASSE DE INVESTIMENTO AÇÕES - RESP LIMITADA;2025-08-31;Investimento no exterior;1.35
CLASSES - FIF;29.045.353/0001-90;;MOS INSTITUCIONAL FIF - CLASSE DE INVESTIMENTO AÇÕES - RESP LIMITADA;2025-08-31;Operações compromissadas lastreadas em títulos públicos federais;1.08
CLASSES - FIF;29.045.353/0001-90;;MOS INSTITUCIONAL FIF - CLASSE DE INVESTIMENTO AÇÕES - RESP LIMITADA;2025-08-31;Títulos públicos federais;1.06
CLASSES - FIF;29.045.451/0001-27;;BRAM IDKA IPCA 5 FI FINANCEIRO - CI RF - RESP LIMITADA;2025-08-31;Derivativos;0.00
CLASSES - FIF;29.045.451/0001-27;;BRAM IDKA IPCA 5 FI FINANCEIRO - CI RF - RESP LIMITADA;2025-08-31;Operações compromissadas lastreadas em títulos públicos federais;0.06
CLASSES - FIF;29.045.451/0001-27;;BRAM IDKA IPCA 5 FI FINANCEIRO - CI RF - RESP LIMITADA;2025-08-31;Títulos públicos federais;99.87
CLASSES - FIF;29.045.468/0001-84;;BRAM IDKA IPCA 10 FI FINANCEIRO - CI RF - RESP LIMITADA;2025-08-31;Operações compromissadas lastreadas em títulos públicos federais;0.16
CLASSES - FIF;29.045.468/0001-84;;BRAM IDKA IPCA 10 FI FINANCEIRO - CI RF - RESP LIMITADA;2025-08-31;Títulos públicos federais;99.79
CLASSES - FIF;29.045.642/0001-99;;BRAM GLOBAL FI FINANCEIRO - CI MULT - RESPONSABILIDADE LIMITADA;2025-08-31;Investimento no exterior;85.62
CLASSES - FIF;29.045.642/0001-99;;BRAM GLOBAL FI FINANCEIRO - CI MULT - RESPONSABILIDADE LIMITADA;2025-08-31;Operações compromissadas lastreadas em títulos públicos federais;7.67
CLASSES - FIF;29.045.642/0001-99;;BRAM GLOBAL FI FINANCEIRO - CI MULT - RESPONSABILIDADE LIMITADA;2025-08-31;Títulos públicos federais;6.45
CLASSES - FIF;29.085.439/0001-46;;APEX CASH I FUNDO DE INVESTIMENTO FINANCEIRO RENDA FIXA REFERENCIADO DI LONGO PRAZO;2025-08-31;Cotas de fundos de investimento 555;5.15
CLASSES - FIF;29.085.439/0001-46;;APEX CASH I FUNDO DE INVESTIMENTO FINANCEIRO RENDA FIXA REFERENCIADO DI LONGO PRAZO;2025-08-31;Operações compromissadas lastreadas em títulos públicos federais;34.89
CLASSES - FIF;29.085.439/0001-46;;APEX CASH I FUNDO DE INVESTIMENTO FINANCEIRO RENDA FIXA REFERENCIADO DI LONGO PRAZO;2025-08-31;Títulos públicos federais;59.97
CLASSES - FIF;29.141.230/0001-52;;ESH THETA FUNDO DE INVESTIMENTO EM COTAS DE FUNDOS DE INVESTIMENTO MULTIMERCADO;2025-08-31;Acões;0.00
CLASSES - FIF;29.141.230/0001-52;;ESH THETA FUNDO DE INVESTIMENTO EM COTAS DE FUNDOS DE INVESTIMENTO MULTIMERCADO;2025-08-31;Cotas de Fundos de Investimento 555;116.40
CLASSES - FIF;29.141.230/0001-52;;ESH THETA FUNDO DE INVESTIMENTO EM COTAS DE FUNDOS DE INVESTIMENTO MULTIMERCADO;2025-08-31;Operacões compromissadas lastreadas em títulos privados;0.00
CLASSES - FIF;29.141.230/0001-52;;ESH THETA FUNDO DE INVESTIMENTO EM COTAS DE FUNDOS DE INVESTIMENTO MULTIMERCADO;2025-08-31;Operacões compromissadas lastreadas em títulos públicos federais;0.00
CLASSES - FIF;29.141.230/0001-52;;ESH THETA FUNDO DE INVESTIMENTO EM COTAS DE FUNDOS DE INVESTIMENTO MULTIMERCADO;2025-08-31;Títulos Públicos federais;0.00
CLASSES - FIF;29.236.572/0001-56;;LEGACY CAPITAL CSHG FUNDO DE INVESTIMENTO EM COTAS DE FIF MULTIMERCADO - RESP LIMITADA;2025-08-31;Cotas de Fundos de Investimento 555;100.09
CLASSES - FIF;29.236.572/0001-56;;LEGACY CAPITAL CSHG FUNDO DE INVESTIMENTO EM COTAS DE FIF MULTIMERCADO - RESP LIMITADA;2025-08-31;Outros;0.01
CLASSES - FIF;29.250.121/0001-73;;DAYCOVAL CLASSIC 30 FUNDO DE INVESTIMENTO FINANCEIRO;2025-08-31;Cotas de Fundos de Investimento 409;17.30
CLASSES - FIF;29.250.121/0001-73;;DAYCOVAL CLASSIC 30 FUNDO DE INVESTIMENTO FINANCEIRO;2025-08-31;Depósitos a Prazo e Outros Títulos de Instituições Financeiras;17.82
CLASSES - FIF;29.250.121/0001-73;;DAYCOVAL CLASSIC 30 FUNDO DE INVESTIMENTO FINANCEIRO;2025-08-31;Operações Compromissadas Lastreadas em Títulos Públicos Federais;8.63
CLASSES - FIF;29.250.121/0001-73;;DAYCOVAL CLASSIC 30 FUNDO DE INVESTIMENTO FINANCEIRO;2025-08-31;Outras Cotas de Fundos de Investimento;13.82
CLASSES - FIF;29.250.121/0001-73;;DAYCOVAL CLASSIC 30 FUNDO DE INVESTIMENTO FINANCEIRO;2025-08-31;Títulos de Crédito Privado;42.29
CLASSES - FIF;29.319.740/0001-77;;I-TRACK FUNDO DE INVESTIMENTO MULTIMERCADO;2025-08-31;Cotas de fundos de investimento 555;10.47
CLASSES - FIF;29.319.740/0001-77;;I-TRACK FUNDO DE INVESTIMENTO MULTIMERCADO;2025-08-31;Outras aplicações;-1.81
CLASSES - FIF;29.319.740/0001-77;;I-TRACK FUNDO DE INVESTIMENTO MULTIMERCADO;2025-08-31;Títulos públicos federais;81.35
CLASSES - FIF;29.577.652/0001-75;;CLASSE DE INVESTIMENTO EM AÇÕES RESP LIMITADA DO AMW BRASIL FUNDO DE INVESTIMENTO FINANCEIRO;2025-08-31;Ações;20.07
CLASSES - FIF;29.577.652/0001-75;;CLASSE DE INVESTIMENTO EM AÇÕES RESP LIMITADA DO AMW BRASIL FUNDO DE INVESTIMENTO FINANCEIRO;2025-08-31;Cotas de fundos de Investimento;8.28
CLASSES - FIF;29.577.652/0001-75;;CLASSE DE INVESTIMENTO EM AÇÕES RESP LIMITADA DO AMW BRASIL FUNDO DE INVESTIMENTO FINANCEIRO;2025-08-31;Derivativos;28.59
CLASSES - FIF;29.577.652/0001-75;;CLASSE DE INVESTIMENTO EM AÇÕES RESP LIMITADA DO AMW BRASIL FUNDO DE INVESTIMENTO FINANCEIRO;2025-08-31;Titulos publicos federais;16.56
CLASSES - FIF;29.577.706/0001-00;;AMW USA FUNDO DE INVESTIMENTO FINANCEIRO DE AÇÕES;2025-08-31;Ações;4.74
CLASSES - FIF;29.577.706/0001-00;;AMW USA FUNDO DE INVESTIMENTO FINANCEIRO DE AÇÕES;2025-08-31;Cotas de fundos de Investimento;6.10
CLASSES - FIF;29.577.706/0001-00;;AMW USA FUNDO DE INVESTIMENTO FINANCEIRO DE AÇÕES;2025-08-31;Titulos publicos federais;22.25
CLASSES - FIF;29.599.391/0001-94;;HARBOUR IAT FUNDO DE INVESTIMENTO FINANCEIRO EM AÇÕES - RESPONSABILIDADE LIMITADA;2025-08-31;Ações;76.90
CLASSES - FIF;29.599.391/0001-94;;HARBOUR IAT FUNDO DE INVESTIMENTO FINANCEIRO EM AÇÕES - RESPONSABILIDADE LIMITADA;2025-08-31;Cotas de Fundos de Investimento 409;0.23
CLASSES - FIF;29.599.391/0001-94;;HARBOUR IAT FUNDO DE INVESTIMENTO FINANCEIRO EM AÇÕES - RESPONSABILIDADE LIMITADA;2025-08-31;Outras Aplicações;23.24
CLASSES - FIF;29.722.466/0001-82;;SOMMA FUNDAMENTAL FI FINANCEIRO - CIA - RESP LIMITADA;2025-08-31;Ações;94.31
CLASSES - FIF;29.722.466/0001-82;;SOMMA FUNDAMENTAL FI FINANCEIRO - CIA - RESP LIMITADA;2025-08-31;Operações compromissadas lastreadas em títulos públicos federais;4.95
CLASSES - FIF;29.732.926/0001-53;;IBIUNA LONG SHORT ADVISORY FIF - CLASSE DE INVESTIMENTO EM COTAS MULTIMERCADO -RESP LIMITADA;2025-08-31;Ações;57.31
CLASSES - FIF;29.732.926/0001-53;;IBIUNA LONG SHORT ADVISORY FIF - CLASSE DE INVESTIMENTO EM COTAS MULTIMERCADO -RESP LIMITADA;2025-08-31;Cotas de fundos de investimento 409;0.46
CLASSES - FIF;29.732.926/0001-53;;IBIUNA LONG SHORT ADVISORY FIF - CLASSE DE INVESTIMENTO EM COTAS MULTIMERCADO -RESP LIMITADA;2025-08-31;Investimento no exterior;17.82
CLASSES - FIF;29.732.926/0001-53;;IBIUNA LONG SHORT ADVISORY FIF - CLASSE DE INVESTIMENTO EM COTAS MULTIMERCADO -RESP LIMITADA;2025-08-31;Operações compromissadas lastreadas em títulos públicos federais;11.04
CLASSES - FIF;29.732.926/0001-53;;IBIUNA LONG SHORT ADVISORY FIF - CLASSE DE INVESTIMENTO EM COTAS MULTIMERCADO -RESP LIMITADA;2025-08-31;Títulos públicos federais;58.54
CLASSES - FIF;29.733.842/0001-34;;BAHIA AM MARAÚ FEEDER BOCOM BBM FIF - CLASSE DE INVESTIMENTO EM COTAS MULTIMERCADO - RESP LIMITADA;2025-08-31;Derivativos;-124.63
CLASSES - FIF;29.733.842/0001-34;;BAHIA AM MARAÚ FEEDER BOCOM BBM FIF - CLASSE DE INVESTIMENTO EM COTAS MULTIMERCADO - RESP LIMITADA;2025-08-31;Investimento no exterior;12.63
CLASSES - FIF;29.733.842/0001-34;;BAHIA AM MARAÚ FEEDER BOCOM BBM FIF - CLASSE DE INVESTIMENTO EM COTAS MULTIMERCADO - RESP LIMITADA;2025-08-31;Operações compromissadas lastreadas em títulos públicos federais;-79.77
CLASSES - FIF;29.733.842/0001-34;;BAHIA AM MARAÚ FEEDER BOCOM BBM FIF - CLASSE DE INVESTIMENTO EM COTAS MULTIMERCADO - RESP LIMITADA;2025-08-31;Títulos públicos federais;156.53
CLASSES - FIF;29.733.915/0001-98;;BAHIA AM MARAÚ BB FIF - CIC MULTIMERCADO - - RESPONSABILIDADE LIMITADA;2025-08-31;Derivativos;-124.56
CLASSES - FIF;29.733.915/0001-98;;BAHIA AM MARAÚ BB FIF - CIC MULTIMERCADO - - RESPONSABILIDADE LIMITADA;2025-08-31;Investimento no exterior;12.62
CLASSES - FIF;29.733.915/0001-98;;BAHIA AM MARAÚ BB FIF - CIC MULTIMERCADO - - RESPONSABILIDADE LIMITADA;2025-08-31;Operações compromissadas lastreadas em títulos públicos federais;-79.73
CLASSES - FIF;29.733.915/0001-98;;BAHIA AM MARAÚ BB FIF - CIC MULTIMERCADO - - RESPONSABILIDADE LIMITADA;2025-08-31;Títulos públicos federais;156.44
CLASSES - FIF;30.271.177/0001-93;;AMW FUNDO DE INVESTIMENTO FINANCEIRO;2025-08-31;Cotas de Fundos de Investimento 409;41.46
CLASSES - FIF;30.271.177/0001-93;;AMW FUNDO DE INVESTIMENTO FINANCEIRO;2025-08-31;Depósitos a Prazo e Outros Títulos de Instituições Financeiras;25.47
CLASSES - FIF;30.271.177/0001-93;;AMW FUNDO DE INVESTIMENTO FINANCEIRO;2025-08-31;Operações Compromissadas Lastreadas em Títulos Públicos Federais;4.19
CLASSES - FIF;30.271.177/0001-93;;AMW FUNDO DE INVESTIMENTO FINANCEIRO;2025-08-31;Outras Cotas de Fundos de Investimento;11.12
CLASSES - FIF;30.271.177/0001-93;;AMW FUNDO DE INVESTIMENTO FINANCEIRO;2025-08-31;Títulos de Crédito Privado;8.99
CLASSES - FIF;30.378.445/0001-70;;BANESTES ESTRATÉGIA FIC DE FIF RENDA FIXA RESPONSABILIDADE LIMITADA;2025-08-31;Depósitos a prazo e outros títulos de instituições financeiras;10.48
CLASSES - FIF;30.378.445/0001-70;;BANESTES ESTRATÉGIA FIC DE FIF RENDA FIXA RESPONSABILIDADE LIMITADA;2025-08-31;Operações compromissadas lastreadas em títulos públicos federais;34.42
CLASSES - FIF;30.378.445/0001-70;;BANESTES ESTRATÉGIA FIC DE FIF RENDA FIXA RESPONSABILIDADE LIMITADA;2025-08-31;Outras cotas de fundos de investimento;1.90
CLASSES - FIF;30.378.445/0001-70;;BANESTES ESTRATÉGIA FIC DE FIF RENDA FIXA RESPONSABILIDADE LIMITADA;2025-08-31;Títulos de crédito privado;9.21
CLASSES - FIF;30.378.445/0001-70;;BANESTES ESTRATÉGIA FIC DE FIF RENDA FIXA RESPONSABILIDADE LIMITADA;2025-08-31;Títulos públicos federais;44.00
CLASSES - FIF;30.378.490/0001-25;;SULAMÉRICA CAPITAL FIF RENDA FIXA LONGO PRAZO - RESPONSABILIDADE LIMITADA;2025-08-31;Depósitos a prazo e outros títulos de instituições financeiras;35.03
CLASSES - FIF;30.378.490/0001-25;;SULAMÉRICA CAPITAL FIF RENDA FIXA LONGO PRAZO - RESPONSABILIDADE LIMITADA;2025-08-31;Derivativos;-5.65
CLASSES - FIF;30.378.490/0001-25;;SULAMÉRICA CAPITAL FIF RENDA FIXA LONGO PRAZO - RESPONSABILIDADE LIMITADA;2025-08-31;Operações compromissadas lastreadas em títulos públicos federais;20.46
CLASSES - FIF;30.378.490/0001-25;;SULAMÉRICA CAPITAL FIF RENDA FIXA LONGO PRAZO - RESPONSABILIDADE LIMITADA;2025-08-31;Títulos públicos federais;44.74
CLASSES - FIF;30.378.522/0001-92;;BRADESCO BAHIA AM MARAÚ FIF - CIC MULTIMERCADO - RESPONSABILIDADE LIMITADA;2025-08-31;Cotas de fundos de investimento 409;99.65
CLASSES - FIF;30.378.522/0001-92;;BRADESCO BAHIA AM MARAÚ FIF - CIC MULTIMERCADO - RESPONSABILIDADE LIMITADA;2025-08-31;Operações compromissadas lastreadas em títulos públicos federais;0.15
CLASSES - FIF;30.378.522/0001-92;;BRADESCO BAHIA AM MARAÚ FIF - CIC MULTIMERCADO - RESPONSABILIDADE LIMITADA;2025-08-31;Títulos públicos federais;0.30
CLASSES - FIF;30.378.569/0001-56;;VERDE ESTRATÉGIA AM B60 FIF - CLASSE DE INVESTIMENTO EM COTAS MULTIMERCADO - RESP LIMITADA;2025-08-31;Cotas de fundos de investimento 409;99.99
CLASSES - FIF;30.378.610/0001-94;;BRAM QAA HEDGE FI FINANCEIRO - CI MULT - RESP LIMITADA;2025-08-31;Ações;1.42
CLASSES - FIF;30.378.610/0001-94;;BRAM QAA HEDGE FI FINANCEIRO - CI MULT - RESP LIMITADA;2025-08-31;Derivativos;-45.73
CLASSES - FIF;30.378.610/0001-94;;BRAM QAA HEDGE FI FINANCEIRO - CI MULT - RESP LIMITADA;2025-08-31;Investimento no exterior;18.47
CLASSES - FIF;30.378.610/0001-94;;BRAM QAA HEDGE FI FINANCEIRO - CI MULT - RESP LIMITADA;2025-08-31;Operações compromissadas lastreadas em títulos públicos federais;20.72
CLASSES - FIF;30.378.610/0001-94;;BRAM QAA HEDGE FI FINANCEIRO - CI MULT - RESP LIMITADA;2025-08-31;Títulos públicos federais;60.89
CLASSES - FIF;30.378.631/0001-00;;BRAM PORTFÓLIO DE RISCO FI FINANCEIRO - CI MULT - RESP LIMITADA;2025-08-31;Derivativos;-8.88
CLASSES - FIF;30.378.631/0001-00;;BRAM PORTFÓLIO DE RISCO FI FINANCEIRO - CI MULT - RESP LIMITADA;2025-08-31;Investimento no exterior;4.03
CLASSES - FIF;30.378.631/0001-00;;BRAM PORTFÓLIO DE RISCO FI FINANCEIRO - CI MULT - RESP LIMITADA;2025-08-31;Operações compromissadas lastreadas em títulos públicos federais;13.99
CLASSES - FIF;30.378.631/0001-00;;BRAM PORTFÓLIO DE RISCO FI FINANCEIRO - CI MULT - RESP LIMITADA;2025-08-31;Títulos públicos federais;81.97
CLASSES - FIF;30.378.646/0001-78;;BRADESCO VERDE AM 60 FIF - CLASSE DE INVESTIMENTO EM COTAS MULTIMERCADO - RESP LIMITADA;2025-08-31;Cotas de fundos de investimento 409;99.41
CLASSES - FIF;30.378.646/0001-78;;BRADESCO VERDE AM 60 FIF - CLASSE DE INVESTIMENTO EM COTAS MULTIMERCADO - RESP LIMITADA;2025-08-31;Operações compromissadas lastreadas em títulos públicos federais;0.16
CLASSES - FIF;30.378.646/0001-78;;BRADESCO VERDE AM 60 FIF - CLASSE DE INVESTIMENTO EM COTAS MULTIMERCADO - RESP LIMITADA;2025-08-31;Títulos públicos federais;0.41
CLASSES - FIF;30.378.660/0001-71;;CONEXÃO VERDE AM 60 FIF - CLASSE DE INVESTIMENTO EM COTAS MULTIMERCADO - RESP LIMITADA;2025-08-31;Cotas de fundos de investimento 409;99.99
CLASSES - FIF;30.447.352/0001-50;;BRAM INSTITUCIONAL FI FINANCEIRO - CIA - RESP LIMITADA;2025-08-31;Ações;78.92
CLASSES - FIF;30.447.352/0001-50;;BRAM INSTITUCIONAL FI FINANCEIRO - CIA - RESP LIMITADA;2025-08-31;Cotas de fundos de investimento 409;9.15
CLASSES - FIF;30.447.352/0001-50;;BRAM INSTITUCIONAL FI FINANCEIRO - CIA - RESP LIMITADA;2025-08-31;Derivativos;-1.11
CLASSES - FIF;30.447.352/0001-50;;BRAM INSTITUCIONAL FI FINANCEIRO - CIA - RESP LIMITADA;2025-08-31;Operações compromissadas lastreadas em títulos públicos federais;12.56
CLASSES - FIF;30.493.304/0001-07;;BAHIA AM MARAÚ S FIF - CLASSE DE INVESTIMENTO EM COTAS MULTIMERCADO - RESP LIMITADA;2025-08-31;Derivativos;-124.60
CLASSES - FIF;30.493.304/0001-07;;BAHIA AM MARAÚ S FIF - CLASSE DE INVESTIMENTO EM COTAS MULTIMERCADO - RESP LIMITADA;2025-08-31;Investimento no exterior;12.63
CLASSES - FIF;30.493.304/0001-07;;BAHIA AM MARAÚ S FIF - CLASSE DE INVESTIMENTO EM COTAS MULTIMERCADO - RESP LIMITADA;2025-08-31;Operações compromissadas lastreadas em títulos públicos federais;-79.76
CLASSES - FIF;30.493.304/0001-07;;BAHIA AM MARAÚ S FIF - CLASSE DE INVESTIMENTO EM COTAS MULTIMERCADO - RESP LIMITADA;2025-08-31;Títulos públicos federais;156.49
CLASSES - FIF;30.493.327/0001-03;;IBIUNA HEDGE STSF FIF - CLASSE DE INVESTIMENTO EM COTAS MULTIMERCADO - RESPONSABILIDADE LIMITADA;2025-08-31;Cotas de fundos de investimento 409;6.65
CLASSES - FIF;30.493.327/0001-03;;IBIUNA HEDGE STSF FIF - CLASSE DE INVESTIMENTO EM COTAS MULTIMERCADO - RESPONSABILIDADE LIMITADA;2025-08-31;Derivativos;1312.34
CLASSES - FIF;30.493.327/0001-03;;IBIUNA HEDGE STSF FIF - CLASSE DE INVESTIMENTO EM COTAS MULTIMERCADO - RESPONSABILIDADE LIMITADA;2025-08-31;Investimento no exterior;18.16
CLASSES - FIF;30.493.327/0001-03;;IBIUNA HEDGE STSF FIF - CLASSE DE INVESTIMENTO EM COTAS MULTIMERCADO - RESPONSABILIDADE LIMITADA;2025-08-31;Operações compromissadas lastreadas em títulos públicos federais;103.09
CLASSES - FIF;30.493.327/0001-03;;IBIUNA HEDGE STSF FIF - CLASSE DE INVESTIMENTO EM COTAS MULTIMERCADO - RESPONSABILIDADE LIMITADA;2025-08-31;Títulos públicos federais;99.97
CLASSES - FIF;30.493.349/0001-73;;IBIUNA HEDGE ST ADVISORY FIF - CLASSE DE INVESTIMENTO EM COTAS MULTIMERCADO - RESP LIMITADA;2025-08-31;Cotas de fundos de investimento 409;6.67
CLASSES - FIF;30.493.349/0001-73;;IBIUNA HEDGE ST ADVISORY FIF - CLASSE DE INVESTIMENTO EM COTAS MULTIMERCADO - RESP LIMITADA;2025-08-31;Derivativos;1315.50
CLASSES - FIF;30.493.349/0001-73;;IBIUNA HEDGE ST ADVISORY FIF - CLASSE DE INVESTIMENTO EM COTAS MULTIMERCADO - RESP LIMITADA;2025-08-31;Investimento no exterior;18.20
CLASSES - FIF;30.493.349/0001-73;;IBIUNA HEDGE ST ADVISORY FIF - CLASSE DE INVESTIMENTO EM COTAS MULTIMERCADO - RESP LIMITADA;2025-08-31;Operações compromissadas lastreadas em títulos públicos federais;103.34
CLASSES - FIF;30.493.349/0001-73;;IBIUNA HEDGE ST ADVISORY FIF - CLASSE DE INVESTIMENTO EM COTAS MULTIMERCADO - RESP LIMITADA;2025-08-31;Títulos públicos federais;100.21
CLASSES - FIF;30.556.797/0001-79;;PWM V FIF - CLASSE DE INVESTIMENTO EM COTAS MULTIMERCADO CRÉDITO PRIVADO - RESP LIMITADA;2025-08-31;Cotas de fundos de investimento 409;98.25
CLASSES - FIF;30.556.797/0001-79;;PWM V FIF - CLASSE DE INVESTIMENTO EM COTAS MULTIMERCADO CRÉDITO PRIVADO - RESP LIMITADA;2025-08-31;Operações compromissadas lastreadas em títulos públicos federais;0.51
CLASSES - FIF;30.556.797/0001-79;;PWM V FIF - CLASSE DE INVESTIMENTO EM COTAS MULTIMERCADO CRÉDITO PRIVADO - RESP LIMITADA;2025-08-31;Títulos públicos federais;1.27
CLASSES - FIF;30.756.847/0001-61;;CSHG VERDE 60 FUNDO DE INVESTIMENTO EM COTAS DE FIF MULTIMERCADO - RESPONSABILDADE LIMITADA;2025-08-31;Cotas de Fundos de Investimento 555;99.91
CLASSES - FIF;30.756.847/0001-61;;CSHG VERDE 60 FUNDO DE INVESTIMENTO EM COTAS DE FIF MULTIMERCADO - RESPONSABILDADE LIMITADA;2025-08-31;Outros;0.10
CLASSES - FIF;30.877.528/0001-04;;INTER HEDGE FIF INCENTIVADO DE INVESTIMENTO EM INFRA RENDA FIXA RESPONSABILIDADE LIMITADA;2025-08-31;Depósitos a Prazo e Outros Títulos de Instituições Financeiras;5.43
CLASSES - FIF;30.877.528/0001-04;;INTER HEDGE FIF INCENTIVADO DE INVESTIMENTO EM INFRA RENDA FIXA RESPONSABILIDADE LIMITADA;2025-08-31;Operações Compromissadas Lastreadas em Títulos Públicos Federais;9.94
CLASSES - FIF;30.877.528/0001-04;;INTER HEDGE FIF INCENTIVADO DE INVESTIMENTO EM INFRA RENDA FIXA RESPONSABILIDADE LIMITADA;2025-08-31;Títulos de Crédito Privado;84.78
CLASSES - FIF;31.031.064/0001-83;;CONEXÃO OAKTREE GLOBAL CREDIT FIF - CIC MULTIMERCADO - RESPONSABILIDADE LIMITADA;2025-08-31;Cotas de fundos de investimento 409;99.57
CLASSES - FIF;31.031.064/0001-83;;CONEXÃO OAKTREE GLOBAL CREDIT FIF - CIC MULTIMERCADO - RESPONSABILIDADE LIMITADA;2025-08-31;Operações compromissadas lastreadas em títulos públicos federais;0.48
CLASSES - FIF;31.031.274/0001-71;;NEXT FIF - CIC DE AÇÕES IBOVESPA - RESP LIMITADA;2025-08-31;Ações;68.20
CLASSES - FIF;31.031.274/0001-71;;NEXT FIF - CIC DE AÇÕES IBOVESPA - RESP LIMITADA;2025-08-31;Cotas de fundos de investimento 409;30.57
CLASSES - FIF;31.031.274/0001-71;;NEXT FIF - CIC DE AÇÕES IBOVESPA - RESP LIMITADA;2025-08-31;Derivativos;1.20
CLASSES - FIF;31.031.274/0001-71;;NEXT FIF - CIC DE AÇÕES IBOVESPA - RESP LIMITADA;2025-08-31;Operações compromissadas lastreadas em títulos públicos federais;0.48
CLASSES - FIF;31.031.288/0001-95;;BRADESCO GLOBAL INSTITUCIONAL FI FINANCEIRO - CIC EM AÇÕES - RESP LIMITADA;2025-08-31;Investimento no exterior;99.47
CLASSES - FIF;31.031.288/0001-95;;BRADESCO GLOBAL INSTITUCIONAL FI FINANCEIRO - CIC EM AÇÕES - RESP LIMITADA;2025-08-31;Operações compromissadas lastreadas em títulos públicos federais;0.15
CLASSES - FIF;31.031.288/0001-95;;BRADESCO GLOBAL INSTITUCIONAL FI FINANCEIRO - CIC EM AÇÕES - RESP LIMITADA;2025-08-31;Títulos públicos federais;0.38
CLASSES - FIF;31.057.597/0001-34;;FEEDER VERDE FIF  - CLASSE DE  INVESTIMENTO EM COTAS MULTIMERCADO - RESPONSABILIDADE LIMITADA;2025-08-31;Cotas de fundos de investimento 409;99.15
CLASSES - FIF;31.057.597/0001-34;;FEEDER VERDE FIF  - CLASSE DE  INVESTIMENTO EM COTAS MULTIMERCADO - RESPONSABILIDADE LIMITADA;2025-08-31;Operações compromissadas lastreadas em títulos públicos federais;0.22
CLASSES - FIF;31.057.597/0001-34;;FEEDER VERDE FIF  - CLASSE DE  INVESTIMENTO EM COTAS MULTIMERCADO - RESPONSABILIDADE LIMITADA;2025-08-31;Títulos públicos federais;0.55
CLASSES - FIF;31.145.833/0001-74;;TREND INFLAÇÃO CURTA FUNDO DE INVESTIMENTO EM RENDA FIXA RESPONSABILIDADE LIMITADA;2025-08-31;Derivativos;-0.23
CLASSES - FIF;31.145.833/0001-74;;TREND INFLAÇÃO CURTA FUNDO DE INVESTIMENTO EM RENDA FIXA RESPONSABILIDADE LIMITADA;2025-08-31;Operações compromissadas lastreadas em títulos públicos federais;0.13
CLASSES - FIF;31.145.833/0001-74;;TREND INFLAÇÃO CURTA FUNDO DE INVESTIMENTO EM RENDA FIXA RESPONSABILIDADE LIMITADA;2025-08-31;Títulos públicos federais;100.20
CLASSES - FIF;31.248.238/0001-64;;SAPHIRA FIF - CI MULT CRÉDITO PRIVADO - RESP LIMITADA;2025-08-31;Ações;0.38
CLASSES - FIF;31.248.238/0001-64;;SAPHIRA FIF - CI MULT CRÉDITO PRIVADO - RESP LIMITADA;2025-08-31;Cotas de fundos de investimento 409;33.79
CLASSES - FIF;31.248.238/0001-64;;SAPHIRA FIF - CI MULT CRÉDITO PRIVADO - RESP LIMITADA;2025-08-31;Investimento no exterior;0.00
CLASSES - FIF;31.248.238/0001-64;;SAPHIRA FIF - CI MULT CRÉDITO PRIVADO - RESP LIMITADA;2025-08-31;Operações compromissadas lastreadas em títulos públicos federais;27.49
CLASSES - FIF;31.248.238/0001-64;;SAPHIRA FIF - CI MULT CRÉDITO PRIVADO - RESP LIMITADA;2025-08-31;Títulos públicos federais;38.87
CLASSES - FIF;31.339.342/0001-64;;SICOOB AÇÕES FUNDO DE INVESTIMENTO FINANCEIRO;2025-08-31;Ações;88.05
CLASSES - FIF;31.339.342/0001-64;;SICOOB AÇÕES FUNDO DE INVESTIMENTO FINANCEIRO;2025-08-31;Operações compromissadas lastreadas em títulos públicos federais;0.85
CLASSES - FIF;31.339.342/0001-64;;SICOOB AÇÕES FUNDO DE INVESTIMENTO FINANCEIRO;2025-08-31;Outras cotas de fundos de investimento;11.10
CLASSES - FIF;31.551.438/0001-91;;BOOT FUNDO DE INVESTIMENTO EM COTAS DE FUNDOS DE INVESTIMENTO MULTIMERCADO CP-RESP. LTDA;2025-08-31;Acões;0.00
CLASSES - FIF;31.551.438/0001-91;;BOOT FUNDO DE INVESTIMENTO EM COTAS DE FUNDOS DE INVESTIMENTO MULTIMERCADO CP-RESP. LTDA;2025-08-31;Cotas de Fundos de Investimento 555;100.00
CLASSES - FIF;31.551.438/0001-91;;BOOT FUNDO DE INVESTIMENTO EM COTAS DE FUNDOS DE INVESTIMENTO MULTIMERCADO CP-RESP. LTDA;2025-08-31;Depósito a prazo e outros títulos de instituições financeiras;0.00
CLASSES - FIF;31.551.438/0001-91;;BOOT FUNDO DE INVESTIMENTO EM COTAS DE FUNDOS DE INVESTIMENTO MULTIMERCADO CP-RESP. LTDA;2025-08-31;Operacões compromissadas lastreadas em títulos privados;0.00
CLASSES - FIF;31.551.438/0001-91;;BOOT FUNDO DE INVESTIMENTO EM COTAS DE FUNDOS DE INVESTIMENTO MULTIMERCADO CP-RESP. LTDA;2025-08-31;Operacões compromissadas lastreadas em títulos públicos federais;0.00
CLASSES - FIF;31.552.311/0001-97;;CSHG MASTER DIRECIONAL IMA-B 5 FUNDO DE INVESTIMENTO FINANCEIRO RENDA FIXA RESPONSABILIDADE LIMITADA;2025-08-31;Compromissadas lastreadas em T¿los P¿blicos;1.33
CLASSES - FIF;31.552.311/0001-97;;CSHG MASTER DIRECIONAL IMA-B 5 FUNDO DE INVESTIMENTO FINANCEIRO RENDA FIXA RESPONSABILIDADE LIMITADA;2025-08-31;Derivativos;0.00
CLASSES - FIF;31.552.311/0001-97;;CSHG MASTER DIRECIONAL IMA-B 5 FUNDO DE INVESTIMENTO FINANCEIRO RENDA FIXA RESPONSABILIDADE LIMITADA;2025-08-31;Outros;0.01
CLASSES - FIF;31.552.311/0001-97;;CSHG MASTER DIRECIONAL IMA-B 5 FUNDO DE INVESTIMENTO FINANCEIRO RENDA FIXA RESPONSABILIDADE LIMITADA;2025-08-31;T¿los P¿blicos Federais;98.66
CLASSES - FIF;31.552.352/0001-83;;CSHG MASTER DIRECIONAL IMA-B RENDA FIXA FUNDO DE INVESTIMENTO FINANCEIRO - RESPONSABILIDADE LIMITADA;2025-08-31;Compromissadas lastreadas em T¿los P¿blicos;9.83
CLASSES - FIF;31.552.352/0001-83;;CSHG MASTER DIRECIONAL IMA-B RENDA FIXA FUNDO DE INVESTIMENTO FINANCEIRO - RESPONSABILIDADE LIMITADA;2025-08-31;Derivativos;0.00
CLASSES - FIF;31.552.352/0001-83;;CSHG MASTER DIRECIONAL IMA-B RENDA FIXA FUNDO DE INVESTIMENTO FINANCEIRO - RESPONSABILIDADE LIMITADA;2025-08-31;Outros;0.02
CLASSES - FIF;31.552.352/0001-83;;CSHG MASTER DIRECIONAL IMA-B RENDA FIXA FUNDO DE INVESTIMENTO FINANCEIRO - RESPONSABILIDADE LIMITADA;2025-08-31;T¿los P¿blicos Federais;90.17
CLASSES - FIF;31.594.549/0001-85;;CS EVOLUTION DI PLUS PRIVATE FUNDO DE INVESTIMENTO EM COTAS DE FIF RENDA FIXA REF - RESP LIMITADA;2025-08-31;Outras Cotas de Fundos de Investimento;100.03
CLASSES - FIF;31.594.549/0001-85;;CS EVOLUTION DI PLUS PRIVATE FUNDO DE INVESTIMENTO EM COTAS DE FIF RENDA FIXA REF - RESP LIMITADA;2025-08-31;Outros;0.00
CLASSES - FIF;31.690.733/0001-29;;CSHG MASTER IBOVESPA PLUS FUNDO DE INVESTIMENTO FINANCEIRO EM AÇÕES - RESPONSABILIDADE LIMITADA;2025-08-31;A¿s;76.21
CLASSES - FIF;31.690.733/0001-29;;CSHG MASTER IBOVESPA PLUS FUNDO DE INVESTIMENTO FINANCEIRO EM AÇÕES - RESPONSABILIDADE LIMITADA;2025-08-31;Compromissadas lastreadas em T¿los P¿blicos;12.28
CLASSES - FIF;31.690.733/0001-29;;CSHG MASTER IBOVESPA PLUS FUNDO DE INVESTIMENTO FINANCEIRO EM AÇÕES - RESPONSABILIDADE LIMITADA;2025-08-31;Derivativos;0.00
CLASSES - FIF;31.690.733/0001-29;;CSHG MASTER IBOVESPA PLUS FUNDO DE INVESTIMENTO FINANCEIRO EM AÇÕES - RESPONSABILIDADE LIMITADA;2025-08-31;Outras Cotas de Fundos de Investimento;10.41
CLASSES - FIF;31.690.733/0001-29;;CSHG MASTER IBOVESPA PLUS FUNDO DE INVESTIMENTO FINANCEIRO EM AÇÕES - RESPONSABILIDADE LIMITADA;2025-08-31;Outros;0.09
CLASSES - FIF;31.713.958/0001-53;;AXSP FUNDO DE INVESTIMENTO EM COTAS DE FUNDOS DE INVESTIMENTO MULTIMERCADO CP - RESP LTDA;2025-08-31;Acões;0.00
CLASSES - FIF;31.713.958/0001-53;;AXSP FUNDO DE INVESTIMENTO EM COTAS DE FUNDOS DE INVESTIMENTO MULTIMERCADO CP - RESP LTDA;2025-08-31;Cotas de Fundos de Investimento 555;100.00
CLASSES - FIF;31.713.958/0001-53;;AXSP FUNDO DE INVESTIMENTO EM COTAS DE FUNDOS DE INVESTIMENTO MULTIMERCADO CP - RESP LTDA;2025-08-31;Depósito a prazo e outros títulos de instituições financeiras;0.00
CLASSES - FIF;31.713.958/0001-53;;AXSP FUNDO DE INVESTIMENTO EM COTAS DE FUNDOS DE INVESTIMENTO MULTIMERCADO CP - RESP LTDA;2025-08-31;Operacões compromissadas lastreadas em títulos privados;0.00
CLASSES - FIF;31.713.958/0001-53;;AXSP FUNDO DE INVESTIMENTO EM COTAS DE FUNDOS DE INVESTIMENTO MULTIMERCADO CP - RESP LTDA;2025-08-31;Operacões compromissadas lastreadas em títulos públicos federais;0.00
CLASSES - FIF;31.848.238/0001-03;;ÁFIRA VALOR FUNDO DE INVESTIMENTO FINANCEIRO;2025-08-31;Ações;78.68
CLASSES - FIF;31.848.238/0001-03;;ÁFIRA VALOR FUNDO DE INVESTIMENTO FINANCEIRO;2025-08-31;Derivativos;0.19
CLASSES - FIF;31.848.238/0001-03;;ÁFIRA VALOR FUNDO DE INVESTIMENTO FINANCEIRO;2025-08-31;Operações Compromissadas Lastreadas em Títulos Públicos Federais;12.56
CLASSES - FIF;31.848.238/0001-03;;ÁFIRA VALOR FUNDO DE INVESTIMENTO FINANCEIRO;2025-08-31;Outras Aplicações;3.50
CLASSES - FIF;31.963.396/0001-04;;DEVANT MAGNA FUNDO DE INVESTIMENTO FINANCEIRO RESPONSABILIDADE LIMITADA;2025-08-31;Derivativos;0.00
CLASSES - FIF;31.963.396/0001-04;;DEVANT MAGNA FUNDO DE INVESTIMENTO FINANCEIRO RESPONSABILIDADE LIMITADA;2025-08-31;Operações Compromissadas Lastreadas em Títulos Públicos Federais;25.74
CLASSES - FIF;31.963.396/0001-04;;DEVANT MAGNA FUNDO DE INVESTIMENTO FINANCEIRO RESPONSABILIDADE LIMITADA;2025-08-31;Outras Aplicações;6.76
CLASSES - FIF;31.963.396/0001-04;;DEVANT MAGNA FUNDO DE INVESTIMENTO FINANCEIRO RESPONSABILIDADE LIMITADA;2025-08-31;Títulos de Crédito Privado;41.44
CLASSES - FIF;31.963.396/0001-04;;DEVANT MAGNA FUNDO DE INVESTIMENTO FINANCEIRO RESPONSABILIDADE LIMITADA;2025-08-31;Títulos Públicos Federais;26.26
CLASSES - FIF;32.158.393/0001-52;;IBIUNA LONG SHORT SF FIF - CLASSE DE INVESTIMENTO EM COTAS MULTIMERCADO - RESPONSABILIDADE  LIMITADA;2025-08-31;Ações;57.32
CLASSES - FIF;32.158.393/0001-52;;IBIUNA LONG SHORT SF FIF - CLASSE DE INVESTIMENTO EM COTAS MULTIMERCADO - RESPONSABILIDADE  LIMITADA;2025-08-31;Cotas de fundos de investimento 409;0.46
CLASSES - FIF;32.158.393/0001-52;;IBIUNA LONG SHORT SF FIF - CLASSE DE INVESTIMENTO EM COTAS MULTIMERCADO - RESPONSABILIDADE  LIMITADA;2025-08-31;Investimento no exterior;17.82
CLASSES - FIF;32.158.393/0001-52;;IBIUNA LONG SHORT SF FIF - CLASSE DE INVESTIMENTO EM COTAS MULTIMERCADO - RESPONSABILIDADE  LIMITADA;2025-08-31;Operações compromissadas lastreadas em títulos públicos federais;11.04
CLASSES - FIF;32.158.393/0001-52;;IBIUNA LONG SHORT SF FIF - CLASSE DE INVESTIMENTO EM COTAS MULTIMERCADO - RESPONSABILIDADE  LIMITADA;2025-08-31;Títulos públicos federais;58.55
CLASSES - FIF;32.158.410/0001-51;;BRADESCO ASSET FIF - CLASSE DE INVESTIMENTO EM COTAS RENDA FIXA REFERENCIADA DI - RESP LIMITADA;2025-08-31;Cotas de fundos de investimento 409;1.90
CLASSES - FIF;32.158.410/0001-51;;BRADESCO ASSET FIF - CLASSE DE INVESTIMENTO EM COTAS RENDA FIXA REFERENCIADA DI - RESP LIMITADA;2025-08-31;Depósitos a prazo e outros títulos de instituições financeiras;26.94
CLASSES - FIF;32.158.410/0001-51;;BRADESCO ASSET FIF - CLASSE DE INVESTIMENTO EM COTAS RENDA FIXA REFERENCIADA DI - RESP LIMITADA;2025-08-31;Operações compromissadas lastreadas em títulos públicos federais;45.08
CLASSES - FIF;32.158.410/0001-51;;BRADESCO ASSET FIF - CLASSE DE INVESTIMENTO EM COTAS RENDA FIXA REFERENCIADA DI - RESP LIMITADA;2025-08-31;Títulos de crédito privado;11.12
CLASSES - FIF;32.158.410/0001-51;;BRADESCO ASSET FIF - CLASSE DE INVESTIMENTO EM COTAS RENDA FIXA REFERENCIADA DI - RESP LIMITADA;2025-08-31;Títulos públicos federais;14.97
CLASSES - FIF;32.158.424/0001-75;;BRADESCO ASSET ALOCAÇÃO ARROJADA FI FINANCEIRO - CIC MULT - RESP LIMITADA;2025-08-31;Cotas de fundos de investimento 409;79.55
CLASSES - FIF;32.158.424/0001-75;;BRADESCO ASSET ALOCAÇÃO ARROJADA FI FINANCEIRO - CIC MULT - RESP LIMITADA;2025-08-31;Operações compromissadas lastreadas em títulos públicos federais;6.46
CLASSES - FIF;32.158.424/0001-75;;BRADESCO ASSET ALOCAÇÃO ARROJADA FI FINANCEIRO - CIC MULT - RESP LIMITADA;2025-08-31;Títulos públicos federais;13.92
CLASSES - FIF;32.158.430/0001-22;;BRADESCO CENTURION DIVIDENDOS FIF - CLASSE DE INVESTIMENTO EM COTAS DE AÇÕES - RESP LIMITADA;2025-08-31;Ações;95.91
CLASSES - FIF;32.158.430/0001-22;;BRADESCO CENTURION DIVIDENDOS FIF - CLASSE DE INVESTIMENTO EM COTAS DE AÇÕES - RESP LIMITADA;2025-08-31;Derivativos;-0.18
CLASSES - FIF;32.158.430/0001-22;;BRADESCO CENTURION DIVIDENDOS FIF - CLASSE DE INVESTIMENTO EM COTAS DE AÇÕES - RESP LIMITADA;2025-08-31;Operações compromissadas lastreadas em títulos públicos federais;3.88
CLASSES - FIF;32.158.441/0001-02;;BRADESCO ASSET LONG ONLY FI FINANCEIRO - CIC EM AÇÕES - RESP LIMITADA;2025-08-31;Ações;68.82
CLASSES - FIF;32.158.441/0001-02;;BRADESCO ASSET LONG ONLY FI FINANCEIRO - CIC EM AÇÕES - RESP LIMITADA;2025-08-31;Cotas de fundos de investimento 409;23.66
CLASSES - FIF;32.158.441/0001-02;;BRADESCO ASSET LONG ONLY FI FINANCEIRO - CIC EM AÇÕES - RESP LIMITADA;2025-08-31;Derivativos;-5.68
CLASSES - FIF;32.158.441/0001-02;;BRADESCO ASSET LONG ONLY FI FINANCEIRO - CIC EM AÇÕES - RESP LIMITADA;2025-08-31;Investimento no exterior;0.43
CLASSES - FIF;32.158.441/0001-02;;BRADESCO ASSET LONG ONLY FI FINANCEIRO - CIC EM AÇÕES - RESP LIMITADA;2025-08-31;Operações compromissadas lastreadas em títulos públicos federais;6.41
CLASSES - FIF;32.159.627/0001-86;;VANQUISH LONG BIAS MASTER FIM;2025-08-31;Acões;91.46
CLASSES - FIF;32.159.627/0001-86;;VANQUISH LONG BIAS MASTER FIM;2025-08-31;Cotas de Fundos de Investimento 555;5.89
CLASSES - FIF;32.159.627/0001-86;;VANQUISH LONG BIAS MASTER FIM;2025-08-31;Depósito a prazo e outros títulos de instituições financeiras;1.10
CLASSES - FIF;32.159.627/0001-86;;VANQUISH LONG BIAS MASTER FIM;2025-08-31;Operacões compromissadas lastreadas em títulos privados;0.00
CLASSES - FIF;32.159.627/0001-86;;VANQUISH LONG BIAS MASTER FIM;2025-08-31;Títulos Públicos federais;1.55
CLASSES - FIF;32.240.613/0001-92;;GÁVEA MACRO BB FIF - CIC MULTIMERCADO - RESP LIMITADA;2025-08-31;Ações;4.18
CLASSES - FIF;32.240.613/0001-92;;GÁVEA MACRO BB FIF - CIC MULTIMERCADO - RESP LIMITADA;2025-08-31;Derivativos;17.29
CLASSES - FIF;32.240.613/0001-92;;GÁVEA MACRO BB FIF - CIC MULTIMERCADO - RESP LIMITADA;2025-08-31;Investimento no exterior;14.81
CLASSES - FIF;32.240.613/0001-92;;GÁVEA MACRO BB FIF - CIC MULTIMERCADO - RESP LIMITADA;2025-08-31;Operações compromissadas lastreadas em títulos públicos federais;17.50
CLASSES - FIF;32.240.613/0001-92;;GÁVEA MACRO BB FIF - CIC MULTIMERCADO - RESP LIMITADA;2025-08-31;Títulos públicos federais;64.74
CLASSES - FIF;32.240.637/0001-41;;GÁVEA MACRO ADVISORY FIF - CLASSE DE INVESTIMENTO EM COTAS MULTIMERCADO - RESP LIMITADA;2025-08-31;Ações;4.18
CLASSES - FIF;32.240.637/0001-41;;GÁVEA MACRO ADVISORY FIF - CLASSE DE INVESTIMENTO EM COTAS MULTIMERCADO - RESP LIMITADA;2025-08-31;Derivativos;17.30
CLASSES - FIF;32.240.637/0001-41;;GÁVEA MACRO ADVISORY FIF - CLASSE DE INVESTIMENTO EM COTAS MULTIMERCADO - RESP LIMITADA;2025-08-31;Investimento no exterior;14.82
CLASSES - FIF;32.240.637/0001-41;;GÁVEA MACRO ADVISORY FIF - CLASSE DE INVESTIMENTO EM COTAS MULTIMERCADO - RESP LIMITADA;2025-08-31;Operações compromissadas lastreadas em títulos públicos federais;17.51
CLASSES - FIF;32.240.637/0001-41;;GÁVEA MACRO ADVISORY FIF - CLASSE DE INVESTIMENTO EM COTAS MULTIMERCADO - RESP LIMITADA;2025-08-31;Títulos públicos federais;64.78
CLASSES - FIF;32.273.497/0001-08;;BRAM FIF - CLASSE DE INVESTIMENTO RF REFERENCIADA DI FEDERAL III - RESP LIMITADA;2025-08-31;Operações compromissadas lastreadas em títulos públicos federais;31.21
CLASSES - FIF;32.273.497/0001-08;;BRAM FIF - CLASSE DE INVESTIMENTO RF REFERENCIADA DI FEDERAL III - RESP LIMITADA;2025-08-31;Títulos públicos federais;68.80
CLASSES - FIF;32.273.503/0001-27;;BRADESCO IBIUNA HEDGE STH FIF - CIC MULTIMERCADO - RESPONSABILIDADE LIMITADA;2025-08-31;Cotas de fundos de investimento 409;100.08
CLASSES - FIF;32.273.503/0001-27;;BRADESCO IBIUNA HEDGE STH FIF - CIC MULTIMERCADO - RESPONSABILIDADE LIMITADA;2025-08-31;Operações compromissadas lastreadas em títulos públicos federais;0.09
CLASSES - FIF;32.273.503/0001-27;;BRADESCO IBIUNA HEDGE STH FIF - CIC MULTIMERCADO - RESPONSABILIDADE LIMITADA;2025-08-31;Títulos públicos federais;0.23
CLASSES - FIF;32.273.507/0001-05;;BRADESCO VERDE MULTIESTRATÉGIA FIF - CLASSE DE INVESTIMENTO EM COTAS MULTIMERCADO - RESP LIMITADA;2025-08-31;Cotas de fundos de investimento 409;99.52
CLASSES - FIF;32.273.507/0001-05;;BRADESCO VERDE MULTIESTRATÉGIA FIF - CLASSE DE INVESTIMENTO EM COTAS MULTIMERCADO - RESP LIMITADA;2025-08-31;Operações compromissadas lastreadas em títulos públicos federais;0.14
CLASSES - FIF;32.273.507/0001-05;;BRADESCO VERDE MULTIESTRATÉGIA FIF - CLASSE DE INVESTIMENTO EM COTAS MULTIMERCADO - RESP LIMITADA;2025-08-31;Títulos públicos federais;0.36
CLASSES - FIF;32.273.514/0001-07;;BRADESCO RPS EQUITY HEDGE FIF - CLASSE DE INVESTIMENTO EM COTAS MULTIMERCADO - RESP LIMITADA;2025-08-31;Cotas de fundos de investimento 409;98.48
CLASSES - FIF;32.273.514/0001-07;;BRADESCO RPS EQUITY HEDGE FIF - CLASSE DE INVESTIMENTO EM COTAS MULTIMERCADO - RESP LIMITADA;2025-08-31;Operações compromissadas lastreadas em títulos públicos federais;0.41
CLASSES - FIF;32.273.514/0001-07;;BRADESCO RPS EQUITY HEDGE FIF - CLASSE DE INVESTIMENTO EM COTAS MULTIMERCADO - RESP LIMITADA;2025-08-31;Títulos públicos federais;1.03
CLASSES - FIF;32.273.523/0001-06;;BRADESCO LONG BIASED APEX INFINITY FIF - CIC AÇÕES - RESPONSABILIDADE LIMITADA;2025-08-31;Cotas de fundos de investimento 409;99.64
CLASSES - FIF;32.273.523/0001-06;;BRADESCO LONG BIASED APEX INFINITY FIF - CIC AÇÕES - RESPONSABILIDADE LIMITADA;2025-08-31;Operações compromissadas lastreadas em títulos públicos federais;0.10
CLASSES - FIF;32.273.523/0001-06;;BRADESCO LONG BIASED APEX INFINITY FIF - CIC AÇÕES - RESPONSABILIDADE LIMITADA;2025-08-31;Títulos públicos federais;0.23
CLASSES - FIF;32.273.528/0001-20;;BRADESCO TRUXT I LONG SHORT FIF - CIC MULTIMERCADO - RESP LIMITADA;2025-08-31;Cotas de fundos de investimento 409;100.02
CLASSES - FIF;32.273.536/0001-77;;BRADESCO JGP STRATEGY FIF - CLASSE DE INVESTIMENTO EM COTAS MULTIMERCADO - RESP LIMITADA;2025-08-31;Cotas de fundos de investimento 409;99.44
CLASSES - FIF;32.273.536/0001-77;;BRADESCO JGP STRATEGY FIF - CLASSE DE INVESTIMENTO EM COTAS MULTIMERCADO - RESP LIMITADA;2025-08-31;Operações compromissadas lastreadas em títulos públicos federais;0.16
CLASSES - FIF;32.273.536/0001-77;;BRADESCO JGP STRATEGY FIF - CLASSE DE INVESTIMENTO EM COTAS MULTIMERCADO - RESP LIMITADA;2025-08-31;Títulos públicos federais;0.41
CLASSES - FIF;32.273.540/0001-35;;JGP STRATEGY FIF - CLASSE DE INVESTIMENTO EM COTAS MULTIMERCADO- RESPONSABILIDADE LIMITADA;2025-08-31;Cotas de fundos de investimento 409;99.97
CLASSES - FIF;32.273.549/0001-46;;BRADESCO VERDE MULTIESTRATÉGIA ÁGORA FIF - CLASSE DE INVESTIMENTO EM COTAS MULT - RESP LIMITADA;2025-08-31;Cotas de fundos de investimento 409;100.04
CLASSES - FIF;32.273.554/0001-59;;IBIUNA HEDGE STH IMERCADO ÁGORA FIF - CLASSE DE INVESTIMENTO EM COTAS MULTIMERCADO - RESP LIMITADA;2025-08-31;Cotas de fundos de investimento 409;99.95
CLASSES - FIF;32.273.554/0001-59;;IBIUNA HEDGE STH IMERCADO ÁGORA FIF - CLASSE DE INVESTIMENTO EM COTAS MULTIMERCADO - RESP LIMITADA;2025-08-31;Operações compromissadas lastreadas em títulos públicos federais;0.13
CLASSES - FIF;32.273.554/0001-59;;IBIUNA HEDGE STH IMERCADO ÁGORA FIF - CLASSE DE INVESTIMENTO EM COTAS MULTIMERCADO - RESP LIMITADA;2025-08-31;Títulos públicos federais;0.32
CLASSES - FIF;32.287.553/0001-63;;FEEDER OCEANA SELECTION FIF - CLASSE DE INVESTIMENTO EM COTAS DE AÇÕES - RESP LIMITADA;2025-08-31;Cotas de fundos de investimento 409;99.26
CLASSES - FIF;32.287.553/0001-63;;FEEDER OCEANA SELECTION FIF - CLASSE DE INVESTIMENTO EM COTAS DE AÇÕES - RESP LIMITADA;2025-08-31;Operações compromissadas lastreadas em títulos públicos federais;0.23
CLASSES - FIF;32.287.553/0001-63;;FEEDER OCEANA SELECTION FIF - CLASSE DE INVESTIMENTO EM COTAS DE AÇÕES - RESP LIMITADA;2025-08-31;Títulos públicos federais;0.57
CLASSES - FIF;32.287.561/0001-00;;FEEDER ATMOS FIF - CLASSE DE  INVESTIMENTO EM COTAS AÇÕES - RESPONSABILIDADE LIMITADA;2025-08-31;Cotas de fundos de investimento 409;99.61
CLASSES - FIF;32.287.561/0001-00;;FEEDER ATMOS FIF - CLASSE DE  INVESTIMENTO EM COTAS AÇÕES - RESPONSABILIDADE LIMITADA;2025-08-31;Operações compromissadas lastreadas em títulos públicos federais;0.11
CLASSES - FIF;32.287.561/0001-00;;FEEDER ATMOS FIF - CLASSE DE  INVESTIMENTO EM COTAS AÇÕES - RESPONSABILIDADE LIMITADA;2025-08-31;Títulos públicos federais;0.28
CLASSES - FIF;32.287.581/0001-80;;FEEDER ABSOLUTE VERTEX FIF - CLASSE DE INVESTIMENTO EM COTAS MULTIMERCADO - RESP LIMITADA;2025-08-31;Cotas de fundos de investimento 409;99.57
CLASSES - FIF;32.287.581/0001-80;;FEEDER ABSOLUTE VERTEX FIF - CLASSE DE INVESTIMENTO EM COTAS MULTIMERCADO - RESP LIMITADA;2025-08-31;Operações compromissadas lastreadas em títulos públicos federais;0.12
CLASSES - FIF;32.287.581/0001-80;;FEEDER ABSOLUTE VERTEX FIF - CLASSE DE INVESTIMENTO EM COTAS MULTIMERCADO - RESP LIMITADA;2025-08-31;Títulos públicos federais;0.31
CLASSES - FIF;32.291.850/0001-82;;TRUXT I LONG SHORT ÁGORA FIF - CIC MULTIMERCADO - RESPONSABILIDADE LIMITADA;2025-08-31;Cotas de fundos de investimento 409;99.96
CLASSES - FIF;32.291.899/0001-35;;RPS EQUITY HEDGE BP FIF - CLASSE DE INVESTIMENTO EM COTAS MULTIMERCADO - RESP LIMITADA;2025-08-31;Cotas de fundos de investimento 409;100.03
CLASSES - FIF;32.291.910/0001-67;;ABSOLUTE VERTEX BP FIF - CLASSE DE INVESTIMENTO EM COTAS MULTIMERCADO - RESP LIMITADA;2025-08-31;Cotas de fundos de investimento 409;99.57
CLASSES - FIF;32.291.910/0001-67;;ABSOLUTE VERTEX BP FIF - CLASSE DE INVESTIMENTO EM COTAS MULTIMERCADO - RESP LIMITADA;2025-08-31;Operações compromissadas lastreadas em títulos públicos federais;0.14
CLASSES - FIF;32.291.910/0001-67;;ABSOLUTE VERTEX BP FIF - CLASSE DE INVESTIMENTO EM COTAS MULTIMERCADO - RESP LIMITADA;2025-08-31;Títulos públicos federais;0.35
CLASSES - FIF;32.291.936/0001-05;;ABSOLUTE VERTEX ÁGORA FIF - CLASSE DE INVESTIMENTO EM COTAS MULTIMERCADO - RESPONSABILIDADE LIMITADA;2025-08-31;Cotas de fundos de investimento 409;98.44
CLASSES - FIF;32.291.936/0001-05;;ABSOLUTE VERTEX ÁGORA FIF - CLASSE DE INVESTIMENTO EM COTAS MULTIMERCADO - RESPONSABILIDADE LIMITADA;2025-08-31;Operações compromissadas lastreadas em títulos públicos federais;0.45
CLASSES - FIF;32.291.936/0001-05;;ABSOLUTE VERTEX ÁGORA FIF - CLASSE DE INVESTIMENTO EM COTAS MULTIMERCADO - RESPONSABILIDADE LIMITADA;2025-08-31;Títulos públicos federais;1.14
CLASSES - FIF;32.291.944/0001-51;;AZ QUEST MULTI MAX ÁGORA FIF - CIC MULTIMERCADO - RESPONSABILIDADE LIMITADA;2025-08-31;Cotas de fundos de investimento 409;97.87
CLASSES - FIF;32.291.944/0001-51;;AZ QUEST MULTI MAX ÁGORA FIF - CIC MULTIMERCADO - RESPONSABILIDADE LIMITADA;2025-08-31;Operações compromissadas lastreadas em títulos públicos federais;1.91
CLASSES - FIF;32.291.956/0001-86;;CONEXÃO MOAT CAPITAL FIF - CLASSE DE INVESTIMENTO EM COTAS DE AÇÕES - RESP LIMITADA;2025-08-31;Cotas de fundos de investimento 409;99.89
CLASSES - FIF;32.300.880/0001-08;;SMARTQUANT TRE FUNDO DE INVESTIMENTO MULTIMERCADO;2025-08-31;Ações;5.96
CLASSES - FIF;32.300.880/0001-08;;SMARTQUANT TRE FUNDO DE INVESTIMENTO MULTIMERCADO;2025-08-31;Operações compromissadas lastreadas em títulospúblicos federais;7.17
CLASSES - FIF;32.300.880/0001-08;;SMARTQUANT TRE FUNDO DE INVESTIMENTO MULTIMERCADO;2025-08-31;Títulos públicos federais;86.88
CLASSES - FIF;32.308.852/0001-37;;BAHIA AM VALUATION A FIF - CI EM COTAS DE AÇÕES - RESPONSABILIDADE LIMITADA;2025-08-31;Ações;83.90
CLASSES - FIF;32.308.852/0001-37;;BAHIA AM VALUATION A FIF - CI EM COTAS DE AÇÕES - RESPONSABILIDADE LIMITADA;2025-08-31;Derivativos;5.29
CLASSES - FIF;32.308.852/0001-37;;BAHIA AM VALUATION A FIF - CI EM COTAS DE AÇÕES - RESPONSABILIDADE LIMITADA;2025-08-31;Operações compromissadas lastreadas em títulos públicos federais;14.53
CLASSES - FIF;32.312.069/0001-47;;BRADESCO FIC FIF MULTIMERCADO  QUANT 10 - RESP LIMITADA;2025-08-31;Ações;1.42
CLASSES - FIF;32.312.069/0001-47;;BRADESCO FIC FIF MULTIMERCADO  QUANT 10 - RESP LIMITADA;2025-08-31;Derivativos;-45.69
CLASSES - FIF;32.312.069/0001-47;;BRADESCO FIC FIF MULTIMERCADO  QUANT 10 - RESP LIMITADA;2025-08-31;Investimento no exterior;18.45
CLASSES - FIF;32.312.069/0001-47;;BRADESCO FIC FIF MULTIMERCADO  QUANT 10 - RESP LIMITADA;2025-08-31;Operações compromissadas lastreadas em títulos públicos federais;20.88
CLASSES - FIF;32.312.069/0001-47;;BRADESCO FIC FIF MULTIMERCADO  QUANT 10 - RESP LIMITADA;2025-08-31;Títulos públicos federais;60.84
CLASSES - FIF;32.312.071/0001-16;;BRADESCO ESTRATÉGIA DIVIDENDOS FI FINANCEIRO - CIC EM AÇÕES - RESP LIMITADA;2025-08-31;Ações;95.55
CLASSES - FIF;32.312.071/0001-16;;BRADESCO ESTRATÉGIA DIVIDENDOS FI FINANCEIRO - CIC EM AÇÕES - RESP LIMITADA;2025-08-31;Derivativos;-0.18
CLASSES - FIF;32.312.071/0001-16;;BRADESCO ESTRATÉGIA DIVIDENDOS FI FINANCEIRO - CIC EM AÇÕES - RESP LIMITADA;2025-08-31;Operações compromissadas lastreadas em títulos públicos federais;3.86
CLASSES - FIF;32.312.090/0001-42;;LEGACY CAPITAL ÁGORA FIF - CLASSE DE INVESTIMENTO EM COTAS MULTIMERCADO - RESP LIMITADA;2025-08-31;Cotas de fundos de investimento 409;98.95
CLASSES - FIF;32.312.090/0001-42;;LEGACY CAPITAL ÁGORA FIF - CLASSE DE INVESTIMENTO EM COTAS MULTIMERCADO - RESP LIMITADA;2025-08-31;Operações compromissadas lastreadas em títulos públicos federais;0.10
CLASSES - FIF;32.312.090/0001-42;;LEGACY CAPITAL ÁGORA FIF - CLASSE DE INVESTIMENTO EM COTAS MULTIMERCADO - RESP LIMITADA;2025-08-31;Títulos públicos federais;0.25
CLASSES - FIF;32.312.094/0001-20;;CONEXÃO LEGACY CAPITAL FIF - CLASSE DE INVESTIMENTO EM COTAS MULTIMERCADO - RESP LIMITADA;2025-08-31;Cotas de fundos de investimento 409;99.76
CLASSES - FIF;32.312.094/0001-20;;CONEXÃO LEGACY CAPITAL FIF - CLASSE DE INVESTIMENTO EM COTAS MULTIMERCADO - RESP LIMITADA;2025-08-31;Operações compromissadas lastreadas em títulos públicos federais;0.08
CLASSES - FIF;32.312.094/0001-20;;CONEXÃO LEGACY CAPITAL FIF - CLASSE DE INVESTIMENTO EM COTAS MULTIMERCADO - RESP LIMITADA;2025-08-31;Títulos públicos federais;0.21
CLASSES - FIF;32.312.120/0001-10;;BRAM CORAL II FIF - CLASSE DE INVESTIMENTO RENDA FIXA REFERENCIADA DI - RESP LIMITADA;2025-08-31;Cotas de fundos de investimento 409;1.11
CLASSES - FIF;32.312.120/0001-10;;BRAM CORAL II FIF - CLASSE DE INVESTIMENTO RENDA FIXA REFERENCIADA DI - RESP LIMITADA;2025-08-31;Depósitos a prazo e outros títulos de instituições financeiras;26.94
CLASSES - FIF;32.312.120/0001-10;;BRAM CORAL II FIF - CLASSE DE INVESTIMENTO RENDA FIXA REFERENCIADA DI - RESP LIMITADA;2025-08-31;Operações compromissadas lastreadas em títulos públicos federais;45.07
CLASSES - FIF;32.312.120/0001-10;;BRAM CORAL II FIF - CLASSE DE INVESTIMENTO RENDA FIXA REFERENCIADA DI - RESP LIMITADA;2025-08-31;Títulos de crédito privado;11.12
CLASSES - FIF;32.312.120/0001-10;;BRAM CORAL II FIF - CLASSE DE INVESTIMENTO RENDA FIXA REFERENCIADA DI - RESP LIMITADA;2025-08-31;Títulos públicos federais;14.97
CLASSES - FIF;32.312.124/0001-07;;BRADESCO FIF - CIC RENDA FIXA REFERENCIADA DI MAX - RESP LIMITADA;2025-08-31;Cotas de fundos de investimento 409;1.90
CLASSES - FIF;32.312.124/0001-07;;BRADESCO FIF - CIC RENDA FIXA REFERENCIADA DI MAX - RESP LIMITADA;2025-08-31;Depósitos a prazo e outros títulos de instituições financeiras;26.94
CLASSES - FIF;32.312.124/0001-07;;BRADESCO FIF - CIC RENDA FIXA REFERENCIADA DI MAX - RESP LIMITADA;2025-08-31;Operações compromissadas lastreadas em títulos públicos federais;45.08
CLASSES - FIF;32.312.124/0001-07;;BRADESCO FIF - CIC RENDA FIXA REFERENCIADA DI MAX - RESP LIMITADA;2025-08-31;Títulos de crédito privado;11.12
CLASSES - FIF;32.312.124/0001-07;;BRADESCO FIF - CIC RENDA FIXA REFERENCIADA DI MAX - RESP LIMITADA;2025-08-31;Títulos públicos federais;14.97
CLASSES - FIF;32.387.924/0001-89;;BRADESCO FIF - CIC RENDA FIXA CRÉDITO PRIVADO PLUS - RESP LIMITADA;2025-08-31;Cotas de fundos de investimento 409;5.29
CLASSES - FIF;32.387.924/0001-89;;BRADESCO FIF - CIC RENDA FIXA CRÉDITO PRIVADO PLUS - RESP LIMITADA;2025-08-31;Depósitos a prazo e outros títulos de instituições financeiras;32.24
CLASSES - FIF;32.387.924/0001-89;;BRADESCO FIF - CIC RENDA FIXA CRÉDITO PRIVADO PLUS - RESP LIMITADA;2025-08-31;Operações compromissadas lastreadas em títulos públicos federais;25.26
CLASSES - FIF;32.387.924/0001-89;;BRADESCO FIF - CIC RENDA FIXA CRÉDITO PRIVADO PLUS - RESP LIMITADA;2025-08-31;Títulos de crédito privado;37.85
CLASSES - FIF;32.387.924/0001-89;;BRADESCO FIF - CIC RENDA FIXA CRÉDITO PRIVADO PLUS - RESP LIMITADA;2025-08-31;Títulos públicos federais;0.83
CLASSES - FIF;32.387.966/0001-10;;BRADESCO FIF - CIC DE AÇÕES IBOVESPA - RESP LIMITADA;2025-08-31;Ações;67.55
CLASSES - FIF;32.387.966/0001-10;;BRADESCO FIF - CIC DE AÇÕES IBOVESPA - RESP LIMITADA;2025-08-31;Cotas de fundos de investimento 409;30.28
CLASSES - FIF;32.387.966/0001-10;;BRADESCO FIF - CIC DE AÇÕES IBOVESPA - RESP LIMITADA;2025-08-31;Derivativos;1.19
CLASSES - FIF;32.387.966/0001-10;;BRADESCO FIF - CIC DE AÇÕES IBOVESPA - RESP LIMITADA;2025-08-31;Operações compromissadas lastreadas em títulos públicos federais;0.47
CLASSES - FIF;32.387.983/0001-57;;BRADESCO ESTRATÉGIA SMALL CAPS FI FINANCEIRO - CIC EM AÇÕES - RESP LIMITADA;2025-08-31;Ações;97.16
CLASSES - FIF;32.387.983/0001-57;;BRADESCO ESTRATÉGIA SMALL CAPS FI FINANCEIRO - CIC EM AÇÕES - RESP LIMITADA;2025-08-31;Operações compromissadas lastreadas em títulos públicos federais;2.65
CLASSES - FIF;32.388.002/0001-96;;BRADESCO OAKTREE GLOBAL CREDIT FIF - CIC MULTIMERCADO - RESP LIMITADA;2025-08-31;Cotas de fundos de investimento 409;99.55
CLASSES - FIF;32.388.002/0001-96;;BRADESCO OAKTREE GLOBAL CREDIT FIF - CIC MULTIMERCADO - RESP LIMITADA;2025-08-31;Operações compromissadas lastreadas em títulos públicos federais;0.15
CLASSES - FIF;32.388.002/0001-96;;BRADESCO OAKTREE GLOBAL CREDIT FIF - CIC MULTIMERCADO - RESP LIMITADA;2025-08-31;Títulos públicos federais;0.37
CLASSES - FIF;32.388.007/0001-19;;BRADESCO FIF - CIC RF REFERENCIADA DI PLUS;2025-08-31;Cotas de fundos de investimento 409;1.90
CLASSES - FIF;32.388.007/0001-19;;BRADESCO FIF - CIC RF REFERENCIADA DI PLUS;2025-08-31;Depósitos a prazo e outros títulos de instituições financeiras;26.95
CLASSES - FIF;32.388.007/0001-19;;BRADESCO FIF - CIC RF REFERENCIADA DI PLUS;2025-08-31;Operações compromissadas lastreadas em títulos públicos federais;45.09
CLASSES - FIF;32.388.007/0001-19;;BRADESCO FIF - CIC RF REFERENCIADA DI PLUS;2025-08-31;Títulos de crédito privado;11.13
CLASSES - FIF;32.388.007/0001-19;;BRADESCO FIF - CIC RF REFERENCIADA DI PLUS;2025-08-31;Títulos públicos federais;14.97
CLASSES - FIF;32.388.012/0001-21;;BRADESCO DEBÊNTURES INCENTIVADAS CDI INFRA FIF - CIC INCENTIVADA DE INV EM INFRA RF - RESP LIMITADA;2025-08-31;Cotas de fundos de investimento 409;0.07
CLASSES - FIF;32.388.012/0001-21;;BRADESCO DEBÊNTURES INCENTIVADAS CDI INFRA FIF - CIC INCENTIVADA DE INV EM INFRA RF - RESP LIMITADA;2025-08-31;Depósitos a prazo e outros títulos de instituições financeiras;1.48
CLASSES - FIF;32.388.012/0001-21;;BRADESCO DEBÊNTURES INCENTIVADAS CDI INFRA FIF - CIC INCENTIVADA DE INV EM INFRA RF - RESP LIMITADA;2025-08-31;Operações compromissadas lastreadas em títulos públicos federais;8.32
CLASSES - FIF;32.388.012/0001-21;;BRADESCO DEBÊNTURES INCENTIVADAS CDI INFRA FIF - CIC INCENTIVADA DE INV EM INFRA RF - RESP LIMITADA;2025-08-31;Títulos de crédito privado;81.11
CLASSES - FIF;32.388.012/0001-21;;BRADESCO DEBÊNTURES INCENTIVADAS CDI INFRA FIF - CIC INCENTIVADA DE INV EM INFRA RF - RESP LIMITADA;2025-08-31;Títulos públicos federais;8.95
CLASSES - FIF;32.388.028/0001-34;;BRAM DEBENTURES INCENTIVADAS CDI FI FINANCEIRO - CI EM INFRA RF - RESP LIMITADA;2025-08-31;Derivativos;-73.76
CLASSES - FIF;32.388.028/0001-34;;BRAM DEBENTURES INCENTIVADAS CDI FI FINANCEIRO - CI EM INFRA RF - RESP LIMITADA;2025-08-31;Operações compromissadas lastreadas em títulos públicos federais;0.99
CLASSES - FIF;32.388.028/0001-34;;BRAM DEBENTURES INCENTIVADAS CDI FI FINANCEIRO - CI EM INFRA RF - RESP LIMITADA;2025-08-31;Títulos de crédito privado;89.61
CLASSES - FIF;32.388.028/0001-34;;BRAM DEBENTURES INCENTIVADAS CDI FI FINANCEIRO - CI EM INFRA RF - RESP LIMITADA;2025-08-31;Títulos públicos federais;9.25
CLASSES - FIF;32.388.052/0001-73;;BRADESCO FIF - CIC RF PREFIXADO LONGO - RESP LIMITADA;2025-08-31;Derivativos;61.59
CLASSES - FIF;32.388.052/0001-73;;BRADESCO FIF - CIC RF PREFIXADO LONGO - RESP LIMITADA;2025-08-31;Operações compromissadas lastreadas em títulos públicos federais;15.44
CLASSES - FIF;32.388.052/0001-73;;BRADESCO FIF - CIC RF PREFIXADO LONGO - RESP LIMITADA;2025-08-31;Títulos públicos federais;84.81
CLASSES - FIF;32.388.055/0001-07;;BRAM FUNDO DE INVESTIMENTO FINANCEIRO - CLASSE DE INVESTIMENTO RENDA FIXA SIMPLES - RESP LIMITADA;2025-08-31;Depósitos a prazo e outros títulos de instituições financeiras;0.00
CLASSES - FIF;32.388.055/0001-07;;BRAM FUNDO DE INVESTIMENTO FINANCEIRO - CLASSE DE INVESTIMENTO RENDA FIXA SIMPLES - RESP LIMITADA;2025-08-31;Operações compromissadas lastreadas em títulos públicos federais;33.68
CLASSES - FIF;32.388.055/0001-07;;BRAM FUNDO DE INVESTIMENTO FINANCEIRO - CLASSE DE INVESTIMENTO RENDA FIXA SIMPLES - RESP LIMITADA;2025-08-31;Títulos públicos federais;64.77
CLASSES - FIF;32.388.058/0001-40;;BRADESCO FIF - CIC RF SIMPLES - RESP LIMITADA;2025-08-31;Depósitos a prazo e outros títulos de instituições financeiras;0.00
CLASSES - FIF;32.388.058/0001-40;;BRADESCO FIF - CIC RF SIMPLES - RESP LIMITADA;2025-08-31;Operações compromissadas lastreadas em títulos públicos federais;33.70
CLASSES - FIF;32.388.058/0001-40;;BRADESCO FIF - CIC RF SIMPLES - RESP LIMITADA;2025-08-31;Títulos públicos federais;64.82
CLASSES - FIF;32.388.077/0001-77;;BRAM CAPITAL II FIF - CLASSE DE INVESTIMENTO RENDA FIXA CRÉDITO PRIVADO - RESP LIMITADA;2025-08-31;Cotas de fundos de investimento 409;3.62
CLASSES - FIF;32.388.077/0001-77;;BRAM CAPITAL II FIF - CLASSE DE INVESTIMENTO RENDA FIXA CRÉDITO PRIVADO - RESP LIMITADA;2025-08-31;Depósitos a prazo e outros títulos de instituições financeiras;32.23
CLASSES - FIF;32.388.077/0001-77;;BRAM CAPITAL II FIF - CLASSE DE INVESTIMENTO RENDA FIXA CRÉDITO PRIVADO - RESP LIMITADA;2025-08-31;Operações compromissadas lastreadas em títulos públicos federais;25.26
CLASSES - FIF;32.388.077/0001-77;;BRAM CAPITAL II FIF - CLASSE DE INVESTIMENTO RENDA FIXA CRÉDITO PRIVADO - RESP LIMITADA;2025-08-31;Outras aplicações;1.53
CLASSES - FIF;32.388.077/0001-77;;BRAM CAPITAL II FIF - CLASSE DE INVESTIMENTO RENDA FIXA CRÉDITO PRIVADO - RESP LIMITADA;2025-08-31;Títulos de crédito privado;37.84
CLASSES - FIF;32.471.624/0001-83;;TIVIO USD SHORT FUNDO DE INVESTIMENTO FINANCEIRO - CIC CAMBIAL - RESP LIMITADA;2025-08-31;Derivativos;-97.12
CLASSES - FIF;32.471.624/0001-83;;TIVIO USD SHORT FUNDO DE INVESTIMENTO FINANCEIRO - CIC CAMBIAL - RESP LIMITADA;2025-08-31;Operações compromissadas lastreadas em títulos públicos federais;19.87
CLASSES - FIF;32.471.624/0001-83;;TIVIO USD SHORT FUNDO DE INVESTIMENTO FINANCEIRO - CIC CAMBIAL - RESP LIMITADA;2025-08-31;Títulos públicos federais;80.26
CLASSES - FIF;32.485.590/0001-86;;TIVIO PLUS FIF - CI RENDA FIXA INCENTIVADO INVESTIMENTO EM INFRAESTRUTURA - RESP LIMITADA;2025-08-31;Operações compromissadas lastreadas em títulos públicos federais;8.00
CLASSES - FIF;32.485.590/0001-86;;TIVIO PLUS FIF - CI RENDA FIXA INCENTIVADO INVESTIMENTO EM INFRAESTRUTURA - RESP LIMITADA;2025-08-31;Títulos de crédito privado;89.14
CLASSES - FIF;32.485.590/0001-86;;TIVIO PLUS FIF - CI RENDA FIXA INCENTIVADO INVESTIMENTO EM INFRAESTRUTURA - RESP LIMITADA;2025-08-31;Títulos públicos federais;2.92
CLASSES - FIF;32.485.602/0001-72;;TIVIO ALOCAÇÃO USD SHORT FIF - CLASSE DE INVESTIMENTO CAMBIAL - RESP LIMITADA;2025-08-31;Derivativos;-97.20
CLASSES - FIF;32.485.602/0001-72;;TIVIO ALOCAÇÃO USD SHORT FIF - CLASSE DE INVESTIMENTO CAMBIAL - RESP LIMITADA;2025-08-31;Operações compromissadas lastreadas em títulos públicos federais;19.89
CLASSES - FIF;32.485.602/0001-72;;TIVIO ALOCAÇÃO USD SHORT FIF - CLASSE DE INVESTIMENTO CAMBIAL - RESP LIMITADA;2025-08-31;Títulos públicos federais;80.32
CLASSES - FIF;32.655.641/0001-70;;TIVIO EQUITY LONG TERM FI FINANCEIRO - CIA - RESP LIMITADA;2025-08-31;Ações;78.04
CLASSES - FIF;32.655.641/0001-70;;TIVIO EQUITY LONG TERM FI FINANCEIRO - CIA - RESP LIMITADA;2025-08-31;Derivativos;9.66
CLASSES - FIF;32.655.641/0001-70;;TIVIO EQUITY LONG TERM FI FINANCEIRO - CIA - RESP LIMITADA;2025-08-31;Operações compromissadas lastreadas em títulos públicos federais;20.79
CLASSES - FIF;32.704.998/0001-00;;AMW OMAHA FUNDO DE INVESTIMENTO FINANCEIRO;2025-08-31;Cotas de Fundos de Investimento 409;102.82
CLASSES - FIF;32.704.998/0001-00;;AMW OMAHA FUNDO DE INVESTIMENTO FINANCEIRO;2025-08-31;Outras Aplicações;-2.69
CLASSES - FIF;32.710.503/0001-47;;CSHG ALLOCATION SHARP IBOVESPA ATIVO FUNDO DE INVESTIMENTO EM COTAS DE FIF AÇÕES - RESP LIMITADA;2025-08-31;Outras Cotas de Fundos de Investimento;100.07
CLASSES - FIF;32.710.503/0001-47;;CSHG ALLOCATION SHARP IBOVESPA ATIVO FUNDO DE INVESTIMENTO EM COTAS DE FIF AÇÕES - RESP LIMITADA;2025-08-31;Outros;0.06
CLASSES - FIF;32.742.225/0001-00;;BRADESCO PORTFÓLIO INFLAÇÃO FI FINANCEIRO - CIC RF - RESP LIMITADA;2025-08-31;Cotas de fundos de investimento 409;3.97
CLASSES - FIF;32.742.225/0001-00;;BRADESCO PORTFÓLIO INFLAÇÃO FI FINANCEIRO - CIC RF - RESP LIMITADA;2025-08-31;Derivativos;0.79
CLASSES - FIF;32.742.225/0001-00;;BRADESCO PORTFÓLIO INFLAÇÃO FI FINANCEIRO - CIC RF - RESP LIMITADA;2025-08-31;Operações compromissadas lastreadas em títulos públicos federais;1.16
CLASSES - FIF;32.742.225/0001-00;;BRADESCO PORTFÓLIO INFLAÇÃO FI FINANCEIRO - CIC RF - RESP LIMITADA;2025-08-31;Títulos públicos federais;94.94
CLASSES - FIF;32.742.599/0001-25;;BRAM INDEX IMA-B FI FINANCEIRO - CI RF - RESP LIMITADA;2025-08-31;Cotas de fundos de investimento 409;9.92
CLASSES - FIF;32.742.599/0001-25;;BRAM INDEX IMA-B FI FINANCEIRO - CI RF - RESP LIMITADA;2025-08-31;Operações compromissadas lastreadas em títulos públicos federais;0.27
CLASSES - FIF;32.742.599/0001-25;;BRAM INDEX IMA-B FI FINANCEIRO - CI RF - RESP LIMITADA;2025-08-31;Títulos públicos federais;89.94
CLASSES - FIF;32.742.636/0001-03;;BRAM INDEX IMA-B5 FI FINANCEIRO - CI RF - RESP LIMITADA;2025-08-31;Derivativos;0.00
CLASSES - FIF;32.742.636/0001-03;;BRAM INDEX IMA-B5 FI FINANCEIRO - CI RF - RESP LIMITADA;2025-08-31;Operações compromissadas lastreadas em títulos públicos federais;0.09
CLASSES - FIF;32.742.636/0001-03;;BRAM INDEX IMA-B5 FI FINANCEIRO - CI RF - RESP LIMITADA;2025-08-31;Títulos públicos federais;99.92
CLASSES - FIF;32.742.742/0001-89;;BRADESCO FIF - CIC RENDA FIXA INFLAÇÃO CURTA - RESPONSABILIDADE LIMITADA;2025-08-31;Derivativos;0.00
CLASSES - FIF;32.742.742/0001-89;;BRADESCO FIF - CIC RENDA FIXA INFLAÇÃO CURTA - RESPONSABILIDADE LIMITADA;2025-08-31;Operações compromissadas lastreadas em títulos públicos federais;0.09
CLASSES - FIF;32.742.742/0001-89;;BRADESCO FIF - CIC RENDA FIXA INFLAÇÃO CURTA - RESPONSABILIDADE LIMITADA;2025-08-31;Títulos públicos federais;99.96
CLASSES - FIF;32.742.869/0001-06;;BRAM BOND II FI FINANCEIRO - CI RF LP - RESP LIMITADA;2025-08-31;Depósitos a prazo e outros títulos de instituições financeiras;23.96
CLASSES - FIF;32.742.869/0001-06;;BRAM BOND II FI FINANCEIRO - CI RF LP - RESP LIMITADA;2025-08-31;Derivativos;10.77
CLASSES - FIF;32.742.869/0001-06;;BRAM BOND II FI FINANCEIRO - CI RF LP - RESP LIMITADA;2025-08-31;Operações compromissadas lastreadas em títulos públicos federais;28.38
CLASSES - FIF;32.742.869/0001-06;;BRAM BOND II FI FINANCEIRO - CI RF LP - RESP LIMITADA;2025-08-31;Títulos de crédito privado;9.39
CLASSES - FIF;32.742.869/0001-06;;BRAM BOND II FI FINANCEIRO - CI RF LP - RESP LIMITADA;2025-08-31;Títulos públicos federais;37.33
CLASSES - FIF;32.743.313/0001-26;;BRADESCO FIF - CIC RENDA FIXA LONGO PRAZO MULTI-ÍNDICES MAX - RESP LIMITADA;2025-08-31;Cotas de fundos de investimento 409;11.55
CLASSES - FIF;32.743.313/0001-26;;BRADESCO FIF - CIC RENDA FIXA LONGO PRAZO MULTI-ÍNDICES MAX - RESP LIMITADA;2025-08-31;Depósitos a prazo e outros títulos de instituições financeiras;12.54
CLASSES - FIF;32.743.313/0001-26;;BRADESCO FIF - CIC RENDA FIXA LONGO PRAZO MULTI-ÍNDICES MAX - RESP LIMITADA;2025-08-31;Derivativos;11.57
CLASSES - FIF;32.743.313/0001-26;;BRADESCO FIF - CIC RENDA FIXA LONGO PRAZO MULTI-ÍNDICES MAX - RESP LIMITADA;2025-08-31;Operações compromissadas lastreadas em títulos públicos federais;27.46
CLASSES - FIF;32.743.313/0001-26;;BRADESCO FIF - CIC RENDA FIXA LONGO PRAZO MULTI-ÍNDICES MAX - RESP LIMITADA;2025-08-31;Títulos públicos federais;48.66
CLASSES - FIF;32.743.384/0001-29;;BRADESCO MULTIGESTORES MAX FI FINANCEIRO - CIC MULT CRED PRIV - RESP LIMITADA;2025-08-31;Cotas de fundos de investimento 409;95.29
CLASSES - FIF;32.743.384/0001-29;;BRADESCO MULTIGESTORES MAX FI FINANCEIRO - CIC MULT CRED PRIV - RESP LIMITADA;2025-08-31;Operações compromissadas lastreadas em títulos públicos federais;0.02
CLASSES - FIF;32.743.483/0001-00;;BRADESCO MULTIGESTORES FI FINANCEIRO - CIC EM AÇÕES - RESP LIMITADA;2025-08-31;Ações;28.31
CLASSES - FIF;32.743.483/0001-00;;BRADESCO MULTIGESTORES FI FINANCEIRO - CIC EM AÇÕES - RESP LIMITADA;2025-08-31;Cotas de fundos de investimento 409;41.11
CLASSES - FIF;32.743.483/0001-00;;BRADESCO MULTIGESTORES FI FINANCEIRO - CIC EM AÇÕES - RESP LIMITADA;2025-08-31;Derivativos;29.30
CLASSES - FIF;32.743.483/0001-00;;BRADESCO MULTIGESTORES FI FINANCEIRO - CIC EM AÇÕES - RESP LIMITADA;2025-08-31;Operações compromissadas lastreadas em títulos públicos federais;9.22
CLASSES - FIF;32.743.483/0001-00;;BRADESCO MULTIGESTORES FI FINANCEIRO - CIC EM AÇÕES - RESP LIMITADA;2025-08-31;Títulos públicos federais;18.77
CLASSES - FIF;32.745.001/0001-51;;GAVEA MACRO A FUNDO DE INVESTIMENTO EM COTAS DE FIF MULTIMERCADO - RESP LIMITADA;2025-08-31;Ações;4.18
CLASSES - FIF;32.745.001/0001-51;;GAVEA MACRO A FUNDO DE INVESTIMENTO EM COTAS DE FIF MULTIMERCADO - RESP LIMITADA;2025-08-31;Derivativos;17.30
CLASSES - FIF;32.745.001/0001-51;;GAVEA MACRO A FUNDO DE INVESTIMENTO EM COTAS DE FIF MULTIMERCADO - RESP LIMITADA;2025-08-31;Investimento no exterior;14.82
CLASSES - FIF;32.745.001/0001-51;;GAVEA MACRO A FUNDO DE INVESTIMENTO EM COTAS DE FIF MULTIMERCADO - RESP LIMITADA;2025-08-31;Operações compromissadas lastreadas em títulos públicos federais;17.49
CLASSES - FIF;32.745.001/0001-51;;GAVEA MACRO A FUNDO DE INVESTIMENTO EM COTAS DE FIF MULTIMERCADO - RESP LIMITADA;2025-08-31;Títulos públicos federais;64.73
CLASSES - FIF;32.760.072/0001-23;;ICATU VANGUARDA CREDIT PLUS MASTER FIF - CLASSE DE INVESTIMENTO RF CRED PRIV - RESP LIMITADA;2025-08-31;Cotas de fundos de investimento 409;17.87
CLASSES - FIF;32.760.072/0001-23;;ICATU VANGUARDA CREDIT PLUS MASTER FIF - CLASSE DE INVESTIMENTO RF CRED PRIV - RESP LIMITADA;2025-08-31;Depósitos a prazo e outros títulos de instituições financeiras;17.60
CLASSES - FIF;32.760.072/0001-23;;ICATU VANGUARDA CREDIT PLUS MASTER FIF - CLASSE DE INVESTIMENTO RF CRED PRIV - RESP LIMITADA;2025-08-31;Operações compromissadas lastreadas em títulos públicos federais;8.13
CLASSES - FIF;32.760.072/0001-23;;ICATU VANGUARDA CREDIT PLUS MASTER FIF - CLASSE DE INVESTIMENTO RF CRED PRIV - RESP LIMITADA;2025-08-31;Títulos de crédito privado;51.38
CLASSES - FIF;32.760.072/0001-23;;ICATU VANGUARDA CREDIT PLUS MASTER FIF - CLASSE DE INVESTIMENTO RF CRED PRIV - RESP LIMITADA;2025-08-31;Títulos públicos federais;2.40
CLASSES - FIF;32.760.138/0001-85;;IBOVESPA ALOCAÇÃO FIF - CLASSE DE INVESTIMENTO EM AÇÕES - RESP LIMITADA;2025-08-31;Cotas de fundos de investimento 409;79.05
CLASSES - FIF;32.760.138/0001-85;;IBOVESPA ALOCAÇÃO FIF - CLASSE DE INVESTIMENTO EM AÇÕES - RESP LIMITADA;2025-08-31;Operações compromissadas lastreadas em títulos públicos federais;0.64
CLASSES - FIF;32.760.138/0001-85;;IBOVESPA ALOCAÇÃO FIF - CLASSE DE INVESTIMENTO EM AÇÕES - RESP LIMITADA;2025-08-31;Títulos públicos federais;1.59
CLASSES - FIF;32.773.560/0001-75;;SULAMÉRICA LONG BIASED FUNDO DE INVESTIMENTO FINANCEIRO MULTIMERCADO DE RESPONSABILIDADE LIMITADA;2025-08-31;Ações;77.92
CLASSES - FIF;32.773.560/0001-75;;SULAMÉRICA LONG BIASED FUNDO DE INVESTIMENTO FINANCEIRO MULTIMERCADO DE RESPONSABILIDADE LIMITADA;2025-08-31;Op. Compromissadas lastreadas em títulos públicos;20.79
CLASSES - FIF;32.773.560/0001-75;;SULAMÉRICA LONG BIASED FUNDO DE INVESTIMENTO FINANCEIRO MULTIMERCADO DE RESPONSABILIDADE LIMITADA;2025-08-31;Outros;1.25
CLASSES - FIF;32.773.560/0001-75;;SULAMÉRICA LONG BIASED FUNDO DE INVESTIMENTO FINANCEIRO MULTIMERCADO DE RESPONSABILIDADE LIMITADA;2025-08-31;Títulos de crédito privado;0.00
CLASSES - FIF;32.773.560/0001-75;;SULAMÉRICA LONG BIASED FUNDO DE INVESTIMENTO FINANCEIRO MULTIMERCADO DE RESPONSABILIDADE LIMITADA;2025-08-31;Títulos público federais;4.59
CLASSES - FIF;32.812.291/0001-09;;NAVI INSTITUCIONAL MASTER FIF  - CLASSE DE INVESTIMENTO EM AÇÕES - RESP  LIMITADA;2025-08-31;Ações;94.57
CLASSES - FIF;32.812.291/0001-09;;NAVI INSTITUCIONAL MASTER FIF  - CLASSE DE INVESTIMENTO EM AÇÕES - RESP  LIMITADA;2025-08-31;Derivativos;4.19
CLASSES - FIF;32.812.291/0001-09;;NAVI INSTITUCIONAL MASTER FIF  - CLASSE DE INVESTIMENTO EM AÇÕES - RESP  LIMITADA;2025-08-31;Operações compromissadas lastreadas em títulos públicos federais;6.03
CLASSES - FIF;32.812.338/0001-34;;NAVI LONG SHORT MASTER FIF - CLASSE DE INVESTIMENTO MULT - RESP LIMITADA;2025-08-31;Ações;74.45
CLASSES - FIF;32.812.338/0001-34;;NAVI LONG SHORT MASTER FIF - CLASSE DE INVESTIMENTO MULT - RESP LIMITADA;2025-08-31;Cotas de fundos de investimento 409;0.80
CLASSES - FIF;32.812.338/0001-34;;NAVI LONG SHORT MASTER FIF - CLASSE DE INVESTIMENTO MULT - RESP LIMITADA;2025-08-31;Investimento no exterior;19.46
CLASSES - FIF;32.812.338/0001-34;;NAVI LONG SHORT MASTER FIF - CLASSE DE INVESTIMENTO MULT - RESP LIMITADA;2025-08-31;Operações compromissadas lastreadas em títulos públicos federais;24.34
CLASSES - FIF;32.812.338/0001-34;;NAVI LONG SHORT MASTER FIF - CLASSE DE INVESTIMENTO MULT - RESP LIMITADA;2025-08-31;Títulos públicos federais;20.86
CLASSES - FIF;32.862.354/0001-31;;BAHIA AM ADVISORY FIF - CLASSE DE INVESTIMENTO EM COTAS MULTIMERCADO - RESP LIMITADA;2025-08-31;Derivativos;-72.11
CLASSES - FIF;32.862.354/0001-31;;BAHIA AM ADVISORY FIF - CLASSE DE INVESTIMENTO EM COTAS MULTIMERCADO - RESP LIMITADA;2025-08-31;Investimento no exterior;8.07
CLASSES - FIF;32.862.354/0001-31;;BAHIA AM ADVISORY FIF - CLASSE DE INVESTIMENTO EM COTAS MULTIMERCADO - RESP LIMITADA;2025-08-31;Operações compromissadas lastreadas em títulos públicos federais;-18.23
CLASSES - FIF;32.862.354/0001-31;;BAHIA AM ADVISORY FIF - CLASSE DE INVESTIMENTO EM COTAS MULTIMERCADO - RESP LIMITADA;2025-08-31;Títulos públicos federais;99.60
CLASSES - FIF;32.892.326/0001-67;;TREND PÓS-FIXADO MASTER FUNDO DE INVESTIMENTO EM RENDA FIXA SIMPLES RESPONSABILIDADE LIMITADA;2025-08-31;Cotas de fundos de investimento 409;2.62
CLASSES - FIF;32.892.326/0001-67;;TREND PÓS-FIXADO MASTER FUNDO DE INVESTIMENTO EM RENDA FIXA SIMPLES RESPONSABILIDADE LIMITADA;2025-08-31;Cotas em Fundos a serem desmembradas;2.62
CLASSES - FIF;32.892.326/0001-67;;TREND PÓS-FIXADO MASTER FUNDO DE INVESTIMENTO EM RENDA FIXA SIMPLES RESPONSABILIDADE LIMITADA;2025-08-31;Operações compromissadas lastreadas em títulos públicos federais;12.39
CLASSES - FIF;32.892.326/0001-67;;TREND PÓS-FIXADO MASTER FUNDO DE INVESTIMENTO EM RENDA FIXA SIMPLES RESPONSABILIDADE LIMITADA;2025-08-31;Títulos públicos federais;84.99
CLASSES - FIF;32.893.503/0001-20;;TREND DI SIMPLES FUNDO DE INVESTIMENTO EM RENDA FIXA SIMPLES RESPONSABILIDADE LIMITADA;2025-08-31;Operações compromissadas lastreadas em títulos públicos federais;8.11
CLASSES - FIF;32.893.503/0001-20;;TREND DI SIMPLES FUNDO DE INVESTIMENTO EM RENDA FIXA SIMPLES RESPONSABILIDADE LIMITADA;2025-08-31;Títulos públicos federais;91.89
CLASSES - FIF;33.269.833/0001-01;;MAJORA ALLOCATION FUNDO DE INVESTIMENTO EM COTAS DE FUNDO DE INVESTIMENTO FINANCEIRO;2025-08-31;Ações;17.11
CLASSES - FIF;33.269.833/0001-01;;MAJORA ALLOCATION FUNDO DE INVESTIMENTO EM COTAS DE FUNDO DE INVESTIMENTO FINANCEIRO;2025-08-31;Cotas de Fundos de Investimento 409;64.06
CLASSES - FIF;33.269.833/0001-01;;MAJORA ALLOCATION FUNDO DE INVESTIMENTO EM COTAS DE FUNDO DE INVESTIMENTO FINANCEIRO;2025-08-31;Outras Aplicações;3.05
CLASSES - FIF;33.269.833/0001-01;;MAJORA ALLOCATION FUNDO DE INVESTIMENTO EM COTAS DE FUNDO DE INVESTIMENTO FINANCEIRO;2025-08-31;Outras Cotas de Fundos de Investimento;15.12
CLASSES - FIF;33.269.833/0001-01;;MAJORA ALLOCATION FUNDO DE INVESTIMENTO EM COTAS DE FUNDO DE INVESTIMENTO FINANCEIRO;2025-08-31;Títulos Públicos Federais;1.56
CLASSES - FIF;33.270.025/0001-64;;SIMÉTRICA BR FUNDO DE INVESTIMENTO FINANCEIRO;2025-08-31;Ações;46.84
CLASSES - FIF;33.270.025/0001-64;;SIMÉTRICA BR FUNDO DE INVESTIMENTO FINANCEIRO;2025-08-31;Cotas de Fundos de Investimento 409;0.32
CLASSES - FIF;33.270.025/0001-64;;SIMÉTRICA BR FUNDO DE INVESTIMENTO FINANCEIRO;2025-08-31;Outras Aplicações;7.60
CLASSES - FIF;33.270.025/0001-64;;SIMÉTRICA BR FUNDO DE INVESTIMENTO FINANCEIRO;2025-08-31;Outras Cotas de Fundos de Investimento;0.20
CLASSES - FIF;33.289.660/0001-93;;VANQUISH LONG BIAS FIC FIM;2025-08-31;Acões;0.00
CLASSES - FIF;33.289.660/0001-93;;VANQUISH LONG BIAS FIC FIM;2025-08-31;Cotas de Fundos de Investimento 555;100.32
CLASSES - FIF;33.289.660/0001-93;;VANQUISH LONG BIAS FIC FIM;2025-08-31;Operacões compromissadas lastreadas em títulos privados;0.00
CLASSES - FIF;33.289.660/0001-93;;VANQUISH LONG BIAS FIC FIM;2025-08-31;Operacões compromissadas lastreadas em títulos públicos federais;0.00
CLASSES - FIF;33.289.660/0001-93;;VANQUISH LONG BIAS FIC FIM;2025-08-31;Títulos Públicos federais;0.00
CLASSES - FIF;33.289.698/0001-66;;VANQUISH IPÊ FIC FIA;2025-08-31;Acões;0.00
CLASSES - FIF;33.289.698/0001-66;;VANQUISH IPÊ FIC FIA;2025-08-31;Cotas de Fundos de Investimento 555;100.49
CLASSES - FIF;33.289.698/0001-66;;VANQUISH IPÊ FIC FIA;2025-08-31;Operacões compromissadas lastreadas em títulos privados;0.00
CLASSES - FIF;33.289.698/0001-66;;VANQUISH IPÊ FIC FIA;2025-08-31;Operacões compromissadas lastreadas em títulos públicos federais;0.00
CLASSES - FIF;33.289.698/0001-66;;VANQUISH IPÊ FIC FIA;2025-08-31;Títulos Públicos federais;0.00
CLASSES - FIF;33.341.984/0001-23;;VANQUISH AÇÕES IPÊ MASTER FIA;2025-08-31;Acões;84.47
CLASSES - FIF;33.341.984/0001-23;;VANQUISH AÇÕES IPÊ MASTER FIA;2025-08-31;Cotas de Fundos de Investimento 555;8.96
CLASSES - FIF;33.341.984/0001-23;;VANQUISH AÇÕES IPÊ MASTER FIA;2025-08-31;Depósito a prazo e outros títulos de instituições financeiras;1.24
CLASSES - FIF;33.341.984/0001-23;;VANQUISH AÇÕES IPÊ MASTER FIA;2025-08-31;Operacões compromissadas lastreadas em títulos privados;0.00
CLASSES - FIF;33.341.984/0001-23;;VANQUISH AÇÕES IPÊ MASTER FIA;2025-08-31;Títulos Públicos federais;5.33
CLASSES - FIF;33.624.201/0001-19;;4UM VALOR INSTITUCIONAL FIF - CLASSE DE INVESTIMENTO EM AÇÕES - RESPONSABILIDADE LIMITADA;2025-08-31;Ações;88.36
CLASSES - FIF;33.624.201/0001-19;;4UM VALOR INSTITUCIONAL FIF - CLASSE DE INVESTIMENTO EM AÇÕES - RESPONSABILIDADE LIMITADA;2025-08-31;Operações compromissadas lastreadas em títulos públicos federais;10.35
CLASSES - FIF;33.769.079/0001-79;;NAVI INSTITUCIONAL A FIF - CLASSE DE INVESTIMENTO EM COTAS DE AÇÕES - RESP LIMITADA;2025-08-31;Ações;94.60
CLASSES - FIF;33.769.079/0001-79;;NAVI INSTITUCIONAL A FIF - CLASSE DE INVESTIMENTO EM COTAS DE AÇÕES - RESP LIMITADA;2025-08-31;Derivativos;4.19
CLASSES - FIF;33.769.079/0001-79;;NAVI INSTITUCIONAL A FIF - CLASSE DE INVESTIMENTO EM COTAS DE AÇÕES - RESP LIMITADA;2025-08-31;Operações compromissadas lastreadas em títulos públicos federais;6.08
CLASSES - FIF;33.786.226/0001-19;;AMARIL FRANKLIN FUNDO DE INVESTIMENTO FINANCEIRO  MULTIMERCADO - CRÉDITO PRIVADO - RESP LIMITADA;2025-08-31;Cotas de fundos de investimento 409;28.00
CLASSES - FIF;33.786.226/0001-19;;AMARIL FRANKLIN FUNDO DE INVESTIMENTO FINANCEIRO  MULTIMERCADO - CRÉDITO PRIVADO - RESP LIMITADA;2025-08-31;Depósitos a prazo e outros títulos de instituições financeiras;68.41
CLASSES - FIF;33.786.226/0001-19;;AMARIL FRANKLIN FUNDO DE INVESTIMENTO FINANCEIRO  MULTIMERCADO - CRÉDITO PRIVADO - RESP LIMITADA;2025-08-31;Operações compromissadas lastreadas em títulos públicos federais;1.04
CLASSES - FIF;33.786.226/0001-19;;AMARIL FRANKLIN FUNDO DE INVESTIMENTO FINANCEIRO  MULTIMERCADO - CRÉDITO PRIVADO - RESP LIMITADA;2025-08-31;Títulos públicos federais;2.60
CLASSES - FIF;33.863.652/0001-09;;BANRISUL MULTIMERCADO LIVRE FUNDO DE INVESTIMENTO FINANCEIRO LONGO PRAZO RESPONSABILIDADE LIMITADA;2025-08-31;COTAS DE FUNDOS DE INVESTIMENTO 409;8.51
CLASSES - FIF;33.863.652/0001-09;;BANRISUL MULTIMERCADO LIVRE FUNDO DE INVESTIMENTO FINANCEIRO LONGO PRAZO RESPONSABILIDADE LIMITADA;2025-08-31;DERIVATIVOS;-18.04
CLASSES - FIF;33.863.652/0001-09;;BANRISUL MULTIMERCADO LIVRE FUNDO DE INVESTIMENTO FINANCEIRO LONGO PRAZO RESPONSABILIDADE LIMITADA;2025-08-31;DERIVATIVOS;-18.04
CLASSES - FIF;33.863.652/0001-09;;BANRISUL MULTIMERCADO LIVRE FUNDO DE INVESTIMENTO FINANCEIRO LONGO PRAZO RESPONSABILIDADE LIMITADA;2025-08-31;OPERAÇÕES COMPROMISSADAS LASTREADAS EM TÍTULOS PÚBLICOS FEDERAIS;18.11
CLASSES - FIF;33.863.652/0001-09;;BANRISUL MULTIMERCADO LIVRE FUNDO DE INVESTIMENTO FINANCEIRO LONGO PRAZO RESPONSABILIDADE LIMITADA;2025-08-31;TÍTULOS PÚBLICOS FEDERAIS;72.69
CLASSES - FIF;34.028.054/0001-87;;BRADESCO FIF - CLASSE DE INVESTIMENTO EM RF LP MULTI-ÍNDICES PLUS - RESP LIMITADA;2025-08-31;Cotas de fundos de investimento 409;12.86
CLASSES - FIF;34.028.054/0001-87;;BRADESCO FIF - CLASSE DE INVESTIMENTO EM RF LP MULTI-ÍNDICES PLUS - RESP LIMITADA;2025-08-31;Depósitos a prazo e outros títulos de instituições financeiras;14.11
CLASSES - FIF;34.028.054/0001-87;;BRADESCO FIF - CLASSE DE INVESTIMENTO EM RF LP MULTI-ÍNDICES PLUS - RESP LIMITADA;2025-08-31;Derivativos;8.57
CLASSES - FIF;34.028.054/0001-87;;BRADESCO FIF - CLASSE DE INVESTIMENTO EM RF LP MULTI-ÍNDICES PLUS - RESP LIMITADA;2025-08-31;Operações compromissadas lastreadas em títulos públicos federais;25.98
CLASSES - FIF;34.028.054/0001-87;;BRADESCO FIF - CLASSE DE INVESTIMENTO EM RF LP MULTI-ÍNDICES PLUS - RESP LIMITADA;2025-08-31;Títulos públicos federais;47.28
CLASSES - FIF;34.028.082/0001-02;;BRADESCO FIF - CIC DE AÇÕES BDR NÍVEL I PLUS - RESP LIMITADA;2025-08-31;Ações;65.38
CLASSES - FIF;34.028.082/0001-02;;BRADESCO FIF - CIC DE AÇÕES BDR NÍVEL I PLUS - RESP LIMITADA;2025-08-31;Cotas de fundos de investimento 409;15.81
CLASSES - FIF;34.028.082/0001-02;;BRADESCO FIF - CIC DE AÇÕES BDR NÍVEL I PLUS - RESP LIMITADA;2025-08-31;Investimento no exterior;17.64
CLASSES - FIF;34.028.082/0001-02;;BRADESCO FIF - CIC DE AÇÕES BDR NÍVEL I PLUS - RESP LIMITADA;2025-08-31;Operações compromissadas lastreadas em títulos públicos federais;1.33
CLASSES - FIF;34.054.867/0001-41;;BRADESCO ASSET SMALL CAPS FI FINANCEIRO - CIC EM AÇÕES - RESP LIMITADA;2025-08-31;Ações;96.88
CLASSES - FIF;34.054.867/0001-41;;BRADESCO ASSET SMALL CAPS FI FINANCEIRO - CIC EM AÇÕES - RESP LIMITADA;2025-08-31;Operações compromissadas lastreadas em títulos públicos federais;2.64
CLASSES - FIF;34.054.876/0001-32;;BRADESCO KADIMA FIF - CLASSE DE INVESTIMENTO EM COTAS MULTIMERCADO - RESP LIMITADA;2025-08-31;Cotas de fundos de investimento 409;99.23
CLASSES - FIF;34.054.876/0001-32;;BRADESCO KADIMA FIF - CLASSE DE INVESTIMENTO EM COTAS MULTIMERCADO - RESP LIMITADA;2025-08-31;Operações compromissadas lastreadas em títulos públicos federais;0.23
CLASSES - FIF;34.054.876/0001-32;;BRADESCO KADIMA FIF - CLASSE DE INVESTIMENTO EM COTAS MULTIMERCADO - RESP LIMITADA;2025-08-31;Títulos públicos federais;0.58
CLASSES - FIF;34.054.886/0001-78;;BRADESCO BNP PARIBAS FIF - CIC RF INCENTIVADO DE INVESTIMENTO EM INFRAESTRUTURA - RESP LIMITADA;2025-08-31;Cotas de fundos de investimento 409;98.74
CLASSES - FIF;34.054.886/0001-78;;BRADESCO BNP PARIBAS FIF - CIC RF INCENTIVADO DE INVESTIMENTO EM INFRAESTRUTURA - RESP LIMITADA;2025-08-31;Operações compromissadas lastreadas em títulos públicos federais;0.36
CLASSES - FIF;34.054.886/0001-78;;BRADESCO BNP PARIBAS FIF - CIC RF INCENTIVADO DE INVESTIMENTO EM INFRAESTRUTURA - RESP LIMITADA;2025-08-31;Títulos públicos federais;0.91
CLASSES - FIF;34.054.934/0001-28;;BRADESCO CORPORATE FUNDO DE INVESTIMENTO EM COTAS FIF RF REFERENCIADA DI MAX - RESP LIMITADA;2025-08-31;Cotas de fundos de investimento 409;1.90
CLASSES - FIF;34.054.934/0001-28;;BRADESCO CORPORATE FUNDO DE INVESTIMENTO EM COTAS FIF RF REFERENCIADA DI MAX - RESP LIMITADA;2025-08-31;Depósitos a prazo e outros títulos de instituições financeiras;26.89
CLASSES - FIF;34.054.934/0001-28;;BRADESCO CORPORATE FUNDO DE INVESTIMENTO EM COTAS FIF RF REFERENCIADA DI MAX - RESP LIMITADA;2025-08-31;Operações compromissadas lastreadas em títulos públicos federais;45.11
CLASSES - FIF;34.054.934/0001-28;;BRADESCO CORPORATE FUNDO DE INVESTIMENTO EM COTAS FIF RF REFERENCIADA DI MAX - RESP LIMITADA;2025-08-31;Títulos de crédito privado;11.10
CLASSES - FIF;34.054.934/0001-28;;BRADESCO CORPORATE FUNDO DE INVESTIMENTO EM COTAS FIF RF REFERENCIADA DI MAX - RESP LIMITADA;2025-08-31;Títulos públicos federais;15.02
CLASSES - FIF;34.080.987/0001-13;;BRADESCO FIF DEDICADO ANS - CLASSE DE INVESTIMENTO RENDA FIXA CRÉDITO PRIVADO - RESP LIMITADA;2025-08-31;Depósitos a prazo e outros títulos de instituições financeiras;22.60
CLASSES - FIF;34.080.987/0001-13;;BRADESCO FIF DEDICADO ANS - CLASSE DE INVESTIMENTO RENDA FIXA CRÉDITO PRIVADO - RESP LIMITADA;2025-08-31;Derivativos;10.24
CLASSES - FIF;34.080.987/0001-13;;BRADESCO FIF DEDICADO ANS - CLASSE DE INVESTIMENTO RENDA FIXA CRÉDITO PRIVADO - RESP LIMITADA;2025-08-31;Operações compromissadas lastreadas em títulos públicos federais;16.35
CLASSES - FIF;34.080.987/0001-13;;BRADESCO FIF DEDICADO ANS - CLASSE DE INVESTIMENTO RENDA FIXA CRÉDITO PRIVADO - RESP LIMITADA;2025-08-31;Títulos de crédito privado;39.27
CLASSES - FIF;34.080.987/0001-13;;BRADESCO FIF DEDICADO ANS - CLASSE DE INVESTIMENTO RENDA FIXA CRÉDITO PRIVADO - RESP LIMITADA;2025-08-31;Títulos públicos federais;19.78
CLASSES - FIF;34.081.002/0001-74;;CONEXÃO GARIN FIF - CLASSE DE INVESTIMENTO EM COTAS MULTIMERCADO - RESP LIMITADA;2025-08-31;Cotas de fundos de investimento 409;99.82
CLASSES - FIF;34.081.012/0001-00;;CONEXÃO CANVAS VECTOR FIF - CIC MULTIMERCADO - RESPONSABILIDADE LIMITADA;2025-08-31;Cotas de fundos de investimento 409;99.60
CLASSES - FIF;34.081.012/0001-00;;CONEXÃO CANVAS VECTOR FIF - CIC MULTIMERCADO - RESPONSABILIDADE LIMITADA;2025-08-31;Operações compromissadas lastreadas em títulos públicos federais;0.13
CLASSES - FIF;34.081.012/0001-00;;CONEXÃO CANVAS VECTOR FIF - CIC MULTIMERCADO - RESPONSABILIDADE LIMITADA;2025-08-31;Títulos públicos federais;0.32
CLASSES - FIF;34.081.022/0001-45;;BNP PARIBAS RUBI ÁGORA FIF - CIC RF CRÉDITO PRIVADO - RESP LIMITADA;2025-08-31;Cotas de fundos de investimento 409;99.40
CLASSES - FIF;34.081.022/0001-45;;BNP PARIBAS RUBI ÁGORA FIF - CIC RF CRÉDITO PRIVADO - RESP LIMITADA;2025-08-31;Operações compromissadas lastreadas em títulos públicos federais;0.17
CLASSES - FIF;34.081.022/0001-45;;BNP PARIBAS RUBI ÁGORA FIF - CIC RF CRÉDITO PRIVADO - RESP LIMITADA;2025-08-31;Títulos públicos federais;0.43
CLASSES - FIF;34.081.031/0001-36;;CANVAS VECTOR ÁGORA FIF - CLASSE DE INVESTIMENTO EM COTAS MULTIMERCADO - RESP LIMITADA;2025-08-31;Cotas de fundos de investimento 409;99.47
CLASSES - FIF;34.081.031/0001-36;;CANVAS VECTOR ÁGORA FIF - CLASSE DE INVESTIMENTO EM COTAS MULTIMERCADO - RESP LIMITADA;2025-08-31;Operações compromissadas lastreadas em títulos públicos federais;0.10
CLASSES - FIF;34.081.031/0001-36;;CANVAS VECTOR ÁGORA FIF - CLASSE DE INVESTIMENTO EM COTAS MULTIMERCADO - RESP LIMITADA;2025-08-31;Títulos públicos federais;0.25
CLASSES - FIF;34.081.041/0001-71;;BRADESCO CORPORATE FIC DE FIF RENDA FIXA REFERENCIADA DI PLUS - RESPONSABILIDADE LIMITADA;2025-08-31;Cotas de fundos de investimento 409;1.90
CLASSES - FIF;34.081.041/0001-71;;BRADESCO CORPORATE FIC DE FIF RENDA FIXA REFERENCIADA DI PLUS - RESPONSABILIDADE LIMITADA;2025-08-31;Depósitos a prazo e outros títulos de instituições financeiras;26.94
CLASSES - FIF;34.081.041/0001-71;;BRADESCO CORPORATE FIC DE FIF RENDA FIXA REFERENCIADA DI PLUS - RESPONSABILIDADE LIMITADA;2025-08-31;Operações compromissadas lastreadas em títulos públicos federais;45.08
CLASSES - FIF;34.081.041/0001-71;;BRADESCO CORPORATE FIC DE FIF RENDA FIXA REFERENCIADA DI PLUS - RESPONSABILIDADE LIMITADA;2025-08-31;Títulos de crédito privado;11.12
CLASSES - FIF;34.081.041/0001-71;;BRADESCO CORPORATE FIC DE FIF RENDA FIXA REFERENCIADA DI PLUS - RESPONSABILIDADE LIMITADA;2025-08-31;Títulos públicos federais;14.97
CLASSES - FIF;34.081.049/0001-38;;BRADESCO CORPORATE FIF -CLASSE DE INVESTIMENTO EM COTAS RENDA FIXA SIMPLES - RESP LIMITADA;2025-08-31;Depósitos a prazo e outros títulos de instituições financeiras;0.00
CLASSES - FIF;34.081.049/0001-38;;BRADESCO CORPORATE FIF -CLASSE DE INVESTIMENTO EM COTAS RENDA FIXA SIMPLES - RESP LIMITADA;2025-08-31;Operações compromissadas lastreadas em títulos públicos federais;33.68
CLASSES - FIF;34.081.049/0001-38;;BRADESCO CORPORATE FIF -CLASSE DE INVESTIMENTO EM COTAS RENDA FIXA SIMPLES - RESP LIMITADA;2025-08-31;Títulos públicos federais;64.77
CLASSES - FIF;34.081.135/0001-40;;NAVI ESTRATÉGIA LS FUNDO DE INVESTIMENTO FINANCEIRO - CIC MULTIMERCADO - RESP LIMITADA;2025-08-31;Ações;74.47
CLASSES - FIF;34.081.135/0001-40;;NAVI ESTRATÉGIA LS FUNDO DE INVESTIMENTO FINANCEIRO - CIC MULTIMERCADO - RESP LIMITADA;2025-08-31;Cotas de fundos de investimento 409;0.80
CLASSES - FIF;34.081.135/0001-40;;NAVI ESTRATÉGIA LS FUNDO DE INVESTIMENTO FINANCEIRO - CIC MULTIMERCADO - RESP LIMITADA;2025-08-31;Investimento no exterior;19.46
CLASSES - FIF;34.081.135/0001-40;;NAVI ESTRATÉGIA LS FUNDO DE INVESTIMENTO FINANCEIRO - CIC MULTIMERCADO - RESP LIMITADA;2025-08-31;Operações compromissadas lastreadas em títulos públicos federais;24.42
CLASSES - FIF;34.081.135/0001-40;;NAVI ESTRATÉGIA LS FUNDO DE INVESTIMENTO FINANCEIRO - CIC MULTIMERCADO - RESP LIMITADA;2025-08-31;Títulos públicos federais;20.87
CLASSES - FIF;34.081.162/0001-13;;NAVI LS RED FIF - CLASSE DE INVESTIMENTO EM COTAS MULTIMERCADO - RESP LIMITADA;2025-08-31;Ações;74.46
CLASSES - FIF;34.081.162/0001-13;;NAVI LS RED FIF - CLASSE DE INVESTIMENTO EM COTAS MULTIMERCADO - RESP LIMITADA;2025-08-31;Cotas de fundos de investimento 409;0.80
CLASSES - FIF;34.081.162/0001-13;;NAVI LS RED FIF - CLASSE DE INVESTIMENTO EM COTAS MULTIMERCADO - RESP LIMITADA;2025-08-31;Investimento no exterior;19.46
CLASSES - FIF;34.081.162/0001-13;;NAVI LS RED FIF - CLASSE DE INVESTIMENTO EM COTAS MULTIMERCADO - RESP LIMITADA;2025-08-31;Operações compromissadas lastreadas em títulos públicos federais;24.51
CLASSES - FIF;34.081.162/0001-13;;NAVI LS RED FIF - CLASSE DE INVESTIMENTO EM COTAS MULTIMERCADO - RESP LIMITADA;2025-08-31;Títulos públicos federais;20.87
CLASSES - FIF;34.081.172/0001-59;;NAVI LS BB FUNDO DE INVESTIMENTO FINANCEIRO - CIC MULTIMERCADO - RESP LIMITADA;2025-08-31;Ações;74.42
CLASSES - FIF;34.081.172/0001-59;;NAVI LS BB FUNDO DE INVESTIMENTO FINANCEIRO - CIC MULTIMERCADO - RESP LIMITADA;2025-08-31;Cotas de fundos de investimento 409;0.80
CLASSES - FIF;34.081.172/0001-59;;NAVI LS BB FUNDO DE INVESTIMENTO FINANCEIRO - CIC MULTIMERCADO - RESP LIMITADA;2025-08-31;Investimento no exterior;19.45
CLASSES - FIF;34.081.172/0001-59;;NAVI LS BB FUNDO DE INVESTIMENTO FINANCEIRO - CIC MULTIMERCADO - RESP LIMITADA;2025-08-31;Operações compromissadas lastreadas em títulos públicos federais;24.38
CLASSES - FIF;34.081.172/0001-59;;NAVI LS BB FUNDO DE INVESTIMENTO FINANCEIRO - CIC MULTIMERCADO - RESP LIMITADA;2025-08-31;Títulos públicos federais;20.86
CLASSES - FIF;34.081.223/0001-42;;IBIUNA LONG SHORT RED FIF - CIC MULTIMERCADO - RESPONSABILIDADE LIMITADA;2025-08-31;Ações;57.24
CLASSES - FIF;34.081.223/0001-42;;IBIUNA LONG SHORT RED FIF - CIC MULTIMERCADO - RESPONSABILIDADE LIMITADA;2025-08-31;Cotas de fundos de investimento 409;0.46
CLASSES - FIF;34.081.223/0001-42;;IBIUNA LONG SHORT RED FIF - CIC MULTIMERCADO - RESPONSABILIDADE LIMITADA;2025-08-31;Investimento no exterior;17.80
CLASSES - FIF;34.081.223/0001-42;;IBIUNA LONG SHORT RED FIF - CIC MULTIMERCADO - RESPONSABILIDADE LIMITADA;2025-08-31;Operações compromissadas lastreadas em títulos públicos federais;11.03
CLASSES - FIF;34.081.223/0001-42;;IBIUNA LONG SHORT RED FIF - CIC MULTIMERCADO - RESPONSABILIDADE LIMITADA;2025-08-31;Títulos públicos federais;58.48
CLASSES - FIF;34.081.230/0001-44;;BAHIA AM LONG BIASED E FIF - CIC MULTIMERCADO - RESPONSABILIDADE LIMITADA;2025-08-31;Ações;62.72
CLASSES - FIF;34.081.230/0001-44;;BAHIA AM LONG BIASED E FIF - CIC MULTIMERCADO - RESPONSABILIDADE LIMITADA;2025-08-31;Derivativos;19.69
CLASSES - FIF;34.081.230/0001-44;;BAHIA AM LONG BIASED E FIF - CIC MULTIMERCADO - RESPONSABILIDADE LIMITADA;2025-08-31;Investimento no exterior;16.62
CLASSES - FIF;34.081.230/0001-44;;BAHIA AM LONG BIASED E FIF - CIC MULTIMERCADO - RESPONSABILIDADE LIMITADA;2025-08-31;Operações compromissadas lastreadas em títulos públicos federais;27.76
CLASSES - FIF;34.081.230/0001-44;;BAHIA AM LONG BIASED E FIF - CIC MULTIMERCADO - RESPONSABILIDADE LIMITADA;2025-08-31;Títulos públicos federais;28.36
CLASSES - FIF;34.081.246/0001-57;;BAHIA AM LONG BIASED RED FIF - CIC MULTIMERCADO - RESPONSABILIDADE LIMITADA;2025-08-31;Ações;62.86
CLASSES - FIF;34.081.246/0001-57;;BAHIA AM LONG BIASED RED FIF - CIC MULTIMERCADO - RESPONSABILIDADE LIMITADA;2025-08-31;Derivativos;19.73
CLASSES - FIF;34.081.246/0001-57;;BAHIA AM LONG BIASED RED FIF - CIC MULTIMERCADO - RESPONSABILIDADE LIMITADA;2025-08-31;Investimento no exterior;16.66
CLASSES - FIF;34.081.246/0001-57;;BAHIA AM LONG BIASED RED FIF - CIC MULTIMERCADO - RESPONSABILIDADE LIMITADA;2025-08-31;Operações compromissadas lastreadas em títulos públicos federais;27.73
CLASSES - FIF;34.081.246/0001-57;;BAHIA AM LONG BIASED RED FIF - CIC MULTIMERCADO - RESPONSABILIDADE LIMITADA;2025-08-31;Títulos públicos federais;28.42
CLASSES - FIF;34.109.613/0001-83;;BRADESCO ALOCAÇÃO ARROJADA ÁGORA FC - CIC MULT - RESP LIMITADA;2025-08-31;Cotas de fundos de investimento 409;79.40
CLASSES - FIF;34.109.613/0001-83;;BRADESCO ALOCAÇÃO ARROJADA ÁGORA FC - CIC MULT - RESP LIMITADA;2025-08-31;Operações compromissadas lastreadas em títulos públicos federais;6.50
CLASSES - FIF;34.109.613/0001-83;;BRADESCO ALOCAÇÃO ARROJADA ÁGORA FC - CIC MULT - RESP LIMITADA;2025-08-31;Títulos públicos federais;14.01
CLASSES - FIF;34.109.625/0001-08;;BRADESCO ÁGORA BDR NÍVEL I - FIF -  CIC EM AÇÕES - RESPONSABILIDADE LIMITADA.;2025-08-31;Ações;65.26
CLASSES - FIF;34.109.625/0001-08;;BRADESCO ÁGORA BDR NÍVEL I - FIF -  CIC EM AÇÕES - RESPONSABILIDADE LIMITADA.;2025-08-31;Cotas de fundos de investimento 409;17.05
CLASSES - FIF;34.109.625/0001-08;;BRADESCO ÁGORA BDR NÍVEL I - FIF -  CIC EM AÇÕES - RESPONSABILIDADE LIMITADA.;2025-08-31;Investimento no exterior;16.66
CLASSES - FIF;34.109.625/0001-08;;BRADESCO ÁGORA BDR NÍVEL I - FIF -  CIC EM AÇÕES - RESPONSABILIDADE LIMITADA.;2025-08-31;Operações compromissadas lastreadas em títulos públicos federais;1.06
CLASSES - FIF;34.109.636/0001-98;;BRADESCO ALOCAÇÃO MODERADA ÁGORA FC - CIC MULT - RESP LIMITADA;2025-08-31;Cotas de fundos de investimento 409;7.69
CLASSES - FIF;34.109.636/0001-98;;BRADESCO ALOCAÇÃO MODERADA ÁGORA FC - CIC MULT - RESP LIMITADA;2025-08-31;Derivativos;13.49
CLASSES - FIF;34.109.636/0001-98;;BRADESCO ALOCAÇÃO MODERADA ÁGORA FC - CIC MULT - RESP LIMITADA;2025-08-31;Operações compromissadas lastreadas em títulos públicos federais;22.85
CLASSES - FIF;34.109.636/0001-98;;BRADESCO ALOCAÇÃO MODERADA ÁGORA FC - CIC MULT - RESP LIMITADA;2025-08-31;Títulos públicos federais;69.39
CLASSES - FIF;34.109.644/0001-34;;BRADESCO ALOCAÇÃO DINÂMICA ÁGORA FIF -  CIC MULTIMERCADO - RESPONSABILIDADE LIMITADA;2025-08-31;Cotas de fundos de investimento 409;67.09
CLASSES - FIF;34.109.644/0001-34;;BRADESCO ALOCAÇÃO DINÂMICA ÁGORA FIF -  CIC MULTIMERCADO - RESPONSABILIDADE LIMITADA;2025-08-31;Operações compromissadas lastreadas em títulos públicos federais;10.32
CLASSES - FIF;34.109.644/0001-34;;BRADESCO ALOCAÇÃO DINÂMICA ÁGORA FIF -  CIC MULTIMERCADO - RESPONSABILIDADE LIMITADA;2025-08-31;Títulos públicos federais;22.24
CLASSES - FIF;34.109.663/0001-60;;ÁGORA DIVIDENDOS INDEX FIF - CLASSE DE INVESTIMENTO EM AÇÕES - RESP LIMITADA;2025-08-31;Ações;97.99
CLASSES - FIF;34.109.663/0001-60;;ÁGORA DIVIDENDOS INDEX FIF - CLASSE DE INVESTIMENTO EM AÇÕES - RESP LIMITADA;2025-08-31;Derivativos;1.93
CLASSES - FIF;34.109.663/0001-60;;ÁGORA DIVIDENDOS INDEX FIF - CLASSE DE INVESTIMENTO EM AÇÕES - RESP LIMITADA;2025-08-31;Operações compromissadas lastreadas em títulos públicos federais;2.59
CLASSES - FIF;34.109.668/0001-93;;ÁGORA TOP 10 INDEX FIF - CLASSE DE INVESTIMENTO AÇÕES - RESPONSABILIDADE LIMITADA;2025-08-31;Ações;98.36
CLASSES - FIF;34.109.668/0001-93;;ÁGORA TOP 10 INDEX FIF - CLASSE DE INVESTIMENTO AÇÕES - RESPONSABILIDADE LIMITADA;2025-08-31;Derivativos;1.41
CLASSES - FIF;34.109.668/0001-93;;ÁGORA TOP 10 INDEX FIF - CLASSE DE INVESTIMENTO AÇÕES - RESPONSABILIDADE LIMITADA;2025-08-31;Operações compromissadas lastreadas em títulos públicos federais;2.82
CLASSES - FIF;34.109.677/0001-84;;ÁGORA SMALL CAPS INDEX FIF - CLASSE DE INVESTIMENTO AÇÕES - RESPONSABILIDADE LIMITADA;2025-08-31;Ações;98.92
CLASSES - FIF;34.109.677/0001-84;;ÁGORA SMALL CAPS INDEX FIF - CLASSE DE INVESTIMENTO AÇÕES - RESPONSABILIDADE LIMITADA;2025-08-31;Derivativos;0.73
CLASSES - FIF;34.109.677/0001-84;;ÁGORA SMALL CAPS INDEX FIF - CLASSE DE INVESTIMENTO AÇÕES - RESPONSABILIDADE LIMITADA;2025-08-31;Operações compromissadas lastreadas em títulos públicos federais;0.41
CLASSES - FIF;34.109.690/0001-33;;ÁGORA ARROJADA INDEX FIF -CLASSE DE INVESTIMENTO AÇÕES - RESPONSABILIDADE LIMITADA;2025-08-31;Ações;98.83
CLASSES - FIF;34.109.690/0001-33;;ÁGORA ARROJADA INDEX FIF -CLASSE DE INVESTIMENTO AÇÕES - RESPONSABILIDADE LIMITADA;2025-08-31;Derivativos;1.15
CLASSES - FIF;34.109.690/0001-33;;ÁGORA ARROJADA INDEX FIF -CLASSE DE INVESTIMENTO AÇÕES - RESPONSABILIDADE LIMITADA;2025-08-31;Operações compromissadas lastreadas em títulos públicos federais;0.99
CLASSES - FIF;34.109.756/0001-95;;CONEXÃO AZ QUEST ALTRO FIF - CLASSE DE INVESTIMENTO EM COTAS MULT CRÉDITO PRIVADO - RESP LIMITADA;2025-08-31;Cotas de fundos de investimento 409;99.48
CLASSES - FIF;34.109.756/0001-95;;CONEXÃO AZ QUEST ALTRO FIF - CLASSE DE INVESTIMENTO EM COTAS MULT CRÉDITO PRIVADO - RESP LIMITADA;2025-08-31;Operações compromissadas lastreadas em títulos públicos federais;0.17
CLASSES - FIF;34.109.756/0001-95;;CONEXÃO AZ QUEST ALTRO FIF - CLASSE DE INVESTIMENTO EM COTAS MULT CRÉDITO PRIVADO - RESP LIMITADA;2025-08-31;Títulos públicos federais;0.43
CLASSES - FIF;34.109.764/0001-31;;CONEXÃO AZ QUEST TOP LONG BIASED FIF - CIC AÇÕES - RESPONSABILIDADE LIMITADA;2025-08-31;Cotas de fundos de investimento 409;98.48
CLASSES - FIF;34.109.764/0001-31;;CONEXÃO AZ QUEST TOP LONG BIASED FIF - CIC AÇÕES - RESPONSABILIDADE LIMITADA;2025-08-31;Operações compromissadas lastreadas em títulos públicos federais;0.25
CLASSES - FIF;34.109.764/0001-31;;CONEXÃO AZ QUEST TOP LONG BIASED FIF - CIC AÇÕES - RESPONSABILIDADE LIMITADA;2025-08-31;Títulos públicos federais;0.62
CLASSES - FIF;34.109.771/0001-33;;BRADESCO AZ QUEST TOP LONG BIASED FIF - CLASSE DE INVESTIMENTO EM COTAS DE AÇÕES - RESP LIMITADA;2025-08-31;Cotas de fundos de investimento 409;99.76
CLASSES - FIF;34.109.771/0001-33;;BRADESCO AZ QUEST TOP LONG BIASED FIF - CLASSE DE INVESTIMENTO EM COTAS DE AÇÕES - RESP LIMITADA;2025-08-31;Operações compromissadas lastreadas em títulos públicos federais;0.08
CLASSES - FIF;34.109.771/0001-33;;BRADESCO AZ QUEST TOP LONG BIASED FIF - CLASSE DE INVESTIMENTO EM COTAS DE AÇÕES - RESP LIMITADA;2025-08-31;Títulos públicos federais;0.19
CLASSES - FIF;34.109.794/0001-48;;CONEXÃO GLOBAL STOCK INDEX FIF - CIC DE AÇÕES - RESPONSABILIDADE LIMITADA;2025-08-31;Investimento no exterior;99.68
CLASSES - FIF;34.109.809/0001-78;;BRADESCO ZUPO FI FINANCEIRO - CIC RF CRED PRIV LP - RESP LIMITADA;2025-08-31;Cotas de fundos de investimento 409;5.29
CLASSES - FIF;34.109.809/0001-78;;BRADESCO ZUPO FI FINANCEIRO - CIC RF CRED PRIV LP - RESP LIMITADA;2025-08-31;Depósitos a prazo e outros títulos de instituições financeiras;32.24
CLASSES - FIF;34.109.809/0001-78;;BRADESCO ZUPO FI FINANCEIRO - CIC RF CRED PRIV LP - RESP LIMITADA;2025-08-31;Operações compromissadas lastreadas em títulos públicos federais;25.27
CLASSES - FIF;34.109.809/0001-78;;BRADESCO ZUPO FI FINANCEIRO - CIC RF CRED PRIV LP - RESP LIMITADA;2025-08-31;Títulos de crédito privado;37.86
CLASSES - FIF;34.109.809/0001-78;;BRADESCO ZUPO FI FINANCEIRO - CIC RF CRED PRIV LP - RESP LIMITADA;2025-08-31;Títulos públicos federais;0.83
CLASSES - FIF;34.109.825/0001-60;;BRADESCO EMPRESARIAL PLUS FI FINANCEIRO - CIC RF CRED PRIV - RESP LIMITADA;2025-08-31;Cotas de fundos de investimento 409;100.03
CLASSES - FIF;34.109.838/0001-30;;BRASIL CAPITAL 30 ÁGORA FIF - CLASSE DE INVESTIMENTO EM COTAS DE AÇÕES - RESP LIMITADA;2025-08-31;Cotas de fundos de investimento 409;99.89
CLASSES - FIF;34.109.840/0001-09;;BRADESCO BRASIL CAPITAL 30 FIF - CLASSE DE INVESTIMENTO EM COTAS AÇÕES - RESP LIMITADA;2025-08-31;Cotas de fundos de investimento 409;99.49
CLASSES - FIF;34.109.840/0001-09;;BRADESCO BRASIL CAPITAL 30 FIF - CLASSE DE INVESTIMENTO EM COTAS AÇÕES - RESP LIMITADA;2025-08-31;Operações compromissadas lastreadas em títulos públicos federais;0.14
CLASSES - FIF;34.109.840/0001-09;;BRADESCO BRASIL CAPITAL 30 FIF - CLASSE DE INVESTIMENTO EM COTAS AÇÕES - RESP LIMITADA;2025-08-31;Títulos públicos federais;0.35
CLASSES - FIF;34.109.912/0001-18;;BRADESCO EQUITAS SELECTION FIF - CLASSE DE INVESTIMENTO EM COTAS DE AÇÕES - RESP LIMITADA;2025-08-31;Cotas de fundos de investimento 409;99.52
CLASSES - FIF;34.109.912/0001-18;;BRADESCO EQUITAS SELECTION FIF - CLASSE DE INVESTIMENTO EM COTAS DE AÇÕES - RESP LIMITADA;2025-08-31;Operações compromissadas lastreadas em títulos públicos federais;0.15
CLASSES - FIF;34.109.912/0001-18;;BRADESCO EQUITAS SELECTION FIF - CLASSE DE INVESTIMENTO EM COTAS DE AÇÕES - RESP LIMITADA;2025-08-31;Títulos públicos federais;0.38
CLASSES - FIF;34.109.921/0001-09;;CONEXÃO EQUITAS SELECTION FIF - CLASSE DE INVESTIMENTO EM COTAS DE AÇÕES - RESP LIMITADA;2025-08-31;Cotas de fundos de investimento 409;99.62
CLASSES - FIF;34.109.921/0001-09;;CONEXÃO EQUITAS SELECTION FIF - CLASSE DE INVESTIMENTO EM COTAS DE AÇÕES - RESP LIMITADA;2025-08-31;Operações compromissadas lastreadas em títulos públicos federais;0.09
CLASSES - FIF;34.109.921/0001-09;;CONEXÃO EQUITAS SELECTION FIF - CLASSE DE INVESTIMENTO EM COTAS DE AÇÕES - RESP LIMITADA;2025-08-31;Títulos públicos federais;0.24
CLASSES - FIF;34.109.945/0001-68;;BRADESCO CONSTELLATION FIF - CIC DE AÇÕES - RESPONSABILIDADE LIMITADA;2025-08-31;Cotas de fundos de investimento 409;99.78
CLASSES - FIF;34.109.945/0001-68;;BRADESCO CONSTELLATION FIF - CIC DE AÇÕES - RESPONSABILIDADE LIMITADA;2025-08-31;Operações compromissadas lastreadas em títulos públicos federais;0.26
CLASSES - FIF;34.109.945/0001-68;;BRADESCO CONSTELLATION FIF - CIC DE AÇÕES - RESPONSABILIDADE LIMITADA;2025-08-31;Títulos públicos federais;0.65
CLASSES - FIF;34.109.948/0001-00;;CONEXÃO CONSTELLATION FIF - CLASSE DE INVESTIMENTO EM COTAS DE AÇÕES - RESP LIMITADA;2025-08-31;Cotas de fundos de investimento 409;99.64
CLASSES - FIF;34.109.948/0001-00;;CONEXÃO CONSTELLATION FIF - CLASSE DE INVESTIMENTO EM COTAS DE AÇÕES - RESP LIMITADA;2025-08-31;Operações compromissadas lastreadas em títulos públicos federais;0.11
CLASSES - FIF;34.109.948/0001-00;;CONEXÃO CONSTELLATION FIF - CLASSE DE INVESTIMENTO EM COTAS DE AÇÕES - RESP LIMITADA;2025-08-31;Títulos públicos federais;0.23
CLASSES - FIF;34.109.961/0001-50;;BRADESCO BLACKROCK GLOBAL BOND INCOME FIF - CIC MULTIMERCADO - RESP LIMITADA;2025-08-31;Cotas de fundos de investimento 409;98.88
CLASSES - FIF;34.109.961/0001-50;;BRADESCO BLACKROCK GLOBAL BOND INCOME FIF - CIC MULTIMERCADO - RESP LIMITADA;2025-08-31;Operações compromissadas lastreadas em títulos públicos federais;0.16
CLASSES - FIF;34.109.961/0001-50;;BRADESCO BLACKROCK GLOBAL BOND INCOME FIF - CIC MULTIMERCADO - RESP LIMITADA;2025-08-31;Títulos públicos federais;0.40
CLASSES - FIF;34.123.524/0001-91;;BRADESCO KIRON FIF - CLASSE DE INVESTIMENTO EM COTAS AÇÕES - RESP LIMITADA;2025-08-31;Cotas de fundos de investimento 409;98.88
CLASSES - FIF;34.123.524/0001-91;;BRADESCO KIRON FIF - CLASSE DE INVESTIMENTO EM COTAS AÇÕES - RESP LIMITADA;2025-08-31;Operações compromissadas lastreadas em títulos públicos federais;0.20
CLASSES - FIF;34.123.524/0001-91;;BRADESCO KIRON FIF - CLASSE DE INVESTIMENTO EM COTAS AÇÕES - RESP LIMITADA;2025-08-31;Títulos públicos federais;0.52
CLASSES - FIF;34.123.529/0001-14;;BRADESCO ESTRATÉGIA CRESCIMENTO FIF - CLASSE DE INVESTIMENTO EM COTAS AÇÕES - RESP LIMITADA;2025-08-31;Ações;90.10
CLASSES - FIF;34.123.529/0001-14;;BRADESCO ESTRATÉGIA CRESCIMENTO FIF - CLASSE DE INVESTIMENTO EM COTAS AÇÕES - RESP LIMITADA;2025-08-31;Derivativos;0.09
CLASSES - FIF;34.123.529/0001-14;;BRADESCO ESTRATÉGIA CRESCIMENTO FIF - CLASSE DE INVESTIMENTO EM COTAS AÇÕES - RESP LIMITADA;2025-08-31;Operações compromissadas lastreadas em títulos públicos federais;9.77
CLASSES - FIF;34.123.534/0001-27;;BRADESCO SEQUOIA SELEÇÃO FIF - CLASSE DE INVESTIMENTO EM COTAS AÇÕES - RESP LIMITADA;2025-08-31;Ações;90.17
CLASSES - FIF;34.123.534/0001-27;;BRADESCO SEQUOIA SELEÇÃO FIF - CLASSE DE INVESTIMENTO EM COTAS AÇÕES - RESP LIMITADA;2025-08-31;Derivativos;0.09
CLASSES - FIF;34.123.534/0001-27;;BRADESCO SEQUOIA SELEÇÃO FIF - CLASSE DE INVESTIMENTO EM COTAS AÇÕES - RESP LIMITADA;2025-08-31;Operações compromissadas lastreadas em títulos públicos federais;9.78
CLASSES - FIF;34.475.217/0001-70;;BRASIL CAPITAL STB FIF - CLASSE DE INVESTIMENTO EM COTAS DE AÇÕES - RESP LIMITADA;2025-08-31;Ações;93.08
CLASSES - FIF;34.475.217/0001-70;;BRASIL CAPITAL STB FIF - CLASSE DE INVESTIMENTO EM COTAS DE AÇÕES - RESP LIMITADA;2025-08-31;Cotas de fundos de investimento 409;1.35
CLASSES - FIF;34.475.217/0001-70;;BRASIL CAPITAL STB FIF - CLASSE DE INVESTIMENTO EM COTAS DE AÇÕES - RESP LIMITADA;2025-08-31;Derivativos;-1.17
CLASSES - FIF;34.475.217/0001-70;;BRASIL CAPITAL STB FIF - CLASSE DE INVESTIMENTO EM COTAS DE AÇÕES - RESP LIMITADA;2025-08-31;Investimento no exterior;5.03
CLASSES - FIF;34.475.217/0001-70;;BRASIL CAPITAL STB FIF - CLASSE DE INVESTIMENTO EM COTAS DE AÇÕES - RESP LIMITADA;2025-08-31;Operações compromissadas lastreadas em títulos públicos federais;0.89
CLASSES - FIF;34.475.424/0001-24;;TREND INFLAÇÃO GERAL FUNDO DE INVESTIMENTO EM RENDA FIXA RESPONSABILIDADE LIMITADA;2025-08-31;Derivativos;-1.12
CLASSES - FIF;34.475.424/0001-24;;TREND INFLAÇÃO GERAL FUNDO DE INVESTIMENTO EM RENDA FIXA RESPONSABILIDADE LIMITADA;2025-08-31;Operações compromissadas lastreadas em títulos públicos federais;0.46
CLASSES - FIF;34.475.424/0001-24;;TREND INFLAÇÃO GERAL FUNDO DE INVESTIMENTO EM RENDA FIXA RESPONSABILIDADE LIMITADA;2025-08-31;Títulos públicos federais;101.51
CLASSES - FIF;34.525.051/0001-59;;SULAMÉRICA CRÉDITO INSTITUCIONAL ESG FIF RF CRED PRIV LONGO PRAZO IS - RESP LIMITADA;2025-08-31;Cotas de fundos de investimento 409;3.57
CLASSES - FIF;34.525.051/0001-59;;SULAMÉRICA CRÉDITO INSTITUCIONAL ESG FIF RF CRED PRIV LONGO PRAZO IS - RESP LIMITADA;2025-08-31;Depósitos a prazo e outros títulos de instituições financeiras;40.66
CLASSES - FIF;34.525.051/0001-59;;SULAMÉRICA CRÉDITO INSTITUCIONAL ESG FIF RF CRED PRIV LONGO PRAZO IS - RESP LIMITADA;2025-08-31;Operações compromissadas lastreadas em títulos públicos federais;19.08
CLASSES - FIF;34.525.051/0001-59;;SULAMÉRICA CRÉDITO INSTITUCIONAL ESG FIF RF CRED PRIV LONGO PRAZO IS - RESP LIMITADA;2025-08-31;Títulos de crédito privado;36.66
CLASSES - FIF;34.525.068/0001-06;;SUL AMÉRICA SELECTION FIF - CLASSE DE INVESTIMENTO EM COTAS EM AÇÕES - RESP LIMITADA;2025-08-31;Ações;95.85
CLASSES - FIF;34.525.068/0001-06;;SUL AMÉRICA SELECTION FIF - CLASSE DE INVESTIMENTO EM COTAS EM AÇÕES - RESP LIMITADA;2025-08-31;Operações compromissadas lastreadas em títulos públicos federais;3.94
FI;34.617.291/0001-83;;INTER SELECTION MACRO FUNDO DE INVESTIMENTO FINANCEIRO RENDA FIXA RESPONSABILIDADE LIMITADA;2025-08-31;Cotas de Fundos de Investimento 555;97.84
FI;34.617.291/0001-83;;INTER SELECTION MACRO FUNDO DE INVESTIMENTO FINANCEIRO RENDA FIXA RESPONSABILIDADE LIMITADA;2025-08-31;Operações Compromissadas Lastreadas em Títulos Públicos Federais;2.31
CLASSES - FIF;34.626.178/0001-64;;ENTERCAPITAL TURING FI FINANCEIRO - CI MULT - RESP LIMITADA;2025-08-31;Ações;24.71
CLASSES - FIF;34.626.178/0001-64;;ENTERCAPITAL TURING FI FINANCEIRO - CI MULT - RESP LIMITADA;2025-08-31;Cotas de fundos de investimento 409;2.09
CLASSES - FIF;34.626.178/0001-64;;ENTERCAPITAL TURING FI FINANCEIRO - CI MULT - RESP LIMITADA;2025-08-31;Derivativos;402.35
CLASSES - FIF;34.626.178/0001-64;;ENTERCAPITAL TURING FI FINANCEIRO - CI MULT - RESP LIMITADA;2025-08-31;Operações compromissadas lastreadas em títulos públicos federais;42.63
CLASSES - FIF;34.626.178/0001-64;;ENTERCAPITAL TURING FI FINANCEIRO - CI MULT - RESP LIMITADA;2025-08-31;Títulos públicos federais;56.04
CLASSES - FIF;34.626.199/0001-80;;ENTERCAPITAL TURING FI FINANCEIRO - CIC MULT - RESP LIMITADA;2025-08-31;Ações;24.38
CLASSES - FIF;34.626.199/0001-80;;ENTERCAPITAL TURING FI FINANCEIRO - CIC MULT - RESP LIMITADA;2025-08-31;Cotas de fundos de investimento 409;2.06
CLASSES - FIF;34.626.199/0001-80;;ENTERCAPITAL TURING FI FINANCEIRO - CIC MULT - RESP LIMITADA;2025-08-31;Derivativos;397.01
CLASSES - FIF;34.626.199/0001-80;;ENTERCAPITAL TURING FI FINANCEIRO - CIC MULT - RESP LIMITADA;2025-08-31;Operações compromissadas lastreadas em títulos públicos federais;43.96
CLASSES - FIF;34.626.199/0001-80;;ENTERCAPITAL TURING FI FINANCEIRO - CIC MULT - RESP LIMITADA;2025-08-31;Títulos públicos federais;55.29
CLASSES - FIF;34.633.357/0001-29;;BRAM MULTI-ÍNDICES II FI FINANCEIRO - CI RF LP - RESP LIMITADA;2025-08-31;Derivativos;35.38
CLASSES - FIF;34.633.357/0001-29;;BRAM MULTI-ÍNDICES II FI FINANCEIRO - CI RF LP - RESP LIMITADA;2025-08-31;Operações compromissadas lastreadas em títulos públicos federais;28.71
CLASSES - FIF;34.633.357/0001-29;;BRAM MULTI-ÍNDICES II FI FINANCEIRO - CI RF LP - RESP LIMITADA;2025-08-31;Títulos públicos federais;71.29
CLASSES - FIF;34.644.314/0001-49;;INDIE FIFE PREVIDÊNCIA FI FINANCEIRO - CI MULT - RESP LIMITADA;2025-08-31;Ações;98.53
CLASSES - FIF;34.644.314/0001-49;;INDIE FIFE PREVIDÊNCIA FI FINANCEIRO - CI MULT - RESP LIMITADA;2025-08-31;Operações compromissadas lastreadas em títulos públicos federais;0.96
CLASSES - FIF;34.658.753/0001-00;;DAYCOVAL BOLSA AMERICANA USD BDR-AÇÕES FUNDO DE  INVESTIMENTO FINANCEIRO;2025-08-31;Derivativos;0.00
CLASSES - FIF;34.658.753/0001-00;;DAYCOVAL BOLSA AMERICANA USD BDR-AÇÕES FUNDO DE  INVESTIMENTO FINANCEIRO;2025-08-31;Operações Compromissadas Lastreadas em Títulos Públicos Federais;1.45
CLASSES - FIF;34.658.753/0001-00;;DAYCOVAL BOLSA AMERICANA USD BDR-AÇÕES FUNDO DE  INVESTIMENTO FINANCEIRO;2025-08-31;Outras Aplicações;0.29
CLASSES - FIF;34.658.753/0001-00;;DAYCOVAL BOLSA AMERICANA USD BDR-AÇÕES FUNDO DE  INVESTIMENTO FINANCEIRO;2025-08-31;Outras Cotas de Fundos de Investimento;9.97
CLASSES - FIF;34.658.789/0001-94;;DAYCOVAL TÍTULOS PUBLICOS I FUNDO DE INVESTIMENTO FINANCEIRO;2025-08-31;Operações Compromissadas Lastreadas em Títulos Públicos Federais;21.83
CLASSES - FIF;34.658.789/0001-94;;DAYCOVAL TÍTULOS PUBLICOS I FUNDO DE INVESTIMENTO FINANCEIRO;2025-08-31;Outras Aplicações;0.00
CLASSES - FIF;34.658.789/0001-94;;DAYCOVAL TÍTULOS PUBLICOS I FUNDO DE INVESTIMENTO FINANCEIRO;2025-08-31;Títulos Públicos Federais;78.18
CLASSES - FIF;34.658.859/0001-04;;DAYCOVAL TITULOS PUBLICOS II FUNDO DE INVESTIMENTO FINANCEIRO;2025-08-31;Operações Compromissadas Lastreadas em Títulos Públicos Federais;27.39
CLASSES - FIF;34.658.859/0001-04;;DAYCOVAL TITULOS PUBLICOS II FUNDO DE INVESTIMENTO FINANCEIRO;2025-08-31;Outras Aplicações;0.00
CLASSES - FIF;34.658.859/0001-04;;DAYCOVAL TITULOS PUBLICOS II FUNDO DE INVESTIMENTO FINANCEIRO;2025-08-31;Títulos Públicos Federais;72.62
CLASSES - FIF;34.659.901/0001-01;;NAVI INSTITUCIONAL II FI FINANCEIRO - CIC EM AÇÕES - RESP LIMITADA;2025-08-31;Ações;94.61
CLASSES - FIF;34.659.901/0001-01;;NAVI INSTITUCIONAL II FI FINANCEIRO - CIC EM AÇÕES - RESP LIMITADA;2025-08-31;Derivativos;4.19
CLASSES - FIF;34.659.901/0001-01;;NAVI INSTITUCIONAL II FI FINANCEIRO - CIC EM AÇÕES - RESP LIMITADA;2025-08-31;Operações compromissadas lastreadas em títulos públicos federais;6.16
CLASSES - FIF;34.691.579/0001-06;;TUCHE ONE FUNDO DE INVESTIMENTO MULTIMERCADO CRÉDITO PRIVADO;2025-08-31;Acões;15.48
CLASSES - FIF;34.691.579/0001-06;;TUCHE ONE FUNDO DE INVESTIMENTO MULTIMERCADO CRÉDITO PRIVADO;2025-08-31;Cotas de Fundos de Investimento 555;0.00
CLASSES - FIF;34.691.579/0001-06;;TUCHE ONE FUNDO DE INVESTIMENTO MULTIMERCADO CRÉDITO PRIVADO;2025-08-31;Depósito a prazo e outros títulos de instituições financeiras;1.00
CLASSES - FIF;34.691.579/0001-06;;TUCHE ONE FUNDO DE INVESTIMENTO MULTIMERCADO CRÉDITO PRIVADO;2025-08-31;Operacões compromissadas lastreadas em títulos privados;0.00
CLASSES - FIF;34.691.579/0001-06;;TUCHE ONE FUNDO DE INVESTIMENTO MULTIMERCADO CRÉDITO PRIVADO;2025-08-31;Títulos Públicos federais;73.39
CLASSES - FIF;34.713.026/0001-07;;TARPON INTERSECTION FUNDO DE INVESTIMENTO FINANCEIRO;2025-08-31;Ações;80.19
CLASSES - FIF;34.713.026/0001-07;;TARPON INTERSECTION FUNDO DE INVESTIMENTO FINANCEIRO;2025-08-31;Cotas de Fundos de Investimento 409;3.66
CLASSES - FIF;34.713.026/0001-07;;TARPON INTERSECTION FUNDO DE INVESTIMENTO FINANCEIRO;2025-08-31;Outras Aplicações;0.30
CLASSES - FIF;34.713.026/0001-07;;TARPON INTERSECTION FUNDO DE INVESTIMENTO FINANCEIRO;2025-08-31;Outras Cotas de Fundos de Investimento;16.10
CLASSES - FIF;34.713.026/0001-07;;TARPON INTERSECTION FUNDO DE INVESTIMENTO FINANCEIRO;2025-08-31;Títulos Públicos Federais;0.00
CLASSES - FIF;34.790.765/0001-94;;NAVI CRUISE MÉTODO FI FINANCEIRO - CIC EM AÇÕES - RESP LIMITADA;2025-08-31;Ações;95.99
CLASSES - FIF;34.790.765/0001-94;;NAVI CRUISE MÉTODO FI FINANCEIRO - CIC EM AÇÕES - RESP LIMITADA;2025-08-31;Derivativos;3.01
CLASSES - FIF;34.790.765/0001-94;;NAVI CRUISE MÉTODO FI FINANCEIRO - CIC EM AÇÕES - RESP LIMITADA;2025-08-31;Investimento no exterior;0.00
CLASSES - FIF;34.790.765/0001-94;;NAVI CRUISE MÉTODO FI FINANCEIRO - CIC EM AÇÕES - RESP LIMITADA;2025-08-31;Operações compromissadas lastreadas em títulos públicos federais;4.71
CLASSES - FIF;34.790.765/0001-94;;NAVI CRUISE MÉTODO FI FINANCEIRO - CIC EM AÇÕES - RESP LIMITADA;2025-08-31;Títulos públicos federais;0.06
CLASSES - FIF;34.791.421/0001-08;;NAVI CRUISE MASTER FI FINANCEIRO - CIA - RESP LIMITADA;2025-08-31;Ações;95.99
CLASSES - FIF;34.791.421/0001-08;;NAVI CRUISE MASTER FI FINANCEIRO - CIA - RESP LIMITADA;2025-08-31;Derivativos;3.01
CLASSES - FIF;34.791.421/0001-08;;NAVI CRUISE MASTER FI FINANCEIRO - CIA - RESP LIMITADA;2025-08-31;Investimento no exterior;0.00
CLASSES - FIF;34.791.421/0001-08;;NAVI CRUISE MASTER FI FINANCEIRO - CIA - RESP LIMITADA;2025-08-31;Operações compromissadas lastreadas em títulos públicos federais;4.43
CLASSES - FIF;34.791.421/0001-08;;NAVI CRUISE MASTER FI FINANCEIRO - CIA - RESP LIMITADA;2025-08-31;Títulos públicos federais;0.06
CLASSES - FIF;34.791.444/0001-04;;NAVI CRUISE FI FINANCEIRO - CIC EM AÇÕES - RESP LIMITADA;2025-08-31;Ações;96.02
CLASSES - FIF;34.791.444/0001-04;;NAVI CRUISE FI FINANCEIRO - CIC EM AÇÕES - RESP LIMITADA;2025-08-31;Derivativos;3.02
CLASSES - FIF;34.791.444/0001-04;;NAVI CRUISE FI FINANCEIRO - CIC EM AÇÕES - RESP LIMITADA;2025-08-31;Investimento no exterior;0.00
CLASSES - FIF;34.791.444/0001-04;;NAVI CRUISE FI FINANCEIRO - CIC EM AÇÕES - RESP LIMITADA;2025-08-31;Operações compromissadas lastreadas em títulos públicos federais;4.93
CLASSES - FIF;34.791.444/0001-04;;NAVI CRUISE FI FINANCEIRO - CIC EM AÇÕES - RESP LIMITADA;2025-08-31;Títulos públicos federais;0.06
CLASSES - FIF;34.791.820/0001-60;;BRAM CRESCIMENTO FI FINANCEIRO - CIA - RESP LIMITADA;2025-08-31;Ações;90.08
CLASSES - FIF;34.791.820/0001-60;;BRAM CRESCIMENTO FI FINANCEIRO - CIA - RESP LIMITADA;2025-08-31;Derivativos;0.09
CLASSES - FIF;34.791.820/0001-60;;BRAM CRESCIMENTO FI FINANCEIRO - CIA - RESP LIMITADA;2025-08-31;Operações compromissadas lastreadas em títulos públicos federais;9.77
CLASSES - FIF;34.792.842/0001-45;;ÁGORA ESMERALDA FI FINANCEIRO - CI MULT - RESP LIMITADA;2025-08-31;Ações;7.94
CLASSES - FIF;34.792.842/0001-45;;ÁGORA ESMERALDA FI FINANCEIRO - CI MULT - RESP LIMITADA;2025-08-31;Cotas de fundos de investimento 409;81.91
CLASSES - FIF;34.792.842/0001-45;;ÁGORA ESMERALDA FI FINANCEIRO - CI MULT - RESP LIMITADA;2025-08-31;Derivativos;-84.45
CLASSES - FIF;34.792.842/0001-45;;ÁGORA ESMERALDA FI FINANCEIRO - CI MULT - RESP LIMITADA;2025-08-31;Operações compromissadas lastreadas em títulos públicos federais;10.56
CLASSES - FIF;34.792.842/0001-45;;ÁGORA ESMERALDA FI FINANCEIRO - CI MULT - RESP LIMITADA;2025-08-31;Títulos públicos federais;0.67
CLASSES - FIF;34.793.078/0001-22;;NAVI CRUISE ADVISORY FC - CIC EM AÇÕES - RESP LIMITADA;2025-08-31;Ações;95.99
CLASSES - FIF;34.793.078/0001-22;;NAVI CRUISE ADVISORY FC - CIC EM AÇÕES - RESP LIMITADA;2025-08-31;Derivativos;3.02
CLASSES - FIF;34.793.078/0001-22;;NAVI CRUISE ADVISORY FC - CIC EM AÇÕES - RESP LIMITADA;2025-08-31;Investimento no exterior;0.00
CLASSES - FIF;34.793.078/0001-22;;NAVI CRUISE ADVISORY FC - CIC EM AÇÕES - RESP LIMITADA;2025-08-31;Operações compromissadas lastreadas em títulos públicos federais;4.62
CLASSES - FIF;34.793.078/0001-22;;NAVI CRUISE ADVISORY FC - CIC EM AÇÕES - RESP LIMITADA;2025-08-31;Títulos públicos federais;0.06
CLASSES - FIF;34.793.093/0001-70;;NAVI CRUISE A FIF - CLASSE DE COTAS DE INVESTIMENTO EM AÇÕES - RESP LIMITADA;2025-08-31;Ações;95.96
CLASSES - FIF;34.793.093/0001-70;;NAVI CRUISE A FIF - CLASSE DE COTAS DE INVESTIMENTO EM AÇÕES - RESP LIMITADA;2025-08-31;Derivativos;3.01
CLASSES - FIF;34.793.093/0001-70;;NAVI CRUISE A FIF - CLASSE DE COTAS DE INVESTIMENTO EM AÇÕES - RESP LIMITADA;2025-08-31;Investimento no exterior;0.00
CLASSES - FIF;34.793.093/0001-70;;NAVI CRUISE A FIF - CLASSE DE COTAS DE INVESTIMENTO EM AÇÕES - RESP LIMITADA;2025-08-31;Operações compromissadas lastreadas em títulos públicos federais;4.50
CLASSES - FIF;34.793.093/0001-70;;NAVI CRUISE A FIF - CLASSE DE COTAS DE INVESTIMENTO EM AÇÕES - RESP LIMITADA;2025-08-31;Títulos públicos federais;0.06
CLASSES - FIF;34.799.162/0001-53;;BOCOM BBM CORPORATE CREDIT FIF - CLASSE DE INVESTIMENTO RF CRED PRIV - RESP LIMITADA;2025-08-31;Cotas de fundos de investimento 409;1.85
CLASSES - FIF;34.799.162/0001-53;;BOCOM BBM CORPORATE CREDIT FIF - CLASSE DE INVESTIMENTO RF CRED PRIV - RESP LIMITADA;2025-08-31;Depósitos a prazo e outros títulos de instituições financeiras;45.39
CLASSES - FIF;34.799.162/0001-53;;BOCOM BBM CORPORATE CREDIT FIF - CLASSE DE INVESTIMENTO RF CRED PRIV - RESP LIMITADA;2025-08-31;Operações compromissadas lastreadas em títulos públicos federais;18.47
CLASSES - FIF;34.799.162/0001-53;;BOCOM BBM CORPORATE CREDIT FIF - CLASSE DE INVESTIMENTO RF CRED PRIV - RESP LIMITADA;2025-08-31;Títulos de crédito privado;32.86
CLASSES - FIF;34.799.162/0001-53;;BOCOM BBM CORPORATE CREDIT FIF - CLASSE DE INVESTIMENTO RF CRED PRIV - RESP LIMITADA;2025-08-31;Títulos públicos federais;1.07
CLASSES - FIF;34.799.186/0001-02;;BOCOM BBM CORPORATE CREDIT FIF - CIC RF CRED PRIV - RESP LIMITADA;2025-08-31;Cotas de fundos de investimento 409;2.30
CLASSES - FIF;34.799.186/0001-02;;BOCOM BBM CORPORATE CREDIT FIF - CIC RF CRED PRIV - RESP LIMITADA;2025-08-31;Depósitos a prazo e outros títulos de instituições financeiras;45.54
CLASSES - FIF;34.799.186/0001-02;;BOCOM BBM CORPORATE CREDIT FIF - CIC RF CRED PRIV - RESP LIMITADA;2025-08-31;Operações compromissadas lastreadas em títulos públicos federais;18.52
CLASSES - FIF;34.799.186/0001-02;;BOCOM BBM CORPORATE CREDIT FIF - CIC RF CRED PRIV - RESP LIMITADA;2025-08-31;Títulos de crédito privado;32.97
CLASSES - FIF;34.799.186/0001-02;;BOCOM BBM CORPORATE CREDIT FIF - CIC RF CRED PRIV - RESP LIMITADA;2025-08-31;Títulos públicos federais;0.96
CLASSES - FIF;34.831.200/0001-08;;CSHG PORTFOLIO IBOVESPA PLUS FUNDO DE INVESTIMENTO EM COTAS DE FIF AÇÕES - RESPONSABILIDADE LIMITADA;2025-08-31;Outras Cotas de Fundos de Investimento;100.01
CLASSES - FIF;34.831.200/0001-08;;CSHG PORTFOLIO IBOVESPA PLUS FUNDO DE INVESTIMENTO EM COTAS DE FIF AÇÕES - RESPONSABILIDADE LIMITADA;2025-08-31;Outros;0.06
CLASSES - FIF;35.167.346/0001-63;;FUNDO DE INVESTIMENTO DE AÇÕES AUDAX;2025-08-31;Acões;88.48
CLASSES - FIF;35.167.346/0001-63;;FUNDO DE INVESTIMENTO DE AÇÕES AUDAX;2025-08-31;Derivativos;-1.54
CLASSES - FIF;35.167.346/0001-63;;FUNDO DE INVESTIMENTO DE AÇÕES AUDAX;2025-08-31;Operacões compromissadas lastreadas em títulos privados;0.00
CLASSES - FIF;35.167.346/0001-63;;FUNDO DE INVESTIMENTO DE AÇÕES AUDAX;2025-08-31;Operacões compromissadas lastreadas em títulos públicos federais;28.80
CLASSES - FIF;35.167.346/0001-63;;FUNDO DE INVESTIMENTO DE AÇÕES AUDAX;2025-08-31;Outras Cotas de Fundos de Investimento;0.89
CLASSES - FIF;35.502.496/0001-86;;ESH PROSPERA FUNDO DE INVESTIMENTO EM AÇÕES;2025-08-31;Acões;98.42
CLASSES - FIF;35.502.496/0001-86;;ESH PROSPERA FUNDO DE INVESTIMENTO EM AÇÕES;2025-08-31;Depósito a prazo e outros títulos de instituições financeiras;0.32
CLASSES - FIF;35.502.496/0001-86;;ESH PROSPERA FUNDO DE INVESTIMENTO EM AÇÕES;2025-08-31;Operacões compromissadas lastreadas em títulos privados;0.00
CLASSES - FIF;35.502.496/0001-86;;ESH PROSPERA FUNDO DE INVESTIMENTO EM AÇÕES;2025-08-31;Operacões compromissadas lastreadas em títulos públicos federais;1.26
CLASSES - FIF;35.502.496/0001-86;;ESH PROSPERA FUNDO DE INVESTIMENTO EM AÇÕES;2025-08-31;Títulos Públicos federais;0.00
CLASSES - FIF;35.587.562/0001-68;;SUL AMÉRICA SELECTION MASTER I FIF - CLASSE DE INVESTIMENTO EM AÇÕES - RESP LIMITADA;2025-08-31;Ações;98.32
CLASSES - FIF;35.587.562/0001-68;;SUL AMÉRICA SELECTION MASTER I FIF - CLASSE DE INVESTIMENTO EM AÇÕES - RESP LIMITADA;2025-08-31;Operações compromissadas lastreadas em títulos públicos federais;1.20
CLASSES - FIF;35.600.780/0001-95;;VINCI ATLAS INSTITUCIONAL FIF - CIC MULTIMERCADO -  RESPONSABILIDADE LIMITADA;2025-08-31;Ações;4.61
CLASSES - FIF;35.600.780/0001-95;;VINCI ATLAS INSTITUCIONAL FIF - CIC MULTIMERCADO -  RESPONSABILIDADE LIMITADA;2025-08-31;Derivativos;54.30
CLASSES - FIF;35.600.780/0001-95;;VINCI ATLAS INSTITUCIONAL FIF - CIC MULTIMERCADO -  RESPONSABILIDADE LIMITADA;2025-08-31;Investimento no exterior;19.93
CLASSES - FIF;35.600.780/0001-95;;VINCI ATLAS INSTITUCIONAL FIF - CIC MULTIMERCADO -  RESPONSABILIDADE LIMITADA;2025-08-31;Operações compromissadas lastreadas em títulos públicos federais;7.21
CLASSES - FIF;35.600.780/0001-95;;VINCI ATLAS INSTITUCIONAL FIF - CIC MULTIMERCADO -  RESPONSABILIDADE LIMITADA;2025-08-31;Títulos públicos federais;66.72
CLASSES - FIF;35.636.871/0001-80;;VINCI TOTAL RETURN FIF - CLASSE DE INVESTIMENTO MULTIMERCADO - RESPONSABILIDADE LIMITADA;2025-08-31;Ações;95.94
CLASSES - FIF;35.636.871/0001-80;;VINCI TOTAL RETURN FIF - CLASSE DE INVESTIMENTO MULTIMERCADO - RESPONSABILIDADE LIMITADA;2025-08-31;Derivativos;-9.70
CLASSES - FIF;35.636.871/0001-80;;VINCI TOTAL RETURN FIF - CLASSE DE INVESTIMENTO MULTIMERCADO - RESPONSABILIDADE LIMITADA;2025-08-31;Operações compromissadas lastreadas em títulos públicos federais;13.17
CLASSES - FIF;35.636.909/0001-15;;VINCI TOTAL RETURN FIF - CLASSE DE INVESTIMENTO EM COTAS MULTIMERCADO - RESP LIMITADA;2025-08-31;Ações;96.00
CLASSES - FIF;35.636.909/0001-15;;VINCI TOTAL RETURN FIF - CLASSE DE INVESTIMENTO EM COTAS MULTIMERCADO - RESP LIMITADA;2025-08-31;Derivativos;-9.71
CLASSES - FIF;35.636.909/0001-15;;VINCI TOTAL RETURN FIF - CLASSE DE INVESTIMENTO EM COTAS MULTIMERCADO - RESP LIMITADA;2025-08-31;Operações compromissadas lastreadas em títulos públicos federais;13.27
CLASSES - FIF;35.637.151/0001-30;;ICATU VANGUARDA IGARATÉ LONG BIASED FIF - CLASSE DE INVESTIMENTO MULTIMERCADO - RESP LIMITADA;2025-08-31;Ações;57.23
CLASSES - FIF;35.637.151/0001-30;;ICATU VANGUARDA IGARATÉ LONG BIASED FIF - CLASSE DE INVESTIMENTO MULTIMERCADO - RESP LIMITADA;2025-08-31;Cotas de fundos de investimento 409;13.96
CLASSES - FIF;35.637.151/0001-30;;ICATU VANGUARDA IGARATÉ LONG BIASED FIF - CLASSE DE INVESTIMENTO MULTIMERCADO - RESP LIMITADA;2025-08-31;Investimento no exterior;0.00
CLASSES - FIF;35.637.151/0001-30;;ICATU VANGUARDA IGARATÉ LONG BIASED FIF - CLASSE DE INVESTIMENTO MULTIMERCADO - RESP LIMITADA;2025-08-31;Operações compromissadas lastreadas em títulos públicos federais;1.80
CLASSES - FIF;35.637.151/0001-30;;ICATU VANGUARDA IGARATÉ LONG BIASED FIF - CLASSE DE INVESTIMENTO MULTIMERCADO - RESP LIMITADA;2025-08-31;Títulos públicos federais;24.53
CLASSES - FIF;35.726.741/0001-39;;TARPON GT INSTITUCIONAL I FUNDO DE INVESTIMENTO FINANCEIRO;2025-08-31;Ações;100.09
CLASSES - FIF;35.726.741/0001-39;;TARPON GT INSTITUCIONAL I FUNDO DE INVESTIMENTO FINANCEIRO;2025-08-31;Cotas de Fundos de Investimento 409;3.82
CLASSES - FIF;35.726.741/0001-39;;TARPON GT INSTITUCIONAL I FUNDO DE INVESTIMENTO FINANCEIRO;2025-08-31;Operações Compromissadas Lastreadas em Títulos Públicos Federais;0.00
CLASSES - FIF;35.726.741/0001-39;;TARPON GT INSTITUCIONAL I FUNDO DE INVESTIMENTO FINANCEIRO;2025-08-31;Outras Aplicações;-0.49
CLASSES - FIF;35.726.741/0001-39;;TARPON GT INSTITUCIONAL I FUNDO DE INVESTIMENTO FINANCEIRO;2025-08-31;Títulos Públicos Federais;0.39
CLASSES - FIF;35.806.167/0001-29;;POLYFACE FUNDO DE INVESTIMENTO MULTIMERCADO;2025-08-31;Cotas de fundos de Investimento;4.63
CLASSES - FIF;35.806.167/0001-29;;POLYFACE FUNDO DE INVESTIMENTO MULTIMERCADO;2025-08-31;Derivativos;15.02
CLASSES - FIF;35.806.167/0001-29;;POLYFACE FUNDO DE INVESTIMENTO MULTIMERCADO;2025-08-31;Outras Aplicações;0.23
CLASSES - FIF;35.806.167/0001-29;;POLYFACE FUNDO DE INVESTIMENTO MULTIMERCADO;2025-08-31;Titulos publicos federais;93.79
CLASSES - FIF;35.844.973/0001-91;;OBY LONG SHORT FIF - CLASSE DE INVESTIMENTO EM COTAS MULTIMERCADO - RESPONSABILIDADE LIMITADA;2025-08-31;Ações;49.53
CLASSES - FIF;35.844.973/0001-91;;OBY LONG SHORT FIF - CLASSE DE INVESTIMENTO EM COTAS MULTIMERCADO - RESPONSABILIDADE LIMITADA;2025-08-31;Cotas de fundos de investimento 409;9.49
CLASSES - FIF;35.844.973/0001-91;;OBY LONG SHORT FIF - CLASSE DE INVESTIMENTO EM COTAS MULTIMERCADO - RESPONSABILIDADE LIMITADA;2025-08-31;Derivativos;-30.96
CLASSES - FIF;35.844.973/0001-91;;OBY LONG SHORT FIF - CLASSE DE INVESTIMENTO EM COTAS MULTIMERCADO - RESPONSABILIDADE LIMITADA;2025-08-31;Operações compromissadas lastreadas em títulos públicos federais;12.73
CLASSES - FIF;35.844.973/0001-91;;OBY LONG SHORT FIF - CLASSE DE INVESTIMENTO EM COTAS MULTIMERCADO - RESPONSABILIDADE LIMITADA;2025-08-31;Títulos públicos federais;50.36
CLASSES - FIF;35.844.975/0001-80;;OBY LONG SHORT FIF - CLASSE DE INVESTIMENTO MULTIMERCADO - RESPONSABILIDADE LIMITADA;2025-08-31;Ações;49.48
CLASSES - FIF;35.844.975/0001-80;;OBY LONG SHORT FIF - CLASSE DE INVESTIMENTO MULTIMERCADO - RESPONSABILIDADE LIMITADA;2025-08-31;Derivativos;-30.93
CLASSES - FIF;35.844.975/0001-80;;OBY LONG SHORT FIF - CLASSE DE INVESTIMENTO MULTIMERCADO - RESPONSABILIDADE LIMITADA;2025-08-31;Operações compromissadas lastreadas em títulos públicos federais;15.43
CLASSES - FIF;35.844.975/0001-80;;OBY LONG SHORT FIF - CLASSE DE INVESTIMENTO MULTIMERCADO - RESPONSABILIDADE LIMITADA;2025-08-31;Títulos públicos federais;57.08
CLASSES - FIF;35.845.001/0001-11;;BRADESCO FOF ALOCAÇÃO FI FINANCEIRO - CIC MULT - RESP LIMITADA;2025-08-31;Cotas de fundos de investimento 409;78.72
CLASSES - FIF;35.845.001/0001-11;;BRADESCO FOF ALOCAÇÃO FI FINANCEIRO - CIC MULT - RESP LIMITADA;2025-08-31;Operações compromissadas lastreadas em títulos públicos federais;6.74
CLASSES - FIF;35.845.001/0001-11;;BRADESCO FOF ALOCAÇÃO FI FINANCEIRO - CIC MULT - RESP LIMITADA;2025-08-31;Títulos públicos federais;14.52
CLASSES - FIF;35.845.002/0001-66;;BRADESCO MULTIGESTORES SIRIUS FI FINANCEIRO - CIC MULT CRED PRIV - RESP LIMITADA;2025-08-31;Cotas de fundos de investimento 409;89.41
CLASSES - FIF;35.845.002/0001-66;;BRADESCO MULTIGESTORES SIRIUS FI FINANCEIRO - CIC MULT CRED PRIV - RESP LIMITADA;2025-08-31;Operações compromissadas lastreadas em títulos públicos federais;3.36
CLASSES - FIF;35.845.002/0001-66;;BRADESCO MULTIGESTORES SIRIUS FI FINANCEIRO - CIC MULT CRED PRIV - RESP LIMITADA;2025-08-31;Títulos públicos federais;7.23
CLASSES - FIF;35.845.046/0001-96;;BRADESCO CLARITAS LONG SHORT FIF - CLASSE DE INVESTIMENTO EM COTAS MULTIMERCADO - RESP LIMITADA;2025-08-31;Cotas de fundos de investimento 409;99.58
CLASSES - FIF;35.845.046/0001-96;;BRADESCO CLARITAS LONG SHORT FIF - CLASSE DE INVESTIMENTO EM COTAS MULTIMERCADO - RESP LIMITADA;2025-08-31;Operações compromissadas lastreadas em títulos públicos federais;0.14
CLASSES - FIF;35.845.046/0001-96;;BRADESCO CLARITAS LONG SHORT FIF - CLASSE DE INVESTIMENTO EM COTAS MULTIMERCADO - RESP LIMITADA;2025-08-31;Títulos públicos federais;0.35
CLASSES - FIF;35.847.505/0001-70;;BRADESCO PRIVATE S&P 500 BRL FI FINANCEIRO - CIC MULT - RESP LIMITADA;2025-08-31;Derivativos;99.80
CLASSES - FIF;35.847.505/0001-70;;BRADESCO PRIVATE S&P 500 BRL FI FINANCEIRO - CIC MULT - RESP LIMITADA;2025-08-31;Operações compromissadas lastreadas em títulos públicos federais;11.61
CLASSES - FIF;35.847.505/0001-70;;BRADESCO PRIVATE S&P 500 BRL FI FINANCEIRO - CIC MULT - RESP LIMITADA;2025-08-31;Títulos públicos federais;89.18
CLASSES - FIF;35.847.901/0001-06;;BRADESCO FIF - CIC MULT  SIGMA - RESP LIMITADA;2025-08-31;Cotas de fundos de investimento 409;100.03
CLASSES - FIF;35.847.960/0001-76;;BRADESCO FIF - CIC MULTIMERCADO ÔMEGA - RESP LIMITADA;2025-08-31;Cotas de fundos de investimento 409;99.79
CLASSES - FIF;35.847.977/0001-23;;INDIE ÁGORA FIF - CLASSE DE INVESTIMENTO EM COTAS DE AÇÕES - RESP LIMITADA;2025-08-31;Cotas de fundos de investimento 409;98.52
CLASSES - FIF;35.847.977/0001-23;;INDIE ÁGORA FIF - CLASSE DE INVESTIMENTO EM COTAS DE AÇÕES - RESP LIMITADA;2025-08-31;Operações compromissadas lastreadas em títulos públicos federais;0.26
CLASSES - FIF;35.847.977/0001-23;;INDIE ÁGORA FIF - CLASSE DE INVESTIMENTO EM COTAS DE AÇÕES - RESP LIMITADA;2025-08-31;Títulos públicos federais;0.65
CLASSES - FIF;35.848.004/0001-09;;LEBLON AÇÕES II ÁGORA FIF - CLASSE DE INVESTIMENTO EM COTAS DE AÇÕES - RESP LIMITADA;2025-08-31;Cotas de fundos de investimento 409;98.43
CLASSES - FIF;35.848.004/0001-09;;LEBLON AÇÕES II ÁGORA FIF - CLASSE DE INVESTIMENTO EM COTAS DE AÇÕES - RESP LIMITADA;2025-08-31;Operações compromissadas lastreadas em títulos públicos federais;0.24
CLASSES - FIF;35.848.004/0001-09;;LEBLON AÇÕES II ÁGORA FIF - CLASSE DE INVESTIMENTO EM COTAS DE AÇÕES - RESP LIMITADA;2025-08-31;Títulos públicos federais;0.60
CLASSES - FIF;35.848.011/0001-00;;CONEXÃO ABSOLUTE PACE LONG BIASED FIF - CLASSE DE INVESTIMENTO EM COTAS DE AÇÕES - RESP LIMITADA;2025-08-31;Cotas de fundos de investimento 409;99.40
CLASSES - FIF;35.848.011/0001-00;;CONEXÃO ABSOLUTE PACE LONG BIASED FIF - CLASSE DE INVESTIMENTO EM COTAS DE AÇÕES - RESP LIMITADA;2025-08-31;Operações compromissadas lastreadas em títulos públicos federais;0.19
CLASSES - FIF;35.848.011/0001-00;;CONEXÃO ABSOLUTE PACE LONG BIASED FIF - CLASSE DE INVESTIMENTO EM COTAS DE AÇÕES - RESP LIMITADA;2025-08-31;Títulos públicos federais;0.47
CLASSES - FIF;35.848.014/0001-44;;DAHLIA TOTAL RETURN ÁGORA FIF - CIC MULTIMERCADO - RESP LIMITADA;2025-08-31;Cotas de fundos de investimento 409;99.69
CLASSES - FIF;35.848.014/0001-44;;DAHLIA TOTAL RETURN ÁGORA FIF - CIC MULTIMERCADO - RESP LIMITADA;2025-08-31;Operações compromissadas lastreadas em títulos públicos federais;0.12
CLASSES - FIF;35.848.014/0001-44;;DAHLIA TOTAL RETURN ÁGORA FIF - CIC MULTIMERCADO - RESP LIMITADA;2025-08-31;Títulos públicos federais;0.31
CLASSES - FIF;35.848.026/0001-79;;CLARITAS VALOR FIF - CLASSE DE INVESTIMENTO EM COTAS DE AÇÕES - RESP LIMITADA;2025-08-31;Cotas de fundos de investimento 409;98.97
CLASSES - FIF;35.848.026/0001-79;;CLARITAS VALOR FIF - CLASSE DE INVESTIMENTO EM COTAS DE AÇÕES - RESP LIMITADA;2025-08-31;Operações compromissadas lastreadas em títulos públicos federais;0.24
CLASSES - FIF;35.848.026/0001-79;;CLARITAS VALOR FIF - CLASSE DE INVESTIMENTO EM COTAS DE AÇÕES - RESP LIMITADA;2025-08-31;Títulos públicos federais;0.61
CLASSES - FIF;35.848.032/0001-26;;PACÍFICO ÁGORA FIF - CLASSE DE INVESTIMENTO EM COTAS DE AÇÕES - RESP LIMITADA;2025-08-31;Cotas de fundos de investimento 409;95.55
CLASSES - FIF;35.848.046/0001-40;;SHARP EQUITY VALUE INSTITUCIONAL FIF - CLASSE DE INVESTIMENTO EM COTAS DE AÇÕES - RESP LIMITADA;2025-08-31;Cotas de fundos de investimento 409;98.55
CLASSES - FIF;35.848.046/0001-40;;SHARP EQUITY VALUE INSTITUCIONAL FIF - CLASSE DE INVESTIMENTO EM COTAS DE AÇÕES - RESP LIMITADA;2025-08-31;Operações compromissadas lastreadas em títulos públicos federais;0.10
CLASSES - FIF;35.848.046/0001-40;;SHARP EQUITY VALUE INSTITUCIONAL FIF - CLASSE DE INVESTIMENTO EM COTAS DE AÇÕES - RESP LIMITADA;2025-08-31;Títulos públicos federais;0.25
CLASSES - FIF;35.848.052/0001-05;;CANVAS ENDURO ÁGORA FIF - CLASSE DE INVESTIMENTO EM COTAS MULTIMERCADO - RESP LIMITADA;2025-08-31;Cotas de fundos de investimento 409;97.58
CLASSES - FIF;35.848.052/0001-05;;CANVAS ENDURO ÁGORA FIF - CLASSE DE INVESTIMENTO EM COTAS MULTIMERCADO - RESP LIMITADA;2025-08-31;Operações compromissadas lastreadas em títulos públicos federais;0.43
CLASSES - FIF;35.848.052/0001-05;;CANVAS ENDURO ÁGORA FIF - CLASSE DE INVESTIMENTO EM COTAS MULTIMERCADO - RESP LIMITADA;2025-08-31;Títulos públicos federais;1.09
CLASSES - FIF;35.848.055/0001-30;;CONEXÃO MOAT CAPITAL LONG BIAS FIF - CLASSE DE INVESTIMENTO EM COTAS MULTIMERCADO - RESP LIMITADA;2025-08-31;Cotas de fundos de investimento 409;98.41
CLASSES - FIF;35.848.055/0001-30;;CONEXÃO MOAT CAPITAL LONG BIAS FIF - CLASSE DE INVESTIMENTO EM COTAS MULTIMERCADO - RESP LIMITADA;2025-08-31;Operações compromissadas lastreadas em títulos públicos federais;0.38
CLASSES - FIF;35.848.055/0001-30;;CONEXÃO MOAT CAPITAL LONG BIAS FIF - CLASSE DE INVESTIMENTO EM COTAS MULTIMERCADO - RESP LIMITADA;2025-08-31;Títulos públicos federais;0.96
CLASSES - FIF;35.848.058/0001-74;;CONEXÃO MOAT CAPITAL EQUITY HEDGE FIF - CLASSE DE INVESTIMENTO EM COTAS MULTIMERCADO - RESP LIMITADA;2025-08-31;Cotas de fundos de investimento 409;99.61
CLASSES - FIF;35.848.058/0001-74;;CONEXÃO MOAT CAPITAL EQUITY HEDGE FIF - CLASSE DE INVESTIMENTO EM COTAS MULTIMERCADO - RESP LIMITADA;2025-08-31;Operações compromissadas lastreadas em títulos públicos federais;0.13
CLASSES - FIF;35.848.058/0001-74;;CONEXÃO MOAT CAPITAL EQUITY HEDGE FIF - CLASSE DE INVESTIMENTO EM COTAS MULTIMERCADO - RESP LIMITADA;2025-08-31;Títulos públicos federais;0.34
CLASSES - FIF;35.848.062/0001-32;;CONEXÃO ABSOLUTE HEDGE FIF - CLASSE DE INVESTIMENTO EM COTAS MULTIMERCADO - RESP LIMITADA;2025-08-31;Cotas de fundos de investimento 409;99.38
CLASSES - FIF;35.848.062/0001-32;;CONEXÃO ABSOLUTE HEDGE FIF - CLASSE DE INVESTIMENTO EM COTAS MULTIMERCADO - RESP LIMITADA;2025-08-31;Operações compromissadas lastreadas em títulos públicos federais;0.14
CLASSES - FIF;35.848.062/0001-32;;CONEXÃO ABSOLUTE HEDGE FIF - CLASSE DE INVESTIMENTO EM COTAS MULTIMERCADO - RESP LIMITADA;2025-08-31;Títulos públicos federais;0.36
CLASSES - FIF;35.848.079/0001-90;;NEO MULTI ESTRATÉGIA 30 ÁGORA FIF - CLASSE DE INVESTIMENTO EM COTAS MULTIMERCADO - RESP LIMITADA;2025-08-31;Cotas de fundos de investimento 409;99.28
CLASSES - FIF;35.848.079/0001-90;;NEO MULTI ESTRATÉGIA 30 ÁGORA FIF - CLASSE DE INVESTIMENTO EM COTAS MULTIMERCADO - RESP LIMITADA;2025-08-31;Operações compromissadas lastreadas em títulos públicos federais;0.17
CLASSES - FIF;35.848.079/0001-90;;NEO MULTI ESTRATÉGIA 30 ÁGORA FIF - CLASSE DE INVESTIMENTO EM COTAS MULTIMERCADO - RESP LIMITADA;2025-08-31;Títulos públicos federais;0.42
CLASSES - FIF;35.868.808/0001-70;;BANESTES FUNSES FIF MULTIMERCADO RESPONSABILIDADE LIMITADA;2025-08-31;Cotas de fundos de investimento 555;1.66
CLASSES - FIF;35.868.808/0001-70;;BANESTES FUNSES FIF MULTIMERCADO RESPONSABILIDADE LIMITADA;2025-08-31;Depósitos a prazo e outros títulos de instituições financeiras;4.81
CLASSES - FIF;35.868.808/0001-70;;BANESTES FUNSES FIF MULTIMERCADO RESPONSABILIDADE LIMITADA;2025-08-31;Operações compromissadas lastreadas em títulos públicos federais;19.67
CLASSES - FIF;35.868.808/0001-70;;BANESTES FUNSES FIF MULTIMERCADO RESPONSABILIDADE LIMITADA;2025-08-31;Títulos de crédito privado;3.97
CLASSES - FIF;35.868.808/0001-70;;BANESTES FUNSES FIF MULTIMERCADO RESPONSABILIDADE LIMITADA;2025-08-31;Títulos públicos federais;69.20
CLASSES - FIF;35.998.413/0001-91;;BANESTES DIVIDENDOS FIC DE FIF DE AÇÕES RESPONSABILIDADE LIMITADA;2025-08-31;Cotas de fundos de investimento 555;98.62
CLASSES - FIF;35.998.413/0001-91;;BANESTES DIVIDENDOS FIC DE FIF DE AÇÕES RESPONSABILIDADE LIMITADA;2025-08-31;Operações compromissadas lastreadas em títulos públicos federais;0.76
CLASSES - FIF;35.998.413/0001-91;;BANESTES DIVIDENDOS FIC DE FIF DE AÇÕES RESPONSABILIDADE LIMITADA;2025-08-31;Títulos públicos federais;0.60
CLASSES - FIF;36.083.510/0001-17;;CLUBE DO VALOR MASTER FUNDO DE INVESTIMENTO FINANCEIRO EM AÇÕES;2025-08-31;Cotas de Fundos de Investimento 409;0.00
CLASSES - FIF;36.083.510/0001-17;;CLUBE DO VALOR MASTER FUNDO DE INVESTIMENTO FINANCEIRO EM AÇÕES;2025-08-31;Depósitos a Prazo e Outros Títulos de Instituições Financeiras;0.00
CLASSES - FIF;36.083.510/0001-17;;CLUBE DO VALOR MASTER FUNDO DE INVESTIMENTO FINANCEIRO EM AÇÕES;2025-08-31;Operações Compromissadas Lastreadas em Títulos Públicos Federais;0.00
CLASSES - FIF;36.083.510/0001-17;;CLUBE DO VALOR MASTER FUNDO DE INVESTIMENTO FINANCEIRO EM AÇÕES;2025-08-31;Títulos de Crédito Privado;0.00
CLASSES - FIF;36.083.510/0001-17;;CLUBE DO VALOR MASTER FUNDO DE INVESTIMENTO FINANCEIRO EM AÇÕES;2025-08-31;Títulos Públicos Federais;0.00
CLASSES - FIF;36.347.706/0001-71;;BANESTES INVEST PUBLIC AUTOMÁTICO FIF RENDA FIXA CURTO PRAZO RESPONSABILIDADE LIMITADA;2025-08-31;Operações compromissadas lastreadas em títulos públicos federais;91.09
CLASSES - FIF;36.352.662/0001-78;;ARX INCOME MASTER FIF - CLASSE DE INVESTIMENTO EM AÇÕES - RESP LIMITADA;2025-08-31;Ações;96.15
CLASSES - FIF;36.352.662/0001-78;;ARX INCOME MASTER FIF - CLASSE DE INVESTIMENTO EM AÇÕES - RESP LIMITADA;2025-08-31;Operações compromissadas lastreadas em títulos públicos federais;3.06
FI;36.443.522/0001-05;;INTER CORPORATE FUNDO DE INVESTIMENTO FINANCEIRO RENDA FIXA CRÉDITO PRIVADO RESP LIMITADA;2025-08-31;Depósitos a Prazo e Outros Títulos de Instituições Financeiras;58.92
FI;36.443.522/0001-05;;INTER CORPORATE FUNDO DE INVESTIMENTO FINANCEIRO RENDA FIXA CRÉDITO PRIVADO RESP LIMITADA;2025-08-31;Operações Compromissadas Lastreadas em Títulos Públicos Federais;2.13
FI;36.443.522/0001-05;;INTER CORPORATE FUNDO DE INVESTIMENTO FINANCEIRO RENDA FIXA CRÉDITO PRIVADO RESP LIMITADA;2025-08-31;Títulos de Crédito Privado;12.38
FI;36.443.522/0001-05;;INTER CORPORATE FUNDO DE INVESTIMENTO FINANCEIRO RENDA FIXA CRÉDITO PRIVADO RESP LIMITADA;2025-08-31;Títulos Públicos Federais;23.99
FI;36.443.587/0001-50;;INTER ACCESS LEGACY CAPITAL FUNDO DE INVESTIMENTO EM COTAS DE FUNDO DE INVESTIMENTO FINANCEIRO MULTI;2025-08-31;Cotas de Fundos de Investimento 555;96.92
FI;36.443.587/0001-50;;INTER ACCESS LEGACY CAPITAL FUNDO DE INVESTIMENTO EM COTAS DE FUNDO DE INVESTIMENTO FINANCEIRO MULTI;2025-08-31;Operações Compromissadas Lastreadas em Títulos Públicos Federais;3.05
CLASSES - FIF;36.499.392/0001-22;;TARPON US EQUITIES INSTITUCIONAL FUNDO DE INVESTIMENTO FINANCEIRO;2025-08-31;Cotas de Fundos de Investimento 409;0.55
CLASSES - FIF;36.499.392/0001-22;;TARPON US EQUITIES INSTITUCIONAL FUNDO DE INVESTIMENTO FINANCEIRO;2025-08-31;Outras Aplicações;0.05
CLASSES - FIF;36.499.392/0001-22;;TARPON US EQUITIES INSTITUCIONAL FUNDO DE INVESTIMENTO FINANCEIRO;2025-08-31;Outras Cotas de Fundos de Investimento;18.22
CLASSES - FIF;36.521.750/0001-56;;ICATU VANGUARDA CRÉDITO PRIVADO INSTITUCIONAL FIF CLASSE DE INVESTIMENTO RENDA FIXA - RESP LIMITADA;2025-08-31;Cotas de fundos de investimento 409;7.73
CLASSES - FIF;36.521.750/0001-56;;ICATU VANGUARDA CRÉDITO PRIVADO INSTITUCIONAL FIF CLASSE DE INVESTIMENTO RENDA FIXA - RESP LIMITADA;2025-08-31;Depósitos a prazo e outros títulos de instituições financeiras;25.61
CLASSES - FIF;36.521.750/0001-56;;ICATU VANGUARDA CRÉDITO PRIVADO INSTITUCIONAL FIF CLASSE DE INVESTIMENTO RENDA FIXA - RESP LIMITADA;2025-08-31;Operações compromissadas lastreadas em títulos públicos federais;14.92
CLASSES - FIF;36.521.750/0001-56;;ICATU VANGUARDA CRÉDITO PRIVADO INSTITUCIONAL FIF CLASSE DE INVESTIMENTO RENDA FIXA - RESP LIMITADA;2025-08-31;Títulos de crédito privado;46.67
CLASSES - FIF;36.521.750/0001-56;;ICATU VANGUARDA CRÉDITO PRIVADO INSTITUCIONAL FIF CLASSE DE INVESTIMENTO RENDA FIXA - RESP LIMITADA;2025-08-31;Títulos públicos federais;5.11
CLASSES - FIF;36.521.777/0001-49;;BRADESCO CEDRO LONG BIAS IQ FIF - CIC DE AÇÕES - RESP LIMITADA;2025-08-31;Ações;71.32
CLASSES - FIF;36.521.777/0001-49;;BRADESCO CEDRO LONG BIAS IQ FIF - CIC DE AÇÕES - RESP LIMITADA;2025-08-31;Cotas de fundos de investimento 409;27.73
CLASSES - FIF;36.521.777/0001-49;;BRADESCO CEDRO LONG BIAS IQ FIF - CIC DE AÇÕES - RESP LIMITADA;2025-08-31;Investimento no exterior;8.40
CLASSES - FIF;36.521.777/0001-49;;BRADESCO CEDRO LONG BIAS IQ FIF - CIC DE AÇÕES - RESP LIMITADA;2025-08-31;Operações compromissadas lastreadas em títulos públicos federais;20.50
CLASSES - FIF;36.521.777/0001-49;;BRADESCO CEDRO LONG BIAS IQ FIF - CIC DE AÇÕES - RESP LIMITADA;2025-08-31;Títulos públicos federais;7.67
CLASSES - FIF;36.521.791/0001-42;;BRADESCO CEDRO LONG BIASED FIF - CLASSE DE INVESTIMENTO EM COTAS AÇÕES - RESP LIMITADA;2025-08-31;Ações;71.38
CLASSES - FIF;36.521.791/0001-42;;BRADESCO CEDRO LONG BIASED FIF - CLASSE DE INVESTIMENTO EM COTAS AÇÕES - RESP LIMITADA;2025-08-31;Cotas de fundos de investimento 409;27.75
CLASSES - FIF;36.521.791/0001-42;;BRADESCO CEDRO LONG BIASED FIF - CLASSE DE INVESTIMENTO EM COTAS AÇÕES - RESP LIMITADA;2025-08-31;Investimento no exterior;8.41
CLASSES - FIF;36.521.791/0001-42;;BRADESCO CEDRO LONG BIASED FIF - CLASSE DE INVESTIMENTO EM COTAS AÇÕES - RESP LIMITADA;2025-08-31;Operações compromissadas lastreadas em títulos públicos federais;20.52
CLASSES - FIF;36.521.791/0001-42;;BRADESCO CEDRO LONG BIASED FIF - CLASSE DE INVESTIMENTO EM COTAS AÇÕES - RESP LIMITADA;2025-08-31;Títulos públicos federais;7.67
CLASSES - FIF;36.617.518/0001-16;;GÁVEA MACRO FEEDER I FI FINANCEIRO - CIC MULT - RESP LIMITADA;2025-08-31;Ações;4.15
CLASSES - FIF;36.617.518/0001-16;;GÁVEA MACRO FEEDER I FI FINANCEIRO - CIC MULT - RESP LIMITADA;2025-08-31;Derivativos;17.17
CLASSES - FIF;36.617.518/0001-16;;GÁVEA MACRO FEEDER I FI FINANCEIRO - CIC MULT - RESP LIMITADA;2025-08-31;Investimento no exterior;14.71
CLASSES - FIF;36.617.518/0001-16;;GÁVEA MACRO FEEDER I FI FINANCEIRO - CIC MULT - RESP LIMITADA;2025-08-31;Operações compromissadas lastreadas em títulos públicos federais;17.58
CLASSES - FIF;36.617.518/0001-16;;GÁVEA MACRO FEEDER I FI FINANCEIRO - CIC MULT - RESP LIMITADA;2025-08-31;Títulos públicos federais;64.80
CLASSES - FIF;36.617.669/0001-74;;CONEXÃO TRUXT LONG BIAS FIF CLASSE DE INVESTIMENTO EM COTAS MULTIMERCADO - RESP LIMITADA;2025-08-31;Cotas de fundos de investimento 409;99.20
CLASSES - FIF;36.617.669/0001-74;;CONEXÃO TRUXT LONG BIAS FIF CLASSE DE INVESTIMENTO EM COTAS MULTIMERCADO - RESP LIMITADA;2025-08-31;Operações compromissadas lastreadas em títulos públicos federais;0.08
CLASSES - FIF;36.617.669/0001-74;;CONEXÃO TRUXT LONG BIAS FIF CLASSE DE INVESTIMENTO EM COTAS MULTIMERCADO - RESP LIMITADA;2025-08-31;Títulos públicos federais;0.20
CLASSES - FIF;36.617.800/0001-01;;AZ QUEST MULTI ÁGORA FIF - CIC MULTIMERCADO - RESPONSABILIDADE LIMITADA;2025-08-31;Cotas de fundos de investimento 409;98.29
CLASSES - FIF;36.617.800/0001-01;;AZ QUEST MULTI ÁGORA FIF - CIC MULTIMERCADO - RESPONSABILIDADE LIMITADA;2025-08-31;Operações compromissadas lastreadas em títulos públicos federais;0.44
CLASSES - FIF;36.617.800/0001-01;;AZ QUEST MULTI ÁGORA FIF - CIC MULTIMERCADO - RESPONSABILIDADE LIMITADA;2025-08-31;Títulos públicos federais;1.11
CLASSES - FIF;36.619.752/0001-82;;CONEXÃO ACE CAPITAL FIF - CIC MULTIMERCADO - RESPONSABILIDADE LIMITADA;2025-08-31;Cotas de fundos de investimento 409;99.46
CLASSES - FIF;36.619.752/0001-82;;CONEXÃO ACE CAPITAL FIF - CIC MULTIMERCADO - RESPONSABILIDADE LIMITADA;2025-08-31;Operações compromissadas lastreadas em títulos públicos federais;0.16
CLASSES - FIF;36.619.752/0001-82;;CONEXÃO ACE CAPITAL FIF - CIC MULTIMERCADO - RESPONSABILIDADE LIMITADA;2025-08-31;Títulos públicos federais;0.41
CLASSES - FIF;36.619.783/0001-33;;GAP ABSOLUTO ÁGORA FIF - CIC MULTIMERCADO - RESPONSABILIDADE LIMITADA;2025-08-31;Cotas de fundos de investimento 409;99.76
CLASSES - FIF;36.619.783/0001-33;;GAP ABSOLUTO ÁGORA FIF - CIC MULTIMERCADO - RESPONSABILIDADE LIMITADA;2025-08-31;Operações compromissadas lastreadas em títulos públicos federais;0.09
CLASSES - FIF;36.619.783/0001-33;;GAP ABSOLUTO ÁGORA FIF - CIC MULTIMERCADO - RESPONSABILIDADE LIMITADA;2025-08-31;Títulos públicos federais;0.22
CLASSES - FIF;36.619.844/0001-62;;CONEXÃO TORK 60 FIF - CLASSE DE INVESTIMENTO EM COTAS DE AÇÕES - RESP LIMITADA;2025-08-31;Cotas de fundos de investimento 409;99.60
CLASSES - FIF;36.619.844/0001-62;;CONEXÃO TORK 60 FIF - CLASSE DE INVESTIMENTO EM COTAS DE AÇÕES - RESP LIMITADA;2025-08-31;Operações compromissadas lastreadas em títulos públicos federais;0.11
CLASSES - FIF;36.619.844/0001-62;;CONEXÃO TORK 60 FIF - CLASSE DE INVESTIMENTO EM COTAS DE AÇÕES - RESP LIMITADA;2025-08-31;Títulos públicos federais;0.28
CLASSES - FIF;36.619.937/0001-97;;TORK LONG ONLY INSTITUCIONAL ÁGORA FIF - CLASSE DE INVESTIMENTO EM COTAS DE AÇÕES - RESP LIMITADA;2025-08-31;Cotas de fundos de investimento 409;99.49
CLASSES - FIF;36.619.937/0001-97;;TORK LONG ONLY INSTITUCIONAL ÁGORA FIF - CLASSE DE INVESTIMENTO EM COTAS DE AÇÕES - RESP LIMITADA;2025-08-31;Operações compromissadas lastreadas em títulos públicos federais;0.12
CLASSES - FIF;36.619.937/0001-97;;TORK LONG ONLY INSTITUCIONAL ÁGORA FIF - CLASSE DE INVESTIMENTO EM COTAS DE AÇÕES - RESP LIMITADA;2025-08-31;Títulos públicos federais;0.30
CLASSES - FIF;36.620.345/0001-95;;PIMCO INCOME DÓLAR ÁGORA FIF - CLASSE DE INVESTIMENTO EM COTAS MULTIMERCADO - RESP LIMITADA;2025-08-31;Cotas de fundos de investimento 409;99.19
CLASSES - FIF;36.620.345/0001-95;;PIMCO INCOME DÓLAR ÁGORA FIF - CLASSE DE INVESTIMENTO EM COTAS MULTIMERCADO - RESP LIMITADA;2025-08-31;Operações compromissadas lastreadas em títulos públicos federais;0.23
CLASSES - FIF;36.620.345/0001-95;;PIMCO INCOME DÓLAR ÁGORA FIF - CLASSE DE INVESTIMENTO EM COTAS MULTIMERCADO - RESP LIMITADA;2025-08-31;Títulos públicos federais;0.58
CLASSES - FIF;36.620.364/0001-11;;KADIMA HIGH VOL ÁGORA FIF - CLASSE DE INVESTIMENTO EM COTAS MULTIMERCADO - RESP LIMITADA;2025-08-31;Cotas de fundos de investimento 409;99.68
CLASSES - FIF;36.620.660/0001-12;;GAUSS ÁGORA FIF - CLASSE DE INVESTIMENTO EM COTAS MULTIMERCADO - RESP LIMITADA;2025-08-31;Cotas de fundos de investimento 409;99.25
CLASSES - FIF;36.620.660/0001-12;;GAUSS ÁGORA FIF - CLASSE DE INVESTIMENTO EM COTAS MULTIMERCADO - RESP LIMITADA;2025-08-31;Operações compromissadas lastreadas em títulos públicos federais;0.11
CLASSES - FIF;36.620.660/0001-12;;GAUSS ÁGORA FIF - CLASSE DE INVESTIMENTO EM COTAS MULTIMERCADO - RESP LIMITADA;2025-08-31;Títulos públicos federais;0.29
CLASSES - FIF;36.620.688/0001-50;;GÁVEA MACRO DÓLAR ÁGORA FIF - CIC MULTIMERCADO - RESPONSABILIDADE LIMITADA;2025-08-31;Cotas de fundos de investimento 409;96.29
CLASSES - FIF;36.620.688/0001-50;;GÁVEA MACRO DÓLAR ÁGORA FIF - CIC MULTIMERCADO - RESPONSABILIDADE LIMITADA;2025-08-31;Operações compromissadas lastreadas em títulos públicos federais;0.89
CLASSES - FIF;36.620.688/0001-50;;GÁVEA MACRO DÓLAR ÁGORA FIF - CIC MULTIMERCADO - RESPONSABILIDADE LIMITADA;2025-08-31;Títulos públicos federais;2.25
CLASSES - FIF;36.620.874/0001-99;;BRADESCO MOAT CAPITAL FIF - CLASSE DE INVESTIMENTO EM COTAS DE AÇÕES - RESP LIMITADA;2025-08-31;Cotas de fundos de investimento 409;99.58
CLASSES - FIF;36.620.874/0001-99;;BRADESCO MOAT CAPITAL FIF - CLASSE DE INVESTIMENTO EM COTAS DE AÇÕES - RESP LIMITADA;2025-08-31;Operações compromissadas lastreadas em títulos públicos federais;0.12
CLASSES - FIF;36.620.874/0001-99;;BRADESCO MOAT CAPITAL FIF - CLASSE DE INVESTIMENTO EM COTAS DE AÇÕES - RESP LIMITADA;2025-08-31;Títulos públicos federais;0.31
CLASSES - FIF;36.656.529/0001-05;;CSHG ALLOCATION IBIUNA HEDGE STHG II FUNDO DE INVESTIMENTO EM COTAS DE FIF MULT - RESP LTDA;2025-08-31;Outras Cotas de Fundos de Investimento;100.06
CLASSES - FIF;36.656.529/0001-05;;CSHG ALLOCATION IBIUNA HEDGE STHG II FUNDO DE INVESTIMENTO EM COTAS DE FIF MULT - RESP LTDA;2025-08-31;Outros;0.00
CLASSES - FIF;36.671.831/0001-32;;DAYCOVAL TITULOS PUBLICOS III FUNDO DE INVESTIMENTO FINANCEIRO;2025-08-31;Operações Compromissadas Lastreadas em Títulos Públicos Federais;19.74
CLASSES - FIF;36.671.831/0001-32;;DAYCOVAL TITULOS PUBLICOS III FUNDO DE INVESTIMENTO FINANCEIRO;2025-08-31;Outras Aplicações;0.00
CLASSES - FIF;36.671.831/0001-32;;DAYCOVAL TITULOS PUBLICOS III FUNDO DE INVESTIMENTO FINANCEIRO;2025-08-31;Títulos Públicos Federais;80.29
CLASSES - FIF;36.671.926/0001-56;;TRIGONO FLAGSHIP SMALL CAPS INSTITUCIONAL FIF- CIC DE AÇÕES - RESP LIMITADA;2025-08-31;Cotas de fundos de investimento 409;99.87
CLASSES - FIF;36.671.926/0001-56;;TRIGONO FLAGSHIP SMALL CAPS INSTITUCIONAL FIF- CIC DE AÇÕES - RESP LIMITADA;2025-08-31;Operações compromissadas lastreadas em títulos públicos federais;0.09
CLASSES - FIF;36.671.926/0001-56;;TRIGONO FLAGSHIP SMALL CAPS INSTITUCIONAL FIF- CIC DE AÇÕES - RESP LIMITADA;2025-08-31;Títulos públicos federais;0.21
CLASSES - FIF;36.672.171/0001-04;;ALAMOS COMPASS FUNDO DE INVESTIMENTO FINANCEIRO;2025-08-31;Cotas de Fundos de Investimento 409;1.68
CLASSES - FIF;36.672.171/0001-04;;ALAMOS COMPASS FUNDO DE INVESTIMENTO FINANCEIRO;2025-08-31;Derivativos;1.07
CLASSES - FIF;36.672.171/0001-04;;ALAMOS COMPASS FUNDO DE INVESTIMENTO FINANCEIRO;2025-08-31;Outras Aplicações;0.01
CLASSES - FIF;36.672.171/0001-04;;ALAMOS COMPASS FUNDO DE INVESTIMENTO FINANCEIRO;2025-08-31;Títulos Públicos Federais;97.91
CLASSES - FIF;36.771.013/0001-01;;TARPON INTERSECTION MASTER FUNDO DE INVESTIMENTO FINANCEIRO;2025-08-31;Ações;80.00
CLASSES - FIF;36.771.013/0001-01;;TARPON INTERSECTION MASTER FUNDO DE INVESTIMENTO FINANCEIRO;2025-08-31;Cotas de Fundos de Investimento 409;3.65
CLASSES - FIF;36.771.013/0001-01;;TARPON INTERSECTION MASTER FUNDO DE INVESTIMENTO FINANCEIRO;2025-08-31;Outras Aplicações;0.30
CLASSES - FIF;36.771.013/0001-01;;TARPON INTERSECTION MASTER FUNDO DE INVESTIMENTO FINANCEIRO;2025-08-31;Outras Cotas de Fundos de Investimento;16.06
CLASSES - FIF;36.771.076/0001-68;;ALAMOS SELECTION FUNDO DE INVESTIMENTO FINANCEIRO;2025-08-31;Ações;34.29
CLASSES - FIF;36.771.076/0001-68;;ALAMOS SELECTION FUNDO DE INVESTIMENTO FINANCEIRO;2025-08-31;Cotas de Fundos de Índice de Renda Variável;6.08
CLASSES - FIF;36.771.076/0001-68;;ALAMOS SELECTION FUNDO DE INVESTIMENTO FINANCEIRO;2025-08-31;Cotas de Fundos de Investimento 409;49.66
CLASSES - FIF;36.771.076/0001-68;;ALAMOS SELECTION FUNDO DE INVESTIMENTO FINANCEIRO;2025-08-31;Outras Cotas de Fundos de Investimento;7.86
CLASSES - FIF;36.771.076/0001-68;;ALAMOS SELECTION FUNDO DE INVESTIMENTO FINANCEIRO;2025-08-31;Títulos Públicos Federais;2.07
CLASSES - FIF;36.771.600/0001-09;;AURO CARTEIRA MODERADA FUNDO DE INVESTIMENTO FINANCEIRO MULTIMERCADO;2025-08-31;Cotas de Fundos de Investimento 409;87.07
CLASSES - FIF;36.771.600/0001-09;;AURO CARTEIRA MODERADA FUNDO DE INVESTIMENTO FINANCEIRO MULTIMERCADO;2025-08-31;Outras Aplicações;0.02
CLASSES - FIF;36.771.600/0001-09;;AURO CARTEIRA MODERADA FUNDO DE INVESTIMENTO FINANCEIRO MULTIMERCADO;2025-08-31;Outras Cotas de Fundos de Investimento;1.23
CLASSES - FIF;36.771.600/0001-09;;AURO CARTEIRA MODERADA FUNDO DE INVESTIMENTO FINANCEIRO MULTIMERCADO;2025-08-31;Títulos Públicos Federais;12.65
CLASSES - FIF;36.771.728/0001-64;;DAYCOVAL TITULOS PUBLICOS IV FUNDO DE INVESTIMENTO FINANCEIRO;2025-08-31;Operações Compromissadas Lastreadas em Títulos Públicos Federais;26.87
CLASSES - FIF;36.771.728/0001-64;;DAYCOVAL TITULOS PUBLICOS IV FUNDO DE INVESTIMENTO FINANCEIRO;2025-08-31;Outras Aplicações;0.00
CLASSES - FIF;36.771.728/0001-64;;DAYCOVAL TITULOS PUBLICOS IV FUNDO DE INVESTIMENTO FINANCEIRO;2025-08-31;Títulos Públicos Federais;73.14
CLASSES - FIF;36.854.581/0001-76;;AMW VÊNUS FUNDO DE INVESTIMENTO FINANCEIRO;2025-08-31;Cotas de Fundos de Investimento 409;11.91
CLASSES - FIF;36.854.581/0001-76;;AMW VÊNUS FUNDO DE INVESTIMENTO FINANCEIRO;2025-08-31;Depósitos a Prazo e Outros Títulos de Instituições Financeiras;49.21
CLASSES - FIF;36.854.581/0001-76;;AMW VÊNUS FUNDO DE INVESTIMENTO FINANCEIRO;2025-08-31;Operações Compromissadas Lastreadas em Títulos Públicos Federais;9.03
CLASSES - FIF;36.854.581/0001-76;;AMW VÊNUS FUNDO DE INVESTIMENTO FINANCEIRO;2025-08-31;Outras Cotas de Fundos de Investimento;8.48
CLASSES - FIF;36.854.581/0001-76;;AMW VÊNUS FUNDO DE INVESTIMENTO FINANCEIRO;2025-08-31;Títulos de Crédito Privado;17.33
CLASSES - FIF;36.935.494/0001-43;;SULAMÉRICA INCOME FIF - CLASSE DE INVESTIMENTO RENDA FIXA LONGO PRAZO - RESP LIMITADA;2025-08-31;Operações compromissadas lastreadas em títulos públicos federais;0.49
CLASSES - FIF;36.935.494/0001-43;;SULAMÉRICA INCOME FIF - CLASSE DE INVESTIMENTO RENDA FIXA LONGO PRAZO - RESP LIMITADA;2025-08-31;Títulos públicos federais;99.91
CLASSES - FIF;36.954.526/0001-58;;DAYCOVAL TITULOS PUBLICOS VI FUNDO DE INVESTIMENTO FINANCEIRO CURTO PRAZO;2025-08-31;Operações Compromissadas Lastreadas em Títulos Públicos Federais;100.01
CLASSES - FIF;36.954.526/0001-58;;DAYCOVAL TITULOS PUBLICOS VI FUNDO DE INVESTIMENTO FINANCEIRO CURTO PRAZO;2025-08-31;Outras Aplicações;0.00
CLASSES - FIF;37.235.748/0001-83;;BRADESCO OURO USD FI FINANCEIRO - CIC MULT - RESP LIMITADA;2025-08-31;Derivativos;0.16
CLASSES - FIF;37.235.748/0001-83;;BRADESCO OURO USD FI FINANCEIRO - CIC MULT - RESP LIMITADA;2025-08-31;Operações compromissadas lastreadas em títulos públicos federais;10.94
CLASSES - FIF;37.235.748/0001-83;;BRADESCO OURO USD FI FINANCEIRO - CIC MULT - RESP LIMITADA;2025-08-31;Títulos públicos federais;88.92
CLASSES - FIF;37.235.773/0001-67;;BRADESCO OURO FI FINANCEIRO - CIC MULT - RESP LIMITADA;2025-08-31;Derivativos;0.69
CLASSES - FIF;37.235.773/0001-67;;BRADESCO OURO FI FINANCEIRO - CIC MULT - RESP LIMITADA;2025-08-31;Operações compromissadas lastreadas em títulos públicos federais;15.00
CLASSES - FIF;37.235.773/0001-67;;BRADESCO OURO FI FINANCEIRO - CIC MULT - RESP LIMITADA;2025-08-31;Títulos públicos federais;81.29
CLASSES - FIF;37.235.820/0001-72;;BRAM OURO USD FI FINANCEIRO - CI MULT - RESP LIMITADA;2025-08-31;Derivativos;0.16
CLASSES - FIF;37.235.820/0001-72;;BRAM OURO USD FI FINANCEIRO - CI MULT - RESP LIMITADA;2025-08-31;Operações compromissadas lastreadas em títulos públicos federais;10.94
CLASSES - FIF;37.235.820/0001-72;;BRAM OURO USD FI FINANCEIRO - CI MULT - RESP LIMITADA;2025-08-31;Títulos públicos federais;88.89
CLASSES - FIF;37.235.861/0001-69;;BRAM OURO FI FINANCEIRO - CI MULT - RESP LIMITADA;2025-08-31;Derivativos;0.69
CLASSES - FIF;37.235.861/0001-69;;BRAM OURO FI FINANCEIRO - CI MULT - RESP LIMITADA;2025-08-31;Operações compromissadas lastreadas em títulos públicos federais;14.99
CLASSES - FIF;37.235.861/0001-69;;BRAM OURO FI FINANCEIRO - CI MULT - RESP LIMITADA;2025-08-31;Títulos públicos federais;81.26
CLASSES - FIF;37.235.981/0001-66;;CONEXÃO RPS SELECTION LONG BIAS D30 FIF - CIC DE AÇÕES - RESPONSABILIDADE LIMITADA;2025-08-31;Cotas de fundos de investimento 409;97.50
CLASSES - FIF;37.235.981/0001-66;;CONEXÃO RPS SELECTION LONG BIAS D30 FIF - CIC DE AÇÕES - RESPONSABILIDADE LIMITADA;2025-08-31;Operações compromissadas lastreadas em títulos públicos federais;0.66
CLASSES - FIF;37.235.981/0001-66;;CONEXÃO RPS SELECTION LONG BIAS D30 FIF - CIC DE AÇÕES - RESPONSABILIDADE LIMITADA;2025-08-31;Títulos públicos federais;1.65
CLASSES - FIF;37.248.132/0001-47;;CONEXÃO RPS SELECTION FIF - CLASSE DE INVESTIMENTO EM COTAS DE AÇÕES - RESP LIMITADA;2025-08-31;Cotas de fundos de investimento 409;98.52
CLASSES - FIF;37.248.132/0001-47;;CONEXÃO RPS SELECTION FIF - CLASSE DE INVESTIMENTO EM COTAS DE AÇÕES - RESP LIMITADA;2025-08-31;Operações compromissadas lastreadas em títulos públicos federais;0.38
CLASSES - FIF;37.248.132/0001-47;;CONEXÃO RPS SELECTION FIF - CLASSE DE INVESTIMENTO EM COTAS DE AÇÕES - RESP LIMITADA;2025-08-31;Títulos públicos federais;0.96
CLASSES - FIF;37.265.082/0001-06;;BNP PARIBAS SMALL CAPS ÁGORA FIF - CLASSE DE INVESTIMENTO EM COTAS DE AÇÕES - RESP LIMITADA;2025-08-31;Cotas de fundos de investimento 409;96.85
CLASSES - FIF;37.265.082/0001-06;;BNP PARIBAS SMALL CAPS ÁGORA FIF - CLASSE DE INVESTIMENTO EM COTAS DE AÇÕES - RESP LIMITADA;2025-08-31;Operações compromissadas lastreadas em títulos públicos federais;0.42
CLASSES - FIF;37.265.082/0001-06;;BNP PARIBAS SMALL CAPS ÁGORA FIF - CLASSE DE INVESTIMENTO EM COTAS DE AÇÕES - RESP LIMITADA;2025-08-31;Títulos públicos federais;1.07
CLASSES - FIF;37.265.158/0001-01;;BAHIA AM ÁGORA FIF - CIC MULTIMERCADO - RESP LIMITADA;2025-08-31;Cotas de fundos de investimento 409;94.48
CLASSES - FIF;37.265.158/0001-01;;BAHIA AM ÁGORA FIF - CIC MULTIMERCADO - RESP LIMITADA;2025-08-31;Operações compromissadas lastreadas em títulos públicos federais;0.77
CLASSES - FIF;37.265.158/0001-01;;BAHIA AM ÁGORA FIF - CIC MULTIMERCADO - RESP LIMITADA;2025-08-31;Títulos públicos federais;1.66
CLASSES - FIF;37.280.124/0001-88;;AZ QUEST YIELD ÁGORA FIF - CLASSE DE INVESTIMENTO EM COTAS RF LONGO PRAZO - RESP LIMITADA;2025-08-31;Cotas de fundos de investimento 409;99.46
CLASSES - FIF;37.280.124/0001-88;;AZ QUEST YIELD ÁGORA FIF - CLASSE DE INVESTIMENTO EM COTAS RF LONGO PRAZO - RESP LIMITADA;2025-08-31;Operações compromissadas lastreadas em títulos públicos federais;0.48
CLASSES - FIF;37.280.163/0001-85;;IBIUNA LONG BIASED ÁGORA FIF - CLASSE DE INVESTIMENTO EM COTAS MULTIMERCADO - RESP LIMITADA;2025-08-31;Cotas de fundos de investimento 409;101.88
CLASSES - FIF;37.280.163/0001-85;;IBIUNA LONG BIASED ÁGORA FIF - CLASSE DE INVESTIMENTO EM COTAS MULTIMERCADO - RESP LIMITADA;2025-08-31;Operações compromissadas lastreadas em títulos públicos federais;0.41
CLASSES - FIF;37.280.206/0001-22;;IBIUNA EQUITIES 30 ÁGORA FIF - CIC DE AÇÕES - RESPONSABILIDADE LIMITADA;2025-08-31;Cotas de fundos de investimento 409;98.24
CLASSES - FIF;37.280.206/0001-22;;IBIUNA EQUITIES 30 ÁGORA FIF - CIC DE AÇÕES - RESPONSABILIDADE LIMITADA;2025-08-31;Operações compromissadas lastreadas em títulos públicos federais;0.83
CLASSES - FIF;37.280.206/0001-22;;IBIUNA EQUITIES 30 ÁGORA FIF - CIC DE AÇÕES - RESPONSABILIDADE LIMITADA;2025-08-31;Títulos públicos federais;2.08
CLASSES - FIF;37.280.263/0001-01;;SUL AMÉRICA ATIVO ÁGORA FIF - CIC RF LONGO PRAZO - RESPONSABILIDADE LIMITADA;2025-08-31;Derivativos;1.70
CLASSES - FIF;37.280.263/0001-01;;SUL AMÉRICA ATIVO ÁGORA FIF - CIC RF LONGO PRAZO - RESPONSABILIDADE LIMITADA;2025-08-31;Operações compromissadas lastreadas em títulos públicos federais;53.17
CLASSES - FIF;37.280.263/0001-01;;SUL AMÉRICA ATIVO ÁGORA FIF - CIC RF LONGO PRAZO - RESPONSABILIDADE LIMITADA;2025-08-31;Títulos públicos federais;46.70
CLASSES - FIF;37.282.299/0001-24;;BTG PACTUAL ABSOLUTO LS ÁGORA FIF - CLASSE DE INVESTIMENTO EM COTAS DE AÇÕES - RESP LIMITADA;2025-08-31;Cotas de fundos de investimento 409;98.75
CLASSES - FIF;37.282.299/0001-24;;BTG PACTUAL ABSOLUTO LS ÁGORA FIF - CLASSE DE INVESTIMENTO EM COTAS DE AÇÕES - RESP LIMITADA;2025-08-31;Operações compromissadas lastreadas em títulos públicos federais;0.11
CLASSES - FIF;37.282.299/0001-24;;BTG PACTUAL ABSOLUTO LS ÁGORA FIF - CLASSE DE INVESTIMENTO EM COTAS DE AÇÕES - RESP LIMITADA;2025-08-31;Títulos públicos federais;0.28
CLASSES - FIF;37.298.928/0001-04;;BRADESCO FRANKLIN WELLINGTON TECH LONG AND SHORT FI FINANCEIRO - CIC MULT - RESP LIMITADA;2025-08-31;Operações compromissadas lastreadas em títulos públicos federais;28.03
CLASSES - FIF;37.298.928/0001-04;;BRADESCO FRANKLIN WELLINGTON TECH LONG AND SHORT FI FINANCEIRO - CIC MULT - RESP LIMITADA;2025-08-31;Títulos públicos federais;70.65
CLASSES - FIF;37.299.026/0001-92;;BRADESCO VINCI ATLAS FIF - CLASSE DE INVESTIMENTO EM COTAS MULTIMERCADO - RESP LIMITADA;2025-08-31;Cotas de fundos de investimento 409;99.12
CLASSES - FIF;37.299.026/0001-92;;BRADESCO VINCI ATLAS FIF - CLASSE DE INVESTIMENTO EM COTAS MULTIMERCADO - RESP LIMITADA;2025-08-31;Operações compromissadas lastreadas em títulos públicos federais;0.43
CLASSES - FIF;37.299.026/0001-92;;BRADESCO VINCI ATLAS FIF - CLASSE DE INVESTIMENTO EM COTAS MULTIMERCADO - RESP LIMITADA;2025-08-31;Títulos públicos federais;0.68
CLASSES - FIF;37.310.314/0001-09;;BRADESCO ALOCAÇÃO ALPHA FI FINANCEIRO - CIC MULT - RESP LIMITADA;2025-08-31;Cotas de fundos de investimento 409;28.47
CLASSES - FIF;37.310.314/0001-09;;BRADESCO ALOCAÇÃO ALPHA FI FINANCEIRO - CIC MULT - RESP LIMITADA;2025-08-31;Derivativos;49.09
CLASSES - FIF;37.310.314/0001-09;;BRADESCO ALOCAÇÃO ALPHA FI FINANCEIRO - CIC MULT - RESP LIMITADA;2025-08-31;Operações compromissadas lastreadas em títulos públicos federais;12.09
CLASSES - FIF;37.310.314/0001-09;;BRADESCO ALOCAÇÃO ALPHA FI FINANCEIRO - CIC MULT - RESP LIMITADA;2025-08-31;Títulos de crédito privado;9.16
CLASSES - FIF;37.310.314/0001-09;;BRADESCO ALOCAÇÃO ALPHA FI FINANCEIRO - CIC MULT - RESP LIMITADA;2025-08-31;Títulos públicos federais;47.53
CLASSES - FIF;37.310.657/0001-65;;IBIUNA CREDIT FIF - CLASSE DE INVESTIMENTO EM COTAS MULTIMERCADO CRÉDITO PRIVADO - RESP LIMITADA;2025-08-31;Cotas de fundos de investimento 409;6.22
CLASSES - FIF;37.310.657/0001-65;;IBIUNA CREDIT FIF - CLASSE DE INVESTIMENTO EM COTAS MULTIMERCADO CRÉDITO PRIVADO - RESP LIMITADA;2025-08-31;Depósitos a prazo e outros títulos de instituições financeiras;18.44
CLASSES - FIF;37.310.657/0001-65;;IBIUNA CREDIT FIF - CLASSE DE INVESTIMENTO EM COTAS MULTIMERCADO CRÉDITO PRIVADO - RESP LIMITADA;2025-08-31;Investimento no exterior;12.61
CLASSES - FIF;37.310.657/0001-65;;IBIUNA CREDIT FIF - CLASSE DE INVESTIMENTO EM COTAS MULTIMERCADO CRÉDITO PRIVADO - RESP LIMITADA;2025-08-31;Operações compromissadas lastreadas em títulos públicos federais;17.54
CLASSES - FIF;37.310.657/0001-65;;IBIUNA CREDIT FIF - CLASSE DE INVESTIMENTO EM COTAS MULTIMERCADO CRÉDITO PRIVADO - RESP LIMITADA;2025-08-31;Títulos de crédito privado;42.73
CLASSES - FIF;37.322.048/0001-26;;IBIUNA CREDIT FIF - CLASSE DE INVESTIMENTO MULTIMERCADO CRÉDITO PRIVADO - RESP LIMITADA;2025-08-31;Cotas de fundos de investimento 409;5.78
CLASSES - FIF;37.322.048/0001-26;;IBIUNA CREDIT FIF - CLASSE DE INVESTIMENTO MULTIMERCADO CRÉDITO PRIVADO - RESP LIMITADA;2025-08-31;Depósitos a prazo e outros títulos de instituições financeiras;18.38
CLASSES - FIF;37.322.048/0001-26;;IBIUNA CREDIT FIF - CLASSE DE INVESTIMENTO MULTIMERCADO CRÉDITO PRIVADO - RESP LIMITADA;2025-08-31;Investimento no exterior;12.57
CLASSES - FIF;37.322.048/0001-26;;IBIUNA CREDIT FIF - CLASSE DE INVESTIMENTO MULTIMERCADO CRÉDITO PRIVADO - RESP LIMITADA;2025-08-31;Operações compromissadas lastreadas em títulos públicos federais;17.48
CLASSES - FIF;37.322.048/0001-26;;IBIUNA CREDIT FIF - CLASSE DE INVESTIMENTO MULTIMERCADO CRÉDITO PRIVADO - RESP LIMITADA;2025-08-31;Títulos de crédito privado;42.59
CLASSES - FIF;37.322.097/0001-69;;PLURAL BDR FUNDO DE INVESTIMENTO FINANCEIRO - CLASSE DE INVESTIMENTO EM AÇÕES - RESP LIMITADA;2025-08-31;Ações;90.44
CLASSES - FIF;37.322.097/0001-69;;PLURAL BDR FUNDO DE INVESTIMENTO FINANCEIRO - CLASSE DE INVESTIMENTO EM AÇÕES - RESP LIMITADA;2025-08-31;Cotas de fundos de investimento 409;4.21
CLASSES - FIF;37.322.097/0001-69;;PLURAL BDR FUNDO DE INVESTIMENTO FINANCEIRO - CLASSE DE INVESTIMENTO EM AÇÕES - RESP LIMITADA;2025-08-31;Operações compromissadas lastreadas em títulos públicos federais;5.49
CLASSES - FIF;37.351.284/0001-70;;DIRECT GENOA CAPITAL RADAR FI FINANCEIRO EM COTAS DE FUNDOS DE INVESTIMENTO MULTIMERCADO;2025-08-31;Cotas de fundos de investimento 409;99.28
CLASSES - FIF;37.351.284/0001-70;;DIRECT GENOA CAPITAL RADAR FI FINANCEIRO EM COTAS DE FUNDOS DE INVESTIMENTO MULTIMERCADO;2025-08-31;Operações compromissadas lastreadas em títulos públicos federais;0.21
CLASSES - FIF;37.351.284/0001-70;;DIRECT GENOA CAPITAL RADAR FI FINANCEIRO EM COTAS DE FUNDOS DE INVESTIMENTO MULTIMERCADO;2025-08-31;Títulos públicos federais;0.51
CLASSES - FIF;37.510.387/0001-36;;ENTERCAPITAL TURING ÁGORA FIF - CLASSE DE INVESTIMENTO EM COTAS MULTIMERCADO - RESP LIMITADA;2025-08-31;Cotas de fundos de investimento 409;97.70
CLASSES - FIF;37.510.387/0001-36;;ENTERCAPITAL TURING ÁGORA FIF - CLASSE DE INVESTIMENTO EM COTAS MULTIMERCADO - RESP LIMITADA;2025-08-31;Operações compromissadas lastreadas em títulos públicos federais;2.12
CLASSES - FIF;37.510.387/0001-36;;ENTERCAPITAL TURING ÁGORA FIF - CLASSE DE INVESTIMENTO EM COTAS MULTIMERCADO - RESP LIMITADA;2025-08-31;Títulos públicos federais;0.59
CLASSES - FIF;37.510.628/0001-47;;CONEXÃO GIANT DARIUS FIF - CLASSE DE INVESTIMENTO EM COTAS MULTIMERCADO - RESP LIMITADA;2025-08-31;Cotas de fundos de investimento 409;96.74
CLASSES - FIF;37.510.628/0001-47;;CONEXÃO GIANT DARIUS FIF - CLASSE DE INVESTIMENTO EM COTAS MULTIMERCADO - RESP LIMITADA;2025-08-31;Operações compromissadas lastreadas em títulos públicos federais;0.90
CLASSES - FIF;37.510.628/0001-47;;CONEXÃO GIANT DARIUS FIF - CLASSE DE INVESTIMENTO EM COTAS MULTIMERCADO - RESP LIMITADA;2025-08-31;Títulos públicos federais;2.28
CLASSES - FIF;37.510.734/0001-20;;CONEXÃO CLARITAS TOTAL RETURN FIF - CLASSE DE INVESTIMENTO EM COTAS MULTIMERCADO - RESP LIMITADA;2025-08-31;Cotas de fundos de investimento 409;98.12
CLASSES - FIF;37.510.734/0001-20;;CONEXÃO CLARITAS TOTAL RETURN FIF - CLASSE DE INVESTIMENTO EM COTAS MULTIMERCADO - RESP LIMITADA;2025-08-31;Operações compromissadas lastreadas em títulos públicos federais;0.50
CLASSES - FIF;37.510.734/0001-20;;CONEXÃO CLARITAS TOTAL RETURN FIF - CLASSE DE INVESTIMENTO EM COTAS MULTIMERCADO - RESP LIMITADA;2025-08-31;Títulos públicos federais;1.25
CLASSES - FIF;37.511.023/0001-70;;CONEXÃO GENOA CAPITAL RADAR FIF - CLASSE DE INVESTIMENTO EM COTAS MULTIMERCADO - RESP LIMITADA;2025-08-31;Cotas de fundos de investimento 409;99.01
CLASSES - FIF;37.511.023/0001-70;;CONEXÃO GENOA CAPITAL RADAR FIF - CLASSE DE INVESTIMENTO EM COTAS MULTIMERCADO - RESP LIMITADA;2025-08-31;Operações compromissadas lastreadas em títulos públicos federais;0.29
CLASSES - FIF;37.511.023/0001-70;;CONEXÃO GENOA CAPITAL RADAR FIF - CLASSE DE INVESTIMENTO EM COTAS MULTIMERCADO - RESP LIMITADA;2025-08-31;Títulos públicos federais;0.74
CLASSES - FIF;37.511.173/0001-84;;CONEXÃO GARDE DARTAGNAN FIF - CLASSE DE INVESTIMENTO EM COTAS MULTIMERCADO - RESP LIMITADA;2025-08-31;Cotas de fundos de investimento 409;98.53
CLASSES - FIF;37.511.173/0001-84;;CONEXÃO GARDE DARTAGNAN FIF - CLASSE DE INVESTIMENTO EM COTAS MULTIMERCADO - RESP LIMITADA;2025-08-31;Operações compromissadas lastreadas em títulos públicos federais;0.41
CLASSES - FIF;37.511.173/0001-84;;CONEXÃO GARDE DARTAGNAN FIF - CLASSE DE INVESTIMENTO EM COTAS MULTIMERCADO - RESP LIMITADA;2025-08-31;Títulos públicos federais;1.04
CLASSES - FIF;37.526.588/0001-21;;IP PARTICIPAÇÕES IPG ÁGORA FIF - CLASSE DE INVESTIMENTO EM COTAS DE AÇÕES - RESP LIMITADA;2025-08-31;Cotas de fundos de investimento 409;99.51
CLASSES - FIF;37.526.588/0001-21;;IP PARTICIPAÇÕES IPG ÁGORA FIF - CLASSE DE INVESTIMENTO EM COTAS DE AÇÕES - RESP LIMITADA;2025-08-31;Operações compromissadas lastreadas em títulos públicos federais;0.14
CLASSES - FIF;37.526.588/0001-21;;IP PARTICIPAÇÕES IPG ÁGORA FIF - CLASSE DE INVESTIMENTO EM COTAS DE AÇÕES - RESP LIMITADA;2025-08-31;Títulos públicos federais;0.35
CLASSES - FIF;37.527.106/0001-58;;VERDE AM LONG BIAS ÁGORA FIF - CLASSE DE INVESTIMENTO EM COTAS DE AÇÕES - RESP LIMITADA;2025-08-31;Cotas de fundos de investimento 409;98.41
CLASSES - FIF;37.527.106/0001-58;;VERDE AM LONG BIAS ÁGORA FIF - CLASSE DE INVESTIMENTO EM COTAS DE AÇÕES - RESP LIMITADA;2025-08-31;Operações compromissadas lastreadas em títulos públicos federais;0.33
CLASSES - FIF;37.527.106/0001-58;;VERDE AM LONG BIAS ÁGORA FIF - CLASSE DE INVESTIMENTO EM COTAS DE AÇÕES - RESP LIMITADA;2025-08-31;Títulos públicos federais;0.84
CLASSES - FIF;37.527.569/0001-10;;BRADESCO MULTIMANAGER EQUITY USD FI FINANCEIRO - CIC AÇÕES - RESP LIMITADA;2025-08-31;Cotas de fundos de investimento 409;6.16
CLASSES - FIF;37.527.569/0001-10;;BRADESCO MULTIMANAGER EQUITY USD FI FINANCEIRO - CIC AÇÕES - RESP LIMITADA;2025-08-31;Investimento no exterior;93.85
CLASSES - FIF;37.527.569/0001-10;;BRADESCO MULTIMANAGER EQUITY USD FI FINANCEIRO - CIC AÇÕES - RESP LIMITADA;2025-08-31;Operações compromissadas lastreadas em títulos públicos federais;0.00
CLASSES - FIF;37.527.569/0001-10;;BRADESCO MULTIMANAGER EQUITY USD FI FINANCEIRO - CIC AÇÕES - RESP LIMITADA;2025-08-31;Títulos públicos federais;0.01
CLASSES - FIF;37.532.786/0001-06;;BRADESCO ULTRA FI FINANCEIRO - CIC RF CRED PRIV LP - RESP LIMITADA;2025-08-31;Cotas de fundos de investimento 409;15.53
CLASSES - FIF;37.532.786/0001-06;;BRADESCO ULTRA FI FINANCEIRO - CIC RF CRED PRIV LP - RESP LIMITADA;2025-08-31;Depósitos a prazo e outros títulos de instituições financeiras;14.40
CLASSES - FIF;37.532.786/0001-06;;BRADESCO ULTRA FI FINANCEIRO - CIC RF CRED PRIV LP - RESP LIMITADA;2025-08-31;Investimento no exterior;0.51
CLASSES - FIF;37.532.786/0001-06;;BRADESCO ULTRA FI FINANCEIRO - CIC RF CRED PRIV LP - RESP LIMITADA;2025-08-31;Operações compromissadas lastreadas em títulos públicos federais;12.76
CLASSES - FIF;37.532.786/0001-06;;BRADESCO ULTRA FI FINANCEIRO - CIC RF CRED PRIV LP - RESP LIMITADA;2025-08-31;Títulos de crédito privado;55.90
CLASSES - FIF;37.554.220/0001-77;;ABSOLUTE ALPHA GLOBAL ÁGORA FIF - CLASSE DE INVESTIMENTO EM COTAS MULTIMERCADO - RESP LIMITADA;2025-08-31;Cotas de fundos de investimento 409;98.85
CLASSES - FIF;37.554.220/0001-77;;ABSOLUTE ALPHA GLOBAL ÁGORA FIF - CLASSE DE INVESTIMENTO EM COTAS MULTIMERCADO - RESP LIMITADA;2025-08-31;Operações compromissadas lastreadas em títulos públicos federais;0.27
CLASSES - FIF;37.554.220/0001-77;;ABSOLUTE ALPHA GLOBAL ÁGORA FIF - CLASSE DE INVESTIMENTO EM COTAS MULTIMERCADO - RESP LIMITADA;2025-08-31;Títulos públicos federais;0.67
CLASSES - FIF;37.554.255/0001-06;;CONEXÃO KINEA CHRONOS FIF - CLASSE DE INVESTIMENTO EM COTAS MULTIMERCADO - RESP LIMITADA;2025-08-31;Cotas de fundos de investimento 409;98.76
CLASSES - FIF;37.554.255/0001-06;;CONEXÃO KINEA CHRONOS FIF - CLASSE DE INVESTIMENTO EM COTAS MULTIMERCADO - RESP LIMITADA;2025-08-31;Operações compromissadas lastreadas em títulos públicos federais;0.28
CLASSES - FIF;37.554.255/0001-06;;CONEXÃO KINEA CHRONOS FIF - CLASSE DE INVESTIMENTO EM COTAS MULTIMERCADO - RESP LIMITADA;2025-08-31;Títulos públicos federais;0.71
CLASSES - FIF;37.554.478/0001-73;;IBIUNA HEDGE ÁGORA FI FINANCEIRO - CIC MULT - RESP LIMITADA;2025-08-31;Cotas de fundos de investimento 409;99.76
CLASSES - FIF;37.554.478/0001-73;;IBIUNA HEDGE ÁGORA FI FINANCEIRO - CIC MULT - RESP LIMITADA;2025-08-31;Operações compromissadas lastreadas em títulos públicos federais;0.11
CLASSES - FIF;37.554.478/0001-73;;IBIUNA HEDGE ÁGORA FI FINANCEIRO - CIC MULT - RESP LIMITADA;2025-08-31;Títulos públicos federais;0.28
CLASSES - FIF;37.565.155/0001-85;;BRADESCO MULT ORION FIF - CLASSE DE INVESTIMENTO EM COTAS MULT CRÉDITO PRIVADO - RESP LIMITADA;2025-08-31;Cotas de fundos de investimento 409;67.19
CLASSES - FIF;37.565.155/0001-85;;BRADESCO MULT ORION FIF - CLASSE DE INVESTIMENTO EM COTAS MULT CRÉDITO PRIVADO - RESP LIMITADA;2025-08-31;Operações compromissadas lastreadas em títulos públicos federais;9.17
CLASSES - FIF;37.565.155/0001-85;;BRADESCO MULT ORION FIF - CLASSE DE INVESTIMENTO EM COTAS MULT CRÉDITO PRIVADO - RESP LIMITADA;2025-08-31;Títulos públicos federais;23.10
CLASSES - FIF;37.565.243/0001-87;;CONEXÃO VINLAND MACRO FIF - CIC MULTIMERCADO - RESPONSABILIDADE LIMITADA;2025-08-31;Cotas de fundos de investimento 409;99.50
CLASSES - FIF;37.565.243/0001-87;;CONEXÃO VINLAND MACRO FIF - CIC MULTIMERCADO - RESPONSABILIDADE LIMITADA;2025-08-31;Operações compromissadas lastreadas em títulos públicos federais;0.13
CLASSES - FIF;37.565.243/0001-87;;CONEXÃO VINLAND MACRO FIF - CIC MULTIMERCADO - RESPONSABILIDADE LIMITADA;2025-08-31;Títulos públicos federais;0.34
CLASSES - FIF;37.565.324/0001-87;;BRADESCO MULTIASSET USD FI FINANCEIRO - CIC MULT CRED PRIV - RESP LIMITADA;2025-08-31;Cotas de fundos de investimento 409;16.30
CLASSES - FIF;37.565.324/0001-87;;BRADESCO MULTIASSET USD FI FINANCEIRO - CIC MULT CRED PRIV - RESP LIMITADA;2025-08-31;Investimento no exterior;83.19
CLASSES - FIF;37.565.324/0001-87;;BRADESCO MULTIASSET USD FI FINANCEIRO - CIC MULT CRED PRIV - RESP LIMITADA;2025-08-31;Operações compromissadas lastreadas em títulos públicos federais;0.00
CLASSES - FIF;37.565.324/0001-87;;BRADESCO MULTIASSET USD FI FINANCEIRO - CIC MULT CRED PRIV - RESP LIMITADA;2025-08-31;Títulos públicos federais;0.54
CLASSES - FIF;37.570.154/0001-29;;CONEXÃO A1 HEDGE FIF - CLASSE DE INVESTIMENTO EM COTAS MULTIMERCADO - RESP LIMITADA;2025-08-31;Cotas de fundos de investimento 409;98.48
CLASSES - FIF;37.570.154/0001-29;;CONEXÃO A1 HEDGE FIF - CLASSE DE INVESTIMENTO EM COTAS MULTIMERCADO - RESP LIMITADA;2025-08-31;Operações compromissadas lastreadas em títulos públicos federais;0.33
CLASSES - FIF;37.570.154/0001-29;;CONEXÃO A1 HEDGE FIF - CLASSE DE INVESTIMENTO EM COTAS MULTIMERCADO - RESP LIMITADA;2025-08-31;Títulos públicos federais;0.82
CLASSES - FIF;37.577.063/0001-15;;KADIMA LT ÁGORA FIF - CLASSE DE INVESTIMENTO EM COTAS MULTIMERCADO - RESP LIMITADA;2025-08-31;Cotas de fundos de investimento 409;98.82
CLASSES - FIF;37.577.063/0001-15;;KADIMA LT ÁGORA FIF - CLASSE DE INVESTIMENTO EM COTAS MULTIMERCADO - RESP LIMITADA;2025-08-31;Operações compromissadas lastreadas em títulos públicos federais;0.33
CLASSES - FIF;37.577.063/0001-15;;KADIMA LT ÁGORA FIF - CLASSE DE INVESTIMENTO EM COTAS MULTIMERCADO - RESP LIMITADA;2025-08-31;Títulos públicos federais;0.84
CLASSES - FIF;37.577.173/0001-87;;ADAM MACRO II ÁGORA FIF - CIC MULTIMERCADO - RESPONSABILIDADE LIMITADA;2025-08-31;Cotas de fundos de investimento 409;98.12
CLASSES - FIF;37.577.173/0001-87;;ADAM MACRO II ÁGORA FIF - CIC MULTIMERCADO - RESPONSABILIDADE LIMITADA;2025-08-31;Operações compromissadas lastreadas em títulos públicos federais;0.51
CLASSES - FIF;37.577.173/0001-87;;ADAM MACRO II ÁGORA FIF - CIC MULTIMERCADO - RESPONSABILIDADE LIMITADA;2025-08-31;Títulos públicos federais;1.27
CLASSES - FIF;37.590.561/0001-06;;CONEXÃO CONSTELLATION COMPOUNDERS FIF - CIC AÇÕES - RESPONSABILIDADE LIMITADA;2025-08-31;Cotas de fundos de investimento 409;99.88
CLASSES - FIF;37.590.561/0001-06;;CONEXÃO CONSTELLATION COMPOUNDERS FIF - CIC AÇÕES - RESPONSABILIDADE LIMITADA;2025-08-31;Operações compromissadas lastreadas em títulos públicos federais;0.07
CLASSES - FIF;37.590.561/0001-06;;CONEXÃO CONSTELLATION COMPOUNDERS FIF - CIC AÇÕES - RESPONSABILIDADE LIMITADA;2025-08-31;Títulos públicos federais;0.18
CLASSES - FIF;37.591.185/0001-66;;OCEANA LONG BIASED ÁGORA FIF - CLASSE DE INVESTIMENTO EM COTAS AÇÕES - RESP LIMITADA;2025-08-31;Cotas de fundos de investimento 409;99.61
CLASSES - FIF;37.591.185/0001-66;;OCEANA LONG BIASED ÁGORA FIF - CLASSE DE INVESTIMENTO EM COTAS AÇÕES - RESP LIMITADA;2025-08-31;Operações compromissadas lastreadas em títulos públicos federais;0.12
CLASSES - FIF;37.591.185/0001-66;;OCEANA LONG BIASED ÁGORA FIF - CLASSE DE INVESTIMENTO EM COTAS AÇÕES - RESP LIMITADA;2025-08-31;Títulos públicos federais;0.31
CLASSES - FIF;37.703.536/0001-83;;WARREN MULTIGESTORES AÇÕES FUNDO DE INVESTIMENTO FINANCEIRO;2025-08-31;Ações;6.54
CLASSES - FIF;37.703.536/0001-83;;WARREN MULTIGESTORES AÇÕES FUNDO DE INVESTIMENTO FINANCEIRO;2025-08-31;Cotas de Fundos de Investimento 409;90.01
CLASSES - FIF;37.703.536/0001-83;;WARREN MULTIGESTORES AÇÕES FUNDO DE INVESTIMENTO FINANCEIRO;2025-08-31;Outras Aplicações;3.49
CLASSES - FIF;37.703.644/0001-56;;BRADESCO MULTIGESTORES GLOBAL EQUITY ESG USD IS FIF - CI SUSTENTÁVEL EM AÇÕES - RESP LIMITADA;2025-08-31;Investimento no exterior;98.24
CLASSES - FIF;37.703.644/0001-56;;BRADESCO MULTIGESTORES GLOBAL EQUITY ESG USD IS FIF - CI SUSTENTÁVEL EM AÇÕES - RESP LIMITADA;2025-08-31;Operações compromissadas lastreadas em títulos públicos federais;0.65
CLASSES - FIF;37.703.644/0001-56;;BRADESCO MULTIGESTORES GLOBAL EQUITY ESG USD IS FIF - CI SUSTENTÁVEL EM AÇÕES - RESP LIMITADA;2025-08-31;Títulos públicos federais;1.64
CLASSES - FIF;37.751.417/0001-04;;CLUBE DO VALOR AÇÕES BARATAS FUNDO DE INVESTIMENTO FINANCEIRO;2025-08-31;Ações;98.97
CLASSES - FIF;37.751.417/0001-04;;CLUBE DO VALOR AÇÕES BARATAS FUNDO DE INVESTIMENTO FINANCEIRO;2025-08-31;Cotas de Fundos de Investimento 409;1.02
CLASSES - FIF;37.751.417/0001-04;;CLUBE DO VALOR AÇÕES BARATAS FUNDO DE INVESTIMENTO FINANCEIRO;2025-08-31;Operações Compromissadas Lastreadas em Títulos Públicos Federais;0.05
CLASSES - FIF;37.751.417/0001-04;;CLUBE DO VALOR AÇÕES BARATAS FUNDO DE INVESTIMENTO FINANCEIRO;2025-08-31;Outras Aplicações;0.54
CLASSES - FIF;37.751.417/0001-04;;CLUBE DO VALOR AÇÕES BARATAS FUNDO DE INVESTIMENTO FINANCEIRO;2025-08-31;Títulos Públicos Federais;0.15
CLASSES - FIF;37.830.134/0001-40;;OBY IBOVESPA ATIVO FIF - CLASSE DE INVESTIMENTO EM AÇÕES - RESPONSABILIDADE LIMITADA;2025-08-31;Ações;98.43
CLASSES - FIF;37.830.134/0001-40;;OBY IBOVESPA ATIVO FIF - CLASSE DE INVESTIMENTO EM AÇÕES - RESPONSABILIDADE LIMITADA;2025-08-31;Derivativos;-0.64
CLASSES - FIF;37.830.134/0001-40;;OBY IBOVESPA ATIVO FIF - CLASSE DE INVESTIMENTO EM AÇÕES - RESPONSABILIDADE LIMITADA;2025-08-31;Operações compromissadas lastreadas em títulos públicos federais;0.74
CLASSES - FIF;37.830.134/0001-40;;OBY IBOVESPA ATIVO FIF - CLASSE DE INVESTIMENTO EM AÇÕES - RESPONSABILIDADE LIMITADA;2025-08-31;Títulos públicos federais;1.83
CLASSES - FIF;37.830.181/0001-93;;OBY IBOVESPA ATIVO FIF - CLASSE DE INVESTIMENTO EM COTAS DE AÇÕES - RESPONSABILIDADE LIMITADA;2025-08-31;Ações;98.30
CLASSES - FIF;37.830.181/0001-93;;OBY IBOVESPA ATIVO FIF - CLASSE DE INVESTIMENTO EM COTAS DE AÇÕES - RESPONSABILIDADE LIMITADA;2025-08-31;Cotas de fundos de investimento 409;2.57
CLASSES - FIF;37.830.181/0001-93;;OBY IBOVESPA ATIVO FIF - CLASSE DE INVESTIMENTO EM COTAS DE AÇÕES - RESPONSABILIDADE LIMITADA;2025-08-31;Derivativos;-0.64
CLASSES - FIF;38.027.169/0001-08;;ARX INCOME INSTITUCIONAL FIF - CLASSE DE INVESTIMENTO EM COTAS AÇÕES - RESP LIMITADA;2025-08-31;Ações;95.88
CLASSES - FIF;38.027.169/0001-08;;ARX INCOME INSTITUCIONAL FIF - CLASSE DE INVESTIMENTO EM COTAS AÇÕES - RESP LIMITADA;2025-08-31;Operações compromissadas lastreadas em títulos públicos federais;3.50
CLASSES - FIF;38.028.730/0001-73;;IBIUNA HEDGE STP FIF - CLASSE DE INVESTIMENTO EM COTAS MULTIMERCADO - RESP LIMITADA;2025-08-31;Cotas de fundos de investimento 409;6.65
CLASSES - FIF;38.028.730/0001-73;;IBIUNA HEDGE STP FIF - CLASSE DE INVESTIMENTO EM COTAS MULTIMERCADO - RESP LIMITADA;2025-08-31;Derivativos;1311.61
CLASSES - FIF;38.028.730/0001-73;;IBIUNA HEDGE STP FIF - CLASSE DE INVESTIMENTO EM COTAS MULTIMERCADO - RESP LIMITADA;2025-08-31;Investimento no exterior;18.15
CLASSES - FIF;38.028.730/0001-73;;IBIUNA HEDGE STP FIF - CLASSE DE INVESTIMENTO EM COTAS MULTIMERCADO - RESP LIMITADA;2025-08-31;Operações compromissadas lastreadas em títulos públicos federais;103.03
CLASSES - FIF;38.028.730/0001-73;;IBIUNA HEDGE STP FIF - CLASSE DE INVESTIMENTO EM COTAS MULTIMERCADO - RESP LIMITADA;2025-08-31;Títulos públicos federais;99.91
CLASSES - FIF;38.028.868/0001-72;;TARUA MASTER FI FINANCEIRO - CIA - RESP LIMITADA;2025-08-31;Ações;78.39
CLASSES - FIF;38.028.868/0001-72;;TARUA MASTER FI FINANCEIRO - CIA - RESP LIMITADA;2025-08-31;Cotas de fundos de investimento 409;16.80
CLASSES - FIF;38.028.868/0001-72;;TARUA MASTER FI FINANCEIRO - CIA - RESP LIMITADA;2025-08-31;Derivativos;0.36
CLASSES - FIF;38.028.868/0001-72;;TARUA MASTER FI FINANCEIRO - CIA - RESP LIMITADA;2025-08-31;Operações compromissadas lastreadas em títulos públicos federais;4.11
CLASSES - FIF;38.028.896/0001-90;;TARUÁ FIF - CLASSE DE INVESTIMENTO EM COTAS EM AÇÕES - RESP LIMITADA;2025-08-31;Ações;78.50
CLASSES - FIF;38.028.896/0001-90;;TARUÁ FIF - CLASSE DE INVESTIMENTO EM COTAS EM AÇÕES - RESP LIMITADA;2025-08-31;Cotas de fundos de investimento 409;16.82
CLASSES - FIF;38.028.896/0001-90;;TARUÁ FIF - CLASSE DE INVESTIMENTO EM COTAS EM AÇÕES - RESP LIMITADA;2025-08-31;Derivativos;0.36
CLASSES - FIF;38.028.896/0001-90;;TARUÁ FIF - CLASSE DE INVESTIMENTO EM COTAS EM AÇÕES - RESP LIMITADA;2025-08-31;Operações compromissadas lastreadas em títulos públicos federais;4.12
CLASSES - FIF;38.074.718/0001-03;;AURO CARTEIRA DINÂMICA FUNDO DE INVESTIMENTO FINANCEIRO MULTIMERCADO;2025-08-31;Cotas de Fundos de Índice de Renda Variável;2.34
CLASSES - FIF;38.074.718/0001-03;;AURO CARTEIRA DINÂMICA FUNDO DE INVESTIMENTO FINANCEIRO MULTIMERCADO;2025-08-31;Cotas de Fundos de Investimento 409;85.22
CLASSES - FIF;38.074.718/0001-03;;AURO CARTEIRA DINÂMICA FUNDO DE INVESTIMENTO FINANCEIRO MULTIMERCADO;2025-08-31;Outras Aplicações;0.02
CLASSES - FIF;38.074.718/0001-03;;AURO CARTEIRA DINÂMICA FUNDO DE INVESTIMENTO FINANCEIRO MULTIMERCADO;2025-08-31;Outras Cotas de Fundos de Investimento;1.14
CLASSES - FIF;38.074.718/0001-03;;AURO CARTEIRA DINÂMICA FUNDO DE INVESTIMENTO FINANCEIRO MULTIMERCADO;2025-08-31;Títulos Públicos Federais;11.78
CLASSES - FIF;38.134.833/0001-18;;GARÍN CÍCLICO LONG BIASED ÁGORA FIF - CIC MULT - RESP LIMITADA;2025-08-31;Cotas de fundos de investimento 409;105.68
CLASSES - FIF;38.134.833/0001-18;;GARÍN CÍCLICO LONG BIASED ÁGORA FIF - CIC MULT - RESP LIMITADA;2025-08-31;Operações compromissadas lastreadas em títulos públicos federais;0.45
CLASSES - FIF;38.134.833/0001-18;;GARÍN CÍCLICO LONG BIASED ÁGORA FIF - CIC MULT - RESP LIMITADA;2025-08-31;Títulos públicos federais;1.12
CLASSES - FIF;38.195.760/0001-74;;IBIUNA HEDGE STC FIF - CLASSE DE INVESTIMENTO EM COTAS MULTIMERCADO - RESP LIMITADA;2025-08-31;Cotas de fundos de investimento 409;7.11
CLASSES - FIF;38.195.760/0001-74;;IBIUNA HEDGE STC FIF - CLASSE DE INVESTIMENTO EM COTAS MULTIMERCADO - RESP LIMITADA;2025-08-31;Derivativos;1401.63
CLASSES - FIF;38.195.760/0001-74;;IBIUNA HEDGE STC FIF - CLASSE DE INVESTIMENTO EM COTAS MULTIMERCADO - RESP LIMITADA;2025-08-31;Investimento no exterior;19.39
CLASSES - FIF;38.195.760/0001-74;;IBIUNA HEDGE STC FIF - CLASSE DE INVESTIMENTO EM COTAS MULTIMERCADO - RESP LIMITADA;2025-08-31;Operações compromissadas lastreadas em títulos públicos federais;110.11
CLASSES - FIF;38.195.760/0001-74;;IBIUNA HEDGE STC FIF - CLASSE DE INVESTIMENTO EM COTAS MULTIMERCADO - RESP LIMITADA;2025-08-31;Títulos públicos federais;106.77
CLASSES - FIF;38.195.945/0001-89;;VINCI AÇÕES A FIF - CLASSE DE INVESTIMENTO EM AÇÕES - RESP LIMITADA;2025-08-31;Ações;87.21
CLASSES - FIF;38.195.945/0001-89;;VINCI AÇÕES A FIF - CLASSE DE INVESTIMENTO EM AÇÕES - RESP LIMITADA;2025-08-31;Operações compromissadas lastreadas em títulos públicos federais;11.96
CLASSES - FIF;38.280.883/0001-03;;GUEPARDO VALOR INSTITUCIONAL FUNDO DE INVESTIMENTO FINANCEIRO;2025-08-31;Cotas de Fundos de Investimento 409;100.20
CLASSES - FIF;38.280.883/0001-03;;GUEPARDO VALOR INSTITUCIONAL FUNDO DE INVESTIMENTO FINANCEIRO;2025-08-31;Outras Aplicações;0.02
CLASSES - FIF;38.306.286/0001-00;;CONEXÃO TÁVOLA ABSOLUTO II FIF- CLASSE DE INVESTIMENTO EM COTAS DE AÇÕES - RESP LIMITADA;2025-08-31;Cotas de fundos de investimento 409;97.46
CLASSES - FIF;38.306.286/0001-00;;CONEXÃO TÁVOLA ABSOLUTO II FIF- CLASSE DE INVESTIMENTO EM COTAS DE AÇÕES - RESP LIMITADA;2025-08-31;Operações compromissadas lastreadas em títulos públicos federais;0.79
CLASSES - FIF;38.306.286/0001-00;;CONEXÃO TÁVOLA ABSOLUTO II FIF- CLASSE DE INVESTIMENTO EM COTAS DE AÇÕES - RESP LIMITADA;2025-08-31;Títulos públicos federais;1.99
CLASSES - FIF;38.306.308/0001-32;;SULAMÉRICA SELECTION ÁGORA FIF - CLASSE DE INVESTIMENTO EM COTAS DE AÇÕES - RESP LIMITADA;2025-08-31;Cotas de fundos de investimento 409;97.11
CLASSES - FIF;38.306.308/0001-32;;SULAMÉRICA SELECTION ÁGORA FIF - CLASSE DE INVESTIMENTO EM COTAS DE AÇÕES - RESP LIMITADA;2025-08-31;Operações compromissadas lastreadas em títulos públicos federais;2.89
CLASSES - FIF;38.306.308/0001-32;;SULAMÉRICA SELECTION ÁGORA FIF - CLASSE DE INVESTIMENTO EM COTAS DE AÇÕES - RESP LIMITADA;2025-08-31;Títulos públicos federais;0.32
CLASSES - FIF;38.306.388/0001-26;;CONEXÃO SULAMERICA INCOME FIF - CIC RF LONGO PRAZO - RESPONSABILIDADE LIMITADA;2025-08-31;Operações compromissadas lastreadas em títulos públicos federais;1.20
CLASSES - FIF;38.306.388/0001-26;;CONEXÃO SULAMERICA INCOME FIF - CIC RF LONGO PRAZO - RESPONSABILIDADE LIMITADA;2025-08-31;Títulos públicos federais;98.72
CLASSES - FIF;38.315.700/0001-48;;NAVI LONG BIASED ÁGORA FIF - CIC MULTIMERCADO - RESPONSABILIDADE LIMITADA;2025-08-31;Cotas de fundos de investimento 409;97.51
CLASSES - FIF;38.315.700/0001-48;;NAVI LONG BIASED ÁGORA FIF - CIC MULTIMERCADO - RESPONSABILIDADE LIMITADA;2025-08-31;Operações compromissadas lastreadas em títulos públicos federais;2.35
CLASSES - FIF;38.315.700/0001-48;;NAVI LONG BIASED ÁGORA FIF - CIC MULTIMERCADO - RESPONSABILIDADE LIMITADA;2025-08-31;Títulos públicos federais;1.39
CLASSES - FIF;38.315.724/0001-05;;CONEXÃO VINLAND LONG BIAS FIF CLASSE DE INVESTIMENTO EM COTAS MULTIMERCADO - RESP LIMITADA;2025-08-31;Cotas de fundos de investimento 409;99.28
CLASSES - FIF;38.315.724/0001-05;;CONEXÃO VINLAND LONG BIAS FIF CLASSE DE INVESTIMENTO EM COTAS MULTIMERCADO - RESP LIMITADA;2025-08-31;Operações compromissadas lastreadas em títulos públicos federais;0.15
CLASSES - FIF;38.315.724/0001-05;;CONEXÃO VINLAND LONG BIAS FIF CLASSE DE INVESTIMENTO EM COTAS MULTIMERCADO - RESP LIMITADA;2025-08-31;Títulos públicos federais;0.37
CLASSES - FIF;38.315.751/0001-70;;CONEXÃO JGP HEDGE FIF - CLASSE DE INVESTIMENTO EM COTAS MULTIMERCADO - RESP LIMITADA;2025-08-31;Cotas de fundos de investimento 409;99.16
CLASSES - FIF;38.315.751/0001-70;;CONEXÃO JGP HEDGE FIF - CLASSE DE INVESTIMENTO EM COTAS MULTIMERCADO - RESP LIMITADA;2025-08-31;Operações compromissadas lastreadas em títulos públicos federais;0.25
CLASSES - FIF;38.315.751/0001-70;;CONEXÃO JGP HEDGE FIF - CLASSE DE INVESTIMENTO EM COTAS MULTIMERCADO - RESP LIMITADA;2025-08-31;Títulos públicos federais;0.64
CLASSES - FIF;38.330.383/0001-39;;DAHLIA GLOBAL ALLOCATION ÁGORA FIF - CIC MULTIMERCADO - RESPONSABILIDADE LIMITADA;2025-08-31;Cotas de fundos de investimento 409;99.25
CLASSES - FIF;38.330.383/0001-39;;DAHLIA GLOBAL ALLOCATION ÁGORA FIF - CIC MULTIMERCADO - RESPONSABILIDADE LIMITADA;2025-08-31;Operações compromissadas lastreadas em títulos públicos federais;0.19
CLASSES - FIF;38.330.383/0001-39;;DAHLIA GLOBAL ALLOCATION ÁGORA FIF - CIC MULTIMERCADO - RESPONSABILIDADE LIMITADA;2025-08-31;Títulos públicos federais;0.49
CLASSES - FIF;38.330.501/0001-09;;CONEXÃO VINCI GAS DIVIDENDOS FIF - CLASSE DE INVESTIMENTO EM COTAS DE AÇÕES - RESP LIMITADA;2025-08-31;Ações;91.95
CLASSES - FIF;38.330.501/0001-09;;CONEXÃO VINCI GAS DIVIDENDOS FIF - CLASSE DE INVESTIMENTO EM COTAS DE AÇÕES - RESP LIMITADA;2025-08-31;Operações compromissadas lastreadas em títulos públicos federais;3.46
CLASSES - FIF;38.330.501/0001-09;;CONEXÃO VINCI GAS DIVIDENDOS FIF - CLASSE DE INVESTIMENTO EM COTAS DE AÇÕES - RESP LIMITADA;2025-08-31;Títulos públicos federais;0.72
CLASSES - FIF;38.351.701/0001-48;;CONEXÃO ORI CAPITAL FIF - CLASSE DE INVESTIMENTO EM COTAS DE AÇÕES - RESP LIMITADA;2025-08-31;Cotas de fundos de investimento 409;98.89
CLASSES - FIF;38.351.701/0001-48;;CONEXÃO ORI CAPITAL FIF - CLASSE DE INVESTIMENTO EM COTAS DE AÇÕES - RESP LIMITADA;2025-08-31;Operações compromissadas lastreadas em títulos públicos federais;0.41
CLASSES - FIF;38.351.701/0001-48;;CONEXÃO ORI CAPITAL FIF - CLASSE DE INVESTIMENTO EM COTAS DE AÇÕES - RESP LIMITADA;2025-08-31;Títulos públicos federais;1.03
CLASSES - FIF;38.351.970/0001-04;;VISTA ÁGORA FIF - CLASSE DE INVESTIMENTO EM COTAS DE AÇÕES - RESPONSABILIDADE LIMITADA;2025-08-31;Cotas de fundos de investimento 409;97.18
CLASSES - FIF;38.351.970/0001-04;;VISTA ÁGORA FIF - CLASSE DE INVESTIMENTO EM COTAS DE AÇÕES - RESPONSABILIDADE LIMITADA;2025-08-31;Operações compromissadas lastreadas em títulos públicos federais;0.54
CLASSES - FIF;38.351.970/0001-04;;VISTA ÁGORA FIF - CLASSE DE INVESTIMENTO EM COTAS DE AÇÕES - RESPONSABILIDADE LIMITADA;2025-08-31;Títulos públicos federais;1.36
CLASSES - FIF;38.376.759/0001-46;;BRADESCO EQUITY HEDGE FI FINANCEIRO - CIC MULT - RESP LIMITADA;2025-08-31;Ações;36.97
CLASSES - FIF;38.376.759/0001-46;;BRADESCO EQUITY HEDGE FI FINANCEIRO - CIC MULT - RESP LIMITADA;2025-08-31;Cotas de fundos de investimento 409;8.03
CLASSES - FIF;38.376.759/0001-46;;BRADESCO EQUITY HEDGE FI FINANCEIRO - CIC MULT - RESP LIMITADA;2025-08-31;Investimento no exterior;2.65
CLASSES - FIF;38.376.759/0001-46;;BRADESCO EQUITY HEDGE FI FINANCEIRO - CIC MULT - RESP LIMITADA;2025-08-31;Operações compromissadas lastreadas em títulos públicos federais;4.55
CLASSES - FIF;38.376.759/0001-46;;BRADESCO EQUITY HEDGE FI FINANCEIRO - CIC MULT - RESP LIMITADA;2025-08-31;Títulos públicos federais;70.63
CLASSES - FIF;38.388.984/0001-00;;BRAM EQUITY HEDGE FI FINANCEIRO - CI MULT - RESP LIMITADA;2025-08-31;Ações;37.15
CLASSES - FIF;38.388.984/0001-00;;BRAM EQUITY HEDGE FI FINANCEIRO - CI MULT - RESP LIMITADA;2025-08-31;Cotas de fundos de investimento 409;6.23
CLASSES - FIF;38.388.984/0001-00;;BRAM EQUITY HEDGE FI FINANCEIRO - CI MULT - RESP LIMITADA;2025-08-31;Investimento no exterior;2.64
CLASSES - FIF;38.388.984/0001-00;;BRAM EQUITY HEDGE FI FINANCEIRO - CI MULT - RESP LIMITADA;2025-08-31;Operações compromissadas lastreadas em títulos públicos federais;4.65
CLASSES - FIF;38.388.984/0001-00;;BRAM EQUITY HEDGE FI FINANCEIRO - CI MULT - RESP LIMITADA;2025-08-31;Títulos públicos federais;72.29
CLASSES - FIF;38.389.079/0001-67;;BRADESCO MULTIGESTORES GLOBAL FIXED INCOME ESG USD IS  FIF  CLASSE DE INVESTIMENTO  MULT - RESP LTDA;2025-08-31;Derivativos;5.74
CLASSES - FIF;38.389.079/0001-67;;BRADESCO MULTIGESTORES GLOBAL FIXED INCOME ESG USD IS  FIF  CLASSE DE INVESTIMENTO  MULT - RESP LTDA;2025-08-31;Investimento no exterior;93.20
CLASSES - FIF;38.389.079/0001-67;;BRADESCO MULTIGESTORES GLOBAL FIXED INCOME ESG USD IS  FIF  CLASSE DE INVESTIMENTO  MULT - RESP LTDA;2025-08-31;Operações compromissadas lastreadas em títulos públicos federais;1.28
CLASSES - FIF;38.389.079/0001-67;;BRADESCO MULTIGESTORES GLOBAL FIXED INCOME ESG USD IS  FIF  CLASSE DE INVESTIMENTO  MULT - RESP LTDA;2025-08-31;Títulos públicos federais;6.89
CLASSES - FIF;38.596.967/0001-50;;BRASIL CAPITAL MASTER 30 II FI FINANCEIRO - CIA - RESP LIMITADA;2025-08-31;Ações;93.14
CLASSES - FIF;38.596.967/0001-50;;BRASIL CAPITAL MASTER 30 II FI FINANCEIRO - CIA - RESP LIMITADA;2025-08-31;Cotas de fundos de investimento 409;1.35
CLASSES - FIF;38.596.967/0001-50;;BRASIL CAPITAL MASTER 30 II FI FINANCEIRO - CIA - RESP LIMITADA;2025-08-31;Derivativos;-1.17
CLASSES - FIF;38.596.967/0001-50;;BRASIL CAPITAL MASTER 30 II FI FINANCEIRO - CIA - RESP LIMITADA;2025-08-31;Investimento no exterior;5.04
CLASSES - FIF;38.596.967/0001-50;;BRASIL CAPITAL MASTER 30 II FI FINANCEIRO - CIA - RESP LIMITADA;2025-08-31;Operações compromissadas lastreadas em títulos públicos federais;0.89
CLASSES - FIF;38.653.966/0001-09;;CONEXÃO VINCI MULTIESTRATÉGIA FIF - CIC MULTIMERCADO - RESP LIMITADA;2025-08-31;Derivativos;21.48
CLASSES - FIF;38.653.966/0001-09;;CONEXÃO VINCI MULTIESTRATÉGIA FIF - CIC MULTIMERCADO - RESP LIMITADA;2025-08-31;Operações compromissadas lastreadas em títulos públicos federais;5.04
CLASSES - FIF;38.653.966/0001-09;;CONEXÃO VINCI MULTIESTRATÉGIA FIF - CIC MULTIMERCADO - RESP LIMITADA;2025-08-31;Títulos públicos federais;95.26
CLASSES - FIF;38.654.019/0001-24;;CONEXÃO VINCI VALOREM FIF - CLASSE DE INVESTIMENTO EM COTAS MULTIMERCADO - RESP LIMITADA;2025-08-31;Derivativos;-17.83
CLASSES - FIF;38.654.019/0001-24;;CONEXÃO VINCI VALOREM FIF - CLASSE DE INVESTIMENTO EM COTAS MULTIMERCADO - RESP LIMITADA;2025-08-31;Operações compromissadas lastreadas em títulos públicos federais;13.26
CLASSES - FIF;38.654.019/0001-24;;CONEXÃO VINCI VALOREM FIF - CLASSE DE INVESTIMENTO EM COTAS MULTIMERCADO - RESP LIMITADA;2025-08-31;Títulos públicos federais;87.46
CLASSES - FIF;38.657.339/0001-38;;OCCAM EQUITY HEDGE ÁGORA FIF - CLASSE DE INVESTIMENTO EM COTAS MULTIMERCADO - RESP LIMITADA;2025-08-31;Cotas de fundos de investimento 409;97.82
CLASSES - FIF;38.657.339/0001-38;;OCCAM EQUITY HEDGE ÁGORA FIF - CLASSE DE INVESTIMENTO EM COTAS MULTIMERCADO - RESP LIMITADA;2025-08-31;Operações compromissadas lastreadas em títulos públicos federais;0.47
CLASSES - FIF;38.657.339/0001-38;;OCCAM EQUITY HEDGE ÁGORA FIF - CLASSE DE INVESTIMENTO EM COTAS MULTIMERCADO - RESP LIMITADA;2025-08-31;Títulos públicos federais;1.19
CLASSES - FIF;38.657.612/0001-24;;CONEXÃO BLACKROCK GLOBAL EVENT DRIVEN FUNDO DE INVESTIMENTO FINANCEIRO CIC MULTIMERCADO - RESP LTDA;2025-08-31;Cotas de fundos de investimento 409;99.64
CLASSES - FIF;38.657.612/0001-24;;CONEXÃO BLACKROCK GLOBAL EVENT DRIVEN FUNDO DE INVESTIMENTO FINANCEIRO CIC MULTIMERCADO - RESP LTDA;2025-08-31;Operações compromissadas lastreadas em títulos públicos federais;0.09
CLASSES - FIF;38.657.612/0001-24;;CONEXÃO BLACKROCK GLOBAL EVENT DRIVEN FUNDO DE INVESTIMENTO FINANCEIRO CIC MULTIMERCADO - RESP LTDA;2025-08-31;Títulos públicos federais;0.22
CLASSES - FIF;38.710.731/0001-01;;BTG PACTUAL DISCOVERY ÁGORA FIF - CIC MULTIMERCADO - RESPONSABILIDADE LIMITADA;2025-08-31;Cotas de fundos de investimento 409;97.03
CLASSES - FIF;38.710.731/0001-01;;BTG PACTUAL DISCOVERY ÁGORA FIF - CIC MULTIMERCADO - RESPONSABILIDADE LIMITADA;2025-08-31;Operações compromissadas lastreadas em títulos públicos federais;0.64
CLASSES - FIF;38.710.731/0001-01;;BTG PACTUAL DISCOVERY ÁGORA FIF - CIC MULTIMERCADO - RESPONSABILIDADE LIMITADA;2025-08-31;Títulos públicos federais;1.61
CLASSES - FIF;38.710.803/0001-02;;BTGP MFS MERIDIAN PRUDENT CAPITAL ÁGORA FIF - CIC MULTIMERCADO - RESPONSABILIDADE LIMITADA;2025-08-31;Cotas de fundos de investimento 409;98.45
CLASSES - FIF;38.710.803/0001-02;;BTGP MFS MERIDIAN PRUDENT CAPITAL ÁGORA FIF - CIC MULTIMERCADO - RESPONSABILIDADE LIMITADA;2025-08-31;Operações compromissadas lastreadas em títulos públicos federais;0.40
CLASSES - FIF;38.710.803/0001-02;;BTGP MFS MERIDIAN PRUDENT CAPITAL ÁGORA FIF - CIC MULTIMERCADO - RESPONSABILIDADE LIMITADA;2025-08-31;Títulos públicos federais;1.01
CLASSES - FIF;38.715.895/0001-13;;TRUXT I VALOR ÁGORA FIF - CLASSE DE INVESTIMENTO EM COTAS DE AÇÕES - RESP LIMITADA;2025-08-31;Cotas de fundos de investimento 409;99.67
CLASSES - FIF;38.715.895/0001-13;;TRUXT I VALOR ÁGORA FIF - CLASSE DE INVESTIMENTO EM COTAS DE AÇÕES - RESP LIMITADA;2025-08-31;Operações compromissadas lastreadas em títulos públicos federais;0.11
CLASSES - FIF;38.715.895/0001-13;;TRUXT I VALOR ÁGORA FIF - CLASSE DE INVESTIMENTO EM COTAS DE AÇÕES - RESP LIMITADA;2025-08-31;Títulos públicos federais;0.27
CLASSES - FIF;38.728.990/0001-51;;UNIVERSO FUNDO DE INVESTIMENTO FINANCEIRO;2025-08-31;Ações;93.02
CLASSES - FIF;38.728.990/0001-51;;UNIVERSO FUNDO DE INVESTIMENTO FINANCEIRO;2025-08-31;Cotas de fundos de Investimento;2.67
CLASSES - FIF;38.728.990/0001-51;;UNIVERSO FUNDO DE INVESTIMENTO FINANCEIRO;2025-08-31;Outras Aplicações;-5.62
CLASSES - FIF;38.728.990/0001-51;;UNIVERSO FUNDO DE INVESTIMENTO FINANCEIRO;2025-08-31;Titulos publicos federais;22.25
CLASSES - FIF;38.860.877/0001-25;;BRADESCO ESG IS GLOBAL FIF - CLASSE DE INVESTIMENTO EM COTAS MULTIMERCADO - RESP  LIMITADA;2025-08-31;Depósitos a prazo e outros títulos de instituições financeiras;12.17
CLASSES - FIF;38.860.877/0001-25;;BRADESCO ESG IS GLOBAL FIF - CLASSE DE INVESTIMENTO EM COTAS MULTIMERCADO - RESP  LIMITADA;2025-08-31;Investimento no exterior;8.81
CLASSES - FIF;38.860.877/0001-25;;BRADESCO ESG IS GLOBAL FIF - CLASSE DE INVESTIMENTO EM COTAS MULTIMERCADO - RESP  LIMITADA;2025-08-31;Operações compromissadas lastreadas em títulos públicos federais;25.65
CLASSES - FIF;38.860.877/0001-25;;BRADESCO ESG IS GLOBAL FIF - CLASSE DE INVESTIMENTO EM COTAS MULTIMERCADO - RESP  LIMITADA;2025-08-31;Títulos de crédito privado;15.87
CLASSES - FIF;38.860.877/0001-25;;BRADESCO ESG IS GLOBAL FIF - CLASSE DE INVESTIMENTO EM COTAS MULTIMERCADO - RESP  LIMITADA;2025-08-31;Títulos públicos federais;36.95
CLASSES - FIF;38.860.913/0001-50;;BRAM FIF- CLASSE DE  INVESTIMENTO MULTIMERCADO CREDIT GREEN - RESPONSABILIDADE LIMITADA;2025-08-31;Cotas de fundos de investimento 409;0.02
CLASSES - FIF;38.860.913/0001-50;;BRAM FIF- CLASSE DE  INVESTIMENTO MULTIMERCADO CREDIT GREEN - RESPONSABILIDADE LIMITADA;2025-08-31;Investimento no exterior;17.94
CLASSES - FIF;38.860.913/0001-50;;BRAM FIF- CLASSE DE  INVESTIMENTO MULTIMERCADO CREDIT GREEN - RESPONSABILIDADE LIMITADA;2025-08-31;Operações compromissadas lastreadas em títulos públicos federais;15.94
CLASSES - FIF;38.860.913/0001-50;;BRAM FIF- CLASSE DE  INVESTIMENTO MULTIMERCADO CREDIT GREEN - RESPONSABILIDADE LIMITADA;2025-08-31;Títulos de crédito privado;0.18
CLASSES - FIF;38.860.913/0001-50;;BRAM FIF- CLASSE DE  INVESTIMENTO MULTIMERCADO CREDIT GREEN - RESPONSABILIDADE LIMITADA;2025-08-31;Títulos públicos federais;66.21
CLASSES - FIF;39.151.551/0001-91;;BRADESCO CHINA FI FINANCEIRO - CIA - RESP LIMITADA;2025-08-31;Investimento no exterior;97.14
CLASSES - FIF;39.151.551/0001-91;;BRADESCO CHINA FI FINANCEIRO - CIA - RESP LIMITADA;2025-08-31;Operações compromissadas lastreadas em títulos públicos federais;0.78
CLASSES - FIF;39.151.551/0001-91;;BRADESCO CHINA FI FINANCEIRO - CIA - RESP LIMITADA;2025-08-31;Títulos públicos federais;1.95
CLASSES - FIF;39.152.933/0001-30;;BRAM EQUITY GREEN BDR NÍVEL I IS FIF - CLASSE DE INVESTIMENTO EM AÇÕES - RESP LIMITADA;2025-08-31;Cotas de fundos de investimento 409;94.84
CLASSES - FIF;39.152.933/0001-30;;BRAM EQUITY GREEN BDR NÍVEL I IS FIF - CLASSE DE INVESTIMENTO EM AÇÕES - RESP LIMITADA;2025-08-31;Derivativos;-91.40
CLASSES - FIF;39.152.933/0001-30;;BRAM EQUITY GREEN BDR NÍVEL I IS FIF - CLASSE DE INVESTIMENTO EM AÇÕES - RESP LIMITADA;2025-08-31;Operações compromissadas lastreadas em títulos públicos federais;5.29
CLASSES - FIF;39.152.991/0001-63;;BRAM IS SUSTENTABILIDADE FIF - CLASSE DE INVESTIMENTO RF CRED PRIV - RESPONSABILIDADE LIMITADA;2025-08-31;Cotas de fundos de investimento 409;0.87
CLASSES - FIF;39.152.991/0001-63;;BRAM IS SUSTENTABILIDADE FIF - CLASSE DE INVESTIMENTO RF CRED PRIV - RESPONSABILIDADE LIMITADA;2025-08-31;Depósitos a prazo e outros títulos de instituições financeiras;23.93
CLASSES - FIF;39.152.991/0001-63;;BRAM IS SUSTENTABILIDADE FIF - CLASSE DE INVESTIMENTO RF CRED PRIV - RESPONSABILIDADE LIMITADA;2025-08-31;Operações compromissadas lastreadas em títulos públicos federais;35.04
CLASSES - FIF;39.152.991/0001-63;;BRAM IS SUSTENTABILIDADE FIF - CLASSE DE INVESTIMENTO RF CRED PRIV - RESPONSABILIDADE LIMITADA;2025-08-31;Títulos de crédito privado;31.02
CLASSES - FIF;39.152.991/0001-63;;BRAM IS SUSTENTABILIDADE FIF - CLASSE DE INVESTIMENTO RF CRED PRIV - RESPONSABILIDADE LIMITADA;2025-08-31;Títulos públicos federais;8.68
CLASSES - FIF;39.270.157/0001-72;;CONEXÃO SAFRA FERMAT FIF - CLASSE DE  INVESTIMENTO EM COTAS MULTIMERCADO - RESP LIMITADA.;2025-08-31;Cotas de fundos de investimento 409;97.02
CLASSES - FIF;39.270.157/0001-72;;CONEXÃO SAFRA FERMAT FIF - CLASSE DE  INVESTIMENTO EM COTAS MULTIMERCADO - RESP LIMITADA.;2025-08-31;Operações compromissadas lastreadas em títulos públicos federais;0.77
CLASSES - FIF;39.270.157/0001-72;;CONEXÃO SAFRA FERMAT FIF - CLASSE DE  INVESTIMENTO EM COTAS MULTIMERCADO - RESP LIMITADA.;2025-08-31;Títulos públicos federais;1.93
CLASSES - FIF;39.272.289/0001-33;;NEO NAVITAS B FIF - CLASSE DE INVESTIMENTO EM COTAS AÇÕES - RESP LIMITADA;2025-08-31;Cotas de fundos de investimento 409;98.66
CLASSES - FIF;39.272.289/0001-33;;NEO NAVITAS B FIF - CLASSE DE INVESTIMENTO EM COTAS AÇÕES - RESP LIMITADA;2025-08-31;Operações compromissadas lastreadas em títulos públicos federais;0.44
CLASSES - FIF;39.272.289/0001-33;;NEO NAVITAS B FIF - CLASSE DE INVESTIMENTO EM COTAS AÇÕES - RESP LIMITADA;2025-08-31;Títulos públicos federais;1.10
CLASSES - FIF;39.272.519/0001-64;;CONEXÃO JGP ESG IS INSTITUCIONAL FIF - CIC EM AÇÕES - RESPONSABILIDADE LIMITADA;2025-08-31;Cotas de fundos de investimento 409;97.94
CLASSES - FIF;39.272.519/0001-64;;CONEXÃO JGP ESG IS INSTITUCIONAL FIF - CIC EM AÇÕES - RESPONSABILIDADE LIMITADA;2025-08-31;Operações compromissadas lastreadas em títulos públicos federais;0.58
CLASSES - FIF;39.272.519/0001-64;;CONEXÃO JGP ESG IS INSTITUCIONAL FIF - CIC EM AÇÕES - RESPONSABILIDADE LIMITADA;2025-08-31;Títulos públicos federais;1.46
CLASSES - FIF;39.272.568/0001-05;;JGP LONG ONLY ÁGORA FIF - CLASSE DE INVESTIMENTO EM COTAS AÇÕES - RESP LIMITADA;2025-08-31;Cotas de fundos de investimento 409;98.19
CLASSES - FIF;39.272.568/0001-05;;JGP LONG ONLY ÁGORA FIF - CLASSE DE INVESTIMENTO EM COTAS AÇÕES - RESP LIMITADA;2025-08-31;Operações compromissadas lastreadas em títulos públicos federais;0.39
CLASSES - FIF;39.272.568/0001-05;;JGP LONG ONLY ÁGORA FIF - CLASSE DE INVESTIMENTO EM COTAS AÇÕES - RESP LIMITADA;2025-08-31;Títulos públicos federais;0.98
CLASSES - FIF;39.272.622/0001-04;;CONEXÃO J.SAFRA GALILEO FIF - CI EM COTAS MULTIMERCADO - RESPONSABILIDADE LIMITADA;2025-08-31;Cotas de fundos de investimento 409;99.12
CLASSES - FIF;39.272.622/0001-04;;CONEXÃO J.SAFRA GALILEO FIF - CI EM COTAS MULTIMERCADO - RESPONSABILIDADE LIMITADA;2025-08-31;Operações compromissadas lastreadas em títulos públicos federais;0.26
CLASSES - FIF;39.272.622/0001-04;;CONEXÃO J.SAFRA GALILEO FIF - CI EM COTAS MULTIMERCADO - RESPONSABILIDADE LIMITADA;2025-08-31;Títulos públicos federais;0.65
CLASSES - FIF;39.281.106/0001-46;;ÁLAMOS WEALTH SELECTION FUNDO DE INVESTIMENTO FINANCEIRO;2025-08-31;Ações;33.43
CLASSES - FIF;39.281.106/0001-46;;ÁLAMOS WEALTH SELECTION FUNDO DE INVESTIMENTO FINANCEIRO;2025-08-31;Cotas de Fundos de Índice de Renda Variável;0.97
CLASSES - FIF;39.281.106/0001-46;;ÁLAMOS WEALTH SELECTION FUNDO DE INVESTIMENTO FINANCEIRO;2025-08-31;Cotas de Fundos de Investimento 409;52.18
CLASSES - FIF;39.281.106/0001-46;;ÁLAMOS WEALTH SELECTION FUNDO DE INVESTIMENTO FINANCEIRO;2025-08-31;Outras Cotas de Fundos de Investimento;3.33
CLASSES - FIF;39.281.106/0001-46;;ÁLAMOS WEALTH SELECTION FUNDO DE INVESTIMENTO FINANCEIRO;2025-08-31;Títulos Públicos Federais;9.74
CLASSES - FIF;39.285.822/0001-00;;ÁGORA DIVERSIFICAÇÃO INDEX FIF - CLASSE DE INVESTIMENTO AÇÕES - RESP LIMITADA;2025-08-31;Ações;95.05
CLASSES - FIF;39.285.822/0001-00;;ÁGORA DIVERSIFICAÇÃO INDEX FIF - CLASSE DE INVESTIMENTO AÇÕES - RESP LIMITADA;2025-08-31;Derivativos;4.83
CLASSES - FIF;39.285.822/0001-00;;ÁGORA DIVERSIFICAÇÃO INDEX FIF - CLASSE DE INVESTIMENTO AÇÕES - RESP LIMITADA;2025-08-31;Operações compromissadas lastreadas em títulos públicos federais;2.94
FI;39.344.840/0001-07;;INTER AÇÕES VALOR FUNDO DE INVESTIMENTO FINANCEIRO EM AÇÕES RESPONSABILIDADE LIMITADA;2025-08-31;Ações;83.96
FI;39.344.840/0001-07;;INTER AÇÕES VALOR FUNDO DE INVESTIMENTO FINANCEIRO EM AÇÕES RESPONSABILIDADE LIMITADA;2025-08-31;Operações Compromissadas Lastreadas em Títulos Públicos Federais;7.03
CLASSES - FIF;39.345.047/0001-22;;BRADESCO ESG GLOBAL IS BDR FUNDO DE INVESTIMENTO FINANCEIRO - CLASSE DE INVESTIMENTO COTAS EM AÇÕES;2025-08-31;Ações;66.31
CLASSES - FIF;39.345.047/0001-22;;BRADESCO ESG GLOBAL IS BDR FUNDO DE INVESTIMENTO FINANCEIRO - CLASSE DE INVESTIMENTO COTAS EM AÇÕES;2025-08-31;Cotas de fundos de investimento 409;30.00
CLASSES - FIF;39.345.047/0001-22;;BRADESCO ESG GLOBAL IS BDR FUNDO DE INVESTIMENTO FINANCEIRO - CLASSE DE INVESTIMENTO COTAS EM AÇÕES;2025-08-31;Derivativos;-28.91
CLASSES - FIF;39.345.047/0001-22;;BRADESCO ESG GLOBAL IS BDR FUNDO DE INVESTIMENTO FINANCEIRO - CLASSE DE INVESTIMENTO COTAS EM AÇÕES;2025-08-31;Operações compromissadas lastreadas em títulos públicos federais;3.25
CLASSES - FIF;39.346.123/0001-14;;TARPON GT INSTITUCIONAL FUNDO DE INVESTIMENTO FINANCEIRO;2025-08-31;Ações;99.02
CLASSES - FIF;39.346.123/0001-14;;TARPON GT INSTITUCIONAL FUNDO DE INVESTIMENTO FINANCEIRO;2025-08-31;Cotas de Fundos de Investimento 409;3.38
CLASSES - FIF;39.346.123/0001-14;;TARPON GT INSTITUCIONAL FUNDO DE INVESTIMENTO FINANCEIRO;2025-08-31;Operações Compromissadas Lastreadas em Títulos Públicos Federais;0.00
CLASSES - FIF;39.346.123/0001-14;;TARPON GT INSTITUCIONAL FUNDO DE INVESTIMENTO FINANCEIRO;2025-08-31;Outras Aplicações;0.12
CLASSES - FIF;39.346.123/0001-14;;TARPON GT INSTITUCIONAL FUNDO DE INVESTIMENTO FINANCEIRO;2025-08-31;Títulos Públicos Federais;0.00
FI;39.540.780/0001-06;;INTER ACCESS VERDE FUNDO DE INVESTIMENTO EM COTAS DE FUNDO DE INVESTIMENTO FINANCEIRO MULTIMERCADO;2025-08-31;Cotas de Fundos de Investimento 555;96.50
FI;39.540.780/0001-06;;INTER ACCESS VERDE FUNDO DE INVESTIMENTO EM COTAS DE FUNDO DE INVESTIMENTO FINANCEIRO MULTIMERCADO;2025-08-31;Operações Compromissadas Lastreadas em Títulos Públicos Federais;3.51
CLASSES - FIF;39.572.895/0001-74;;AQR LONG-BIASED EQUITIES ÁGORA FIF - CIC MULTIMERCADO - RESPONSABILIDADE LIMITADA;2025-08-31;Cotas de fundos de investimento 409;99.21
CLASSES - FIF;39.572.895/0001-74;;AQR LONG-BIASED EQUITIES ÁGORA FIF - CIC MULTIMERCADO - RESPONSABILIDADE LIMITADA;2025-08-31;Operações compromissadas lastreadas em títulos públicos federais;0.21
CLASSES - FIF;39.572.895/0001-74;;AQR LONG-BIASED EQUITIES ÁGORA FIF - CIC MULTIMERCADO - RESPONSABILIDADE LIMITADA;2025-08-31;Títulos públicos federais;0.46
CLASSES - FIF;39.572.994/0001-56;;EASYNVEST TOP FUNDOS DE AÇÕES FI FINANCEIRO - CIC EM AÇÕES - RESP LIMITADA;2025-08-31;Cotas de fundos de investimento 409;77.15
CLASSES - FIF;39.572.994/0001-56;;EASYNVEST TOP FUNDOS DE AÇÕES FI FINANCEIRO - CIC EM AÇÕES - RESP LIMITADA;2025-08-31;Derivativos;6.83
CLASSES - FIF;39.572.994/0001-56;;EASYNVEST TOP FUNDOS DE AÇÕES FI FINANCEIRO - CIC EM AÇÕES - RESP LIMITADA;2025-08-31;Operações compromissadas lastreadas em títulos públicos federais;3.21
CLASSES - FIF;39.572.994/0001-56;;EASYNVEST TOP FUNDOS DE AÇÕES FI FINANCEIRO - CIC EM AÇÕES - RESP LIMITADA;2025-08-31;Títulos públicos federais;19.85
CLASSES - FIF;39.600.768/0001-31;;BRAM IS SUSTENTABILIDADE EMPRESARIAL 2 FIF - CIA - RESP LTDA;2025-08-31;Ações;96.93
CLASSES - FIF;39.600.768/0001-31;;BRAM IS SUSTENTABILIDADE EMPRESARIAL 2 FIF - CIA - RESP LTDA;2025-08-31;Operações compromissadas lastreadas em títulos públicos federais;2.31
CLASSES - FIF;39.687.606/0001-82;;ÁGORA GLOBAL SUSTAIN IS FIF - CI EM AÇÕES - RESPONSABILIDADE LIMITADA;2025-08-31;Investimento no exterior;97.64
CLASSES - FIF;39.687.606/0001-82;;ÁGORA GLOBAL SUSTAIN IS FIF - CI EM AÇÕES - RESPONSABILIDADE LIMITADA;2025-08-31;Operações compromissadas lastreadas em títulos públicos federais;0.59
CLASSES - FIF;39.687.606/0001-82;;ÁGORA GLOBAL SUSTAIN IS FIF - CI EM AÇÕES - RESPONSABILIDADE LIMITADA;2025-08-31;Títulos públicos federais;1.48
CLASSES - FIF;39.807.251/0001-18;;CONEXÃO VINLAND LONG ONLY FIF- CLASSE DE INVESTIMENTO EM COTAS DE AÇÕES - RESP LIMITADA;2025-08-31;Cotas de fundos de investimento 409;97.77
CLASSES - FIF;39.807.251/0001-18;;CONEXÃO VINLAND LONG ONLY FIF- CLASSE DE INVESTIMENTO EM COTAS DE AÇÕES - RESP LIMITADA;2025-08-31;Operações compromissadas lastreadas em títulos públicos federais;0.42
CLASSES - FIF;39.807.251/0001-18;;CONEXÃO VINLAND LONG ONLY FIF- CLASSE DE INVESTIMENTO EM COTAS DE AÇÕES - RESP LIMITADA;2025-08-31;Títulos públicos federais;1.06
CLASSES - FIF;39.807.296/0001-92;;KADIMA LONG SHORT PLUS ÁGORA FIF - CLASSE DE INVESTIMENTO EM COTAS DE AÇÕES - RESP LIMITADA;2025-08-31;Cotas de fundos de investimento 409;99.54
CLASSES - FIF;39.807.296/0001-92;;KADIMA LONG SHORT PLUS ÁGORA FIF - CLASSE DE INVESTIMENTO EM COTAS DE AÇÕES - RESP LIMITADA;2025-08-31;Operações compromissadas lastreadas em títulos públicos federais;0.15
CLASSES - FIF;39.807.296/0001-92;;KADIMA LONG SHORT PLUS ÁGORA FIF - CLASSE DE INVESTIMENTO EM COTAS DE AÇÕES - RESP LIMITADA;2025-08-31;Títulos públicos federais;0.37
CLASSES - FIF;39.807.395/0001-74;;BV EAGLE ÁGORA FIF - CLASSE DE INVESTIMENTO EM COTAS RENDA FIXA LONGO PRAZO - RESP LIMITADA;2025-08-31;Ações;0.03
CLASSES - FIF;39.807.395/0001-74;;BV EAGLE ÁGORA FIF - CLASSE DE INVESTIMENTO EM COTAS RENDA FIXA LONGO PRAZO - RESP LIMITADA;2025-08-31;Derivativos;15.73
CLASSES - FIF;39.807.395/0001-74;;BV EAGLE ÁGORA FIF - CLASSE DE INVESTIMENTO EM COTAS RENDA FIXA LONGO PRAZO - RESP LIMITADA;2025-08-31;Operações compromissadas lastreadas em títulos públicos federais;46.10
CLASSES - FIF;39.807.395/0001-74;;BV EAGLE ÁGORA FIF - CLASSE DE INVESTIMENTO EM COTAS RENDA FIXA LONGO PRAZO - RESP LIMITADA;2025-08-31;Títulos de crédito privado;0.10
CLASSES - FIF;39.807.395/0001-74;;BV EAGLE ÁGORA FIF - CLASSE DE INVESTIMENTO EM COTAS RENDA FIXA LONGO PRAZO - RESP LIMITADA;2025-08-31;Títulos públicos federais;53.59
CLASSES - FIF;39.809.279/0001-94;;VALOR CONSULTORIA FUNDO DE INVESTIMENTO FINANCEIRO MULTIMERCADO;2025-08-31;Ações;93.75
CLASSES - FIF;39.809.279/0001-94;;VALOR CONSULTORIA FUNDO DE INVESTIMENTO FINANCEIRO MULTIMERCADO;2025-08-31;Cotas de fundos de Investimento;4.74
CLASSES - FIF;39.816.705/0001-17;;WESTERN ASSET ÁGORA FIF - CLASSE DE INVESTIMENTO EM COTAS DE AÇÕES - RESP LIMITADA;2025-08-31;Cotas de fundos de investimento 409;99.50
CLASSES - FIF;39.816.705/0001-17;;WESTERN ASSET ÁGORA FIF - CLASSE DE INVESTIMENTO EM COTAS DE AÇÕES - RESP LIMITADA;2025-08-31;Operações compromissadas lastreadas em títulos públicos federais;0.14
CLASSES - FIF;39.816.705/0001-17;;WESTERN ASSET ÁGORA FIF - CLASSE DE INVESTIMENTO EM COTAS DE AÇÕES - RESP LIMITADA;2025-08-31;Títulos públicos federais;0.35
CLASSES - FIF;39.816.790/0001-13;;SQUADRA LONG BIASED ÁGORA FIF - CLASSE DE INVESTIMENTO EM COTAS DE FUNDOS DE AÇÕES - RESP LIMITADA;2025-08-31;Cotas de fundos de investimento 409;97.48
CLASSES - FIF;39.816.790/0001-13;;SQUADRA LONG BIASED ÁGORA FIF - CLASSE DE INVESTIMENTO EM COTAS DE FUNDOS DE AÇÕES - RESP LIMITADA;2025-08-31;Operações compromissadas lastreadas em títulos públicos federais;0.70
CLASSES - FIF;39.816.790/0001-13;;SQUADRA LONG BIASED ÁGORA FIF - CLASSE DE INVESTIMENTO EM COTAS DE FUNDOS DE AÇÕES - RESP LIMITADA;2025-08-31;Títulos públicos federais;1.77
CLASSES - FIF;39.816.837/0001-49;;SQUADRA LONG ONLY ÁGORA FIF - CLASSE DE INVESTIMENTO EM COTAS DE FUNDOS DE AÇÕES - RESP LIMITADA;2025-08-31;Cotas de fundos de investimento 409;99.25
CLASSES - FIF;39.816.837/0001-49;;SQUADRA LONG ONLY ÁGORA FIF - CLASSE DE INVESTIMENTO EM COTAS DE FUNDOS DE AÇÕES - RESP LIMITADA;2025-08-31;Operações compromissadas lastreadas em títulos públicos federais;0.09
CLASSES - FIF;39.816.837/0001-49;;SQUADRA LONG ONLY ÁGORA FIF - CLASSE DE INVESTIMENTO EM COTAS DE FUNDOS DE AÇÕES - RESP LIMITADA;2025-08-31;Títulos públicos federais;0.22
CLASSES - FIF;39.851.719/0001-71;;IBIUNA HEDGE ST FP FIF - CLASSE DE INVESTIMENTO EM COTAS MULTIMERCADO - RESP LIMITADA;2025-08-31;Cotas de fundos de investimento 409;6.65
CLASSES - FIF;39.851.719/0001-71;;IBIUNA HEDGE ST FP FIF - CLASSE DE INVESTIMENTO EM COTAS MULTIMERCADO - RESP LIMITADA;2025-08-31;Derivativos;1310.86
CLASSES - FIF;39.851.719/0001-71;;IBIUNA HEDGE ST FP FIF - CLASSE DE INVESTIMENTO EM COTAS MULTIMERCADO - RESP LIMITADA;2025-08-31;Investimento no exterior;18.14
CLASSES - FIF;39.851.719/0001-71;;IBIUNA HEDGE ST FP FIF - CLASSE DE INVESTIMENTO EM COTAS MULTIMERCADO - RESP LIMITADA;2025-08-31;Operações compromissadas lastreadas em títulos públicos federais;102.98
CLASSES - FIF;39.851.719/0001-71;;IBIUNA HEDGE ST FP FIF - CLASSE DE INVESTIMENTO EM COTAS MULTIMERCADO - RESP LIMITADA;2025-08-31;Títulos públicos federais;99.86
CLASSES - FIF;40.040.714/0001-48;;KAPITALO K10 ÁGORA FIF - CIC MULTIMERCADO - RESPONSABILIDADE LIMITADA;2025-08-31;Cotas de fundos de investimento 409;99.50
CLASSES - FIF;40.040.714/0001-48;;KAPITALO K10 ÁGORA FIF - CIC MULTIMERCADO - RESPONSABILIDADE LIMITADA;2025-08-31;Operações compromissadas lastreadas em títulos públicos federais;0.15
CLASSES - FIF;40.040.714/0001-48;;KAPITALO K10 ÁGORA FIF - CIC MULTIMERCADO - RESPONSABILIDADE LIMITADA;2025-08-31;Títulos públicos federais;0.39
CLASSES - FIF;40.063.576/0001-12;;VERDE MODALMAIS AM 60 FUNDO DE INVESTIMENTO EM COTAS MULTIMERCADO;2025-08-31;Cotas de fundos de investimento 409;99.09
CLASSES - FIF;40.063.576/0001-12;;VERDE MODALMAIS AM 60 FUNDO DE INVESTIMENTO EM COTAS MULTIMERCADO;2025-08-31;Operações compromissadas lastreadas em títulos públicos federais;0.97
CLASSES - FIF;40.127.685/0001-56;;VINCI RETORNO REAL FI FINANCEIRO - CI MULT - RESP LIMITADA;2025-08-31;Ações;5.11
CLASSES - FIF;40.127.685/0001-56;;VINCI RETORNO REAL FI FINANCEIRO - CI MULT - RESP LIMITADA;2025-08-31;Cotas de fundos de investimento 409;4.32
CLASSES - FIF;40.127.685/0001-56;;VINCI RETORNO REAL FI FINANCEIRO - CI MULT - RESP LIMITADA;2025-08-31;Investimento no exterior;0.05
CLASSES - FIF;40.127.685/0001-56;;VINCI RETORNO REAL FI FINANCEIRO - CI MULT - RESP LIMITADA;2025-08-31;Operações compromissadas lastreadas em títulos públicos federais;20.96
CLASSES - FIF;40.127.685/0001-56;;VINCI RETORNO REAL FI FINANCEIRO - CI MULT - RESP LIMITADA;2025-08-31;Títulos públicos federais;74.05
CLASSES - FIF;40.129.641/0001-65;;BRASIL CAPITAL RP INSTITUCIONAL FI FINANCEIRO - CIC DE CLASSE DE AÇÕES - RESP LIMITADA;2025-08-31;Cotas de fundos de investimento 409;99.89
CLASSES - FIF;40.141.885/0001-63;;CONEXÃO WESTERN ASSET ATIVO FIF - CLASSE DE INVESTIMENTO EM COTAS DE RENDA FIXA - RESP LIMITADA;2025-08-31;Cotas de fundos de investimento 409;97.14
CLASSES - FIF;40.141.885/0001-63;;CONEXÃO WESTERN ASSET ATIVO FIF - CLASSE DE INVESTIMENTO EM COTAS DE RENDA FIXA - RESP LIMITADA;2025-08-31;Operações compromissadas lastreadas em títulos públicos federais;0.72
CLASSES - FIF;40.141.885/0001-63;;CONEXÃO WESTERN ASSET ATIVO FIF - CLASSE DE INVESTIMENTO EM COTAS DE RENDA FIXA - RESP LIMITADA;2025-08-31;Títulos públicos federais;1.83
CLASSES - FIF;40.142.060/0001-63;;BRAM CRÉDITO INFLAÇÃO FI FINANCEIRO - CI RF CRED PRIV - RESP LIMITADA;2025-08-31;Depósitos a prazo e outros títulos de instituições financeiras;22.97
CLASSES - FIF;40.142.060/0001-63;;BRAM CRÉDITO INFLAÇÃO FI FINANCEIRO - CI RF CRED PRIV - RESP LIMITADA;2025-08-31;Derivativos;58.63
CLASSES - FIF;40.142.060/0001-63;;BRAM CRÉDITO INFLAÇÃO FI FINANCEIRO - CI RF CRED PRIV - RESP LIMITADA;2025-08-31;Operações compromissadas lastreadas em títulos públicos federais;3.18
CLASSES - FIF;40.142.060/0001-63;;BRAM CRÉDITO INFLAÇÃO FI FINANCEIRO - CI RF CRED PRIV - RESP LIMITADA;2025-08-31;Títulos de crédito privado;52.52
CLASSES - FIF;40.142.060/0001-63;;BRAM CRÉDITO INFLAÇÃO FI FINANCEIRO - CI RF CRED PRIV - RESP LIMITADA;2025-08-31;Títulos públicos federais;18.00
CLASSES - FIF;40.152.028/0001-69;;WESTERN ASSET ATIVO MAX ÁGORA FIF - CLASSE DE INVESTIMENTO EM COTAS RENDA FIXA - RESP LIMITADA;2025-08-31;Cotas de fundos de investimento 409;96.92
CLASSES - FIF;40.152.028/0001-69;;WESTERN ASSET ATIVO MAX ÁGORA FIF - CLASSE DE INVESTIMENTO EM COTAS RENDA FIXA - RESP LIMITADA;2025-08-31;Operações compromissadas lastreadas em títulos públicos federais;0.73
CLASSES - FIF;40.152.028/0001-69;;WESTERN ASSET ATIVO MAX ÁGORA FIF - CLASSE DE INVESTIMENTO EM COTAS RENDA FIXA - RESP LIMITADA;2025-08-31;Títulos públicos federais;1.85
CLASSES - FIF;40.190.534/0001-42;;4UM BDR FIF - CLASSE DE INVESTIMENTO EM AÇÕES - RESP LIMITADA;2025-08-31;Ações;91.23
CLASSES - FIF;40.190.534/0001-42;;4UM BDR FIF - CLASSE DE INVESTIMENTO EM AÇÕES - RESP LIMITADA;2025-08-31;Cotas de fundos de investimento 409;7.89
CLASSES - FIF;40.190.534/0001-42;;4UM BDR FIF - CLASSE DE INVESTIMENTO EM AÇÕES - RESP LIMITADA;2025-08-31;Operações compromissadas lastreadas em títulos públicos federais;0.19
CLASSES - FIF;40.226.010/0001-64;;VINCI TOTAL RETURN INSTITUCIONAL FIF - CLASSE DE INVESTIMENTO EM AÇÕES - RESP LIMITADA;2025-08-31;Ações;93.49
CLASSES - FIF;40.226.010/0001-64;;VINCI TOTAL RETURN INSTITUCIONAL FIF - CLASSE DE INVESTIMENTO EM AÇÕES - RESP LIMITADA;2025-08-31;Derivativos;-8.02
CLASSES - FIF;40.226.010/0001-64;;VINCI TOTAL RETURN INSTITUCIONAL FIF - CLASSE DE INVESTIMENTO EM AÇÕES - RESP LIMITADA;2025-08-31;Operações compromissadas lastreadas em títulos públicos federais;5.24
CLASSES - FIF;40.226.014/0001-42;;VINCI MOSAICO ADVISORY FIF - CLASSE DE INVESTIMENTO EM AÇÕES - RESP LIMITADA;2025-08-31;Ações;85.56
CLASSES - FIF;40.226.014/0001-42;;VINCI MOSAICO ADVISORY FIF - CLASSE DE INVESTIMENTO EM AÇÕES - RESP LIMITADA;2025-08-31;Operações compromissadas lastreadas em títulos públicos federais;12.19
CLASSES - FIF;40.226.014/0001-42;;VINCI MOSAICO ADVISORY FIF - CLASSE DE INVESTIMENTO EM AÇÕES - RESP LIMITADA;2025-08-31;Títulos públicos federais;1.54
CLASSES - FIF;40.226.025/0001-22;;VINCI MOSAICO FIF - CLASSE DE INVESTIMENTO EM AÇÕES - RESP LIMITADA;2025-08-31;Ações;85.31
CLASSES - FIF;40.226.025/0001-22;;VINCI MOSAICO FIF - CLASSE DE INVESTIMENTO EM AÇÕES - RESP LIMITADA;2025-08-31;Depósitos a prazo e outros títulos de instituições financeiras;0.43
CLASSES - FIF;40.226.025/0001-22;;VINCI MOSAICO FIF - CLASSE DE INVESTIMENTO EM AÇÕES - RESP LIMITADA;2025-08-31;Operações compromissadas lastreadas em títulos públicos federais;10.08
CLASSES - FIF;40.226.055/0001-39;;CONEXÃO GIANT ZARATHUSTRA FIF- CLASSE DE INVESTIMENTO EM COTAS MULTIMERCADO - RESP LIMITADA;2025-08-31;Cotas de fundos de investimento 409;99.28
CLASSES - FIF;40.226.055/0001-39;;CONEXÃO GIANT ZARATHUSTRA FIF- CLASSE DE INVESTIMENTO EM COTAS MULTIMERCADO - RESP LIMITADA;2025-08-31;Operações compromissadas lastreadas em títulos públicos federais;0.17
CLASSES - FIF;40.226.055/0001-39;;CONEXÃO GIANT ZARATHUSTRA FIF- CLASSE DE INVESTIMENTO EM COTAS MULTIMERCADO - RESP LIMITADA;2025-08-31;Títulos públicos federais;0.44
CLASSES - FIF;40.226.075/0001-00;;IBIUNA LONG SHORT FIF - CLASSE DE INVESTIMENTO EM COTAS MULTIMERCADO ÁGORA - RESP LIMITADA;2025-08-31;Cotas de fundos de investimento 409;100.05
CLASSES - FIF;40.226.075/0001-00;;IBIUNA LONG SHORT FIF - CLASSE DE INVESTIMENTO EM COTAS MULTIMERCADO ÁGORA - RESP LIMITADA;2025-08-31;Operações compromissadas lastreadas em títulos públicos federais;0.17
CLASSES - FIF;40.226.075/0001-00;;IBIUNA LONG SHORT FIF - CLASSE DE INVESTIMENTO EM COTAS MULTIMERCADO ÁGORA - RESP LIMITADA;2025-08-31;Títulos públicos federais;0.44
CLASSES - FIF;40.226.091/0001-00;;WESTERN ASSET US INDEX 500 ÁGORA FIF - CLASSE DE INVESTIMENTO EM COTAS MULTIMERCADO - RESP LIMITADA;2025-08-31;Cotas de fundos de investimento 409;99.37
CLASSES - FIF;40.226.091/0001-00;;WESTERN ASSET US INDEX 500 ÁGORA FIF - CLASSE DE INVESTIMENTO EM COTAS MULTIMERCADO - RESP LIMITADA;2025-08-31;Operações compromissadas lastreadas em títulos públicos federais;0.18
CLASSES - FIF;40.226.091/0001-00;;WESTERN ASSET US INDEX 500 ÁGORA FIF - CLASSE DE INVESTIMENTO EM COTAS MULTIMERCADO - RESP LIMITADA;2025-08-31;Títulos públicos federais;0.46
CLASSES - FIF;40.265.699/0001-36;;CALIXTO FUNDO DE INVESTIMENTO EM AÇÕES - RESPONSABILIDADE LIMITADA;2025-08-31;Ações;104.28
CLASSES - FIF;40.265.699/0001-36;;CALIXTO FUNDO DE INVESTIMENTO EM AÇÕES - RESPONSABILIDADE LIMITADA;2025-08-31;Operações compromissadas lastreadas em títulospúblicos federais;0.82
CLASSES - FIF;40.265.699/0001-36;;CALIXTO FUNDO DE INVESTIMENTO EM AÇÕES - RESPONSABILIDADE LIMITADA;2025-08-31;Outras aplicações;-5.10
CLASSES - FIF;40.413.936/0001-69;;JDV FUNDO DE INVESTIMENTO MULTIMERCADO MULTIESTRATEGIA CREDITO PRIVADO IE;2025-08-31;Acões;0.00
CLASSES - FIF;40.413.936/0001-69;;JDV FUNDO DE INVESTIMENTO MULTIMERCADO MULTIESTRATEGIA CREDITO PRIVADO IE;2025-08-31;Cotas de Fundos de Investimento 555;77.35
CLASSES - FIF;40.413.936/0001-69;;JDV FUNDO DE INVESTIMENTO MULTIMERCADO MULTIESTRATEGIA CREDITO PRIVADO IE;2025-08-31;Depósito a prazo e outros títulos de instituições financeiras;17.60
CLASSES - FIF;40.413.936/0001-69;;JDV FUNDO DE INVESTIMENTO MULTIMERCADO MULTIESTRATEGIA CREDITO PRIVADO IE;2025-08-31;Operacões compromissadas lastreadas em títulos privados;0.00
CLASSES - FIF;40.413.936/0001-69;;JDV FUNDO DE INVESTIMENTO MULTIMERCADO MULTIESTRATEGIA CREDITO PRIVADO IE;2025-08-31;Títulos de crédito privado;5.05
CLASSES - FIF;40.764.095/0001-34;;CSHG DI SPECIAL FUNDO DE INVESTIMENTO FINANCEIRO RENDA FIXA REFERENCIADO - RESPONSABILIDADE LIMITADA;2025-08-31;Dep¿os a Prazo e Outros T¿los de Institui¿s Financeiras;5.67
CLASSES - FIF;40.764.095/0001-34;;CSHG DI SPECIAL FUNDO DE INVESTIMENTO FINANCEIRO RENDA FIXA REFERENCIADO - RESPONSABILIDADE LIMITADA;2025-08-31;Outros;24.18
CLASSES - FIF;40.764.095/0001-34;;CSHG DI SPECIAL FUNDO DE INVESTIMENTO FINANCEIRO RENDA FIXA REFERENCIADO - RESPONSABILIDADE LIMITADA;2025-08-31;T¿los de Cr¿to Privado;6.29
CLASSES - FIF;40.764.095/0001-34;;CSHG DI SPECIAL FUNDO DE INVESTIMENTO FINANCEIRO RENDA FIXA REFERENCIADO - RESPONSABILIDADE LIMITADA;2025-08-31;T¿los P¿blicos Federais;63.95
CLASSES - FIF;40.897.437/0001-94;;KRATHUS FI FINANCEIRO - CI MULT CRED PRIV - RESP LIMITADA;2025-08-31;Cotas de fundos de investimento 409;67.28
CLASSES - FIF;40.897.437/0001-94;;KRATHUS FI FINANCEIRO - CI MULT CRED PRIV - RESP LIMITADA;2025-08-31;Operações compromissadas lastreadas em títulos públicos federais;2.96
CLASSES - FIF;40.897.437/0001-94;;KRATHUS FI FINANCEIRO - CI MULT CRED PRIV - RESP LIMITADA;2025-08-31;Títulos públicos federais;29.88
CLASSES - FIF;40.919.348/0001-00;;VINCI STB FUNDO DE INVESTIMENTO FINANCEIRO - CLASSE DE INVESTIMENTO EM AÇÕES - RESP LIMITADA;2025-08-31;Ações;87.54
CLASSES - FIF;40.919.348/0001-00;;VINCI STB FUNDO DE INVESTIMENTO FINANCEIRO - CLASSE DE INVESTIMENTO EM AÇÕES - RESP LIMITADA;2025-08-31;Operações compromissadas lastreadas em títulos públicos federais;11.58
CLASSES - FIF;41.019.748/0001-13;;MAM ZC TESOURO SELIC FI RENDA FIXA SIMPLES DI SOBERANO RESPONSABILIDADE LIMITADA;2025-08-31;Renda Fixa;94.55
FI;41.036.490/0001-63;;INTER ACCESS ARBOR FC DE FI FINANCEIRO EM AÇÕES BDR NÍVEL I RESPONSABILIDADE LIMITADA;2025-08-31;Cotas de Fundos de Investimento 555;96.60
FI;41.036.490/0001-63;;INTER ACCESS ARBOR FC DE FI FINANCEIRO EM AÇÕES BDR NÍVEL I RESPONSABILIDADE LIMITADA;2025-08-31;Operações Compromissadas Lastreadas em Títulos Públicos Federais;3.53
CLASSES - FIF;41.088.110/0001-34;;LEGACY CAPITAL MFO FUNDO DE INVESTIMENTO EM COTAS DE FIF MULTIMERCADO - RESPONSABILIDADE LIMITADA;2025-08-31;Cotas de Fundos de Investimento 555;100.05
CLASSES - FIF;41.088.110/0001-34;;LEGACY CAPITAL MFO FUNDO DE INVESTIMENTO EM COTAS DE FIF MULTIMERCADO - RESPONSABILIDADE LIMITADA;2025-08-31;Outros;0.12
CLASSES - FIF;41.196.740/0001-22;;TRIGONO DELPHOS INCOME INSTITUCIONAL FIF - CLASSE DE INVESTIMENTO EM COTAS DE AÇÕES - RESP LIMITADA;2025-08-31;Cotas de fundos de investimento 409;99.77
CLASSES - FIF;41.196.740/0001-22;;TRIGONO DELPHOS INCOME INSTITUCIONAL FIF - CLASSE DE INVESTIMENTO EM COTAS DE AÇÕES - RESP LIMITADA;2025-08-31;Operações compromissadas lastreadas em títulos públicos federais;0.12
CLASSES - FIF;41.196.740/0001-22;;TRIGONO DELPHOS INCOME INSTITUCIONAL FIF - CLASSE DE INVESTIMENTO EM COTAS DE AÇÕES - RESP LIMITADA;2025-08-31;Títulos públicos federais;0.29
CLASSES - FIF;41.256.441/0001-36;;GENOA CAPITAL RADAR MFO FUNDO DE INVESTIMENTO EM COTAS DE FIF MULTIMERCADO RESPONSABILIDADE LIMITADA;2025-08-31;Outras Cotas de Fundos de Investimento;100.13
CLASSES - FIF;41.256.441/0001-36;;GENOA CAPITAL RADAR MFO FUNDO DE INVESTIMENTO EM COTAS DE FIF MULTIMERCADO RESPONSABILIDADE LIMITADA;2025-08-31;Outros;0.04
CLASSES - FIF;41.283.095/0001-85;;ÁFIRA TERMO FUNDING CASH FUNDO DE INVESTIMENTO FINANCEIRO;2025-08-31;Cotas de Fundos de Investimento 409;66.40
CLASSES - FIF;41.283.095/0001-85;;ÁFIRA TERMO FUNDING CASH FUNDO DE INVESTIMENTO FINANCEIRO;2025-08-31;Derivativos;-0.08
CLASSES - FIF;41.283.095/0001-85;;ÁFIRA TERMO FUNDING CASH FUNDO DE INVESTIMENTO FINANCEIRO;2025-08-31;Outras Aplicações;7.62
CLASSES - FIF;41.283.095/0001-85;;ÁFIRA TERMO FUNDING CASH FUNDO DE INVESTIMENTO FINANCEIRO;2025-08-31;Títulos Públicos Federais;26.18
CLASSES - FIF;41.319.909/0001-94;;CONEXÃO VINCI MOSAICO FIF - CLASSE DE INVESTIMENTO EM COTAS DE AÇÕES - RESP LIMITADA;2025-08-31;Ações;87.00
CLASSES - FIF;41.319.909/0001-94;;CONEXÃO VINCI MOSAICO FIF - CLASSE DE INVESTIMENTO EM COTAS DE AÇÕES - RESP LIMITADA;2025-08-31;Operações compromissadas lastreadas em títulos públicos federais;11.63
CLASSES - FIF;41.319.909/0001-94;;CONEXÃO VINCI MOSAICO FIF - CLASSE DE INVESTIMENTO EM COTAS DE AÇÕES - RESP LIMITADA;2025-08-31;Títulos públicos federais;0.30
CLASSES - FIF;41.333.328/0001-07;;VOKIN GBV ACONCÁGUA ÁGORA FIF - CLASSE DE INVESTIMENTO EM COTAS DE AÇÕES - RESP LIMITADA;2025-08-31;Cotas de fundos de investimento 409;98.33
CLASSES - FIF;41.333.328/0001-07;;VOKIN GBV ACONCÁGUA ÁGORA FIF - CLASSE DE INVESTIMENTO EM COTAS DE AÇÕES - RESP LIMITADA;2025-08-31;Operações compromissadas lastreadas em títulos públicos federais;0.44
CLASSES - FIF;41.333.328/0001-07;;VOKIN GBV ACONCÁGUA ÁGORA FIF - CLASSE DE INVESTIMENTO EM COTAS DE AÇÕES - RESP LIMITADA;2025-08-31;Títulos públicos federais;1.12
CLASSES - FIF;41.394.877/0001-91;;BRASCAN FUNDO DE INVESTIMENTO MULTIMERCADO INVESTIMENTO NO EXTERIOR;2025-08-31;Acões;0.00
CLASSES - FIF;41.394.877/0001-91;;BRASCAN FUNDO DE INVESTIMENTO MULTIMERCADO INVESTIMENTO NO EXTERIOR;2025-08-31;Cotas de Fundos de Investimento 555;96.23
CLASSES - FIF;41.394.877/0001-91;;BRASCAN FUNDO DE INVESTIMENTO MULTIMERCADO INVESTIMENTO NO EXTERIOR;2025-08-31;Operacões compromissadas lastreadas em títulos privados;0.00
CLASSES - FIF;41.394.877/0001-91;;BRASCAN FUNDO DE INVESTIMENTO MULTIMERCADO INVESTIMENTO NO EXTERIOR;2025-08-31;Operacões compromissadas lastreadas em títulos públicos federais;0.00
CLASSES - FIF;41.394.877/0001-91;;BRASCAN FUNDO DE INVESTIMENTO MULTIMERCADO INVESTIMENTO NO EXTERIOR;2025-08-31;Títulos de crédito privado;3.89
CLASSES - FIF;41.423.729/0001-58;;OCCAM RETORNO ABSOLUTO ÁGORA FIF - CLASSE DE INVESTIMENTO EM COTAS MULTIMERCADO - RESP LIMITADA;2025-08-31;Cotas de fundos de investimento 409;98.40
CLASSES - FIF;41.423.729/0001-58;;OCCAM RETORNO ABSOLUTO ÁGORA FIF - CLASSE DE INVESTIMENTO EM COTAS MULTIMERCADO - RESP LIMITADA;2025-08-31;Operações compromissadas lastreadas em títulos públicos federais;0.44
CLASSES - FIF;41.423.729/0001-58;;OCCAM RETORNO ABSOLUTO ÁGORA FIF - CLASSE DE INVESTIMENTO EM COTAS MULTIMERCADO - RESP LIMITADA;2025-08-31;Títulos públicos federais;1.10
CLASSES - FIF;41.424.279/0001-18;;DGI EDELWEISS FUNDO DE INVESTIMENTO MULTIMERCADO CRÉDITO PRIVADO INVESTIMENTO NO EXTERIOR;2025-08-31;Acões;0.00
CLASSES - FIF;41.424.279/0001-18;;DGI EDELWEISS FUNDO DE INVESTIMENTO MULTIMERCADO CRÉDITO PRIVADO INVESTIMENTO NO EXTERIOR;2025-08-31;Cotas de Fundos de Investimento 555;100.01
CLASSES - FIF;41.424.279/0001-18;;DGI EDELWEISS FUNDO DE INVESTIMENTO MULTIMERCADO CRÉDITO PRIVADO INVESTIMENTO NO EXTERIOR;2025-08-31;Operacões compromissadas lastreadas em títulos privados;0.00
CLASSES - FIF;41.424.279/0001-18;;DGI EDELWEISS FUNDO DE INVESTIMENTO MULTIMERCADO CRÉDITO PRIVADO INVESTIMENTO NO EXTERIOR;2025-08-31;Operacões compromissadas lastreadas em títulos públicos federais;0.00
CLASSES - FIF;41.424.279/0001-18;;DGI EDELWEISS FUNDO DE INVESTIMENTO MULTIMERCADO CRÉDITO PRIVADO INVESTIMENTO NO EXTERIOR;2025-08-31;Títulos Públicos federais;0.00
CLASSES - FIF;41.517.570/0001-30;;WARREN MULTIGESTORES MULTIMERCADO FUNDO DE INVESTIMENTO FINANCEIRO;2025-08-31;Cotas de Fundos de Investimento 409;92.59
CLASSES - FIF;41.517.570/0001-30;;WARREN MULTIGESTORES MULTIMERCADO FUNDO DE INVESTIMENTO FINANCEIRO;2025-08-31;Outras Aplicações;0.99
CLASSES - FIF;41.517.570/0001-30;;WARREN MULTIGESTORES MULTIMERCADO FUNDO DE INVESTIMENTO FINANCEIRO;2025-08-31;Outras Cotas de Fundos de Investimento;7.69
CLASSES - FIF;41.545.212/0001-31;;BRADESCO KAPITALO ZETA FIF - CLASSE DE INVESTIMENTO EM COTAS MULTIMERCADO - RESP LIMITADA;2025-08-31;Cotas de fundos de investimento 409;99.45
CLASSES - FIF;41.545.212/0001-31;;BRADESCO KAPITALO ZETA FIF - CLASSE DE INVESTIMENTO EM COTAS MULTIMERCADO - RESP LIMITADA;2025-08-31;Operações compromissadas lastreadas em títulos públicos federais;0.15
CLASSES - FIF;41.545.212/0001-31;;BRADESCO KAPITALO ZETA FIF - CLASSE DE INVESTIMENTO EM COTAS MULTIMERCADO - RESP LIMITADA;2025-08-31;Títulos públicos federais;0.37
CLASSES - FIF;41.562.564/0001-03;;CLAVE ALPHA MACRO MFO FUNDO DE INVESTIMENTO EM COTAS DE FIF MULTIMERCADO - RESPONSABILIDADE LIMITADA;2025-08-31;Outras Cotas de Fundos de Investimento;100.17
CLASSES - FIF;41.562.564/0001-03;;CLAVE ALPHA MACRO MFO FUNDO DE INVESTIMENTO EM COTAS DE FIF MULTIMERCADO - RESPONSABILIDADE LIMITADA;2025-08-31;Outros;0.02
CLASSES - FIF;41.629.514/0001-98;;ABSOLUTE VERTEX MFO FUNDO DE INVESTIMENTO EM COTAS DE FIF MULTIMERCADO - RESPONSABILIDADE LIMITADA;2025-08-31;Outras Cotas de Fundos de Investimento;100.11
CLASSES - FIF;41.629.514/0001-98;;ABSOLUTE VERTEX MFO FUNDO DE INVESTIMENTO EM COTAS DE FIF MULTIMERCADO - RESPONSABILIDADE LIMITADA;2025-08-31;Outros;0.08
CLASSES - FIF;41.629.941/0001-76;;UBS EVOLUTION MACRO STRATEGIES II FUNDO DE INVESTIMENTO EM COTAS DE FIF MULTIMERCADO - RESP LIMITADA;2025-08-31;Outras Cotas de Fundos de Investimento;99.98
CLASSES - FIF;41.629.941/0001-76;;UBS EVOLUTION MACRO STRATEGIES II FUNDO DE INVESTIMENTO EM COTAS DE FIF MULTIMERCADO - RESP LIMITADA;2025-08-31;Outros;0.00
CLASSES - FIF;41.687.144/0001-45;;MAG STRATEGY FIF - CLASSE DE INVESTIMENTO MULT  - RESP  LIMITADA;2025-08-31;Ações;1.44
CLASSES - FIF;41.687.144/0001-45;;MAG STRATEGY FIF - CLASSE DE INVESTIMENTO MULT  - RESP  LIMITADA;2025-08-31;Cotas de fundos de investimento 409;6.29
CLASSES - FIF;41.687.144/0001-45;;MAG STRATEGY FIF - CLASSE DE INVESTIMENTO MULT  - RESP  LIMITADA;2025-08-31;Derivativos;16.83
CLASSES - FIF;41.687.144/0001-45;;MAG STRATEGY FIF - CLASSE DE INVESTIMENTO MULT  - RESP  LIMITADA;2025-08-31;Operações compromissadas lastreadas em títulos públicos federais;5.30
CLASSES - FIF;41.687.144/0001-45;;MAG STRATEGY FIF - CLASSE DE INVESTIMENTO MULT  - RESP  LIMITADA;2025-08-31;Títulos públicos federais;86.92
CLASSES - FIF;41.745.501/0001-84;;BANRISUL ESPELHO VINCI MULTIESTRATÉGIA FUNDO DE INVESTIMENTO EM COTAS DE FUNDOS DE INVESTIMENTO FI;2025-08-31;COTAS DE FUNDOS DE INVESTIMENTO 409;99.39
CLASSES - FIF;41.767.134/0001-10;;BANRISUL ESPELHO OCCAM RETORNO ABSOLUTO FUNDO DE INVESTIMENTO EM COTAS DE FIF MULTIMERCADO RESP LIM;2025-08-31;COTAS DE FUNDOS DE INVESTIMENTO 409;97.81
CLASSES - FIF;41.970.027/0001-94;;VERDE AM W60 WARREN FEEDER FUNDO DE INVESTIMENTO FINANCEIRO;2025-08-31;Cotas de Fundos de Investimento 409;96.26
CLASSES - FIF;41.970.027/0001-94;;VERDE AM W60 WARREN FEEDER FUNDO DE INVESTIMENTO FINANCEIRO;2025-08-31;Outras Aplicações;3.89
CLASSES - FIF;42.066.462/0001-51;;BRADESCO VIRTUS US SMALL CAPS USD FI FINANCEIRO - CIA - RESP LIMITADA;2025-08-31;Investimento no exterior;98.07
CLASSES - FIF;42.066.462/0001-51;;BRADESCO VIRTUS US SMALL CAPS USD FI FINANCEIRO - CIA - RESP LIMITADA;2025-08-31;Operações compromissadas lastreadas em títulos públicos federais;0.72
CLASSES - FIF;42.066.462/0001-51;;BRADESCO VIRTUS US SMALL CAPS USD FI FINANCEIRO - CIA - RESP LIMITADA;2025-08-31;Títulos públicos federais;1.82
CLASSES - FIF;42.084.627/0001-18;;FIDUC INTERNACIONAL FI FINANCEIRO - CIC DE AÇÕES - RESP LIMITADA;2025-08-31;Cotas de fundos de investimento 409;78.11
CLASSES - FIF;42.084.627/0001-18;;FIDUC INTERNACIONAL FI FINANCEIRO - CIC DE AÇÕES - RESP LIMITADA;2025-08-31;Derivativos;7.26
CLASSES - FIF;42.084.627/0001-18;;FIDUC INTERNACIONAL FI FINANCEIRO - CIC DE AÇÕES - RESP LIMITADA;2025-08-31;Investimento no exterior;5.98
CLASSES - FIF;42.084.627/0001-18;;FIDUC INTERNACIONAL FI FINANCEIRO - CIC DE AÇÕES - RESP LIMITADA;2025-08-31;Operações compromissadas lastreadas em títulos públicos federais;9.87
CLASSES - FIF;42.084.627/0001-18;;FIDUC INTERNACIONAL FI FINANCEIRO - CIC DE AÇÕES - RESP LIMITADA;2025-08-31;Títulos públicos federais;3.28
CLASSES - FIF;42.084.832/0001-83;;GÁVEA MACRO RED FIF - CIC MULTIMERCADO - RESPONSABILIDADE LIMITADA;2025-08-31;Ações;4.17
CLASSES - FIF;42.084.832/0001-83;;GÁVEA MACRO RED FIF - CIC MULTIMERCADO - RESPONSABILIDADE LIMITADA;2025-08-31;Derivativos;17.25
CLASSES - FIF;42.084.832/0001-83;;GÁVEA MACRO RED FIF - CIC MULTIMERCADO - RESPONSABILIDADE LIMITADA;2025-08-31;Investimento no exterior;14.78
CLASSES - FIF;42.084.832/0001-83;;GÁVEA MACRO RED FIF - CIC MULTIMERCADO - RESPONSABILIDADE LIMITADA;2025-08-31;Operações compromissadas lastreadas em títulos públicos federais;17.50
CLASSES - FIF;42.084.832/0001-83;;GÁVEA MACRO RED FIF - CIC MULTIMERCADO - RESPONSABILIDADE LIMITADA;2025-08-31;Títulos públicos federais;64.70
CLASSES - FIF;42.174.097/0001-07;;SMIRK FUNDO DE INVESTIMENTO MULTIMERCADO CREDITO PRIVADO-RESPONSABILIDADE LIMITADA;2025-08-31;Acões;0.00
CLASSES - FIF;42.174.097/0001-07;;SMIRK FUNDO DE INVESTIMENTO MULTIMERCADO CREDITO PRIVADO-RESPONSABILIDADE LIMITADA;2025-08-31;Cotas de Fundos de Investimento 555;99.99
CLASSES - FIF;42.174.097/0001-07;;SMIRK FUNDO DE INVESTIMENTO MULTIMERCADO CREDITO PRIVADO-RESPONSABILIDADE LIMITADA;2025-08-31;Depósito a prazo e outros títulos de instituições financeiras;0.01
CLASSES - FIF;42.174.097/0001-07;;SMIRK FUNDO DE INVESTIMENTO MULTIMERCADO CREDITO PRIVADO-RESPONSABILIDADE LIMITADA;2025-08-31;Operacões compromissadas lastreadas em títulos privados;0.00
CLASSES - FIF;42.174.097/0001-07;;SMIRK FUNDO DE INVESTIMENTO MULTIMERCADO CREDITO PRIVADO-RESPONSABILIDADE LIMITADA;2025-08-31;Operacões compromissadas lastreadas em títulos públicos federais;0.00
FI;42.315.695/0001-40;;INTER ACESS ABSOLUTE VERTEX FC DE FUNDO DE INVESTIMENTO FINANCEIRO MULTIMERCADO;2025-08-31;Cotas de Fundos de Investimento 555;97.39
FI;42.315.695/0001-40;;INTER ACESS ABSOLUTE VERTEX FC DE FUNDO DE INVESTIMENTO FINANCEIRO MULTIMERCADO;2025-08-31;Operações Compromissadas Lastreadas em Títulos Públicos Federais;2.73
CLASSES - FIF;42.449.117/0001-05;;ARX INCOME ÁGORA FIF - CLASSE DE INVESTIMENTO EM COTAS AÇÕES - RESP LIMITADA;2025-08-31;Cotas de fundos de investimento 409;99.70
CLASSES - FIF;42.449.117/0001-05;;ARX INCOME ÁGORA FIF - CLASSE DE INVESTIMENTO EM COTAS AÇÕES - RESP LIMITADA;2025-08-31;Operações compromissadas lastreadas em títulos públicos federais;0.13
CLASSES - FIF;42.449.117/0001-05;;ARX INCOME ÁGORA FIF - CLASSE DE INVESTIMENTO EM COTAS AÇÕES - RESP LIMITADA;2025-08-31;Títulos públicos federais;0.33
CLASSES - FIF;42.449.133/0001-90;;SPX FALCON ÁGORA FIF - CLASSE DE INVESTIMENTO EM COTAS DE AÇÕES - RESP LIMITADA;2025-08-31;Cotas de fundos de investimento 409;99.45
CLASSES - FIF;42.449.133/0001-90;;SPX FALCON ÁGORA FIF - CLASSE DE INVESTIMENTO EM COTAS DE AÇÕES - RESP LIMITADA;2025-08-31;Operações compromissadas lastreadas em títulos públicos federais;0.15
CLASSES - FIF;42.449.133/0001-90;;SPX FALCON ÁGORA FIF - CLASSE DE INVESTIMENTO EM COTAS DE AÇÕES - RESP LIMITADA;2025-08-31;Títulos públicos federais;0.38
CLASSES - FIF;42.449.146/0001-69;;CONEXÃO ASA HEDGE FIF - CLASSE DE INVESTIMENTO EM COTAS MULTIMERCADO - RESP LIMITADA;2025-08-31;Cotas de fundos de investimento 409;99.24
CLASSES - FIF;42.449.146/0001-69;;CONEXÃO ASA HEDGE FIF - CLASSE DE INVESTIMENTO EM COTAS MULTIMERCADO - RESP LIMITADA;2025-08-31;Operações compromissadas lastreadas em títulos públicos federais;0.20
CLASSES - FIF;42.449.146/0001-69;;CONEXÃO ASA HEDGE FIF - CLASSE DE INVESTIMENTO EM COTAS MULTIMERCADO - RESP LIMITADA;2025-08-31;Títulos públicos federais;0.52
CLASSES - FIF;42.468.330/0001-56;;BRADESCO BJ 157 FI FINANCEIRO - CIC EM AÇÕES - RESP LIMITADA;2025-08-31;Ações;67.96
CLASSES - FIF;42.468.330/0001-56;;BRADESCO BJ 157 FI FINANCEIRO - CIC EM AÇÕES - RESP LIMITADA;2025-08-31;Cotas de fundos de investimento 409;30.94
CLASSES - FIF;42.468.330/0001-56;;BRADESCO BJ 157 FI FINANCEIRO - CIC EM AÇÕES - RESP LIMITADA;2025-08-31;Derivativos;0.70
CLASSES - FIF;42.468.330/0001-56;;BRADESCO BJ 157 FI FINANCEIRO - CIC EM AÇÕES - RESP LIMITADA;2025-08-31;Operações compromissadas lastreadas em títulos públicos federais;0.30
CLASSES - FIF;42.469.023/0001-90;;BRADESCO H FIF - CLASSE DE INVESTIMENTO AÇÕES IBOVESPA - RESP LIMITADA;2025-08-31;Ações;97.76
CLASSES - FIF;42.469.023/0001-90;;BRADESCO H FIF - CLASSE DE INVESTIMENTO AÇÕES IBOVESPA - RESP LIMITADA;2025-08-31;Derivativos;1.85
CLASSES - FIF;42.469.023/0001-90;;BRADESCO H FIF - CLASSE DE INVESTIMENTO AÇÕES IBOVESPA - RESP LIMITADA;2025-08-31;Operações compromissadas lastreadas em títulos públicos federais;0.71
CLASSES - FIF;42.494.301/0001-69;;CONEXÃO CLAVE ALPHA MACRO FIF - CIC MULTIMERCADO - RESPONSABILIDADE LIMITADA;2025-08-31;Cotas de fundos de investimento 409;99.56
CLASSES - FIF;42.494.301/0001-69;;CONEXÃO CLAVE ALPHA MACRO FIF - CIC MULTIMERCADO - RESPONSABILIDADE LIMITADA;2025-08-31;Operações compromissadas lastreadas em títulos públicos federais;0.14
CLASSES - FIF;42.494.301/0001-69;;CONEXÃO CLAVE ALPHA MACRO FIF - CIC MULTIMERCADO - RESPONSABILIDADE LIMITADA;2025-08-31;Títulos públicos federais;0.34
CLASSES - FIF;42.494.899/0001-96;;MAG SELECTION FUNDO DE INVESTIMENTO FINANCEIRO CLASSE DE INVESTIMENTO EM AÇÕES  RESP LIMITADA;2025-08-31;Ações;96.47
CLASSES - FIF;42.494.899/0001-96;;MAG SELECTION FUNDO DE INVESTIMENTO FINANCEIRO CLASSE DE INVESTIMENTO EM AÇÕES  RESP LIMITADA;2025-08-31;Cotas de fundos de investimento 409;1.34
CLASSES - FIF;42.494.899/0001-96;;MAG SELECTION FUNDO DE INVESTIMENTO FINANCEIRO CLASSE DE INVESTIMENTO EM AÇÕES  RESP LIMITADA;2025-08-31;Derivativos;-7.39
CLASSES - FIF;42.494.899/0001-96;;MAG SELECTION FUNDO DE INVESTIMENTO FINANCEIRO CLASSE DE INVESTIMENTO EM AÇÕES  RESP LIMITADA;2025-08-31;Operações compromissadas lastreadas em títulos públicos federais;0.80
CLASSES - FIF;42.562.449/0001-93;;PTR III FUNDO DE INVESTIMENTO MULTIMERCADO CRÉDITO PRIVADO;2025-08-31;Acões;0.00
CLASSES - FIF;42.562.449/0001-93;;PTR III FUNDO DE INVESTIMENTO MULTIMERCADO CRÉDITO PRIVADO;2025-08-31;Cotas de Fundos de Investimento 555;99.17
CLASSES - FIF;42.562.449/0001-93;;PTR III FUNDO DE INVESTIMENTO MULTIMERCADO CRÉDITO PRIVADO;2025-08-31;Depósito a prazo e outros títulos de instituições financeiras;0.02
CLASSES - FIF;42.562.449/0001-93;;PTR III FUNDO DE INVESTIMENTO MULTIMERCADO CRÉDITO PRIVADO;2025-08-31;Operacões compromissadas lastreadas em títulos privados;0.00
CLASSES - FIF;42.562.449/0001-93;;PTR III FUNDO DE INVESTIMENTO MULTIMERCADO CRÉDITO PRIVADO;2025-08-31;Títulos Públicos federais;0.81
FI;42.656.644/0001-82;;IA CARTEIRA CRÉDITO FC DE FUNDO DE INVESTIMENTO FINANCEIRO MULT CRÉD PRIV RESPONSABILIDADE LIMITADA;2025-08-31;Cotas de Fundos de Investimento 555;94.89
FI;42.656.644/0001-82;;IA CARTEIRA CRÉDITO FC DE FUNDO DE INVESTIMENTO FINANCEIRO MULT CRÉD PRIV RESPONSABILIDADE LIMITADA;2025-08-31;Operações Compromissadas Lastreadas em Títulos Públicos Federais;2.62
FI;42.656.644/0001-82;;IA CARTEIRA CRÉDITO FC DE FUNDO DE INVESTIMENTO FINANCEIRO MULT CRÉD PRIV RESPONSABILIDADE LIMITADA;2025-08-31;Outras Cotas de Fundos de Investimento;2.20
FI;42.691.990/0001-00;;INTER DIVIDENDOS FUNDO DE INVESTIMENTO FINANCEIRO EM AÇÕES RESPONSABILIDADE LIMITADA;2025-08-31;Ações;91.74
FI;42.691.990/0001-00;;INTER DIVIDENDOS FUNDO DE INVESTIMENTO FINANCEIRO EM AÇÕES RESPONSABILIDADE LIMITADA;2025-08-31;Operações Compromissadas Lastreadas em Títulos Públicos Federais;5.39
CLASSES - FIF;42.692.128/0001-03;;IA CARTEIRA AÇÕES FUNDO DE INVESTIMENTO EM AÇÕES BDR NÍVEL 1 RESPONSABILIDADE LIMITADA;2025-08-31;Cotas de Fundos de Investimento 555;91.65
CLASSES - FIF;42.692.128/0001-03;;IA CARTEIRA AÇÕES FUNDO DE INVESTIMENTO EM AÇÕES BDR NÍVEL 1 RESPONSABILIDADE LIMITADA;2025-08-31;Operações Compromissadas Lastreadas em Títulos Públicos Federais;2.83
FI;42.754.444/0001-62;;ISTAMBUL FUNDO DE INVESTIMENTO MULTIMERCADO LONGO PRAZO INVESTIMENTO NO EXTERIOR;2025-08-31;Acões;0.00
FI;42.754.444/0001-62;;ISTAMBUL FUNDO DE INVESTIMENTO MULTIMERCADO LONGO PRAZO INVESTIMENTO NO EXTERIOR;2025-08-31;Cotas de Fundos de Investimento 555;100.26
FI;42.754.444/0001-62;;ISTAMBUL FUNDO DE INVESTIMENTO MULTIMERCADO LONGO PRAZO INVESTIMENTO NO EXTERIOR;2025-08-31;Operacões compromissadas lastreadas em títulos privados;0.00
FI;42.754.444/0001-62;;ISTAMBUL FUNDO DE INVESTIMENTO MULTIMERCADO LONGO PRAZO INVESTIMENTO NO EXTERIOR;2025-08-31;Operacões compromissadas lastreadas em títulos públicos federais;0.00
FI;42.754.444/0001-62;;ISTAMBUL FUNDO DE INVESTIMENTO MULTIMERCADO LONGO PRAZO INVESTIMENTO NO EXTERIOR;2025-08-31;Títulos Públicos federais;0.00
CLASSES - FIF;42.814.516/0001-10;;BRADESCO GLOBAL SOLUTION  MULTICLASSES BRL FIF - CIC MULTIMERCADO - RESPONSABILIDADE LIMITADA;2025-08-31;Cotas de fundos de investimento 409;99.03
CLASSES - FIF;42.814.516/0001-10;;BRADESCO GLOBAL SOLUTION  MULTICLASSES BRL FIF - CIC MULTIMERCADO - RESPONSABILIDADE LIMITADA;2025-08-31;Operações compromissadas lastreadas em títulos públicos federais;0.85
CLASSES - FIF;42.814.516/0001-10;;BRADESCO GLOBAL SOLUTION  MULTICLASSES BRL FIF - CIC MULTIMERCADO - RESPONSABILIDADE LIMITADA;2025-08-31;Títulos públicos federais;1.82
CLASSES - FIF;42.831.345/0001-37;;N V FC - CIC EM AÇÕES - RESP LIMITADA;2025-08-31;Ações;94.56
CLASSES - FIF;42.831.345/0001-37;;N V FC - CIC EM AÇÕES - RESP LIMITADA;2025-08-31;Derivativos;4.19
CLASSES - FIF;42.831.345/0001-37;;N V FC - CIC EM AÇÕES - RESP LIMITADA;2025-08-31;Operações compromissadas lastreadas em títulos públicos federais;6.38
CLASSES - FIF;42.865.719/0001-35;;SULAMÉRICA CRÉDITO INFLAÇÃO FIF - CLASSE DE INVESTIMENTO RF CRED PRIV LP - RESP LIMITADA;2025-08-31;Depósitos a prazo e outros títulos de instituições financeiras;45.74
CLASSES - FIF;42.865.719/0001-35;;SULAMÉRICA CRÉDITO INFLAÇÃO FIF - CLASSE DE INVESTIMENTO RF CRED PRIV LP - RESP LIMITADA;2025-08-31;Derivativos;47.00
CLASSES - FIF;42.865.719/0001-35;;SULAMÉRICA CRÉDITO INFLAÇÃO FIF - CLASSE DE INVESTIMENTO RF CRED PRIV LP - RESP LIMITADA;2025-08-31;Operações compromissadas lastreadas em títulos públicos federais;12.16
CLASSES - FIF;42.865.719/0001-35;;SULAMÉRICA CRÉDITO INFLAÇÃO FIF - CLASSE DE INVESTIMENTO RF CRED PRIV LP - RESP LIMITADA;2025-08-31;Títulos de crédito privado;24.93
CLASSES - FIF;42.865.719/0001-35;;SULAMÉRICA CRÉDITO INFLAÇÃO FIF - CLASSE DE INVESTIMENTO RF CRED PRIV LP - RESP LIMITADA;2025-08-31;Títulos públicos federais;16.79
CLASSES - FIF;42.867.896/0001-50;;CLAVE TOTAL RETURN  ÁGORA FIF - CIC MULTIMERCADO - RESPONSABILIDADE LIMITADA;2025-08-31;Cotas de fundos de investimento 409;98.42
CLASSES - FIF;42.867.896/0001-50;;CLAVE TOTAL RETURN  ÁGORA FIF - CIC MULTIMERCADO - RESPONSABILIDADE LIMITADA;2025-08-31;Operações compromissadas lastreadas em títulos públicos federais;0.35
CLASSES - FIF;42.867.896/0001-50;;CLAVE TOTAL RETURN  ÁGORA FIF - CIC MULTIMERCADO - RESPONSABILIDADE LIMITADA;2025-08-31;Títulos públicos federais;0.87
CLASSES - FIF;42.878.556/0001-25;;BRAM JUROS MOEDAS FI FINANCEIRO - CI MULT - RESP LIMITADA;2025-08-31;Derivativos;101.99
CLASSES - FIF;42.878.556/0001-25;;BRAM JUROS MOEDAS FI FINANCEIRO - CI MULT - RESP LIMITADA;2025-08-31;Operações compromissadas lastreadas em títulos públicos federais;27.29
CLASSES - FIF;42.878.556/0001-25;;BRAM JUROS MOEDAS FI FINANCEIRO - CI MULT - RESP LIMITADA;2025-08-31;Títulos públicos federais;72.80
CLASSES - FIF;42.878.589/0001-75;;BRADESCO DANÚBIO JUROS E MOEDAS FI FINANCEIRO - CIC MULT - RESP LIMITADA;2025-08-31;Derivativos;102.07
CLASSES - FIF;42.878.589/0001-75;;BRADESCO DANÚBIO JUROS E MOEDAS FI FINANCEIRO - CIC MULT - RESP LIMITADA;2025-08-31;Operações compromissadas lastreadas em títulos públicos federais;27.31
CLASSES - FIF;42.878.589/0001-75;;BRADESCO DANÚBIO JUROS E MOEDAS FI FINANCEIRO - CIC MULT - RESP LIMITADA;2025-08-31;Títulos públicos federais;72.85
CLASSES - FIF;42.878.636/0001-80;;FEEDER LEGACY CAPITAL FIF - CLASSE DE INVESTIMENTO EM COTAS MULTIMERCADO - RESP LIMITADA;2025-08-31;Cotas de fundos de investimento 409;99.25
CLASSES - FIF;42.878.636/0001-80;;FEEDER LEGACY CAPITAL FIF - CLASSE DE INVESTIMENTO EM COTAS MULTIMERCADO - RESP LIMITADA;2025-08-31;Operações compromissadas lastreadas em títulos públicos federais;0.27
CLASSES - FIF;42.878.636/0001-80;;FEEDER LEGACY CAPITAL FIF - CLASSE DE INVESTIMENTO EM COTAS MULTIMERCADO - RESP LIMITADA;2025-08-31;Títulos públicos federais;0.68
CLASSES - FIF;42.888.378/0001-13;;VIC V SPECIAL SITUATIONS FUNDO DE INVESTIMENTO FINANCEIRO;2025-08-31;Cotas de Fundos de Investimento 409;34.34
CLASSES - FIF;42.888.378/0001-13;;VIC V SPECIAL SITUATIONS FUNDO DE INVESTIMENTO FINANCEIRO;2025-08-31;Outras Aplicações;0.01
CLASSES - FIF;42.888.378/0001-13;;VIC V SPECIAL SITUATIONS FUNDO DE INVESTIMENTO FINANCEIRO;2025-08-31;Outras Cotas de Fundos de Investimento;65.66
CLASSES - FIF;42.921.764/0001-60;;UBS EVOLUTION MACRO STRATEGIES FUNDO DE INVESTIMENTO EM COTAS DE FIF MULTIMERCADO - RESP LIMITADA;2025-08-31;Outras Cotas de Fundos de Investimento;99.99
CLASSES - FIF;42.921.764/0001-60;;UBS EVOLUTION MACRO STRATEGIES FUNDO DE INVESTIMENTO EM COTAS DE FIF MULTIMERCADO - RESP LIMITADA;2025-08-31;Outros;0.00
CLASSES - FIF;42.921.777/0001-39;;UBS EVOLUTION MACRO STRATEGIES MASTER FUNDO DE INVESTIMENTO FINANCEIRO MULTIMERCADO - RESP LIMITADA;2025-08-31;Compromissadas lastreadas em T¿los P¿blicos;8.12
CLASSES - FIF;42.921.777/0001-39;;UBS EVOLUTION MACRO STRATEGIES MASTER FUNDO DE INVESTIMENTO FINANCEIRO MULTIMERCADO - RESP LIMITADA;2025-08-31;Investimento no Exterior;6.31
CLASSES - FIF;42.921.777/0001-39;;UBS EVOLUTION MACRO STRATEGIES MASTER FUNDO DE INVESTIMENTO FINANCEIRO MULTIMERCADO - RESP LIMITADA;2025-08-31;Outras Cotas de Fundos de Investimento;8.55
CLASSES - FIF;42.921.777/0001-39;;UBS EVOLUTION MACRO STRATEGIES MASTER FUNDO DE INVESTIMENTO FINANCEIRO MULTIMERCADO - RESP LIMITADA;2025-08-31;T¿los de Cr¿to Privado;13.54
CLASSES - FIF;42.921.777/0001-39;;UBS EVOLUTION MACRO STRATEGIES MASTER FUNDO DE INVESTIMENTO FINANCEIRO MULTIMERCADO - RESP LIMITADA;2025-08-31;T¿los P¿blicos Federais;67.35
CLASSES - FIF;42.922.247/0001-05;;META 11 SMALL CAP FUNDO DE INVESTIMENTO FINANCEIRO AÇÕES RESPONSABILIDADE LIMITADA;2025-08-31;Ações;95.23
CLASSES - FIF;42.922.247/0001-05;;META 11 SMALL CAP FUNDO DE INVESTIMENTO FINANCEIRO AÇÕES RESPONSABILIDADE LIMITADA;2025-08-31;Cotas de Fundos de Investimento 409;2.14
CLASSES - FIF;42.922.247/0001-05;;META 11 SMALL CAP FUNDO DE INVESTIMENTO FINANCEIRO AÇÕES RESPONSABILIDADE LIMITADA;2025-08-31;Outras Aplicações;2.89
CLASSES - FIF;43.041.275/0001-86;;JCBS FUNDO DE INVESTIMENTO DE AÇÕES  RESPONSABILIDADE  LIMITADA;2025-08-31;Ações;99.46
CLASSES - FIF;43.041.275/0001-86;;JCBS FUNDO DE INVESTIMENTO DE AÇÕES  RESPONSABILIDADE  LIMITADA;2025-08-31;Operações compromissadas lastreadas em títulospúblicos federais;2.08
CLASSES - FIF;43.041.275/0001-86;;JCBS FUNDO DE INVESTIMENTO DE AÇÕES  RESPONSABILIDADE  LIMITADA;2025-08-31;Outras aplicações;-3.24
CLASSES - FIF;43.041.275/0001-86;;JCBS FUNDO DE INVESTIMENTO DE AÇÕES  RESPONSABILIDADE  LIMITADA;2025-08-31;Títulos públicos federais;1.69
CLASSES - FIF;43.102.322/0001-54;;RJI CASH FUNDO DE INVESTIMENTO EM RENDA FIXA SIMPLES;2025-08-31;Acões;0.00
CLASSES - FIF;43.102.322/0001-54;;RJI CASH FUNDO DE INVESTIMENTO EM RENDA FIXA SIMPLES;2025-08-31;Depósito a prazo e outros títulos de instituições financeiras;0.12
CLASSES - FIF;43.102.322/0001-54;;RJI CASH FUNDO DE INVESTIMENTO EM RENDA FIXA SIMPLES;2025-08-31;Operacões compromissadas lastreadas em títulos privados;0.00
CLASSES - FIF;43.102.322/0001-54;;RJI CASH FUNDO DE INVESTIMENTO EM RENDA FIXA SIMPLES;2025-08-31;Operacões compromissadas lastreadas em títulos públicos federais;99.88
CLASSES - FIF;43.102.322/0001-54;;RJI CASH FUNDO DE INVESTIMENTO EM RENDA FIXA SIMPLES;2025-08-31;Títulos Públicos federais;0.00
CLASSES - FIF;43.450.518/0001-30;;AMW VÊNUS MASTER CRÉDITO FUNDO DE INVESTIMENTO FINANCEIRO MULTIMERCADO;2025-08-31;Cotas de Fundos de Investimento 409;10.99
CLASSES - FIF;43.450.518/0001-30;;AMW VÊNUS MASTER CRÉDITO FUNDO DE INVESTIMENTO FINANCEIRO MULTIMERCADO;2025-08-31;Depósitos a Prazo e Outros Títulos de Instituições Financeiras;50.01
CLASSES - FIF;43.450.518/0001-30;;AMW VÊNUS MASTER CRÉDITO FUNDO DE INVESTIMENTO FINANCEIRO MULTIMERCADO;2025-08-31;Operações Compromissadas Lastreadas em Títulos Públicos Federais;9.18
CLASSES - FIF;43.450.518/0001-30;;AMW VÊNUS MASTER CRÉDITO FUNDO DE INVESTIMENTO FINANCEIRO MULTIMERCADO;2025-08-31;Outras Cotas de Fundos de Investimento;8.62
CLASSES - FIF;43.450.518/0001-30;;AMW VÊNUS MASTER CRÉDITO FUNDO DE INVESTIMENTO FINANCEIRO MULTIMERCADO;2025-08-31;Títulos de Crédito Privado;17.61
FI;43.876.172/0001-36;;IA CARTEIRA JUROS FC DE FUNDO DE INVESTIMENTO FINANCEIRO MULT CRÉD PRIV RESPONSABILIDADE LIMITADA;2025-08-31;Cotas de Fundos de Investimento 555;96.93
FI;43.876.172/0001-36;;IA CARTEIRA JUROS FC DE FUNDO DE INVESTIMENTO FINANCEIRO MULT CRÉD PRIV RESPONSABILIDADE LIMITADA;2025-08-31;Operações Compromissadas Lastreadas em Títulos Públicos Federais;3.14
FI;43.876.638/0001-01;;IA CARTEIRA MULT FC DE FUNDO DE INVESTIMENTO FINANCEIRO MULT CRÉD PRIV RESPONSABILIDADE LIMITADA;2025-08-31;Cotas de Fundos de Investimento 555;93.03
FI;43.876.638/0001-01;;IA CARTEIRA MULT FC DE FUNDO DE INVESTIMENTO FINANCEIRO MULT CRÉD PRIV RESPONSABILIDADE LIMITADA;2025-08-31;Operações Compromissadas Lastreadas em Títulos Públicos Federais;3.68
FI;43.876.638/0001-01;;IA CARTEIRA MULT FC DE FUNDO DE INVESTIMENTO FINANCEIRO MULT CRÉD PRIV RESPONSABILIDADE LIMITADA;2025-08-31;Outras Cotas de Fundos de Investimento;3.40
CLASSES - FIF;44.028.254/0001-93;;FUTURA CASH FUNDO DE INVESTIMENTO DE RENDA FIXA RESPONSABILIDADE LIMITADA;2025-08-31;Operações compromissadas lastreadas em títulospúblicos federais;5.04
CLASSES - FIF;44.028.254/0001-93;;FUTURA CASH FUNDO DE INVESTIMENTO DE RENDA FIXA RESPONSABILIDADE LIMITADA;2025-08-31;Outras aplicações;-0.45
CLASSES - FIF;44.028.254/0001-93;;FUTURA CASH FUNDO DE INVESTIMENTO DE RENDA FIXA RESPONSABILIDADE LIMITADA;2025-08-31;Títulos públicos federais;95.41
CLASSES - FIF;44.062.725/0001-80;;IBIUNA  HEDGE STJB FIF  CLASSE DE INVESTIMENTO  EM COTAS MULTIMERCADO RESPONSABILIDADE LIMITADA;2025-08-31;Cotas de fundos de investimento 409;6.64
CLASSES - FIF;44.062.725/0001-80;;IBIUNA  HEDGE STJB FIF  CLASSE DE INVESTIMENTO  EM COTAS MULTIMERCADO RESPONSABILIDADE LIMITADA;2025-08-31;Derivativos;1310.17
CLASSES - FIF;44.062.725/0001-80;;IBIUNA  HEDGE STJB FIF  CLASSE DE INVESTIMENTO  EM COTAS MULTIMERCADO RESPONSABILIDADE LIMITADA;2025-08-31;Investimento no exterior;18.13
CLASSES - FIF;44.062.725/0001-80;;IBIUNA  HEDGE STJB FIF  CLASSE DE INVESTIMENTO  EM COTAS MULTIMERCADO RESPONSABILIDADE LIMITADA;2025-08-31;Operações compromissadas lastreadas em títulos públicos federais;102.92
CLASSES - FIF;44.062.725/0001-80;;IBIUNA  HEDGE STJB FIF  CLASSE DE INVESTIMENTO  EM COTAS MULTIMERCADO RESPONSABILIDADE LIMITADA;2025-08-31;Títulos públicos federais;99.80
CLASSES - FIF;44.101.546/0001-04;;DIRECT IBIUNA STH FUNDO DE INVESTIMENTO FINANCEIRO;2025-08-31;Cotas de fundos de investimento 409;99.41
CLASSES - FIF;44.101.546/0001-04;;DIRECT IBIUNA STH FUNDO DE INVESTIMENTO FINANCEIRO;2025-08-31;Operações compromissadas lastreadas em títulos públicos federais;0.20
CLASSES - FIF;44.101.546/0001-04;;DIRECT IBIUNA STH FUNDO DE INVESTIMENTO FINANCEIRO;2025-08-31;Títulos públicos federais;0.50
FI;44.104.852/0001-02;;INTER INFLAÇÃO CURTA FUNDO DE INVESTIMENTO FINANCEIRO RENDA FIXA RESPONSABILIDADE LIMITADA;2025-08-31;Operações Compromissadas Lastreadas em Títulos Públicos Federais;0.63
FI;44.104.852/0001-02;;INTER INFLAÇÃO CURTA FUNDO DE INVESTIMENTO FINANCEIRO RENDA FIXA RESPONSABILIDADE LIMITADA;2025-08-31;Títulos Públicos Federais;99.45
CLASSES - FIF;44.211.851/0001-59;;MAG FIF - CLASSE DE INVESTIMENTO RF  REFERENCIADA DI PREMIUM CRÉDITO PRIVADO - RESP  LIMITADA;2025-08-31;Depósitos a prazo e outros títulos de instituições financeiras;73.23
CLASSES - FIF;44.211.851/0001-59;;MAG FIF - CLASSE DE INVESTIMENTO RF  REFERENCIADA DI PREMIUM CRÉDITO PRIVADO - RESP  LIMITADA;2025-08-31;Operações compromissadas lastreadas em títulos públicos federais;25.50
CLASSES - FIF;44.211.851/0001-59;;MAG FIF - CLASSE DE INVESTIMENTO RF  REFERENCIADA DI PREMIUM CRÉDITO PRIVADO - RESP  LIMITADA;2025-08-31;Títulos públicos federais;1.31
CLASSES - FIF;44.211.924/0001-02;;BRADESCO EXPLORER PE FIF - CIC RF REFERENCIADO DI - RESP LIMITADA;2025-08-31;Operações compromissadas lastreadas em títulos públicos federais;31.20
CLASSES - FIF;44.211.924/0001-02;;BRADESCO EXPLORER PE FIF - CIC RF REFERENCIADO DI - RESP LIMITADA;2025-08-31;Títulos públicos federais;68.79
CLASSES - FIF;44.212.301/0001-54;;ICATU VANGUARDA IPORÃ PG INFLAÇÃO FIF CLASSE DE INVESTIMENTO MULTIMERCADO CRÉD PRIV RESP LIMITADA;2025-08-31;Depósitos a prazo e outros títulos de instituições financeiras;17.32
CLASSES - FIF;44.212.301/0001-54;;ICATU VANGUARDA IPORÃ PG INFLAÇÃO FIF CLASSE DE INVESTIMENTO MULTIMERCADO CRÉD PRIV RESP LIMITADA;2025-08-31;Derivativos;61.45
CLASSES - FIF;44.212.301/0001-54;;ICATU VANGUARDA IPORÃ PG INFLAÇÃO FIF CLASSE DE INVESTIMENTO MULTIMERCADO CRÉD PRIV RESP LIMITADA;2025-08-31;Operações compromissadas lastreadas em títulos públicos federais;11.08
CLASSES - FIF;44.212.301/0001-54;;ICATU VANGUARDA IPORÃ PG INFLAÇÃO FIF CLASSE DE INVESTIMENTO MULTIMERCADO CRÉD PRIV RESP LIMITADA;2025-08-31;Títulos de crédito privado;47.02
CLASSES - FIF;44.212.301/0001-54;;ICATU VANGUARDA IPORÃ PG INFLAÇÃO FIF CLASSE DE INVESTIMENTO MULTIMERCADO CRÉD PRIV RESP LIMITADA;2025-08-31;Títulos públicos federais;20.56
CLASSES - FIF;44.212.606/0001-66;;ICATU VANGUARDA DATA ALVO 2060 FIF CIC MULTIMERCADO CRÉDITO PRIVADO - RESPONSABILIDADE LIMITADA;2025-08-31;Ações;49.63
CLASSES - FIF;44.212.606/0001-66;;ICATU VANGUARDA DATA ALVO 2060 FIF CIC MULTIMERCADO CRÉDITO PRIVADO - RESPONSABILIDADE LIMITADA;2025-08-31;Cotas de fundos de investimento 409;7.35
CLASSES - FIF;44.212.606/0001-66;;ICATU VANGUARDA DATA ALVO 2060 FIF CIC MULTIMERCADO CRÉDITO PRIVADO - RESPONSABILIDADE LIMITADA;2025-08-31;Derivativos;5.88
CLASSES - FIF;44.212.606/0001-66;;ICATU VANGUARDA DATA ALVO 2060 FIF CIC MULTIMERCADO CRÉDITO PRIVADO - RESPONSABILIDADE LIMITADA;2025-08-31;Investimento no exterior;9.25
CLASSES - FIF;44.212.606/0001-66;;ICATU VANGUARDA DATA ALVO 2060 FIF CIC MULTIMERCADO CRÉDITO PRIVADO - RESPONSABILIDADE LIMITADA;2025-08-31;Títulos públicos federais;23.95
CLASSES - FIF;44.273.702/0001-14;;BRAM JUROS GLOBAIS FI FINANCEIRO - CI MULT - RESP LIMITADA;2025-08-31;Derivativos;-79.48
CLASSES - FIF;44.273.702/0001-14;;BRAM JUROS GLOBAIS FI FINANCEIRO - CI MULT - RESP LIMITADA;2025-08-31;Investimento no exterior;29.25
CLASSES - FIF;44.273.702/0001-14;;BRAM JUROS GLOBAIS FI FINANCEIRO - CI MULT - RESP LIMITADA;2025-08-31;Operações compromissadas lastreadas em títulos públicos federais;25.75
CLASSES - FIF;44.273.702/0001-14;;BRAM JUROS GLOBAIS FI FINANCEIRO - CI MULT - RESP LIMITADA;2025-08-31;Títulos públicos federais;44.94
CLASSES - FIF;44.273.736/0001-09;;BRAM DÓLAR II FIF - CLASSE DE INVESTIMENTO CAMBIAL - RESP LIMITADA;2025-08-31;Derivativos;99.80
CLASSES - FIF;44.273.736/0001-09;;BRAM DÓLAR II FIF - CLASSE DE INVESTIMENTO CAMBIAL - RESP LIMITADA;2025-08-31;Operações compromissadas lastreadas em títulos públicos federais;10.94
CLASSES - FIF;44.273.736/0001-09;;BRAM DÓLAR II FIF - CLASSE DE INVESTIMENTO CAMBIAL - RESP LIMITADA;2025-08-31;Títulos públicos federais;89.23
CLASSES - FIF;44.273.776/0001-50;;BRADESCO IDKA IPCA 2 FI FINANCEIRO - CIC RF - RESP LIMITADA;2025-08-31;Derivativos;0.00
CLASSES - FIF;44.273.776/0001-50;;BRADESCO IDKA IPCA 2 FI FINANCEIRO - CIC RF - RESP LIMITADA;2025-08-31;Operações compromissadas lastreadas em títulos públicos federais;0.12
CLASSES - FIF;44.273.776/0001-50;;BRADESCO IDKA IPCA 2 FI FINANCEIRO - CIC RF - RESP LIMITADA;2025-08-31;Títulos públicos federais;99.77
CLASSES - FIF;44.273.805/0001-84;;BRAM ALOCAÇÃO SISTEMÁTICA PRÊMIO DE RISCO ALTERNATIVO FI FINANCEIRO - CI MULT - RESP LIMITADA;2025-08-31;Derivativos;-6.19
CLASSES - FIF;44.273.805/0001-84;;BRAM ALOCAÇÃO SISTEMÁTICA PRÊMIO DE RISCO ALTERNATIVO FI FINANCEIRO - CI MULT - RESP LIMITADA;2025-08-31;Investimento no exterior;6.19
CLASSES - FIF;44.273.805/0001-84;;BRAM ALOCAÇÃO SISTEMÁTICA PRÊMIO DE RISCO ALTERNATIVO FI FINANCEIRO - CI MULT - RESP LIMITADA;2025-08-31;Operações compromissadas lastreadas em títulos públicos federais;25.72
CLASSES - FIF;44.273.805/0001-84;;BRAM ALOCAÇÃO SISTEMÁTICA PRÊMIO DE RISCO ALTERNATIVO FI FINANCEIRO - CI MULT - RESP LIMITADA;2025-08-31;Títulos públicos federais;68.09
CLASSES - FIF;44.273.958/0001-21;;BRAM ALOCAÇÃO SISTEMÁTICA EQUITIES GLOBAIS FI FINANCEIRO - CIA - RESP LIMITADA;2025-08-31;Cotas de fundos de investimento 409;76.35
CLASSES - FIF;44.273.958/0001-21;;BRAM ALOCAÇÃO SISTEMÁTICA EQUITIES GLOBAIS FI FINANCEIRO - CIA - RESP LIMITADA;2025-08-31;Derivativos;-30.32
CLASSES - FIF;44.273.958/0001-21;;BRAM ALOCAÇÃO SISTEMÁTICA EQUITIES GLOBAIS FI FINANCEIRO - CIA - RESP LIMITADA;2025-08-31;Operações compromissadas lastreadas em títulos públicos federais;1.95
CLASSES - FIF;44.273.958/0001-21;;BRAM ALOCAÇÃO SISTEMÁTICA EQUITIES GLOBAIS FI FINANCEIRO - CIA - RESP LIMITADA;2025-08-31;Títulos públicos federais;22.07
CLASSES - FIF;44.274.006/0001-22;;BRADESCO MASTER PORTFOLIO DE RISCO SISTEMÁTICO FI FINANCEIRO - CIC MULT - RESP LIMITADA;2025-08-31;Ações;0.36
CLASSES - FIF;44.274.006/0001-22;;BRADESCO MASTER PORTFOLIO DE RISCO SISTEMÁTICO FI FINANCEIRO - CIC MULT - RESP LIMITADA;2025-08-31;Cotas de fundos de investimento 409;16.02
CLASSES - FIF;44.274.006/0001-22;;BRADESCO MASTER PORTFOLIO DE RISCO SISTEMÁTICO FI FINANCEIRO - CIC MULT - RESP LIMITADA;2025-08-31;Investimento no exterior;6.76
CLASSES - FIF;44.274.006/0001-22;;BRADESCO MASTER PORTFOLIO DE RISCO SISTEMÁTICO FI FINANCEIRO - CIC MULT - RESP LIMITADA;2025-08-31;Operações compromissadas lastreadas em títulos públicos federais;17.32
CLASSES - FIF;44.274.006/0001-22;;BRADESCO MASTER PORTFOLIO DE RISCO SISTEMÁTICO FI FINANCEIRO - CIC MULT - RESP LIMITADA;2025-08-31;Títulos públicos federais;59.91
CLASSES - FIF;44.283.966/0001-59;;WARREN FO TÁTICO RF1 FUNDO DE INVESTIMENTO MULTIMERCADO CRÉDITO PRIVADO;2025-08-31;Depósitos a Prazo e Outros Títulos de Instituições Financeiras;38.64
CLASSES - FIF;44.283.966/0001-59;;WARREN FO TÁTICO RF1 FUNDO DE INVESTIMENTO MULTIMERCADO CRÉDITO PRIVADO;2025-08-31;Derivativos;10.44
CLASSES - FIF;44.283.966/0001-59;;WARREN FO TÁTICO RF1 FUNDO DE INVESTIMENTO MULTIMERCADO CRÉDITO PRIVADO;2025-08-31;Operações Compromissadas Lastreadas em Títulos Públicos Federais;5.49
CLASSES - FIF;44.283.966/0001-59;;WARREN FO TÁTICO RF1 FUNDO DE INVESTIMENTO MULTIMERCADO CRÉDITO PRIVADO;2025-08-31;Títulos de Crédito Privado;9.03
CLASSES - FIF;44.283.966/0001-59;;WARREN FO TÁTICO RF1 FUNDO DE INVESTIMENTO MULTIMERCADO CRÉDITO PRIVADO;2025-08-31;Títulos Públicos Federais;25.13
CLASSES - FIF;44.302.238/0001-47;;BRADESCO CARTEIRA ARROJADA FIF - CIC DE CI MULT - RESP LIMITADA;2025-08-31;Cotas de fundos de investimento 409;34.95
CLASSES - FIF;44.302.238/0001-47;;BRADESCO CARTEIRA ARROJADA FIF - CIC DE CI MULT - RESP LIMITADA;2025-08-31;Operações compromissadas lastreadas em títulos públicos federais;19.99
CLASSES - FIF;44.302.238/0001-47;;BRADESCO CARTEIRA ARROJADA FIF - CIC DE CI MULT - RESP LIMITADA;2025-08-31;Títulos públicos federais;43.16
CLASSES - FIF;44.302.264/0001-75;;BRADESCO CARTEIRA DINÂMICA FI FINANCEIRO - CIC DE CI MULT - RESP LIMITADA;2025-08-31;Cotas de fundos de investimento 409;26.77
CLASSES - FIF;44.302.264/0001-75;;BRADESCO CARTEIRA DINÂMICA FI FINANCEIRO - CIC DE CI MULT - RESP LIMITADA;2025-08-31;Operações compromissadas lastreadas em títulos públicos federais;22.61
CLASSES - FIF;44.302.264/0001-75;;BRADESCO CARTEIRA DINÂMICA FI FINANCEIRO - CIC DE CI MULT - RESP LIMITADA;2025-08-31;Títulos públicos federais;48.80
CLASSES - FIF;44.302.283/0001-00;;BRADESCO CARTEIRA MODERADA FIF - CLASSE  DE INVESTIMENTO EM COTAS MULT - RESPONSABILIDADE LIMITADA;2025-08-31;Cotas de fundos de investimento 409;14.62
CLASSES - FIF;44.302.283/0001-00;;BRADESCO CARTEIRA MODERADA FIF - CLASSE  DE INVESTIMENTO EM COTAS MULT - RESPONSABILIDADE LIMITADA;2025-08-31;Operações compromissadas lastreadas em títulos públicos federais;26.46
CLASSES - FIF;44.302.283/0001-00;;BRADESCO CARTEIRA MODERADA FIF - CLASSE  DE INVESTIMENTO EM COTAS MULT - RESPONSABILIDADE LIMITADA;2025-08-31;Títulos públicos federais;57.10
CLASSES - FIF;44.315.818/0001-79;;BRAM ALOCAÇÃO SISTEMÁTICA BRASIL FI FINANCEIRO - CIA - RESP LIMITADA;2025-08-31;Ações;21.98
CLASSES - FIF;44.315.818/0001-79;;BRAM ALOCAÇÃO SISTEMÁTICA BRASIL FI FINANCEIRO - CIA - RESP LIMITADA;2025-08-31;Cotas de fundos de investimento 409;66.48
CLASSES - FIF;44.315.818/0001-79;;BRAM ALOCAÇÃO SISTEMÁTICA BRASIL FI FINANCEIRO - CIA - RESP LIMITADA;2025-08-31;Derivativos;8.71
CLASSES - FIF;44.315.818/0001-79;;BRAM ALOCAÇÃO SISTEMÁTICA BRASIL FI FINANCEIRO - CIA - RESP LIMITADA;2025-08-31;Operações compromissadas lastreadas em títulos públicos federais;1.47
CLASSES - FIF;44.315.818/0001-79;;BRAM ALOCAÇÃO SISTEMÁTICA BRASIL FI FINANCEIRO - CIA - RESP LIMITADA;2025-08-31;Títulos públicos federais;10.49
CLASSES - FIF;44.315.830/0001-83;;BRAM ALOCAÇÃO SISTEMÁTICA BRASIL FI FINANCEIRO - CI RF - RESP LIMITADA;2025-08-31;Derivativos;-26.40
CLASSES - FIF;44.315.830/0001-83;;BRAM ALOCAÇÃO SISTEMÁTICA BRASIL FI FINANCEIRO - CI RF - RESP LIMITADA;2025-08-31;Operações compromissadas lastreadas em títulos públicos federais;11.47
CLASSES - FIF;44.315.830/0001-83;;BRAM ALOCAÇÃO SISTEMÁTICA BRASIL FI FINANCEIRO - CI RF - RESP LIMITADA;2025-08-31;Títulos públicos federais;88.55
CLASSES - FIF;44.315.842/0001-08;;BRADESCO MULTIGESTORES CRÉDITO PRIVADO FC DE FIF MULTIMERCADO;2025-08-31;Cotas de fundos de investimento 409;99.96
CLASSES - FIF;44.315.854/0001-32;;BRADESCO INFLAÇÃO FI FINANCEIRO - CIC RF CRED PRIV LP - RESP LIMITADA;2025-08-31;Depósitos a prazo e outros títulos de instituições financeiras;22.83
CLASSES - FIF;44.315.854/0001-32;;BRADESCO INFLAÇÃO FI FINANCEIRO - CIC RF CRED PRIV LP - RESP LIMITADA;2025-08-31;Derivativos;58.26
CLASSES - FIF;44.315.854/0001-32;;BRADESCO INFLAÇÃO FI FINANCEIRO - CIC RF CRED PRIV LP - RESP LIMITADA;2025-08-31;Operações compromissadas lastreadas em títulos públicos federais;3.84
CLASSES - FIF;44.315.854/0001-32;;BRADESCO INFLAÇÃO FI FINANCEIRO - CIC RF CRED PRIV LP - RESP LIMITADA;2025-08-31;Títulos de crédito privado;52.19
CLASSES - FIF;44.315.854/0001-32;;BRADESCO INFLAÇÃO FI FINANCEIRO - CIC RF CRED PRIV LP - RESP LIMITADA;2025-08-31;Títulos públicos federais;17.89
CLASSES - FIF;44.315.861/0001-34;;BRADESCO DEB INCENTIVADAS INFLAÇÃO FIF - CIC INCENTIVADA DE INVESTIMENTO EM INFRA  RF LP - RESP LTDA;2025-08-31;Depósitos a prazo e outros títulos de instituições financeiras;2.96
CLASSES - FIF;44.315.861/0001-34;;BRADESCO DEB INCENTIVADAS INFLAÇÃO FIF - CIC INCENTIVADA DE INVESTIMENTO EM INFRA  RF LP - RESP LTDA;2025-08-31;Derivativos;12.55
CLASSES - FIF;44.315.861/0001-34;;BRADESCO DEB INCENTIVADAS INFLAÇÃO FIF - CIC INCENTIVADA DE INVESTIMENTO EM INFRA  RF LP - RESP LTDA;2025-08-31;Operações compromissadas lastreadas em títulos públicos federais;6.18
CLASSES - FIF;44.315.861/0001-34;;BRADESCO DEB INCENTIVADAS INFLAÇÃO FIF - CIC INCENTIVADA DE INVESTIMENTO EM INFRA  RF LP - RESP LTDA;2025-08-31;Títulos de crédito privado;88.15
CLASSES - FIF;44.315.861/0001-34;;BRADESCO DEB INCENTIVADAS INFLAÇÃO FIF - CIC INCENTIVADA DE INVESTIMENTO EM INFRA  RF LP - RESP LTDA;2025-08-31;Títulos públicos federais;2.97
CLASSES - FIF;44.315.864/0001-78;;BRAM DEBÊNTURES INCENT INFLAÇÃO INFRA FIF - CI INCENT DE INV EM INFRA RF LP - RESP LIMITADA;2025-08-31;Depósitos a prazo e outros títulos de instituições financeiras;2.94
CLASSES - FIF;44.315.864/0001-78;;BRAM DEBÊNTURES INCENT INFLAÇÃO INFRA FIF - CI INCENT DE INV EM INFRA RF LP - RESP LIMITADA;2025-08-31;Derivativos;12.50
CLASSES - FIF;44.315.864/0001-78;;BRAM DEBÊNTURES INCENT INFLAÇÃO INFRA FIF - CI INCENT DE INV EM INFRA RF LP - RESP LIMITADA;2025-08-31;Operações compromissadas lastreadas em títulos públicos federais;6.15
CLASSES - FIF;44.315.864/0001-78;;BRAM DEBÊNTURES INCENT INFLAÇÃO INFRA FIF - CI INCENT DE INV EM INFRA RF LP - RESP LIMITADA;2025-08-31;Títulos de crédito privado;87.78
CLASSES - FIF;44.315.864/0001-78;;BRAM DEBÊNTURES INCENT INFLAÇÃO INFRA FIF - CI INCENT DE INV EM INFRA RF LP - RESP LIMITADA;2025-08-31;Títulos públicos federais;2.95
CLASSES - FIF;44.315.872/0001-14;;BRADESCO EXPLORER HIGH YIELD FIF - CIC DE CLASSE DE INVESTIMENTO MULT CRED PRIV - RESP LIMITADA;2025-08-31;Cotas de fundos de investimento 409;96.53
CLASSES - FIF;44.315.872/0001-14;;BRADESCO EXPLORER HIGH YIELD FIF - CIC DE CLASSE DE INVESTIMENTO MULT CRED PRIV - RESP LIMITADA;2025-08-31;Operações compromissadas lastreadas em títulos públicos federais;0.87
CLASSES - FIF;44.315.872/0001-14;;BRADESCO EXPLORER HIGH YIELD FIF - CIC DE CLASSE DE INVESTIMENTO MULT CRED PRIV - RESP LIMITADA;2025-08-31;Títulos públicos federais;1.87
CLASSES - FIF;44.315.875/0001-58;;BRADESCO QUANT INSTITUCIONAL GLOBAL USD FI FINANCEIRO - CIA - RESP LIMITADA;2025-08-31;Ações;3.49
CLASSES - FIF;44.315.875/0001-58;;BRADESCO QUANT INSTITUCIONAL GLOBAL USD FI FINANCEIRO - CIA - RESP LIMITADA;2025-08-31;Cotas de fundos de investimento 409;93.93
CLASSES - FIF;44.315.875/0001-58;;BRADESCO QUANT INSTITUCIONAL GLOBAL USD FI FINANCEIRO - CIA - RESP LIMITADA;2025-08-31;Derivativos;2.59
CLASSES - FIF;44.315.875/0001-58;;BRADESCO QUANT INSTITUCIONAL GLOBAL USD FI FINANCEIRO - CIA - RESP LIMITADA;2025-08-31;Operações compromissadas lastreadas em títulos públicos federais;2.62
CLASSES - FIF;44.315.882/0001-50;;VERDE AM MUNDI GLOBAIS ÁGORA FIF - CLASSE DE INVESTIMENTO EM COTAS DE AÇÕES - RESP LIMITADA;2025-08-31;Cotas de fundos de investimento 409;100.21
CLASSES - FIF;44.315.882/0001-50;;VERDE AM MUNDI GLOBAIS ÁGORA FIF - CLASSE DE INVESTIMENTO EM COTAS DE AÇÕES - RESP LIMITADA;2025-08-31;Operações compromissadas lastreadas em títulos públicos federais;0.31
CLASSES - FIF;44.315.882/0001-50;;VERDE AM MUNDI GLOBAIS ÁGORA FIF - CLASSE DE INVESTIMENTO EM COTAS DE AÇÕES - RESP LIMITADA;2025-08-31;Títulos públicos federais;0.78
CLASSES - FIF;44.340.069/0001-30;;BRAM CARTEIRA MULTIGESTORES FI FINANCEIRO - CIC DE CI MULT - RESP LIMITADA;2025-08-31;Cotas de fundos de investimento 409;68.19
CLASSES - FIF;44.340.069/0001-30;;BRAM CARTEIRA MULTIGESTORES FI FINANCEIRO - CIC DE CI MULT - RESP LIMITADA;2025-08-31;Operações compromissadas lastreadas em títulos públicos federais;9.99
CLASSES - FIF;44.340.069/0001-30;;BRAM CARTEIRA MULTIGESTORES FI FINANCEIRO - CIC DE CI MULT - RESP LIMITADA;2025-08-31;Títulos públicos federais;21.53
CLASSES - FIF;44.340.091/0001-80;;BRAM CARTEIRA MULTIGESTORES FI FINANCEIRO - CIC EM AÇÕES - RESP LIMITADA;2025-08-31;Ações;14.20
CLASSES - FIF;44.340.091/0001-80;;BRAM CARTEIRA MULTIGESTORES FI FINANCEIRO - CIC EM AÇÕES - RESP LIMITADA;2025-08-31;Cotas de fundos de investimento 409;68.66
CLASSES - FIF;44.340.091/0001-80;;BRAM CARTEIRA MULTIGESTORES FI FINANCEIRO - CIC EM AÇÕES - RESP LIMITADA;2025-08-31;Derivativos;14.70
CLASSES - FIF;44.340.091/0001-80;;BRAM CARTEIRA MULTIGESTORES FI FINANCEIRO - CIC EM AÇÕES - RESP LIMITADA;2025-08-31;Operações compromissadas lastreadas em títulos públicos federais;4.62
CLASSES - FIF;44.340.091/0001-80;;BRAM CARTEIRA MULTIGESTORES FI FINANCEIRO - CIC EM AÇÕES - RESP LIMITADA;2025-08-31;Títulos públicos federais;9.40
CLASSES - FIF;44.360.639/0001-53;;BRAM ALOCAÇÃO SISTEMÁTICA ALPHA GLOBAL FI FINANCEIRO - CI MULT - RESP LIMITADA;2025-08-31;Derivativos;12.51
CLASSES - FIF;44.360.639/0001-53;;BRAM ALOCAÇÃO SISTEMÁTICA ALPHA GLOBAL FI FINANCEIRO - CI MULT - RESP LIMITADA;2025-08-31;Operações compromissadas lastreadas em títulos públicos federais;24.16
CLASSES - FIF;44.360.639/0001-53;;BRAM ALOCAÇÃO SISTEMÁTICA ALPHA GLOBAL FI FINANCEIRO - CI MULT - RESP LIMITADA;2025-08-31;Títulos públicos federais;75.77
CLASSES - FIF;44.371.598/0001-09;;CS EVOLUTION DI BR PLUS PRIVATE FUNDO DE INVESTIMENTO EM COTAS DE FIF RENDA FIXA REF RESP LIMITADA;2025-08-31;Outras Cotas de Fundos de Investimento;100.01
CLASSES - FIF;44.371.598/0001-09;;CS EVOLUTION DI BR PLUS PRIVATE FUNDO DE INVESTIMENTO EM COTAS DE FIF RENDA FIXA REF RESP LIMITADA;2025-08-31;Outros;0.03
CLASSES - FIF;44.371.692/0001-50;;CS EVOLUTION DI BR PRIVATE FUNDO DE INVESTIMENTO EM COTAS DE FI RENDA FIXA REF - RESP LIMITADA;2025-08-31;Outras Cotas de Fundos de Investimento;99.99
CLASSES - FIF;44.371.692/0001-50;;CS EVOLUTION DI BR PRIVATE FUNDO DE INVESTIMENTO EM COTAS DE FI RENDA FIXA REF - RESP LIMITADA;2025-08-31;Outros;0.02
CLASSES - FIF;44.371.942/0001-51;;CS EVOLUTION DI BR MASTER FUNDO DE INVESTIMENTO RENDA FIXA REFERENCIADO - RESPONSABILIDADE LIMITADA;2025-08-31;Dep¿os a Prazo e Outros T¿los de Institui¿s Financeiras;18.29
CLASSES - FIF;44.371.942/0001-51;;CS EVOLUTION DI BR MASTER FUNDO DE INVESTIMENTO RENDA FIXA REFERENCIADO - RESPONSABILIDADE LIMITADA;2025-08-31;Outros;17.38
CLASSES - FIF;44.371.942/0001-51;;CS EVOLUTION DI BR MASTER FUNDO DE INVESTIMENTO RENDA FIXA REFERENCIADO - RESPONSABILIDADE LIMITADA;2025-08-31;T¿los de Cr¿to Privado;21.61
CLASSES - FIF;44.371.942/0001-51;;CS EVOLUTION DI BR MASTER FUNDO DE INVESTIMENTO RENDA FIXA REFERENCIADO - RESPONSABILIDADE LIMITADA;2025-08-31;T¿los P¿blicos Federais;42.72
CLASSES - FIF;44.371.977/0001-90;;CS EVOLUTION DI BR MAX PRIVATE FUNDO DE INVESTIMENTO EM COTAS DE FIF RF REFERENCIADO - RESP LIMITADA;2025-08-31;Outras Cotas de Fundos de Investimento;100.00
CLASSES - FIF;44.371.977/0001-90;;CS EVOLUTION DI BR MAX PRIVATE FUNDO DE INVESTIMENTO EM COTAS DE FIF RF REFERENCIADO - RESP LIMITADA;2025-08-31;Outros;0.00
CLASSES - FIF;44.544.152/0001-20;;CONEXÃO VISTA HEDGE FIF - CLASSE DE INVESTIMENTO EM COTAS MULTIMERCADO - RESP LIMITADA;2025-08-31;Cotas de fundos de investimento 409;99.50
CLASSES - FIF;44.544.152/0001-20;;CONEXÃO VISTA HEDGE FIF - CLASSE DE INVESTIMENTO EM COTAS MULTIMERCADO - RESP LIMITADA;2025-08-31;Operações compromissadas lastreadas em títulos públicos federais;0.15
CLASSES - FIF;44.544.152/0001-20;;CONEXÃO VISTA HEDGE FIF - CLASSE DE INVESTIMENTO EM COTAS MULTIMERCADO - RESP LIMITADA;2025-08-31;Títulos públicos federais;0.39
CLASSES - FIF;44.703.520/0001-36;;BRAM CARTEIRA MULTIGESTORES GLOBAL FI FINANCEIRO - CIC MULT - RESP LIMITADA;2025-08-31;Operações compromissadas lastreadas em títulos públicos federais;20.75
CLASSES - FIF;44.703.520/0001-36;;BRAM CARTEIRA MULTIGESTORES GLOBAL FI FINANCEIRO - CIC MULT - RESP LIMITADA;2025-08-31;Títulos públicos federais;53.43
CLASSES - FIF;44.704.779/0001-00;;BRAM GLOBAL FI FINANCEIRO - CI MULT - RESP LIMITADA;2025-08-31;Derivativos;-7.22
CLASSES - FIF;44.704.779/0001-00;;BRAM GLOBAL FI FINANCEIRO - CI MULT - RESP LIMITADA;2025-08-31;Investimento no exterior;7.11
CLASSES - FIF;44.704.779/0001-00;;BRAM GLOBAL FI FINANCEIRO - CI MULT - RESP LIMITADA;2025-08-31;Operações compromissadas lastreadas em títulos públicos federais;29.17
CLASSES - FIF;44.704.779/0001-00;;BRAM GLOBAL FI FINANCEIRO - CI MULT - RESP LIMITADA;2025-08-31;Títulos públicos federais;63.68
CLASSES - FIF;44.704.904/0001-73;;BRAM MACRO CENTRALIZADORA FI FINANCEIRO - CIC MULT - RESP LIMITADA;2025-08-31;Ações;5.57
CLASSES - FIF;44.704.904/0001-73;;BRAM MACRO CENTRALIZADORA FI FINANCEIRO - CIC MULT - RESP LIMITADA;2025-08-31;Derivativos;4.33
CLASSES - FIF;44.704.904/0001-73;;BRAM MACRO CENTRALIZADORA FI FINANCEIRO - CIC MULT - RESP LIMITADA;2025-08-31;Investimento no exterior;6.65
CLASSES - FIF;44.704.904/0001-73;;BRAM MACRO CENTRALIZADORA FI FINANCEIRO - CIC MULT - RESP LIMITADA;2025-08-31;Operações compromissadas lastreadas em títulos públicos federais;21.10
CLASSES - FIF;44.704.904/0001-73;;BRAM MACRO CENTRALIZADORA FI FINANCEIRO - CIC MULT - RESP LIMITADA;2025-08-31;Títulos públicos federais;66.31
CLASSES - FIF;44.704.993/0001-58;;BRADESCO EXPLORER HORIZON FI FINANCEIRO - CIC EM AÇÕES - RESP LIMITADA;2025-08-31;Ações;0.44
CLASSES - FIF;44.704.993/0001-58;;BRADESCO EXPLORER HORIZON FI FINANCEIRO - CIC EM AÇÕES - RESP LIMITADA;2025-08-31;Cotas de fundos de investimento 409;98.61
CLASSES - FIF;44.704.993/0001-58;;BRADESCO EXPLORER HORIZON FI FINANCEIRO - CIC EM AÇÕES - RESP LIMITADA;2025-08-31;Derivativos;0.46
CLASSES - FIF;44.704.993/0001-58;;BRADESCO EXPLORER HORIZON FI FINANCEIRO - CIC EM AÇÕES - RESP LIMITADA;2025-08-31;Operações compromissadas lastreadas em títulos públicos federais;0.29
CLASSES - FIF;44.704.993/0001-58;;BRADESCO EXPLORER HORIZON FI FINANCEIRO - CIC EM AÇÕES - RESP LIMITADA;2025-08-31;Títulos públicos federais;0.66
CLASSES - FIF;44.705.026/0001-00;;FEEDER SHARP LS 2X FIF - CIC MULTIMERCADO - RESPONSABILIDADE LIMITADA;2025-08-31;Cotas de fundos de investimento 409;99.74
CLASSES - FIF;44.705.026/0001-00;;FEEDER SHARP LS 2X FIF - CIC MULTIMERCADO - RESPONSABILIDADE LIMITADA;2025-08-31;Operações compromissadas lastreadas em títulos públicos federais;0.06
CLASSES - FIF;44.705.026/0001-00;;FEEDER SHARP LS 2X FIF - CIC MULTIMERCADO - RESPONSABILIDADE LIMITADA;2025-08-31;Títulos públicos federais;0.15
CLASSES - FIF;44.705.082/0001-45;;CONEXÃO LORD ABBETT HIGH INCOME BRL FUNDO DE INVESTIMENTO EM COTAS DE FIF MULT - RESP LIMITADA;2025-08-31;Cotas de fundos de investimento 409;99.25
CLASSES - FIF;44.705.082/0001-45;;CONEXÃO LORD ABBETT HIGH INCOME BRL FUNDO DE INVESTIMENTO EM COTAS DE FIF MULT - RESP LIMITADA;2025-08-31;Operações compromissadas lastreadas em títulos públicos federais;0.23
CLASSES - FIF;44.705.082/0001-45;;CONEXÃO LORD ABBETT HIGH INCOME BRL FUNDO DE INVESTIMENTO EM COTAS DE FIF MULT - RESP LIMITADA;2025-08-31;Títulos públicos federais;0.58
CLASSES - FIF;44.705.104/0001-77;;MERAKI EQUITY HEDGE ÁGORA FIF - CLASSE DE INVESTIMENTO EM COTAS MULTIMERCADO - RESP LIMITADA;2025-08-31;Cotas de fundos de investimento 409;98.62
CLASSES - FIF;44.705.104/0001-77;;MERAKI EQUITY HEDGE ÁGORA FIF - CLASSE DE INVESTIMENTO EM COTAS MULTIMERCADO - RESP LIMITADA;2025-08-31;Operações compromissadas lastreadas em títulos públicos federais;0.41
CLASSES - FIF;44.705.104/0001-77;;MERAKI EQUITY HEDGE ÁGORA FIF - CLASSE DE INVESTIMENTO EM COTAS MULTIMERCADO - RESP LIMITADA;2025-08-31;Títulos públicos federais;1.04
CLASSES - FIF;44.748.856/0001-15;;AMW GLOBAL FUNDO DE INVESTIMENTO EM COTAS DE FUNDO DE INVESTIMENTO EM AÇÕES-BDR NÍVEL I;2025-08-31;Cotas de Fundos de Investimento 409;96.65
CLASSES - FIF;44.748.856/0001-15;;AMW GLOBAL FUNDO DE INVESTIMENTO EM COTAS DE FUNDO DE INVESTIMENTO EM AÇÕES-BDR NÍVEL I;2025-08-31;Operações Compromissadas Lastreadas em Títulos Privados;0.00
CLASSES - FIF;44.748.856/0001-15;;AMW GLOBAL FUNDO DE INVESTIMENTO EM COTAS DE FUNDO DE INVESTIMENTO EM AÇÕES-BDR NÍVEL I;2025-08-31;Outras Aplicações;4.30
CLASSES - FIF;44.760.740/0001-00;;AMW GLOBAL MASTER  FUNDO DE INVESTIMENTO FINANCEIRO;2025-08-31;Ações;62.83
CLASSES - FIF;44.760.740/0001-00;;AMW GLOBAL MASTER  FUNDO DE INVESTIMENTO FINANCEIRO;2025-08-31;Cotas de fundos de Investimento;9.75
CLASSES - FIF;44.760.740/0001-00;;AMW GLOBAL MASTER  FUNDO DE INVESTIMENTO FINANCEIRO;2025-08-31;Derivativos;22.11
CLASSES - FIF;44.760.740/0001-00;;AMW GLOBAL MASTER  FUNDO DE INVESTIMENTO FINANCEIRO;2025-08-31;Outras Aplicações;1.48
CLASSES - FIF;44.760.740/0001-00;;AMW GLOBAL MASTER  FUNDO DE INVESTIMENTO FINANCEIRO;2025-08-31;Titulos publicos federais;19.03
CLASSES - FIF;44.761.636/0001-21;;WARREN  MULTIGESTORES CRÉDITO FUNDO DE INVESTIMENTO FINANCEIRO;2025-08-31;Cotas de Fundos de Investimento 409;80.99
CLASSES - FIF;44.761.636/0001-21;;WARREN  MULTIGESTORES CRÉDITO FUNDO DE INVESTIMENTO FINANCEIRO;2025-08-31;Depósitos a Prazo e Outros Títulos de Instituições Financeiras;1.66
CLASSES - FIF;44.761.636/0001-21;;WARREN  MULTIGESTORES CRÉDITO FUNDO DE INVESTIMENTO FINANCEIRO;2025-08-31;Outras Aplicações;0.25
CLASSES - FIF;44.761.636/0001-21;;WARREN  MULTIGESTORES CRÉDITO FUNDO DE INVESTIMENTO FINANCEIRO;2025-08-31;Outras Cotas de Fundos de Investimento;17.14
CLASSES - FIF;44.763.378/0001-12;;WARREN FO TÁTICO RV FUNDO DE INVESTIMENTO MULTIMERCADO CRÉDITO PRIVADO;2025-08-31;Ações;88.54
CLASSES - FIF;44.763.378/0001-12;;WARREN FO TÁTICO RV FUNDO DE INVESTIMENTO MULTIMERCADO CRÉDITO PRIVADO;2025-08-31;Cotas de fundos de Investimento;4.90
CLASSES - FIF;44.764.166/0001-50;;XVI CAPITAL RENDA FIXA FUNDO DE INVESTIMENTO FINANCEIRO;2025-08-31;Depósitos a Prazo e Outros Títulos de Instituições Financeiras;24.77
CLASSES - FIF;44.764.166/0001-50;;XVI CAPITAL RENDA FIXA FUNDO DE INVESTIMENTO FINANCEIRO;2025-08-31;Operações Compromissadas Lastreadas em Títulos Públicos Federais;0.63
CLASSES - FIF;44.764.166/0001-50;;XVI CAPITAL RENDA FIXA FUNDO DE INVESTIMENTO FINANCEIRO;2025-08-31;Outras Cotas de Fundos de Investimento;19.21
CLASSES - FIF;44.764.166/0001-50;;XVI CAPITAL RENDA FIXA FUNDO DE INVESTIMENTO FINANCEIRO;2025-08-31;Títulos de Crédito Privado;35.56
CLASSES - FIF;44.764.166/0001-50;;XVI CAPITAL RENDA FIXA FUNDO DE INVESTIMENTO FINANCEIRO;2025-08-31;Títulos Públicos Federais;19.93
CLASSES - FIF;44.917.025/0001-20;;VINCI PREZZI FUNDO DE INVESTIMENTO FINANCEIRO RENDA FIXA LONGO PRAZO - RESP LIMITADA;2025-08-31;Derivativos;-21.66
CLASSES - FIF;44.917.025/0001-20;;VINCI PREZZI FUNDO DE INVESTIMENTO FINANCEIRO RENDA FIXA LONGO PRAZO - RESP LIMITADA;2025-08-31;Operações compromissadas lastreadas em títulos públicos federais;16.66
CLASSES - FIF;44.917.025/0001-20;;VINCI PREZZI FUNDO DE INVESTIMENTO FINANCEIRO RENDA FIXA LONGO PRAZO - RESP LIMITADA;2025-08-31;Títulos públicos federais;83.38
CLASSES - FIF;44.933.162/0001-58;;STONEX ÁGATA CASH FIF - CI RENDA FIXA - RESPONSABILIDADE LIMITADA;2025-08-31;Depósitos a prazo e outros títulos de instituições financeiras;1.40
CLASSES - FIF;44.933.162/0001-58;;STONEX ÁGATA CASH FIF - CI RENDA FIXA - RESPONSABILIDADE LIMITADA;2025-08-31;Derivativos;0.01
CLASSES - FIF;44.933.162/0001-58;;STONEX ÁGATA CASH FIF - CI RENDA FIXA - RESPONSABILIDADE LIMITADA;2025-08-31;Operações compromissadas lastreadas em títulos públicos federais;0.22
CLASSES - FIF;44.933.162/0001-58;;STONEX ÁGATA CASH FIF - CI RENDA FIXA - RESPONSABILIDADE LIMITADA;2025-08-31;Títulos públicos federais;97.04
CLASSES - FIF;44.960.766/0001-93;;RIO BRAVO CRÉDITO INCENT INFLAÇÃO FIF - CI INCENTIVADA DE INV EM INFRA RF CRED PRIV - RESP LIMITADA;2025-08-31;Ações;0.00
CLASSES - FIF;44.960.766/0001-93;;RIO BRAVO CRÉDITO INCENT INFLAÇÃO FIF - CI INCENTIVADA DE INV EM INFRA RF CRED PRIV - RESP LIMITADA;2025-08-31;Cotas de fundos de investimento 409;13.88
CLASSES - FIF;44.960.766/0001-93;;RIO BRAVO CRÉDITO INCENT INFLAÇÃO FIF - CI INCENTIVADA DE INV EM INFRA RF CRED PRIV - RESP LIMITADA;2025-08-31;Operações compromissadas lastreadas em títulos públicos federais;14.35
CLASSES - FIF;44.960.766/0001-93;;RIO BRAVO CRÉDITO INCENT INFLAÇÃO FIF - CI INCENTIVADA DE INV EM INFRA RF CRED PRIV - RESP LIMITADA;2025-08-31;Títulos de crédito privado;59.04
CLASSES - FIF;44.960.766/0001-93;;RIO BRAVO CRÉDITO INCENT INFLAÇÃO FIF - CI INCENTIVADA DE INV EM INFRA RF CRED PRIV - RESP LIMITADA;2025-08-31;Títulos públicos federais;12.76
CLASSES - FIF;44.961.198/0001-45;;BRADESCO PERFORMANCE INSTITUCIONAL FI FINANCEIRO - CIC RF CRED PRIV LP - RESP LIMITADA;2025-08-31;Cotas de fundos de investimento 409;2.66
CLASSES - FIF;44.961.198/0001-45;;BRADESCO PERFORMANCE INSTITUCIONAL FI FINANCEIRO - CIC RF CRED PRIV LP - RESP LIMITADA;2025-08-31;Depósitos a prazo e outros títulos de instituições financeiras;28.17
CLASSES - FIF;44.961.198/0001-45;;BRADESCO PERFORMANCE INSTITUCIONAL FI FINANCEIRO - CIC RF CRED PRIV LP - RESP LIMITADA;2025-08-31;Operações compromissadas lastreadas em títulos públicos federais;39.09
CLASSES - FIF;44.961.198/0001-45;;BRADESCO PERFORMANCE INSTITUCIONAL FI FINANCEIRO - CIC RF CRED PRIV LP - RESP LIMITADA;2025-08-31;Títulos de crédito privado;28.54
CLASSES - FIF;44.961.198/0001-45;;BRADESCO PERFORMANCE INSTITUCIONAL FI FINANCEIRO - CIC RF CRED PRIV LP - RESP LIMITADA;2025-08-31;Títulos públicos federais;1.47
CLASSES - FIF;44.981.897/0001-57;;BRADESCO ALOCAÇÃO SISTEMÁTICA BRASIL FI FINANCEIRO - CIC RF - RESP LIMITADA;2025-08-31;Derivativos;-26.38
CLASSES - FIF;44.981.897/0001-57;;BRADESCO ALOCAÇÃO SISTEMÁTICA BRASIL FI FINANCEIRO - CIC RF - RESP LIMITADA;2025-08-31;Operações compromissadas lastreadas em títulos públicos federais;11.46
CLASSES - FIF;44.981.897/0001-57;;BRADESCO ALOCAÇÃO SISTEMÁTICA BRASIL FI FINANCEIRO - CIC RF - RESP LIMITADA;2025-08-31;Títulos públicos federais;88.51
CLASSES - FIF;45.121.114/0001-28;;BLUEMETRIX FUNDO DE INVESTIMENTO FINANCEIRO;2025-08-31;Cotas de Fundos de Investimento 409;2.48
CLASSES - FIF;45.121.114/0001-28;;BLUEMETRIX FUNDO DE INVESTIMENTO FINANCEIRO;2025-08-31;Depósitos a Prazo e Outros Títulos de Instituições Financeiras;25.50
CLASSES - FIF;45.121.114/0001-28;;BLUEMETRIX FUNDO DE INVESTIMENTO FINANCEIRO;2025-08-31;Operações Compromissadas Lastreadas em Títulos Públicos Federais;25.72
CLASSES - FIF;45.121.114/0001-28;;BLUEMETRIX FUNDO DE INVESTIMENTO FINANCEIRO;2025-08-31;Outras Aplicações;6.72
CLASSES - FIF;45.121.114/0001-28;;BLUEMETRIX FUNDO DE INVESTIMENTO FINANCEIRO;2025-08-31;Títulos Públicos Federais;39.03
CLASSES - FIF;45.121.833/0001-49;;ALPHA SEEKER FUNDO DE INVESTIMENTO MULTIMERCADO;2025-08-31;Derivativos;-0.01
CLASSES - FIF;45.121.833/0001-49;;ALPHA SEEKER FUNDO DE INVESTIMENTO MULTIMERCADO;2025-08-31;Operações Compromissadas Lastreadas em Títulos Públicos Federais;2.13
CLASSES - FIF;45.121.833/0001-49;;ALPHA SEEKER FUNDO DE INVESTIMENTO MULTIMERCADO;2025-08-31;Outras Aplicações;0.02
CLASSES - FIF;45.121.833/0001-49;;ALPHA SEEKER FUNDO DE INVESTIMENTO MULTIMERCADO;2025-08-31;Outras Cotas de Fundos de Investimento;0.18
CLASSES - FIF;45.121.833/0001-49;;ALPHA SEEKER FUNDO DE INVESTIMENTO MULTIMERCADO;2025-08-31;Títulos Públicos Federais;97.88
CLASSES - FIF;45.278.833/0001-57;;TREND DI FUNDO DE INVESTIMENTO EM COTAS RENDA FIXA SIMPLES RESPONSABILIDADE LIMITADA;2025-08-31;Cotas de fundos de investimento 409;99.91
CLASSES - FIF;45.278.833/0001-57;;TREND DI FUNDO DE INVESTIMENTO EM COTAS RENDA FIXA SIMPLES RESPONSABILIDADE LIMITADA;2025-08-31;Cotas em Fundos a serem desmembradas;99.91
CLASSES - FIF;45.302.181/0001-49;;GÁVEA MACRO VT FIF - CLASSE DE INVESTIMENTO EM COTAS MULTIMERCADO - RESP LIMITADA;2025-08-31;Ações;4.15
CLASSES - FIF;45.302.181/0001-49;;GÁVEA MACRO VT FIF - CLASSE DE INVESTIMENTO EM COTAS MULTIMERCADO - RESP LIMITADA;2025-08-31;Derivativos;17.14
CLASSES - FIF;45.302.181/0001-49;;GÁVEA MACRO VT FIF - CLASSE DE INVESTIMENTO EM COTAS MULTIMERCADO - RESP LIMITADA;2025-08-31;Investimento no exterior;14.68
CLASSES - FIF;45.302.181/0001-49;;GÁVEA MACRO VT FIF - CLASSE DE INVESTIMENTO EM COTAS MULTIMERCADO - RESP LIMITADA;2025-08-31;Operações compromissadas lastreadas em títulos públicos federais;17.71
CLASSES - FIF;45.302.181/0001-49;;GÁVEA MACRO VT FIF - CLASSE DE INVESTIMENTO EM COTAS MULTIMERCADO - RESP LIMITADA;2025-08-31;Títulos públicos federais;65.08
CLASSES - FIF;45.302.303/0001-05;;BRADESCO CENTURION DIVIDENDOS INSTITUCIONAL FI FINANCEIRO - CIC EM AÇÕES - RESP LIMITADA;2025-08-31;Ações;95.48
CLASSES - FIF;45.302.303/0001-05;;BRADESCO CENTURION DIVIDENDOS INSTITUCIONAL FI FINANCEIRO - CIC EM AÇÕES - RESP LIMITADA;2025-08-31;Derivativos;-0.18
CLASSES - FIF;45.302.303/0001-05;;BRADESCO CENTURION DIVIDENDOS INSTITUCIONAL FI FINANCEIRO - CIC EM AÇÕES - RESP LIMITADA;2025-08-31;Operações compromissadas lastreadas em títulos públicos federais;3.86
CLASSES - FIF;45.320.230/0001-76;;CONEXÃO NORTE LONG BIAS FIF - CIC MULTIMERCADO - RESPONSABILIDADE LIMITADA;2025-08-31;Cotas de fundos de investimento 409;99.50
CLASSES - FIF;45.320.230/0001-76;;CONEXÃO NORTE LONG BIAS FIF - CIC MULTIMERCADO - RESPONSABILIDADE LIMITADA;2025-08-31;Operações compromissadas lastreadas em títulos públicos federais;0.15
CLASSES - FIF;45.320.230/0001-76;;CONEXÃO NORTE LONG BIAS FIF - CIC MULTIMERCADO - RESPONSABILIDADE LIMITADA;2025-08-31;Títulos públicos federais;0.37
CLASSES - FIF;45.360.957/0001-87;;RIO BRAVO ALOCAÇÃO FI FINANCEIRO - CIA - RESP LIMITADA;2025-08-31;Ações;3.62
CLASSES - FIF;45.360.957/0001-87;;RIO BRAVO ALOCAÇÃO FI FINANCEIRO - CIA - RESP LIMITADA;2025-08-31;Cotas de fundos de investimento 409;86.78
CLASSES - FIF;45.360.957/0001-87;;RIO BRAVO ALOCAÇÃO FI FINANCEIRO - CIA - RESP LIMITADA;2025-08-31;Derivativos;8.64
CLASSES - FIF;45.360.957/0001-87;;RIO BRAVO ALOCAÇÃO FI FINANCEIRO - CIA - RESP LIMITADA;2025-08-31;Operações compromissadas lastreadas em títulos públicos federais;9.76
CLASSES - FIF;45.511.206/0001-14;;SOMMA FIRENZE FI FINANCEIRO - CI RF CRED PRIV LP - RESP LIMITADA;2025-08-31;Cotas de fundos de investimento 409;9.23
CLASSES - FIF;45.511.206/0001-14;;SOMMA FIRENZE FI FINANCEIRO - CI RF CRED PRIV LP - RESP LIMITADA;2025-08-31;Depósitos a prazo e outros títulos de instituições financeiras;28.06
CLASSES - FIF;45.511.206/0001-14;;SOMMA FIRENZE FI FINANCEIRO - CI RF CRED PRIV LP - RESP LIMITADA;2025-08-31;Operações compromissadas lastreadas em títulos públicos federais;20.21
CLASSES - FIF;45.511.206/0001-14;;SOMMA FIRENZE FI FINANCEIRO - CI RF CRED PRIV LP - RESP LIMITADA;2025-08-31;Títulos de crédito privado;41.94
CLASSES - FIF;45.511.206/0001-14;;SOMMA FIRENZE FI FINANCEIRO - CI RF CRED PRIV LP - RESP LIMITADA;2025-08-31;Títulos públicos federais;0.64
CLASSES - FIF;45.621.900/0001-94;;VINCI PIPE FIF - CLASSE DE INVESTIMENTO EM AÇÕES - RESP LIMITADA;2025-08-31;Ações;83.13
CLASSES - FIF;45.621.900/0001-94;;VINCI PIPE FIF - CLASSE DE INVESTIMENTO EM AÇÕES - RESP LIMITADA;2025-08-31;Cotas de fundos de investimento 409;3.04
CLASSES - FIF;45.621.900/0001-94;;VINCI PIPE FIF - CLASSE DE INVESTIMENTO EM AÇÕES - RESP LIMITADA;2025-08-31;Operações compromissadas lastreadas em títulos públicos federais;11.93
CLASSES - FIF;46.171.664/0001-14;;NAVI P LS FUNDO DE INVESTIMENTO FINANCEIRO - CIC MULTIMERCADO - RESP LIMITADA;2025-08-31;Ações;74.28
CLASSES - FIF;46.171.664/0001-14;;NAVI P LS FUNDO DE INVESTIMENTO FINANCEIRO - CIC MULTIMERCADO - RESP LIMITADA;2025-08-31;Cotas de fundos de investimento 409;0.79
CLASSES - FIF;46.171.664/0001-14;;NAVI P LS FUNDO DE INVESTIMENTO FINANCEIRO - CIC MULTIMERCADO - RESP LIMITADA;2025-08-31;Investimento no exterior;19.41
CLASSES - FIF;46.171.664/0001-14;;NAVI P LS FUNDO DE INVESTIMENTO FINANCEIRO - CIC MULTIMERCADO - RESP LIMITADA;2025-08-31;Operações compromissadas lastreadas em títulos públicos federais;27.30
CLASSES - FIF;46.171.664/0001-14;;NAVI P LS FUNDO DE INVESTIMENTO FINANCEIRO - CIC MULTIMERCADO - RESP LIMITADA;2025-08-31;Títulos públicos federais;20.82
CLASSES - FIF;46.171.852/0001-42;;PERFIN FORESIGHT II MASTER FIF - CLASSE DE INVESTIMENTO EM AÇÕES - RESP LIMITADA;2025-08-31;Ações;104.54
CLASSES - FIF;46.171.852/0001-42;;PERFIN FORESIGHT II MASTER FIF - CLASSE DE INVESTIMENTO EM AÇÕES - RESP LIMITADA;2025-08-31;Operações compromissadas lastreadas em títulos públicos federais;2.74
CLASSES - FIF;46.373.095/0001-90;;MOS LONG BIASED FUNDO DE  INVESTIMENTO FINANCEIRO CLASSE DE INVESTIMENTO  MULTIMERCADO - RESP LTDA;2025-08-31;Ações;66.81
CLASSES - FIF;46.373.095/0001-90;;MOS LONG BIASED FUNDO DE  INVESTIMENTO FINANCEIRO CLASSE DE INVESTIMENTO  MULTIMERCADO - RESP LTDA;2025-08-31;Cotas de fundos de investimento 409;7.30
CLASSES - FIF;46.373.095/0001-90;;MOS LONG BIASED FUNDO DE  INVESTIMENTO FINANCEIRO CLASSE DE INVESTIMENTO  MULTIMERCADO - RESP LTDA;2025-08-31;Derivativos;-20.21
CLASSES - FIF;46.373.095/0001-90;;MOS LONG BIASED FUNDO DE  INVESTIMENTO FINANCEIRO CLASSE DE INVESTIMENTO  MULTIMERCADO - RESP LTDA;2025-08-31;Operações compromissadas lastreadas em títulos públicos federais;10.71
CLASSES - FIF;46.373.095/0001-90;;MOS LONG BIASED FUNDO DE  INVESTIMENTO FINANCEIRO CLASSE DE INVESTIMENTO  MULTIMERCADO - RESP LTDA;2025-08-31;Títulos públicos federais;13.73
CLASSES - FIF;46.405.570/0001-62;;QUARTER AZIMOV FUNDO DE INVESTIMENTO FINANCEIRO;2025-08-31;Ações;105.48
CLASSES - FIF;46.405.570/0001-62;;QUARTER AZIMOV FUNDO DE INVESTIMENTO FINANCEIRO;2025-08-31;Cotas de Fundos de Investimento 409;8.50
CLASSES - FIF;46.405.570/0001-62;;QUARTER AZIMOV FUNDO DE INVESTIMENTO FINANCEIRO;2025-08-31;Outras Aplicações;-106.25
CLASSES - FIF;46.405.570/0001-62;;QUARTER AZIMOV FUNDO DE INVESTIMENTO FINANCEIRO;2025-08-31;Outras Cotas de Fundos de Investimento;2.97
CLASSES - FIF;46.405.570/0001-62;;QUARTER AZIMOV FUNDO DE INVESTIMENTO FINANCEIRO;2025-08-31;Títulos Públicos Federais;92.68
CLASSES - FIF;46.423.681/0001-00;;NIKOS INFRA MASTER FUNDO DE INVESTIMENTO FINANCEIRO;2025-08-31;Derivativos;0.17
CLASSES - FIF;46.423.681/0001-00;;NIKOS INFRA MASTER FUNDO DE INVESTIMENTO FINANCEIRO;2025-08-31;Operações Compromissadas Lastreadas em Títulos Públicos Federais;-6.01
CLASSES - FIF;46.423.681/0001-00;;NIKOS INFRA MASTER FUNDO DE INVESTIMENTO FINANCEIRO;2025-08-31;Outras Aplicações;0.99
CLASSES - FIF;46.423.681/0001-00;;NIKOS INFRA MASTER FUNDO DE INVESTIMENTO FINANCEIRO;2025-08-31;Títulos de Crédito Privado;98.62
CLASSES - FIF;46.423.681/0001-00;;NIKOS INFRA MASTER FUNDO DE INVESTIMENTO FINANCEIRO;2025-08-31;Títulos Públicos Federais;6.32
CLASSES - FIF;46.469.978/0001-06;;STRIVO YIELD RF4 FUNDO DE INVESTIMENTO FINANCEIRO;2025-08-31;Cotas de Fundos de Investimento 409;50.63
CLASSES - FIF;46.469.978/0001-06;;STRIVO YIELD RF4 FUNDO DE INVESTIMENTO FINANCEIRO;2025-08-31;Operações Compromissadas Lastreadas em Títulos Públicos Federais;0.76
CLASSES - FIF;46.469.978/0001-06;;STRIVO YIELD RF4 FUNDO DE INVESTIMENTO FINANCEIRO;2025-08-31;Outras Aplicações;5.77
CLASSES - FIF;46.469.978/0001-06;;STRIVO YIELD RF4 FUNDO DE INVESTIMENTO FINANCEIRO;2025-08-31;Outras Cotas de Fundos de Investimento;3.42
CLASSES - FIF;46.469.978/0001-06;;STRIVO YIELD RF4 FUNDO DE INVESTIMENTO FINANCEIRO;2025-08-31;Títulos Públicos Federais;39.86
CLASSES - FIF;46.503.110/0001-77;;VIC MOAT EH FIF - CIC MULTIMERCADO - RESP LIMITADA;2025-08-31;Cotas de fundos de investimento 409;98.58
CLASSES - FIF;46.503.110/0001-77;;VIC MOAT EH FIF - CIC MULTIMERCADO - RESP LIMITADA;2025-08-31;Operações compromissadas lastreadas em títulos públicos federais;0.40
CLASSES - FIF;46.503.110/0001-77;;VIC MOAT EH FIF - CIC MULTIMERCADO - RESP LIMITADA;2025-08-31;Títulos públicos federais;0.99
CLASSES - FIF;46.648.912/0001-75;;AMW OMAHA MASTER FUNDO DE INVESTIMENTO FINANCEIRO;2025-08-31;Ações;24.83
CLASSES - FIF;46.648.912/0001-75;;AMW OMAHA MASTER FUNDO DE INVESTIMENTO FINANCEIRO;2025-08-31;Cotas de fundos de Investimento;18.82
CLASSES - FIF;46.648.912/0001-75;;AMW OMAHA MASTER FUNDO DE INVESTIMENTO FINANCEIRO;2025-08-31;Derivativos;6.62
CLASSES - FIF;46.648.912/0001-75;;AMW OMAHA MASTER FUNDO DE INVESTIMENTO FINANCEIRO;2025-08-31;Outras Aplicações;2.82
CLASSES - FIF;46.648.912/0001-75;;AMW OMAHA MASTER FUNDO DE INVESTIMENTO FINANCEIRO;2025-08-31;Titulos publicos federais;59.31
CLASSES - FIF;46.649.069/0001-41;;AXIOM INFINITY FUNDO DE INVESTIMENTO MULTIMERCADO;2025-08-31;Ações;11.50
CLASSES - FIF;46.649.069/0001-41;;AXIOM INFINITY FUNDO DE INVESTIMENTO MULTIMERCADO;2025-08-31;Operações compromissadas lastreadas em títulospúblicos federais;55.51
CLASSES - FIF;46.649.069/0001-41;;AXIOM INFINITY FUNDO DE INVESTIMENTO MULTIMERCADO;2025-08-31;Outras aplicações;1.89
CLASSES - FIF;46.649.069/0001-41;;AXIOM INFINITY FUNDO DE INVESTIMENTO MULTIMERCADO;2025-08-31;Títulos públicos federais;31.09
CLASSES - FIF;46.655.127/0001-40;;BANRISUL RPPS II FUNDO DE INVESTIMENTO FINANCEIRO RENDA FIXA RESPONSABILIDADE LIMITADA;2025-08-31;OPERAÇÕES COMPROMISSADAS LASTREADAS EM TÍTULOS PÚBLICOS FEDERAIS;0.24
CLASSES - FIF;46.655.127/0001-40;;BANRISUL RPPS II FUNDO DE INVESTIMENTO FINANCEIRO RENDA FIXA RESPONSABILIDADE LIMITADA;2025-08-31;TÍTULOS PÚBLICOS FEDERAIS;99.76
CLASSES - FIF;46.700.301/0001-29;;SANTA FÉ AGRO HEDGE FIF - CI MULTIMERCADO - RESPONSABILIDADE LIMITADA;2025-08-31;Ações;54.41
CLASSES - FIF;46.700.301/0001-29;;SANTA FÉ AGRO HEDGE FIF - CI MULTIMERCADO - RESPONSABILIDADE LIMITADA;2025-08-31;Derivativos;-3.53
CLASSES - FIF;46.700.301/0001-29;;SANTA FÉ AGRO HEDGE FIF - CI MULTIMERCADO - RESPONSABILIDADE LIMITADA;2025-08-31;Investimento no exterior;0.46
CLASSES - FIF;46.700.301/0001-29;;SANTA FÉ AGRO HEDGE FIF - CI MULTIMERCADO - RESPONSABILIDADE LIMITADA;2025-08-31;Operações compromissadas lastreadas em títulos públicos federais;10.88
CLASSES - FIF;46.700.301/0001-29;;SANTA FÉ AGRO HEDGE FIF - CI MULTIMERCADO - RESPONSABILIDADE LIMITADA;2025-08-31;Títulos públicos federais;33.92
CLASSES - FIF;46.700.337/0001-02;;SANTA FÉ AGRO HEDGE FIF - CIC MULTIMERCADO - RESPONSABILIDADE LIMITADA;2025-08-31;Ações;53.33
CLASSES - FIF;46.700.337/0001-02;;SANTA FÉ AGRO HEDGE FIF - CIC MULTIMERCADO - RESPONSABILIDADE LIMITADA;2025-08-31;Derivativos;-3.46
CLASSES - FIF;46.700.337/0001-02;;SANTA FÉ AGRO HEDGE FIF - CIC MULTIMERCADO - RESPONSABILIDADE LIMITADA;2025-08-31;Investimento no exterior;0.45
CLASSES - FIF;46.700.337/0001-02;;SANTA FÉ AGRO HEDGE FIF - CIC MULTIMERCADO - RESPONSABILIDADE LIMITADA;2025-08-31;Operações compromissadas lastreadas em títulos públicos federais;12.71
CLASSES - FIF;46.700.337/0001-02;;SANTA FÉ AGRO HEDGE FIF - CIC MULTIMERCADO - RESPONSABILIDADE LIMITADA;2025-08-31;Títulos públicos federais;33.25
FI;46.729.394/0001-14;;INTER LOVER FUNDO DE INVESTIMENTO FINANCEIRO EM AÇÕES RESPONSABILIDADE LIMITADA;2025-08-31;Ações;18.96
FI;46.729.394/0001-14;;INTER LOVER FUNDO DE INVESTIMENTO FINANCEIRO EM AÇÕES RESPONSABILIDADE LIMITADA;2025-08-31;Operações Compromissadas Lastreadas em Títulos Públicos Federais;13.27
FI;46.729.394/0001-14;;INTER LOVER FUNDO DE INVESTIMENTO FINANCEIRO EM AÇÕES RESPONSABILIDADE LIMITADA;2025-08-31;Títulos Públicos Federais;67.92
CLASSES - FIF;46.847.890/0001-72;;STRIVO GAP FUNDO DE INVESTIMENTO FINANCEIRO;2025-08-31;Cotas de Fundos de Investimento 409;6.91
CLASSES - FIF;46.847.890/0001-72;;STRIVO GAP FUNDO DE INVESTIMENTO FINANCEIRO;2025-08-31;Operações Compromissadas Lastreadas em Títulos Públicos Federais;1.74
CLASSES - FIF;46.847.890/0001-72;;STRIVO GAP FUNDO DE INVESTIMENTO FINANCEIRO;2025-08-31;Outras Aplicações;0.06
CLASSES - FIF;46.847.890/0001-72;;STRIVO GAP FUNDO DE INVESTIMENTO FINANCEIRO;2025-08-31;Títulos Públicos Federais;91.80
CLASSES - FIF;47.176.334/0001-84;;BRADESCO IV FI FINANCEIRO - CIC EM AÇÕES - RESP LIMITADA;2025-08-31;Ações;67.84
CLASSES - FIF;47.176.334/0001-84;;BRADESCO IV FI FINANCEIRO - CIC EM AÇÕES - RESP LIMITADA;2025-08-31;Cotas de fundos de investimento 409;30.88
CLASSES - FIF;47.176.334/0001-84;;BRADESCO IV FI FINANCEIRO - CIC EM AÇÕES - RESP LIMITADA;2025-08-31;Derivativos;0.70
CLASSES - FIF;47.176.334/0001-84;;BRADESCO IV FI FINANCEIRO - CIC EM AÇÕES - RESP LIMITADA;2025-08-31;Operações compromissadas lastreadas em títulos públicos federais;0.30
CLASSES - FIF;47.177.894/0001-53;;BRADESCO BA FI FINANCEIRO - CIC EM AÇÕES - RESP LIMITADA;2025-08-31;Ações;67.97
CLASSES - FIF;47.177.894/0001-53;;BRADESCO BA FI FINANCEIRO - CIC EM AÇÕES - RESP LIMITADA;2025-08-31;Cotas de fundos de investimento 409;30.94
CLASSES - FIF;47.177.894/0001-53;;BRADESCO BA FI FINANCEIRO - CIC EM AÇÕES - RESP LIMITADA;2025-08-31;Derivativos;0.70
CLASSES - FIF;47.177.894/0001-53;;BRADESCO BA FI FINANCEIRO - CIC EM AÇÕES - RESP LIMITADA;2025-08-31;Operações compromissadas lastreadas em títulos públicos federais;0.30
CLASSES - FIF;47.178.058/0001-93;;BRADESCO FI FINANCEIRO - CIC EM AÇÕES - RESP LIMITADA;2025-08-31;Ações;67.99
CLASSES - FIF;47.178.058/0001-93;;BRADESCO FI FINANCEIRO - CIC EM AÇÕES - RESP LIMITADA;2025-08-31;Cotas de fundos de investimento 409;30.95
CLASSES - FIF;47.178.058/0001-93;;BRADESCO FI FINANCEIRO - CIC EM AÇÕES - RESP LIMITADA;2025-08-31;Derivativos;0.70
CLASSES - FIF;47.178.058/0001-93;;BRADESCO FI FINANCEIRO - CIC EM AÇÕES - RESP LIMITADA;2025-08-31;Operações compromissadas lastreadas em títulos públicos federais;0.30
CLASSES - FIF;47.178.405/0001-88;;BRADESCO MAXI FI FINANCEIRO - CIC EM AÇÕES - RESP LIMITADA;2025-08-31;Ações;67.89
CLASSES - FIF;47.178.405/0001-88;;BRADESCO MAXI FI FINANCEIRO - CIC EM AÇÕES - RESP LIMITADA;2025-08-31;Cotas de fundos de investimento 409;30.90
CLASSES - FIF;47.178.405/0001-88;;BRADESCO MAXI FI FINANCEIRO - CIC EM AÇÕES - RESP LIMITADA;2025-08-31;Derivativos;0.70
CLASSES - FIF;47.178.405/0001-88;;BRADESCO MAXI FI FINANCEIRO - CIC EM AÇÕES - RESP LIMITADA;2025-08-31;Operações compromissadas lastreadas em títulos públicos federais;0.30
CLASSES - FIF;47.262.058/0001-77;;QUARTZO CASH FUNDO DE INVESTIMENTO FINANCEIRO;2025-08-31;Cotas de Fundos de Investimento 409;8.17
CLASSES - FIF;47.262.058/0001-77;;QUARTZO CASH FUNDO DE INVESTIMENTO FINANCEIRO;2025-08-31;Derivativos;0.01
CLASSES - FIF;47.262.058/0001-77;;QUARTZO CASH FUNDO DE INVESTIMENTO FINANCEIRO;2025-08-31;Operações Compromissadas Lastreadas em Títulos Públicos Federais;27.00
CLASSES - FIF;47.262.058/0001-77;;QUARTZO CASH FUNDO DE INVESTIMENTO FINANCEIRO;2025-08-31;Outras Aplicações;4.26
CLASSES - FIF;47.262.058/0001-77;;QUARTZO CASH FUNDO DE INVESTIMENTO FINANCEIRO;2025-08-31;Títulos Públicos Federais;60.69
FI;47.423.757/0001-51;;RENDA FUNDO DE INVESTIMENTO FINANCEIRO RENDA FIXA LONGO PRAZO TÍTULOS PÚBL IMA GERAL RESP LIMITADA;2025-08-31;Operações Compromissadas Lastreadas em Títulos Públicos Federais;0.12
FI;47.423.757/0001-51;;RENDA FUNDO DE INVESTIMENTO FINANCEIRO RENDA FIXA LONGO PRAZO TÍTULOS PÚBL IMA GERAL RESP LIMITADA;2025-08-31;Títulos Públicos Federais;99.93
CLASSES - FIF;47.715.703/0001-60;;SULAMÉRICA PREMIUM PLUS FUNDO DE INVESTIMENTO FINANCEIRO RENDA FIXA REFERENCIADO DI CRÉDITO PRIVADO;2025-08-31;Cotas de Fundo;0.00
CLASSES - FIF;47.715.703/0001-60;;SULAMÉRICA PREMIUM PLUS FUNDO DE INVESTIMENTO FINANCEIRO RENDA FIXA REFERENCIADO DI CRÉDITO PRIVADO;2025-08-31;Op. Compromissadas;12.95
CLASSES - FIF;47.715.703/0001-60;;SULAMÉRICA PREMIUM PLUS FUNDO DE INVESTIMENTO FINANCEIRO RENDA FIXA REFERENCIADO DI CRÉDITO PRIVADO;2025-08-31;Outros;7.91
CLASSES - FIF;47.715.703/0001-60;;SULAMÉRICA PREMIUM PLUS FUNDO DE INVESTIMENTO FINANCEIRO RENDA FIXA REFERENCIADO DI CRÉDITO PRIVADO;2025-08-31;Títulos de crédito privado;78.30
CLASSES - FIF;47.715.703/0001-60;;SULAMÉRICA PREMIUM PLUS FUNDO DE INVESTIMENTO FINANCEIRO RENDA FIXA REFERENCIADO DI CRÉDITO PRIVADO;2025-08-31;Títulos público federais;8.68
CLASSES - FIF;47.715.736/0001-00;;SULAMÉRICA EXCELLENCE MASTER FIF RENDA FIXA CRÉDITO PRIVADO DE RESPONSABILIDADE LIMITADA;2025-08-31;Cotas de Fundo;2.40
CLASSES - FIF;47.715.736/0001-00;;SULAMÉRICA EXCELLENCE MASTER FIF RENDA FIXA CRÉDITO PRIVADO DE RESPONSABILIDADE LIMITADA;2025-08-31;Op. Compromissadas lastreadas em títulos públicos;21.63
CLASSES - FIF;47.715.736/0001-00;;SULAMÉRICA EXCELLENCE MASTER FIF RENDA FIXA CRÉDITO PRIVADO DE RESPONSABILIDADE LIMITADA;2025-08-31;Outros;0.21
CLASSES - FIF;47.715.736/0001-00;;SULAMÉRICA EXCELLENCE MASTER FIF RENDA FIXA CRÉDITO PRIVADO DE RESPONSABILIDADE LIMITADA;2025-08-31;Títulos de crédito privado;75.31
CLASSES - FIF;47.715.736/0001-00;;SULAMÉRICA EXCELLENCE MASTER FIF RENDA FIXA CRÉDITO PRIVADO DE RESPONSABILIDADE LIMITADA;2025-08-31;Títulos público federais;0.46
CLASSES - FIF;47.776.676/0001-35;;ABSOLUTE VERTEX CSHG II FUNDO DE INVESTIMENTO EM COTAS DE FIF MULTIMERCADO RESPONSABILIDADE LIMITADA;2025-08-31;Outras Cotas de Fundos de Investimento;100.09
CLASSES - FIF;47.776.676/0001-35;;ABSOLUTE VERTEX CSHG II FUNDO DE INVESTIMENTO EM COTAS DE FIF MULTIMERCADO RESPONSABILIDADE LIMITADA;2025-08-31;Outros;0.01
CLASSES - FIF;47.794.909/0001-22;;CSHG MASTER DIRECIONAL IMA-B 5+ FUNDO DE INVESTIMENTO FINANCEIRO RENDA FIXA RESP LIMITADA;2025-08-31;Compromissadas lastreadas em T¿los P¿blicos;6.30
CLASSES - FIF;47.794.909/0001-22;;CSHG MASTER DIRECIONAL IMA-B 5+ FUNDO DE INVESTIMENTO FINANCEIRO RENDA FIXA RESP LIMITADA;2025-08-31;Derivativos;-17.01
CLASSES - FIF;47.794.909/0001-22;;CSHG MASTER DIRECIONAL IMA-B 5+ FUNDO DE INVESTIMENTO FINANCEIRO RENDA FIXA RESP LIMITADA;2025-08-31;Outros;0.04
CLASSES - FIF;47.794.909/0001-22;;CSHG MASTER DIRECIONAL IMA-B 5+ FUNDO DE INVESTIMENTO FINANCEIRO RENDA FIXA RESP LIMITADA;2025-08-31;T¿los P¿blicos Federais;115.45
CLASSES - FIF;48.038.480/0001-06;;VANQUISH OCEAN FUNDO DE INVESTIMENTO RENDA FIXA CREDITO PRIVADO LONGO PRAZO;2025-08-31;Cotas de Fundos de Investimento 555;7.70
CLASSES - FIF;48.038.480/0001-06;;VANQUISH OCEAN FUNDO DE INVESTIMENTO RENDA FIXA CREDITO PRIVADO LONGO PRAZO;2025-08-31;Depósito a prazo e outros títulos de instituições financeiras;37.63
CLASSES - FIF;48.038.480/0001-06;;VANQUISH OCEAN FUNDO DE INVESTIMENTO RENDA FIXA CREDITO PRIVADO LONGO PRAZO;2025-08-31;Operacões compromissadas lastreadas em títulos privados;0.00
CLASSES - FIF;48.038.480/0001-06;;VANQUISH OCEAN FUNDO DE INVESTIMENTO RENDA FIXA CREDITO PRIVADO LONGO PRAZO;2025-08-31;Títulos de crédito privado;19.28
CLASSES - FIF;48.038.480/0001-06;;VANQUISH OCEAN FUNDO DE INVESTIMENTO RENDA FIXA CREDITO PRIVADO LONGO PRAZO;2025-08-31;Títulos Públicos federais;35.39
CLASSES - FIF;48.899.234/0001-49;;MAG FIF - CLASSE DE INVESTIMENTO RF  ATIVO LONGO PRAZO - RESP  LIMITADA;2025-08-31;Derivativos;7.64
CLASSES - FIF;48.899.234/0001-49;;MAG FIF - CLASSE DE INVESTIMENTO RF  ATIVO LONGO PRAZO - RESP  LIMITADA;2025-08-31;Operações compromissadas lastreadas em títulos públicos federais;11.10
CLASSES - FIF;48.899.234/0001-49;;MAG FIF - CLASSE DE INVESTIMENTO RF  ATIVO LONGO PRAZO - RESP  LIMITADA;2025-08-31;Títulos públicos federais;91.91
CLASSES - FIF;48.959.711/0001-14;;BRAM SISTEMÁTICO FRACTAL FI FINANCEIRO - CI RF - RESP LIMITADA;2025-08-31;Operações compromissadas lastreadas em títulos públicos federais;56.64
CLASSES - FIF;48.959.711/0001-14;;BRAM SISTEMÁTICO FRACTAL FI FINANCEIRO - CI RF - RESP LIMITADA;2025-08-31;Títulos públicos federais;43.35
CLASSES - FIF;48.961.358/0001-07;;BRAM ENDURANCE FI FINANCEIRO - CI MULT - RESP LIMITADA;2025-08-31;Derivativos;-2.36
CLASSES - FIF;48.961.358/0001-07;;BRAM ENDURANCE FI FINANCEIRO - CI MULT - RESP LIMITADA;2025-08-31;Operações compromissadas lastreadas em títulos públicos federais;58.07
CLASSES - FIF;48.961.358/0001-07;;BRAM ENDURANCE FI FINANCEIRO - CI MULT - RESP LIMITADA;2025-08-31;Títulos públicos federais;41.83
CLASSES - FIF;48.997.364/0001-14;;BNP PARIBAS TARGUS BP FIF- CLASSE DE INVESTIMENTO EM COTAS RENDA FIXA CRÉD PRIV - RESP LIMITADA;2025-08-31;Cotas de fundos de investimento 409;98.78
CLASSES - FIF;48.997.364/0001-14;;BNP PARIBAS TARGUS BP FIF- CLASSE DE INVESTIMENTO EM COTAS RENDA FIXA CRÉD PRIV - RESP LIMITADA;2025-08-31;Operações compromissadas lastreadas em títulos públicos federais;0.26
CLASSES - FIF;48.997.364/0001-14;;BNP PARIBAS TARGUS BP FIF- CLASSE DE INVESTIMENTO EM COTAS RENDA FIXA CRÉD PRIV - RESP LIMITADA;2025-08-31;Títulos públicos federais;0.66
CLASSES - FIF;49.033.154/0001-79;;IBIUNA CREDIT BP FIF - CLASSE DE INVESTIMENTO EM COTAS MULTIMERCADO CRÉDITO PRIVADO - RESP LIMITADA;2025-08-31;Cotas de fundos de investimento 409;99.73
CLASSES - FIF;49.033.154/0001-79;;IBIUNA CREDIT BP FIF - CLASSE DE INVESTIMENTO EM COTAS MULTIMERCADO CRÉDITO PRIVADO - RESP LIMITADA;2025-08-31;Operações compromissadas lastreadas em títulos públicos federais;0.12
CLASSES - FIF;49.033.154/0001-79;;IBIUNA CREDIT BP FIF - CLASSE DE INVESTIMENTO EM COTAS MULTIMERCADO CRÉDITO PRIVADO - RESP LIMITADA;2025-08-31;Títulos públicos federais;0.27
CLASSES - FIF;49.034.567/0001-78;;BANRISUL RPPS III FUNDO DE INVESTIMENTO FINANCEIRO RENDA FIXA RESPONSABILIDADE LIMITADA;2025-08-31;OPERAÇÕES COMPROMISSADAS LASTREADAS EM TÍTULOS PÚBLICOS FEDERAIS;0.32
CLASSES - FIF;49.034.567/0001-78;;BANRISUL RPPS III FUNDO DE INVESTIMENTO FINANCEIRO RENDA FIXA RESPONSABILIDADE LIMITADA;2025-08-31;TÍTULOS PÚBLICOS FEDERAIS;99.64
CLASSES - FIF;49.058.526/0001-11;;PHI ALPHA FUNDO DE INVESTIMENTO FINANCEIRO;2025-08-31;Ações;83.73
CLASSES - FIF;49.058.526/0001-11;;PHI ALPHA FUNDO DE INVESTIMENTO FINANCEIRO;2025-08-31;Cotas de Fundos de Investimento 409;15.57
CLASSES - FIF;49.058.526/0001-11;;PHI ALPHA FUNDO DE INVESTIMENTO FINANCEIRO;2025-08-31;Outras Aplicações;0.91
CLASSES - FIF;49.077.640/0001-99;;BRADESCO BOLSA AMERICANA INSTITUCIONAL FIF - CIC MULT - RESP LIMITADA;2025-08-31;Derivativos;99.81
CLASSES - FIF;49.077.640/0001-99;;BRADESCO BOLSA AMERICANA INSTITUCIONAL FIF - CIC MULT - RESP LIMITADA;2025-08-31;Operações compromissadas lastreadas em títulos públicos federais;11.61
CLASSES - FIF;49.077.640/0001-99;;BRADESCO BOLSA AMERICANA INSTITUCIONAL FIF - CIC MULT - RESP LIMITADA;2025-08-31;Títulos públicos federais;89.19
CLASSES - FIF;49.083.552/0001-08;;DIRECT GIANT ZARATHUSTRA FIF - CIC MULTIMERCADO - RESP LIMITADA;2025-08-31;Cotas de fundos de investimento 409;96.77
CLASSES - FIF;49.083.552/0001-08;;DIRECT GIANT ZARATHUSTRA FIF - CIC MULTIMERCADO - RESP LIMITADA;2025-08-31;Operações compromissadas lastreadas em títulos públicos federais;0.87
CLASSES - FIF;49.083.552/0001-08;;DIRECT GIANT ZARATHUSTRA FIF - CIC MULTIMERCADO - RESP LIMITADA;2025-08-31;Títulos públicos federais;2.16
CLASSES - FIF;49.106.197/0001-37;;KRATHUS FI FINANCEIRO - CIA BDR NÍVEL I - RESP LIMITADA;2025-08-31;Ações;66.37
CLASSES - FIF;49.106.197/0001-37;;KRATHUS FI FINANCEIRO - CIA BDR NÍVEL I - RESP LIMITADA;2025-08-31;Cotas de fundos de investimento 409;30.17
CLASSES - FIF;49.106.197/0001-37;;KRATHUS FI FINANCEIRO - CIA BDR NÍVEL I - RESP LIMITADA;2025-08-31;Operações compromissadas lastreadas em títulos públicos federais;1.13
CLASSES - FIF;49.106.197/0001-37;;KRATHUS FI FINANCEIRO - CIA BDR NÍVEL I - RESP LIMITADA;2025-08-31;Títulos públicos federais;2.19
CLASSES - FIF;49.173.111/0001-99;;BRADESCO IDKA IPCA 5 FI FINANCEIRO - CIC RF - RESP LIMITADA;2025-08-31;Derivativos;0.00
CLASSES - FIF;49.173.111/0001-99;;BRADESCO IDKA IPCA 5 FI FINANCEIRO - CIC RF - RESP LIMITADA;2025-08-31;Operações compromissadas lastreadas em títulos públicos federais;0.06
CLASSES - FIF;49.173.111/0001-99;;BRADESCO IDKA IPCA 5 FI FINANCEIRO - CIC RF - RESP LIMITADA;2025-08-31;Títulos públicos federais;99.65
CLASSES - FIF;49.176.765/0001-76;;BRADESCO IDKA PRÉ 5 FI FINANCEIRO - CIC RF - RESP LIMITADA;2025-08-31;Derivativos;61.43
CLASSES - FIF;49.176.765/0001-76;;BRADESCO IDKA PRÉ 5 FI FINANCEIRO - CIC RF - RESP LIMITADA;2025-08-31;Operações compromissadas lastreadas em títulos públicos federais;15.40
CLASSES - FIF;49.176.765/0001-76;;BRADESCO IDKA PRÉ 5 FI FINANCEIRO - CIC RF - RESP LIMITADA;2025-08-31;Títulos públicos federais;84.58
CLASSES - FIF;49.232.076/0001-31;;BRADESCO SOLANA LONG AND SHORT FIF - CLASSE DE INVESTIMENTO EM COTAS MULTIMERCADO - RESP LIMITADA;2025-08-31;Cotas de fundos de investimento 409;99.63
CLASSES - FIF;49.232.076/0001-31;;BRADESCO SOLANA LONG AND SHORT FIF - CLASSE DE INVESTIMENTO EM COTAS MULTIMERCADO - RESP LIMITADA;2025-08-31;Operações compromissadas lastreadas em títulos públicos federais;0.13
CLASSES - FIF;49.232.076/0001-31;;BRADESCO SOLANA LONG AND SHORT FIF - CLASSE DE INVESTIMENTO EM COTAS MULTIMERCADO - RESP LIMITADA;2025-08-31;Títulos públicos federais;0.29
CLASSES - FIF;49.447.957/0001-70;;PLANNER REDWOOD PREMIUM FUNDO DE INVESTIMENTO EM AÇÕES;2025-08-31;Ações - Mercado à Vista;65.97
CLASSES - FIF;49.447.957/0001-70;;PLANNER REDWOOD PREMIUM FUNDO DE INVESTIMENTO EM AÇÕES;2025-08-31;Cotas de Fundos;24.54
CLASSES - FIF;49.447.957/0001-70;;PLANNER REDWOOD PREMIUM FUNDO DE INVESTIMENTO EM AÇÕES;2025-08-31;Renda Fixa;8.95
CLASSES - FIF;49.571.655/0001-09;;CONEXÃO BNP PARIBAS DIVERSIFIED DYNAMIC FIF - CIC MULTI - RESPONSABILIDADE LIMITADA;2025-08-31;Cotas de fundos de investimento 409;98.31
CLASSES - FIF;49.571.655/0001-09;;CONEXÃO BNP PARIBAS DIVERSIFIED DYNAMIC FIF - CIC MULTI - RESPONSABILIDADE LIMITADA;2025-08-31;Operações compromissadas lastreadas em títulos públicos federais;0.30
CLASSES - FIF;49.571.655/0001-09;;CONEXÃO BNP PARIBAS DIVERSIFIED DYNAMIC FIF - CIC MULTI - RESPONSABILIDADE LIMITADA;2025-08-31;Títulos públicos federais;0.75
CLASSES - FIF;49.647.466/0001-72;;BRADESCO SOLARO FI FINANCEIRO - CIC RF CRED PRIV LP - RESP LIMITADA;2025-08-31;Cotas de fundos de investimento 409;7.78
CLASSES - FIF;49.647.466/0001-72;;BRADESCO SOLARO FI FINANCEIRO - CIC RF CRED PRIV LP - RESP LIMITADA;2025-08-31;Depósitos a prazo e outros títulos de instituições financeiras;18.65
CLASSES - FIF;49.647.466/0001-72;;BRADESCO SOLARO FI FINANCEIRO - CIC RF CRED PRIV LP - RESP LIMITADA;2025-08-31;Operações compromissadas lastreadas em títulos públicos federais;26.22
CLASSES - FIF;49.647.466/0001-72;;BRADESCO SOLARO FI FINANCEIRO - CIC RF CRED PRIV LP - RESP LIMITADA;2025-08-31;Títulos de crédito privado;47.22
CLASSES - FIF;49.647.466/0001-72;;BRADESCO SOLARO FI FINANCEIRO - CIC RF CRED PRIV LP - RESP LIMITADA;2025-08-31;Títulos públicos federais;0.56
CLASSES - FIF;49.776.738/0001-34;;IBIUNA LONG SHORT FP FIF - CLASSE DE INVESTIMENTO EM COTAS MULTIMERCADO - RESPONSABILIDADE  LIMITADA;2025-08-31;Ações;57.12
CLASSES - FIF;49.776.738/0001-34;;IBIUNA LONG SHORT FP FIF - CLASSE DE INVESTIMENTO EM COTAS MULTIMERCADO - RESPONSABILIDADE  LIMITADA;2025-08-31;Cotas de fundos de investimento 409;0.46
CLASSES - FIF;49.776.738/0001-34;;IBIUNA LONG SHORT FP FIF - CLASSE DE INVESTIMENTO EM COTAS MULTIMERCADO - RESPONSABILIDADE  LIMITADA;2025-08-31;Investimento no exterior;17.76
CLASSES - FIF;49.776.738/0001-34;;IBIUNA LONG SHORT FP FIF - CLASSE DE INVESTIMENTO EM COTAS MULTIMERCADO - RESPONSABILIDADE  LIMITADA;2025-08-31;Operações compromissadas lastreadas em títulos públicos federais;11.00
CLASSES - FIF;49.776.738/0001-34;;IBIUNA LONG SHORT FP FIF - CLASSE DE INVESTIMENTO EM COTAS MULTIMERCADO - RESPONSABILIDADE  LIMITADA;2025-08-31;Títulos públicos federais;58.34
CLASSES - FIF;49.801.593/0001-84;;BRADESCO EXPLORER EDGE FI FINANCEIRO - CIC MULT CRED PRIV - RESP LIMITADA;2025-08-31;Cotas de fundos de investimento 409;99.32
CLASSES - FIF;49.801.593/0001-84;;BRADESCO EXPLORER EDGE FI FINANCEIRO - CIC MULT CRED PRIV - RESP LIMITADA;2025-08-31;Operações compromissadas lastreadas em títulos públicos federais;0.19
CLASSES - FIF;49.801.593/0001-84;;BRADESCO EXPLORER EDGE FI FINANCEIRO - CIC MULT CRED PRIV - RESP LIMITADA;2025-08-31;Títulos públicos federais;0.49
CLASSES - FIF;49.887.885/0001-81;;CONNEX PREMIUM FUNDO DE INVESTIMENTO FINANCEIRO MULTIMERCADO;2025-08-31;Cotas de Fundos de Investimento 409;3.90
CLASSES - FIF;49.887.885/0001-81;;CONNEX PREMIUM FUNDO DE INVESTIMENTO FINANCEIRO MULTIMERCADO;2025-08-31;Derivativos;0.16
CLASSES - FIF;49.887.885/0001-81;;CONNEX PREMIUM FUNDO DE INVESTIMENTO FINANCEIRO MULTIMERCADO;2025-08-31;Outras Aplicações;0.03
CLASSES - FIF;49.887.885/0001-81;;CONNEX PREMIUM FUNDO DE INVESTIMENTO FINANCEIRO MULTIMERCADO;2025-08-31;Títulos Públicos Federais;96.16
CLASSES - FIF;49.963.346/0001-84;;CONEXÃO NOVUS EXCLUSIVE FIF - CIC RENDA FIXA LONGO PRAZO - RESP LIMITADA;2025-08-31;Cotas de fundos de investimento 409;99.52
CLASSES - FIF;49.963.346/0001-84;;CONEXÃO NOVUS EXCLUSIVE FIF - CIC RENDA FIXA LONGO PRAZO - RESP LIMITADA;2025-08-31;Operações compromissadas lastreadas em títulos públicos federais;0.15
CLASSES - FIF;49.963.346/0001-84;;CONEXÃO NOVUS EXCLUSIVE FIF - CIC RENDA FIXA LONGO PRAZO - RESP LIMITADA;2025-08-31;Títulos públicos federais;0.33
CLASSES - FIF;49.977.033/0001-85;;MIRABAUD TRADITION FI FINANCEIRO - CI RF CRED PRIV - RESP LIMITADA;2025-08-31;Cotas de fundos de investimento 409;15.09
CLASSES - FIF;49.977.033/0001-85;;MIRABAUD TRADITION FI FINANCEIRO - CI RF CRED PRIV - RESP LIMITADA;2025-08-31;Depósitos a prazo e outros títulos de instituições financeiras;23.19
CLASSES - FIF;49.977.033/0001-85;;MIRABAUD TRADITION FI FINANCEIRO - CI RF CRED PRIV - RESP LIMITADA;2025-08-31;Operações compromissadas lastreadas em títulos públicos federais;16.84
CLASSES - FIF;49.977.033/0001-85;;MIRABAUD TRADITION FI FINANCEIRO - CI RF CRED PRIV - RESP LIMITADA;2025-08-31;Títulos de crédito privado;43.19
CLASSES - FIF;49.977.033/0001-85;;MIRABAUD TRADITION FI FINANCEIRO - CI RF CRED PRIV - RESP LIMITADA;2025-08-31;Títulos públicos federais;1.83
FI;49.995.610/0001-61;;INTER INSTITUIÇÕES FINANCEIRAS FUNDO DE INVESTIMENTO FINANCEIRO RENDA FIXA CRÉD PRIV RESP LIMITADA;2025-08-31;Depósitos a Prazo e Outros Títulos de Instituições Financeiras;75.66
FI;49.995.610/0001-61;;INTER INSTITUIÇÕES FINANCEIRAS FUNDO DE INVESTIMENTO FINANCEIRO RENDA FIXA CRÉD PRIV RESP LIMITADA;2025-08-31;Operações Compromissadas Lastreadas em Títulos Públicos Federais;4.19
FI;49.995.610/0001-61;;INTER INSTITUIÇÕES FINANCEIRAS FUNDO DE INVESTIMENTO FINANCEIRO RENDA FIXA CRÉD PRIV RESP LIMITADA;2025-08-31;Títulos Públicos Federais;20.18
CLASSES - FIF;49.996.302/0001-50;;BOCOM BBM CORPORATE CREDIT II FIF - CIC RFCRED PRIV - RESP LIMITADA;2025-08-31;Cotas de fundos de investimento 409;2.31
CLASSES - FIF;49.996.302/0001-50;;BOCOM BBM CORPORATE CREDIT II FIF - CIC RFCRED PRIV - RESP LIMITADA;2025-08-31;Depósitos a prazo e outros títulos de instituições financeiras;45.69
CLASSES - FIF;49.996.302/0001-50;;BOCOM BBM CORPORATE CREDIT II FIF - CIC RFCRED PRIV - RESP LIMITADA;2025-08-31;Operações compromissadas lastreadas em títulos públicos federais;18.58
CLASSES - FIF;49.996.302/0001-50;;BOCOM BBM CORPORATE CREDIT II FIF - CIC RFCRED PRIV - RESP LIMITADA;2025-08-31;Títulos de crédito privado;33.08
CLASSES - FIF;49.996.302/0001-50;;BOCOM BBM CORPORATE CREDIT II FIF - CIC RFCRED PRIV - RESP LIMITADA;2025-08-31;Títulos públicos federais;0.96
CLASSES - FIF;50.094.963/0001-70;;BOCOM BBM CASH FIF - CIC RFCRED PRIV REFERENCIADA DI - RESP LIMITADA;2025-08-31;Depósitos a prazo e outros títulos de instituições financeiras;62.79
CLASSES - FIF;50.094.963/0001-70;;BOCOM BBM CASH FIF - CIC RFCRED PRIV REFERENCIADA DI - RESP LIMITADA;2025-08-31;Derivativos;-3.61
CLASSES - FIF;50.094.963/0001-70;;BOCOM BBM CASH FIF - CIC RFCRED PRIV REFERENCIADA DI - RESP LIMITADA;2025-08-31;Operações compromissadas lastreadas em títulos públicos federais;29.34
CLASSES - FIF;50.094.963/0001-70;;BOCOM BBM CASH FIF - CIC RFCRED PRIV REFERENCIADA DI - RESP LIMITADA;2025-08-31;Títulos públicos federais;7.92
CLASSES - FIF;50.096.232/0001-63;;BOCOM BBM CASH FIF - CLASSE DE INVESTIMENTO RFCRED PRIV REFERENCIADA DI - RESP LIMITADA;2025-08-31;Depósitos a prazo e outros títulos de instituições financeiras;62.77
CLASSES - FIF;50.096.232/0001-63;;BOCOM BBM CASH FIF - CLASSE DE INVESTIMENTO RFCRED PRIV REFERENCIADA DI - RESP LIMITADA;2025-08-31;Derivativos;-3.61
CLASSES - FIF;50.096.232/0001-63;;BOCOM BBM CASH FIF - CLASSE DE INVESTIMENTO RFCRED PRIV REFERENCIADA DI - RESP LIMITADA;2025-08-31;Operações compromissadas lastreadas em títulos públicos federais;29.33
CLASSES - FIF;50.096.232/0001-63;;BOCOM BBM CASH FIF - CLASSE DE INVESTIMENTO RFCRED PRIV REFERENCIADA DI - RESP LIMITADA;2025-08-31;Títulos públicos federais;7.91
CLASSES - FIF;50.109.627/0001-53;;BOCOM BBM CASH ENHANCED FIF  - CIC RENDA FIXA CRÉDITO PRIVADO - RESPONSABILIDADE LIMITADA;2025-08-31;Depósitos a prazo e outros títulos de instituições financeiras;52.31
CLASSES - FIF;50.109.627/0001-53;;BOCOM BBM CASH ENHANCED FIF  - CIC RENDA FIXA CRÉDITO PRIVADO - RESPONSABILIDADE LIMITADA;2025-08-31;Operações compromissadas lastreadas em títulos públicos federais;20.35
CLASSES - FIF;50.109.627/0001-53;;BOCOM BBM CASH ENHANCED FIF  - CIC RENDA FIXA CRÉDITO PRIVADO - RESPONSABILIDADE LIMITADA;2025-08-31;Títulos de crédito privado;29.16
CLASSES - FIF;50.112.294/0001-11;;BOCOM BBM CASH ENHANCED FIF CLASSE DE INVESTIMENTO RFCRED PRIV - RESP LIMITADA;2025-08-31;Depósitos a prazo e outros títulos de instituições financeiras;51.38
CLASSES - FIF;50.112.294/0001-11;;BOCOM BBM CASH ENHANCED FIF CLASSE DE INVESTIMENTO RFCRED PRIV - RESP LIMITADA;2025-08-31;Operações compromissadas lastreadas em títulos públicos federais;19.98
CLASSES - FIF;50.112.294/0001-11;;BOCOM BBM CASH ENHANCED FIF CLASSE DE INVESTIMENTO RFCRED PRIV - RESP LIMITADA;2025-08-31;Títulos de crédito privado;28.64
CLASSES - FIF;50.114.259/0001-31;;SEVEN POUNDS SOBERANO FUNDO DE INVESTIMENTO FINANCEIRO;2025-08-31;Cotas de Fundos de Investimento 409;8.87
CLASSES - FIF;50.114.259/0001-31;;SEVEN POUNDS SOBERANO FUNDO DE INVESTIMENTO FINANCEIRO;2025-08-31;Outras Aplicações;0.04
CLASSES - FIF;50.114.259/0001-31;;SEVEN POUNDS SOBERANO FUNDO DE INVESTIMENTO FINANCEIRO;2025-08-31;Títulos Públicos Federais;91.21
CLASSES - FIF;50.161.436/0001-30;;IBIUNA LONG SHORT BRS FIF -CLASSE DE INVESTIMENTO EM COTAS MULTIMERCADO - RESPONSABILIDADE  LIMITADA;2025-08-31;Ações;57.32
CLASSES - FIF;50.161.436/0001-30;;IBIUNA LONG SHORT BRS FIF -CLASSE DE INVESTIMENTO EM COTAS MULTIMERCADO - RESPONSABILIDADE  LIMITADA;2025-08-31;Cotas de fundos de investimento 409;0.46
CLASSES - FIF;50.161.436/0001-30;;IBIUNA LONG SHORT BRS FIF -CLASSE DE INVESTIMENTO EM COTAS MULTIMERCADO - RESPONSABILIDADE  LIMITADA;2025-08-31;Investimento no exterior;17.82
CLASSES - FIF;50.161.436/0001-30;;IBIUNA LONG SHORT BRS FIF -CLASSE DE INVESTIMENTO EM COTAS MULTIMERCADO - RESPONSABILIDADE  LIMITADA;2025-08-31;Operações compromissadas lastreadas em títulos públicos federais;11.04
CLASSES - FIF;50.161.436/0001-30;;IBIUNA LONG SHORT BRS FIF -CLASSE DE INVESTIMENTO EM COTAS MULTIMERCADO - RESPONSABILIDADE  LIMITADA;2025-08-31;Títulos públicos federais;58.55
CLASSES - FIF;50.190.969/0001-40;;TARPON INTERSECTION I FUNDO DE INVESTIMENTO FINANCEIRO;2025-08-31;Ações;80.15
CLASSES - FIF;50.190.969/0001-40;;TARPON INTERSECTION I FUNDO DE INVESTIMENTO FINANCEIRO;2025-08-31;Cotas de Fundos de Investimento 409;3.66
CLASSES - FIF;50.190.969/0001-40;;TARPON INTERSECTION I FUNDO DE INVESTIMENTO FINANCEIRO;2025-08-31;Outras Aplicações;0.33
CLASSES - FIF;50.190.969/0001-40;;TARPON INTERSECTION I FUNDO DE INVESTIMENTO FINANCEIRO;2025-08-31;Outras Cotas de Fundos de Investimento;16.09
CLASSES - FIF;50.190.969/0001-40;;TARPON INTERSECTION I FUNDO DE INVESTIMENTO FINANCEIRO;2025-08-31;Títulos Públicos Federais;0.02
FI;50.197.313/0001-50;;INTER BB FC DE FUNDO DE INVESTIMENTO FINANCEIRO RENDA FIXA LONGO PRAZO RESP LIMITADA;2025-08-31;Cotas de Fundos de Investimento 555;96.87
FI;50.197.313/0001-50;;INTER BB FC DE FUNDO DE INVESTIMENTO FINANCEIRO RENDA FIXA LONGO PRAZO RESP LIMITADA;2025-08-31;Operações Compromissadas Lastreadas em Títulos Públicos Federais;3.35
CLASSES - FIF;50.223.269/0001-05;;MAG HIGH GRADE FIF CLASSE DE INVESTIMENTO RENDA FIXA CRÉDITO PRIVADO LONGO PRAZO RESP LIMITADA;2025-08-31;Cotas de fundos de investimento 409;4.84
CLASSES - FIF;50.223.269/0001-05;;MAG HIGH GRADE FIF CLASSE DE INVESTIMENTO RENDA FIXA CRÉDITO PRIVADO LONGO PRAZO RESP LIMITADA;2025-08-31;Depósitos a prazo e outros títulos de instituições financeiras;37.40
CLASSES - FIF;50.223.269/0001-05;;MAG HIGH GRADE FIF CLASSE DE INVESTIMENTO RENDA FIXA CRÉDITO PRIVADO LONGO PRAZO RESP LIMITADA;2025-08-31;Operações compromissadas lastreadas em títulos públicos federais;31.25
CLASSES - FIF;50.223.269/0001-05;;MAG HIGH GRADE FIF CLASSE DE INVESTIMENTO RENDA FIXA CRÉDITO PRIVADO LONGO PRAZO RESP LIMITADA;2025-08-31;Títulos de crédito privado;26.47
CLASSES - FIF;50.223.269/0001-05;;MAG HIGH GRADE FIF CLASSE DE INVESTIMENTO RENDA FIXA CRÉDITO PRIVADO LONGO PRAZO RESP LIMITADA;2025-08-31;Títulos públicos federais;0.16
CLASSES - FIF;50.235.197/0001-16;;DAYCOVAL CLASSIC TÍTULOS BANCÁRIOS FUNDO DE INVESTIMENTO FINANCEIRO RENDA FIXA;2025-08-31;Depósitos a Prazo e Outros Títulos de Instituições Financeiras;91.21
CLASSES - FIF;50.235.197/0001-16;;DAYCOVAL CLASSIC TÍTULOS BANCÁRIOS FUNDO DE INVESTIMENTO FINANCEIRO RENDA FIXA;2025-08-31;Operações Compromissadas Lastreadas em Títulos Públicos Federais;8.83
CLASSES - FIF;50.235.197/0001-16;;DAYCOVAL CLASSIC TÍTULOS BANCÁRIOS FUNDO DE INVESTIMENTO FINANCEIRO RENDA FIXA;2025-08-31;Outras Aplicações;0.02
CLASSES - FIF;50.398.792/0001-72;;ERFOLG MACRO FUNDO DE INVESTIMENTO FINANCEIRO MULTIMERCADO RESPONSABILIDADE LIMITADA;2025-08-31;Cotas de Fundos de Investimento 555;8.95
CLASSES - FIF;50.398.792/0001-72;;ERFOLG MACRO FUNDO DE INVESTIMENTO FINANCEIRO MULTIMERCADO RESPONSABILIDADE LIMITADA;2025-08-31;Operações Compromissadas Lastreadas em Títulos Públicos Federais;18.87
CLASSES - FIF;50.398.792/0001-72;;ERFOLG MACRO FUNDO DE INVESTIMENTO FINANCEIRO MULTIMERCADO RESPONSABILIDADE LIMITADA;2025-08-31;Títulos Públicos Federais;70.89
CLASSES - FIF;50.468.831/0001-60;;DOURADA FIC FIA FUNDO DE INVESTIMENTO FINANCEIRO;2025-08-31;Ações;100.25
CLASSES - FIF;50.468.831/0001-60;;DOURADA FIC FIA FUNDO DE INVESTIMENTO FINANCEIRO;2025-08-31;Outras Aplicações;0.02
CLASSES - FIF;50.469.036/0001-97;;DOURADA FUNDO DE INVESTIMENTO FINANCEIRO;2025-08-31;Ações;100.03
CLASSES - FIF;50.469.036/0001-97;;DOURADA FUNDO DE INVESTIMENTO FINANCEIRO;2025-08-31;Outras Aplicações;0.01
CLASSES - FIF;50.534.721/0001-50;;DESBRAVA PERFORMANCE FUNDO DE INVESTIMENTO FINANCEIRO;2025-08-31;Ações;97.42
CLASSES - FIF;50.534.721/0001-50;;DESBRAVA PERFORMANCE FUNDO DE INVESTIMENTO FINANCEIRO;2025-08-31;Cotas de fundos de Investimento;1.51
CLASSES - FIF;50.534.813/0001-30;;BANESTES INVEST FÁCIL FIF RENDA FIXA SIMPLES RESPONSABILIDADE LIMITADA;2025-08-31;Operações compromissadas lastreadas em títulos públicos federais;55.91
CLASSES - FIF;50.534.813/0001-30;;BANESTES INVEST FÁCIL FIF RENDA FIXA SIMPLES RESPONSABILIDADE LIMITADA;2025-08-31;Títulos públicos federais;44.30
CLASSES - FIF;50.649.446/0001-10;;VINCI POTENZA FIF - CLASSE DE INVESTIMENTO EM COTAS MULTIMERCADO - RESP LIMITADA;2025-08-31;Ações;4.61
CLASSES - FIF;50.649.446/0001-10;;VINCI POTENZA FIF - CLASSE DE INVESTIMENTO EM COTAS MULTIMERCADO - RESP LIMITADA;2025-08-31;Derivativos;54.32
CLASSES - FIF;50.649.446/0001-10;;VINCI POTENZA FIF - CLASSE DE INVESTIMENTO EM COTAS MULTIMERCADO - RESP LIMITADA;2025-08-31;Investimento no exterior;19.94
CLASSES - FIF;50.649.446/0001-10;;VINCI POTENZA FIF - CLASSE DE INVESTIMENTO EM COTAS MULTIMERCADO - RESP LIMITADA;2025-08-31;Operações compromissadas lastreadas em títulos públicos federais;7.24
CLASSES - FIF;50.649.446/0001-10;;VINCI POTENZA FIF - CLASSE DE INVESTIMENTO EM COTAS MULTIMERCADO - RESP LIMITADA;2025-08-31;Títulos públicos federais;66.75
CLASSES - FIF;50.860.959/0001-75;;CLUBE DO VALOR MOMENTUM MASTER FUNDO DE INVESTIMENTO FINANCEIRO;2025-08-31;Ações;80.35
CLASSES - FIF;50.860.959/0001-75;;CLUBE DO VALOR MOMENTUM MASTER FUNDO DE INVESTIMENTO FINANCEIRO;2025-08-31;Cotas de Fundos de Investimento 409;1.07
CLASSES - FIF;50.860.959/0001-75;;CLUBE DO VALOR MOMENTUM MASTER FUNDO DE INVESTIMENTO FINANCEIRO;2025-08-31;Outras Aplicações;19.46
CLASSES - FIF;50.860.990/0001-06;;CLUBE DO VALOR MOMENTUM FUNDO DE INVESTIMENTO EM COTAS DE FUNDO DE  INVESTIMENTO EM AÇÕES;2025-08-31;Ações;80.38
CLASSES - FIF;50.860.990/0001-06;;CLUBE DO VALOR MOMENTUM FUNDO DE INVESTIMENTO EM COTAS DE FUNDO DE  INVESTIMENTO EM AÇÕES;2025-08-31;Cotas de Fundos de Investimento 409;1.07
CLASSES - FIF;50.860.990/0001-06;;CLUBE DO VALOR MOMENTUM FUNDO DE INVESTIMENTO EM COTAS DE FUNDO DE  INVESTIMENTO EM AÇÕES;2025-08-31;Operações Compromissadas Lastreadas em Títulos Públicos Federais;0.05
CLASSES - FIF;50.860.990/0001-06;;CLUBE DO VALOR MOMENTUM FUNDO DE INVESTIMENTO EM COTAS DE FUNDO DE  INVESTIMENTO EM AÇÕES;2025-08-31;Outras Aplicações;19.49
CLASSES - FIF;50.860.990/0001-06;;CLUBE DO VALOR MOMENTUM FUNDO DE INVESTIMENTO EM COTAS DE FUNDO DE  INVESTIMENTO EM AÇÕES;2025-08-31;Títulos Públicos Federais;0.13
CLASSES - FIF;50.940.912/0001-11;;CONEXÃO IBIUNA HEDGE STH BP FIF - CLASSE DE INVESTIMENTO EM COTAS MULTIMERCADO - RESP LIMITADA;2025-08-31;Cotas de fundos de investimento 409;99.91
CLASSES - FIF;50.940.912/0001-11;;CONEXÃO IBIUNA HEDGE STH BP FIF - CLASSE DE INVESTIMENTO EM COTAS MULTIMERCADO - RESP LIMITADA;2025-08-31;Operações compromissadas lastreadas em títulos públicos federais;0.14
CLASSES - FIF;50.940.912/0001-11;;CONEXÃO IBIUNA HEDGE STH BP FIF - CLASSE DE INVESTIMENTO EM COTAS MULTIMERCADO - RESP LIMITADA;2025-08-31;Títulos públicos federais;0.30
CLASSES - FIF;50.958.673/0001-27;;BRAM FUNDAMENTAL FI FINANCEIRO - CIA - RESP LIMITADA;2025-08-31;Ações;89.38
CLASSES - FIF;50.958.673/0001-27;;BRAM FUNDAMENTAL FI FINANCEIRO - CIA - RESP LIMITADA;2025-08-31;Cotas de fundos de investimento 409;5.62
CLASSES - FIF;50.958.673/0001-27;;BRAM FUNDAMENTAL FI FINANCEIRO - CIA - RESP LIMITADA;2025-08-31;Derivativos;-0.05
CLASSES - FIF;50.958.673/0001-27;;BRAM FUNDAMENTAL FI FINANCEIRO - CIA - RESP LIMITADA;2025-08-31;Investimento no exterior;2.58
CLASSES - FIF;50.958.673/0001-27;;BRAM FUNDAMENTAL FI FINANCEIRO - CIA - RESP LIMITADA;2025-08-31;Operações compromissadas lastreadas em títulos públicos federais;3.31
CLASSES - FIF;50.991.372/0001-03;;PANAMBY GLOBAL MACRO FIF - CLASSE DE INVESTIMENTO MULT - RESP LIMITADA;2025-08-31;Cotas de fundos de investimento 409;10.89
CLASSES - FIF;50.991.372/0001-03;;PANAMBY GLOBAL MACRO FIF - CLASSE DE INVESTIMENTO MULT - RESP LIMITADA;2025-08-31;Derivativos;226.19
CLASSES - FIF;50.991.372/0001-03;;PANAMBY GLOBAL MACRO FIF - CLASSE DE INVESTIMENTO MULT - RESP LIMITADA;2025-08-31;Operações compromissadas lastreadas em títulos públicos federais;55.66
CLASSES - FIF;50.991.372/0001-03;;PANAMBY GLOBAL MACRO FIF - CLASSE DE INVESTIMENTO MULT - RESP LIMITADA;2025-08-31;Títulos de crédito privado;3.76
CLASSES - FIF;50.991.372/0001-03;;PANAMBY GLOBAL MACRO FIF - CLASSE DE INVESTIMENTO MULT - RESP LIMITADA;2025-08-31;Títulos públicos federais;26.83
CLASSES - FIF;51.162.466/0001-24;;IBIUNA LONG SHORT FO FIF - CLASSE DE INVESTIMENTO EM COTAS MULTIMERCADO - RESPONSABILIDADE  LIMITADA;2025-08-31;Ações;57.09
CLASSES - FIF;51.162.466/0001-24;;IBIUNA LONG SHORT FO FIF - CLASSE DE INVESTIMENTO EM COTAS MULTIMERCADO - RESPONSABILIDADE  LIMITADA;2025-08-31;Cotas de fundos de investimento 409;0.46
CLASSES - FIF;51.162.466/0001-24;;IBIUNA LONG SHORT FO FIF - CLASSE DE INVESTIMENTO EM COTAS MULTIMERCADO - RESPONSABILIDADE  LIMITADA;2025-08-31;Investimento no exterior;17.75
CLASSES - FIF;51.162.466/0001-24;;IBIUNA LONG SHORT FO FIF - CLASSE DE INVESTIMENTO EM COTAS MULTIMERCADO - RESPONSABILIDADE  LIMITADA;2025-08-31;Operações compromissadas lastreadas em títulos públicos federais;11.00
CLASSES - FIF;51.162.466/0001-24;;IBIUNA LONG SHORT FO FIF - CLASSE DE INVESTIMENTO EM COTAS MULTIMERCADO - RESPONSABILIDADE  LIMITADA;2025-08-31;Títulos públicos federais;58.31
CLASSES - FIF;51.248.976/0001-19;;ASA ALPHA K FI FINANCEIRO - CI RF - RESP LIMITADA;2025-08-31;Derivativos;27.03
CLASSES - FIF;51.248.976/0001-19;;ASA ALPHA K FI FINANCEIRO - CI RF - RESP LIMITADA;2025-08-31;Operações compromissadas lastreadas em títulos públicos federais;30.50
CLASSES - FIF;51.248.976/0001-19;;ASA ALPHA K FI FINANCEIRO - CI RF - RESP LIMITADA;2025-08-31;Títulos públicos federais;69.58
CLASSES - FIF;51.293.148/0001-00;;BRADESCO BANCOS II FI FINANCEIRO - CIC RF CRED PRIV - RESP LIMITADA;2025-08-31;Depósitos a prazo e outros títulos de instituições financeiras;74.18
CLASSES - FIF;51.293.148/0001-00;;BRADESCO BANCOS II FI FINANCEIRO - CIC RF CRED PRIV - RESP LIMITADA;2025-08-31;Operações compromissadas lastreadas em títulos públicos federais;23.53
CLASSES - FIF;51.293.148/0001-00;;BRADESCO BANCOS II FI FINANCEIRO - CIC RF CRED PRIV - RESP LIMITADA;2025-08-31;Títulos públicos federais;2.32
CLASSES - FIF;51.305.063/0001-97;;PARTICIPATION FUNDO DE INVESTIMENTO MULTIMERCADO CRÉDITO PRIVADO;2025-08-31;Acões;0.00
CLASSES - FIF;51.305.063/0001-97;;PARTICIPATION FUNDO DE INVESTIMENTO MULTIMERCADO CRÉDITO PRIVADO;2025-08-31;Cotas de Fundos de Investimento 555;100.27
CLASSES - FIF;51.305.063/0001-97;;PARTICIPATION FUNDO DE INVESTIMENTO MULTIMERCADO CRÉDITO PRIVADO;2025-08-31;Operacões compromissadas lastreadas em títulos privados;0.00
CLASSES - FIF;51.305.063/0001-97;;PARTICIPATION FUNDO DE INVESTIMENTO MULTIMERCADO CRÉDITO PRIVADO;2025-08-31;Operacões compromissadas lastreadas em títulos públicos federais;0.00
CLASSES - FIF;51.305.063/0001-97;;PARTICIPATION FUNDO DE INVESTIMENTO MULTIMERCADO CRÉDITO PRIVADO;2025-08-31;Títulos Públicos federais;0.00
CLASSES - FIF;51.477.908/0001-21;;LEME FAROL AÇÕES FUNDO DE INVESTIMENTO EM COTAS DE FUNDO DE INVESTIMENTO FINANCEIRO - RESPONSABILIDA;2025-08-31;Cotas de Fundos de Investimento 409;100.00
CLASSES - FIF;51.477.908/0001-21;;LEME FAROL AÇÕES FUNDO DE INVESTIMENTO EM COTAS DE FUNDO DE INVESTIMENTO FINANCEIRO - RESPONSABILIDA;2025-08-31;Operações Compromissadas Lastreadas em Títulos Públicos Federais;1.30
CLASSES - FIF;51.477.908/0001-21;;LEME FAROL AÇÕES FUNDO DE INVESTIMENTO EM COTAS DE FUNDO DE INVESTIMENTO FINANCEIRO - RESPONSABILIDA;2025-08-31;Outras Aplicações;0.12
CLASSES - FIF;51.517.703/0001-22;;QUAESTUS ONE FUNDO DE INVESTIMENTO FINANCEIRO MULTIMERCADO LP - RESPONSABILIDADE LIMITADA;2025-08-31;Operações compromissadas lastreadas em títulospúblicos federais;2.02
CLASSES - FIF;51.517.703/0001-22;;QUAESTUS ONE FUNDO DE INVESTIMENTO FINANCEIRO MULTIMERCADO LP - RESPONSABILIDADE LIMITADA;2025-08-31;Outras aplicações;-0.21
CLASSES - FIF;51.517.703/0001-22;;QUAESTUS ONE FUNDO DE INVESTIMENTO FINANCEIRO MULTIMERCADO LP - RESPONSABILIDADE LIMITADA;2025-08-31;Títulos públicos federais;98.19
CLASSES - FIF;51.530.002/0001-23;;BRAM MACRO FI FINANCEIRO - CI RF - RESP LIMITADA;2025-08-31;Derivativos;-37.43
CLASSES - FIF;51.530.002/0001-23;;BRAM MACRO FI FINANCEIRO - CI RF - RESP LIMITADA;2025-08-31;Operações compromissadas lastreadas em títulos públicos federais;23.65
CLASSES - FIF;51.530.002/0001-23;;BRAM MACRO FI FINANCEIRO - CI RF - RESP LIMITADA;2025-08-31;Títulos públicos federais;76.26
CLASSES - FIF;51.532.369/0001-86;;BRAM ENDURANCE FI FINANCEIRO - CI RF - RESP LIMITADA;2025-08-31;Derivativos;52.05
CLASSES - FIF;51.532.369/0001-86;;BRAM ENDURANCE FI FINANCEIRO - CI RF - RESP LIMITADA;2025-08-31;Operações compromissadas lastreadas em títulos públicos federais;56.42
CLASSES - FIF;51.532.369/0001-86;;BRAM ENDURANCE FI FINANCEIRO - CI RF - RESP LIMITADA;2025-08-31;Títulos públicos federais;43.55
CLASSES - FIF;51.637.471/0001-46;;CONSTÂNCIA DUMONT RENDA FIXA ATIVO FUNDO DE INVESTIMENTO FINANCEIRO - RESP LIMITADA;2025-08-31;Derivativos;10.28
CLASSES - FIF;51.637.471/0001-46;;CONSTÂNCIA DUMONT RENDA FIXA ATIVO FUNDO DE INVESTIMENTO FINANCEIRO - RESP LIMITADA;2025-08-31;Operações compromissadas lastreadas em títulos públicos federais;54.12
CLASSES - FIF;51.637.471/0001-46;;CONSTÂNCIA DUMONT RENDA FIXA ATIVO FUNDO DE INVESTIMENTO FINANCEIRO - RESP LIMITADA;2025-08-31;Títulos públicos federais;46.07
CLASSES - FIF;51.709.979/0001-02;;BRADESCO EXPLORER CHALLENGE FI FINANCEIRO - CIC MULT - RESP LIMITADA;2025-08-31;Cotas de fundos de investimento 409;75.79
CLASSES - FIF;51.709.979/0001-02;;BRADESCO EXPLORER CHALLENGE FI FINANCEIRO - CIC MULT - RESP LIMITADA;2025-08-31;Operações compromissadas lastreadas em títulos públicos federais;7.70
CLASSES - FIF;51.709.979/0001-02;;BRADESCO EXPLORER CHALLENGE FI FINANCEIRO - CIC MULT - RESP LIMITADA;2025-08-31;Títulos públicos federais;16.60
CLASSES - FIF;51.811.576/0001-70;;INTER SIMPLES FUNDO DE INVESTIMENTO RENDA FIXA RESPONSABILIDADE LIMITADA;2025-08-31;Depósitos a Prazo e Outros Títulos de Instituições Financeiras;49.10
CLASSES - FIF;51.811.576/0001-70;;INTER SIMPLES FUNDO DE INVESTIMENTO RENDA FIXA RESPONSABILIDADE LIMITADA;2025-08-31;Operações Compromissadas Lastreadas em Títulos Públicos Federais;4.35
CLASSES - FIF;51.811.576/0001-70;;INTER SIMPLES FUNDO DE INVESTIMENTO RENDA FIXA RESPONSABILIDADE LIMITADA;2025-08-31;Títulos Públicos Federais;46.58
CLASSES - FIF;51.892.732/0001-74;;TERRA CAIXA FUNDO DE INVESTIMENTO FINANCEIRO EM RENDA FIXA DE RESPONSABILIDADE LIMITADA;2025-08-31;Acões;0.00
CLASSES - FIF;51.892.732/0001-74;;TERRA CAIXA FUNDO DE INVESTIMENTO FINANCEIRO EM RENDA FIXA DE RESPONSABILIDADE LIMITADA;2025-08-31;Cotas de Fundos de Investimento 555;98.96
CLASSES - FIF;51.892.732/0001-74;;TERRA CAIXA FUNDO DE INVESTIMENTO FINANCEIRO EM RENDA FIXA DE RESPONSABILIDADE LIMITADA;2025-08-31;Operacões compromissadas lastreadas em títulos privados;0.00
CLASSES - FIF;51.892.732/0001-74;;TERRA CAIXA FUNDO DE INVESTIMENTO FINANCEIRO EM RENDA FIXA DE RESPONSABILIDADE LIMITADA;2025-08-31;Operacões compromissadas lastreadas em títulos públicos federais;1.06
CLASSES - FIF;51.892.732/0001-74;;TERRA CAIXA FUNDO DE INVESTIMENTO FINANCEIRO EM RENDA FIXA DE RESPONSABILIDADE LIMITADA;2025-08-31;Títulos Públicos federais;0.00
CLASSES - FIF;51.959.820/0001-46;;BRAM DEBENTURES INCENTIVADAS CDI II FI FINANCEIRO - CI EM INFRA RF - RESP LIMITADA;2025-08-31;Depósitos a prazo e outros títulos de instituições financeiras;0.83
CLASSES - FIF;51.959.820/0001-46;;BRAM DEBENTURES INCENTIVADAS CDI II FI FINANCEIRO - CI EM INFRA RF - RESP LIMITADA;2025-08-31;Derivativos;-73.86
CLASSES - FIF;51.959.820/0001-46;;BRAM DEBENTURES INCENTIVADAS CDI II FI FINANCEIRO - CI EM INFRA RF - RESP LIMITADA;2025-08-31;Operações compromissadas lastreadas em títulos públicos federais;2.44
CLASSES - FIF;51.959.820/0001-46;;BRAM DEBENTURES INCENTIVADAS CDI II FI FINANCEIRO - CI EM INFRA RF - RESP LIMITADA;2025-08-31;Títulos de crédito privado;89.18
CLASSES - FIF;51.959.820/0001-46;;BRAM DEBENTURES INCENTIVADAS CDI II FI FINANCEIRO - CI EM INFRA RF - RESP LIMITADA;2025-08-31;Títulos públicos federais;7.38
CLASSES - FIF;51.981.936/0001-81;;GALÁCTICA FUNDO DE INVESTIMENTO MULTIMERCADO CRÉDITO PRIVADO;2025-08-31;Acões;0.00
CLASSES - FIF;51.981.936/0001-81;;GALÁCTICA FUNDO DE INVESTIMENTO MULTIMERCADO CRÉDITO PRIVADO;2025-08-31;Cotas de Fundos de Investimento 555;24.85
CLASSES - FIF;51.981.936/0001-81;;GALÁCTICA FUNDO DE INVESTIMENTO MULTIMERCADO CRÉDITO PRIVADO;2025-08-31;Depósito a prazo e outros títulos de instituições financeiras;12.59
CLASSES - FIF;51.981.936/0001-81;;GALÁCTICA FUNDO DE INVESTIMENTO MULTIMERCADO CRÉDITO PRIVADO;2025-08-31;Operacões compromissadas lastreadas em títulos privados;0.00
CLASSES - FIF;51.981.936/0001-81;;GALÁCTICA FUNDO DE INVESTIMENTO MULTIMERCADO CRÉDITO PRIVADO;2025-08-31;Títulos de crédito privado;62.55
CLASSES - FIF;52.081.600/0001-25;;BRAM TERMO FI FINANCEIRO - CI RF - RESP LIMITADA;2025-08-31;Derivativos;47.09
CLASSES - FIF;52.081.600/0001-25;;BRAM TERMO FI FINANCEIRO - CI RF - RESP LIMITADA;2025-08-31;Operações compromissadas lastreadas em títulos públicos federais;15.25
CLASSES - FIF;52.081.600/0001-25;;BRAM TERMO FI FINANCEIRO - CI RF - RESP LIMITADA;2025-08-31;Títulos públicos federais;41.20
CLASSES - FIF;52.095.439/0001-49;;BAHIA AM MARAÚ MASTER FIF - CLASSE DE INVESTIMENTO MULTIMERCADO - RESP LIMITADA;2025-08-31;Derivativos;-124.49
CLASSES - FIF;52.095.439/0001-49;;BAHIA AM MARAÚ MASTER FIF - CLASSE DE INVESTIMENTO MULTIMERCADO - RESP LIMITADA;2025-08-31;Investimento no exterior;12.61
CLASSES - FIF;52.095.439/0001-49;;BAHIA AM MARAÚ MASTER FIF - CLASSE DE INVESTIMENTO MULTIMERCADO - RESP LIMITADA;2025-08-31;Operações compromissadas lastreadas em títulos públicos federais;-79.72
CLASSES - FIF;52.095.439/0001-49;;BAHIA AM MARAÚ MASTER FIF - CLASSE DE INVESTIMENTO MULTIMERCADO - RESP LIMITADA;2025-08-31;Títulos públicos federais;156.35
CLASSES - FIF;52.098.741/0001-50;;BANESTES SELECTION FIF RENDA FIXA CRÉDITO PRIVADO RESPONSABILIDADE LIMITADA;2025-08-31;Cotas de fundos de investimento 555;6.19
CLASSES - FIF;52.098.741/0001-50;;BANESTES SELECTION FIF RENDA FIXA CRÉDITO PRIVADO RESPONSABILIDADE LIMITADA;2025-08-31;Depósitos a prazo e outros títulos de instituições financeiras;15.74
CLASSES - FIF;52.098.741/0001-50;;BANESTES SELECTION FIF RENDA FIXA CRÉDITO PRIVADO RESPONSABILIDADE LIMITADA;2025-08-31;Operações compromissadas lastreadas em títulos públicos federais;30.83
CLASSES - FIF;52.098.741/0001-50;;BANESTES SELECTION FIF RENDA FIXA CRÉDITO PRIVADO RESPONSABILIDADE LIMITADA;2025-08-31;Títulos de crédito privado;30.13
CLASSES - FIF;52.098.741/0001-50;;BANESTES SELECTION FIF RENDA FIXA CRÉDITO PRIVADO RESPONSABILIDADE LIMITADA;2025-08-31;Títulos públicos federais;17.13
CLASSES - FIF;52.098.757/0001-63;;BANESTES IMA-B 5 TÍTULOS PÚBLICOS FIF RENDA FIXA LONGO PRAZO RESPONSABILIDADE LIMITADA;2025-08-31;Derivativos;-0.01
CLASSES - FIF;52.098.757/0001-63;;BANESTES IMA-B 5 TÍTULOS PÚBLICOS FIF RENDA FIXA LONGO PRAZO RESPONSABILIDADE LIMITADA;2025-08-31;Operações compromissadas lastreadas em títulos públicos federais;15.43
CLASSES - FIF;52.098.757/0001-63;;BANESTES IMA-B 5 TÍTULOS PÚBLICOS FIF RENDA FIXA LONGO PRAZO RESPONSABILIDADE LIMITADA;2025-08-31;Títulos públicos federais;84.59
CLASSES - FIF;52.098.763/0001-10;;BANESTES CREDITO CORPORATIVO I FIC DE FIF RENDA FIXA CRED PRIV LONGO PRAZO RESPONSABILIDADE LIMITADA;2025-08-31;Cotas de fundos de investimento 555;97.84
CLASSES - FIF;52.098.763/0001-10;;BANESTES CREDITO CORPORATIVO I FIC DE FIF RENDA FIXA CRED PRIV LONGO PRAZO RESPONSABILIDADE LIMITADA;2025-08-31;Operações compromissadas lastreadas em títulos públicos federais;1.21
CLASSES - FIF;52.098.763/0001-10;;BANESTES CREDITO CORPORATIVO I FIC DE FIF RENDA FIXA CRED PRIV LONGO PRAZO RESPONSABILIDADE LIMITADA;2025-08-31;Títulos públicos federais;0.96
CLASSES - FIF;52.098.791/0001-38;;BANESTES MULTIESTRATÉGIA FIC DE FIF MULTIMERCADO RESPONSABILIDADE LIMITADA;2025-08-31;Depósitos a prazo e outros títulos de instituições financeiras;11.25
CLASSES - FIF;52.098.791/0001-38;;BANESTES MULTIESTRATÉGIA FIC DE FIF MULTIMERCADO RESPONSABILIDADE LIMITADA;2025-08-31;Operações compromissadas lastreadas em títulos públicos federais;36.02
CLASSES - FIF;52.098.791/0001-38;;BANESTES MULTIESTRATÉGIA FIC DE FIF MULTIMERCADO RESPONSABILIDADE LIMITADA;2025-08-31;Outras cotas de fundos de investimento;2.04
CLASSES - FIF;52.098.791/0001-38;;BANESTES MULTIESTRATÉGIA FIC DE FIF MULTIMERCADO RESPONSABILIDADE LIMITADA;2025-08-31;Títulos de crédito privado;9.74
CLASSES - FIF;52.098.791/0001-38;;BANESTES MULTIESTRATÉGIA FIC DE FIF MULTIMERCADO RESPONSABILIDADE LIMITADA;2025-08-31;Títulos públicos federais;40.95
CLASSES - FIF;52.163.627/0001-67;;ICATU VANGUARDA DINÂMICO INSTITUCIONAL FIF MULTIMERCADO - RESP LIMITADA;2025-08-31;Cotas de fundos de investimento 409;2.81
CLASSES - FIF;52.163.627/0001-67;;ICATU VANGUARDA DINÂMICO INSTITUCIONAL FIF MULTIMERCADO - RESP LIMITADA;2025-08-31;Depósitos a prazo e outros títulos de instituições financeiras;13.09
CLASSES - FIF;52.163.627/0001-67;;ICATU VANGUARDA DINÂMICO INSTITUCIONAL FIF MULTIMERCADO - RESP LIMITADA;2025-08-31;Operações compromissadas lastreadas em títulos públicos federais;15.39
CLASSES - FIF;52.163.627/0001-67;;ICATU VANGUARDA DINÂMICO INSTITUCIONAL FIF MULTIMERCADO - RESP LIMITADA;2025-08-31;Títulos de crédito privado;14.86
CLASSES - FIF;52.163.627/0001-67;;ICATU VANGUARDA DINÂMICO INSTITUCIONAL FIF MULTIMERCADO - RESP LIMITADA;2025-08-31;Títulos públicos federais;54.26
CLASSES - FIF;52.164.607/0001-00;;ICATU VANGUARDA IPCA DINÂMICO FIF MULTIMERCADO - RESPONSABILIDADE LIMITADA;2025-08-31;Depósitos a prazo e outros títulos de instituições financeiras;8.06
CLASSES - FIF;52.164.607/0001-00;;ICATU VANGUARDA IPCA DINÂMICO FIF MULTIMERCADO - RESPONSABILIDADE LIMITADA;2025-08-31;Derivativos;37.94
CLASSES - FIF;52.164.607/0001-00;;ICATU VANGUARDA IPCA DINÂMICO FIF MULTIMERCADO - RESPONSABILIDADE LIMITADA;2025-08-31;Operações compromissadas lastreadas em títulos públicos federais;8.44
CLASSES - FIF;52.164.607/0001-00;;ICATU VANGUARDA IPCA DINÂMICO FIF MULTIMERCADO - RESPONSABILIDADE LIMITADA;2025-08-31;Títulos de crédito privado;23.90
CLASSES - FIF;52.164.607/0001-00;;ICATU VANGUARDA IPCA DINÂMICO FIF MULTIMERCADO - RESPONSABILIDADE LIMITADA;2025-08-31;Títulos públicos federais;56.15
CLASSES - FIF;52.258.756/0001-39;;XVI CAPITAL AÇÕES FUNDO DE INVESTIMENTO FINANCEIRO;2025-08-31;Ações;97.93
CLASSES - FIF;52.258.756/0001-39;;XVI CAPITAL AÇÕES FUNDO DE INVESTIMENTO FINANCEIRO;2025-08-31;Outras Aplicações;2.28
CLASSES - FIF;52.301.436/0001-14;;MIRABAUD CONVICTION FIF - CLASSE DE INVESTIMENTO RENDA FIXA CRÉDITO PRIVADO - RESP LIMITADA;2025-08-31;Cotas de fundos de investimento 409;15.28
CLASSES - FIF;52.301.436/0001-14;;MIRABAUD CONVICTION FIF - CLASSE DE INVESTIMENTO RENDA FIXA CRÉDITO PRIVADO - RESP LIMITADA;2025-08-31;Depósitos a prazo e outros títulos de instituições financeiras;17.60
CLASSES - FIF;52.301.436/0001-14;;MIRABAUD CONVICTION FIF - CLASSE DE INVESTIMENTO RENDA FIXA CRÉDITO PRIVADO - RESP LIMITADA;2025-08-31;Operações compromissadas lastreadas em títulos públicos federais;21.14
CLASSES - FIF;52.301.436/0001-14;;MIRABAUD CONVICTION FIF - CLASSE DE INVESTIMENTO RENDA FIXA CRÉDITO PRIVADO - RESP LIMITADA;2025-08-31;Títulos de crédito privado;46.03
CLASSES - FIF;52.308.927/0001-97;;NEW BLUE FUNDO DE INVESTIMENTO MULTIMERCADO CRÉDITO PRIVADO;2025-08-31;Acões;0.00
CLASSES - FIF;52.308.927/0001-97;;NEW BLUE FUNDO DE INVESTIMENTO MULTIMERCADO CRÉDITO PRIVADO;2025-08-31;Cotas de Fundos de Investimento 555;101.02
CLASSES - FIF;52.308.927/0001-97;;NEW BLUE FUNDO DE INVESTIMENTO MULTIMERCADO CRÉDITO PRIVADO;2025-08-31;Operacões compromissadas lastreadas em títulos privados;0.00
CLASSES - FIF;52.308.927/0001-97;;NEW BLUE FUNDO DE INVESTIMENTO MULTIMERCADO CRÉDITO PRIVADO;2025-08-31;Operacões compromissadas lastreadas em títulos públicos federais;0.00
CLASSES - FIF;52.308.927/0001-97;;NEW BLUE FUNDO DE INVESTIMENTO MULTIMERCADO CRÉDITO PRIVADO;2025-08-31;Títulos Públicos federais;0.00
CLASSES - FIF;52.317.414/0001-42;;INVEST PEQUI FUNDO DE INVESTIMENTO MULTIMERCADO CRÉDITO PRIVADO;2025-08-31;Acões;0.00
CLASSES - FIF;52.317.414/0001-42;;INVEST PEQUI FUNDO DE INVESTIMENTO MULTIMERCADO CRÉDITO PRIVADO;2025-08-31;Cotas de Fundos de Investimento 555;100.03
CLASSES - FIF;52.317.414/0001-42;;INVEST PEQUI FUNDO DE INVESTIMENTO MULTIMERCADO CRÉDITO PRIVADO;2025-08-31;Operacões compromissadas lastreadas em títulos privados;0.00
CLASSES - FIF;52.317.414/0001-42;;INVEST PEQUI FUNDO DE INVESTIMENTO MULTIMERCADO CRÉDITO PRIVADO;2025-08-31;Operacões compromissadas lastreadas em títulos públicos federais;0.00
CLASSES - FIF;52.317.414/0001-42;;INVEST PEQUI FUNDO DE INVESTIMENTO MULTIMERCADO CRÉDITO PRIVADO;2025-08-31;Títulos Públicos federais;0.00
CLASSES - FIF;52.426.294/0001-11;;CASH D-0 FUNDO DE INVESTIMENTO FINANCEIRO LIQUIDEZ IMEDIATA LONGO PRAZO;2025-08-31;Cotas de Fundos de Investimento 409;0.00
CLASSES - FIF;52.426.294/0001-11;;CASH D-0 FUNDO DE INVESTIMENTO FINANCEIRO LIQUIDEZ IMEDIATA LONGO PRAZO;2025-08-31;Depósitos a Prazo e Outros Títulos de Instituições Financeiras;0.00
CLASSES - FIF;52.426.294/0001-11;;CASH D-0 FUNDO DE INVESTIMENTO FINANCEIRO LIQUIDEZ IMEDIATA LONGO PRAZO;2025-08-31;Operações Compromissadas Lastreadas em Títulos Públicos Federais;0.00
CLASSES - FIF;52.426.294/0001-11;;CASH D-0 FUNDO DE INVESTIMENTO FINANCEIRO LIQUIDEZ IMEDIATA LONGO PRAZO;2025-08-31;Títulos de Crédito Privado;0.00
CLASSES - FIF;52.426.294/0001-11;;CASH D-0 FUNDO DE INVESTIMENTO FINANCEIRO LIQUIDEZ IMEDIATA LONGO PRAZO;2025-08-31;Títulos Públicos Federais;0.00
CLASSES - FIF;52.434.541/0001-21;;JUPTER FUNDO DE INVESTIMENTO MULTIMERCADO CRÉDITO PRIVADO;2025-08-31;Acões;0.00
CLASSES - FIF;52.434.541/0001-21;;JUPTER FUNDO DE INVESTIMENTO MULTIMERCADO CRÉDITO PRIVADO;2025-08-31;Cotas de Fundos de Investimento 555;99.94
CLASSES - FIF;52.434.541/0001-21;;JUPTER FUNDO DE INVESTIMENTO MULTIMERCADO CRÉDITO PRIVADO;2025-08-31;Depósito a prazo e outros títulos de instituições financeiras;0.06
CLASSES - FIF;52.434.541/0001-21;;JUPTER FUNDO DE INVESTIMENTO MULTIMERCADO CRÉDITO PRIVADO;2025-08-31;Operacões compromissadas lastreadas em títulos privados;0.00
CLASSES - FIF;52.434.541/0001-21;;JUPTER FUNDO DE INVESTIMENTO MULTIMERCADO CRÉDITO PRIVADO;2025-08-31;Operacões compromissadas lastreadas em títulos públicos federais;0.00
CLASSES - FIF;52.436.983/0001-07;;THEMIS FUNDO DE INVESTIMENTO MULTIMERCADO CRÉDITO PRIVADO;2025-08-31;Acões;0.00
CLASSES - FIF;52.436.983/0001-07;;THEMIS FUNDO DE INVESTIMENTO MULTIMERCADO CRÉDITO PRIVADO;2025-08-31;Cotas de Fundos de Investimento 555;102.99
CLASSES - FIF;52.436.983/0001-07;;THEMIS FUNDO DE INVESTIMENTO MULTIMERCADO CRÉDITO PRIVADO;2025-08-31;Operacões compromissadas lastreadas em títulos privados;0.00
CLASSES - FIF;52.436.983/0001-07;;THEMIS FUNDO DE INVESTIMENTO MULTIMERCADO CRÉDITO PRIVADO;2025-08-31;Operacões compromissadas lastreadas em títulos públicos federais;0.00
CLASSES - FIF;52.436.983/0001-07;;THEMIS FUNDO DE INVESTIMENTO MULTIMERCADO CRÉDITO PRIVADO;2025-08-31;Títulos Públicos federais;0.00
CLASSES - FIF;52.566.560/0001-01;;UBS EVOLUTION FOUNDERS MACRO STRATEGIES FUNDO DE INVESTIMENTO EM COTAS DE FIF MULT - RESP LIMITADA;2025-08-31;Outras Cotas de Fundos de Investimento;99.99
CLASSES - FIF;52.566.560/0001-01;;UBS EVOLUTION FOUNDERS MACRO STRATEGIES FUNDO DE INVESTIMENTO EM COTAS DE FIF MULT - RESP LIMITADA;2025-08-31;Outros;0.00
CLASSES - FIF;52.580.782/0001-89;;SULAMERICA CREDITO ASG BB FIF RF CRED PRIV INVESTIMENTO SUSTENTAVEL - RESPONSABILIDADE LIMITADA;2025-08-31;Cotas de fundos de investimento 409;2.33
CLASSES - FIF;52.580.782/0001-89;;SULAMERICA CREDITO ASG BB FIF RF CRED PRIV INVESTIMENTO SUSTENTAVEL - RESPONSABILIDADE LIMITADA;2025-08-31;Depósitos a prazo e outros títulos de instituições financeiras;44.68
CLASSES - FIF;52.580.782/0001-89;;SULAMERICA CREDITO ASG BB FIF RF CRED PRIV INVESTIMENTO SUSTENTAVEL - RESPONSABILIDADE LIMITADA;2025-08-31;Operações compromissadas lastreadas em títulos públicos federais;21.18
CLASSES - FIF;52.580.782/0001-89;;SULAMERICA CREDITO ASG BB FIF RF CRED PRIV INVESTIMENTO SUSTENTAVEL - RESPONSABILIDADE LIMITADA;2025-08-31;Títulos de crédito privado;31.83
CLASSES - FIF;52.580.782/0001-89;;SULAMERICA CREDITO ASG BB FIF RF CRED PRIV INVESTIMENTO SUSTENTAVEL - RESPONSABILIDADE LIMITADA;2025-08-31;Títulos públicos federais;0.04
CLASSES - FIF;52.680.646/0001-60;;LEME VELAME MULTIGESTORES FUNDO DE  INVESTIMENTO EM COTAS DE FUNDO DE INVESTIMENTO FINANCEIRO - RESP;2025-08-31;Cotas de Fundos de Investimento 409;92.95
CLASSES - FIF;52.680.646/0001-60;;LEME VELAME MULTIGESTORES FUNDO DE  INVESTIMENTO EM COTAS DE FUNDO DE INVESTIMENTO FINANCEIRO - RESP;2025-08-31;Operações Compromissadas Lastreadas em Títulos Públicos Federais;7.35
CLASSES - FIF;52.680.646/0001-60;;LEME VELAME MULTIGESTORES FUNDO DE  INVESTIMENTO EM COTAS DE FUNDO DE INVESTIMENTO FINANCEIRO - RESP;2025-08-31;Outras Aplicações;0.25
CLASSES - FIF;52.824.664/0001-79;;PROSPERA QUANT FUNDO DE INVESTIMENTO FINANCEIRO;2025-08-31;Ações;90.71
CLASSES - FIF;52.824.664/0001-79;;PROSPERA QUANT FUNDO DE INVESTIMENTO FINANCEIRO;2025-08-31;Cotas de Fundos de Investimento 409;6.10
CLASSES - FIF;52.824.664/0001-79;;PROSPERA QUANT FUNDO DE INVESTIMENTO FINANCEIRO;2025-08-31;Outras Aplicações;8.10
CLASSES - FIF;52.834.346/0001-99;;FUNDO DE INVESTIMENTO INTER RENDA FIXA ATIVA RESPONSABILIDADE LIMITADA;2025-08-31;Operações Compromissadas Lastreadas em Títulos Públicos Federais;42.14
CLASSES - FIF;52.834.346/0001-99;;FUNDO DE INVESTIMENTO INTER RENDA FIXA ATIVA RESPONSABILIDADE LIMITADA;2025-08-31;Títulos Públicos Federais;57.57
CLASSES - FIF;53.035.878/0001-29;;MONTREAL FUNDO DE INVESTIMENTO  MULTIMERCADO CRÉDITO PRIVADO;2025-08-31;Acões;0.00
CLASSES - FIF;53.035.878/0001-29;;MONTREAL FUNDO DE INVESTIMENTO  MULTIMERCADO CRÉDITO PRIVADO;2025-08-31;Cotas de Fundos de Investimento 555;22.94
CLASSES - FIF;53.035.878/0001-29;;MONTREAL FUNDO DE INVESTIMENTO  MULTIMERCADO CRÉDITO PRIVADO;2025-08-31;Depósito a prazo e outros títulos de instituições financeiras;77.06
CLASSES - FIF;53.035.878/0001-29;;MONTREAL FUNDO DE INVESTIMENTO  MULTIMERCADO CRÉDITO PRIVADO;2025-08-31;Operacões compromissadas lastreadas em títulos privados;0.00
CLASSES - FIF;53.035.878/0001-29;;MONTREAL FUNDO DE INVESTIMENTO  MULTIMERCADO CRÉDITO PRIVADO;2025-08-31;Operacões compromissadas lastreadas em títulos públicos federais;0.00
CLASSES - FIF;53.215.783/0001-97;;NANTES FUNDO DE INVESTIMENTO MULTIMERCADO CRÉDITO  PRIVADO;2025-08-31;Acões;0.00
CLASSES - FIF;53.215.783/0001-97;;NANTES FUNDO DE INVESTIMENTO MULTIMERCADO CRÉDITO  PRIVADO;2025-08-31;Cotas de Fundos de Investimento 555;14.95
CLASSES - FIF;53.215.783/0001-97;;NANTES FUNDO DE INVESTIMENTO MULTIMERCADO CRÉDITO  PRIVADO;2025-08-31;Depósito a prazo e outros títulos de instituições financeiras;85.05
CLASSES - FIF;53.215.783/0001-97;;NANTES FUNDO DE INVESTIMENTO MULTIMERCADO CRÉDITO  PRIVADO;2025-08-31;Operacões compromissadas lastreadas em títulos privados;0.00
CLASSES - FIF;53.215.783/0001-97;;NANTES FUNDO DE INVESTIMENTO MULTIMERCADO CRÉDITO  PRIVADO;2025-08-31;Operacões compromissadas lastreadas em títulos públicos federais;0.00
CLASSES - FIF;53.251.337/0001-38;;SAINT ÉMILION FUNDO DE INVESTIMENTO MULTIMERCADO CRÉDITO  PRIVADO;2025-08-31;Acões;0.00
CLASSES - FIF;53.251.337/0001-38;;SAINT ÉMILION FUNDO DE INVESTIMENTO MULTIMERCADO CRÉDITO  PRIVADO;2025-08-31;Depósito a prazo e outros títulos de instituições financeiras;100.00
CLASSES - FIF;53.251.337/0001-38;;SAINT ÉMILION FUNDO DE INVESTIMENTO MULTIMERCADO CRÉDITO  PRIVADO;2025-08-31;Operacões compromissadas lastreadas em títulos privados;0.00
CLASSES - FIF;53.251.337/0001-38;;SAINT ÉMILION FUNDO DE INVESTIMENTO MULTIMERCADO CRÉDITO  PRIVADO;2025-08-31;Operacões compromissadas lastreadas em títulos públicos federais;0.00
CLASSES - FIF;53.251.337/0001-38;;SAINT ÉMILION FUNDO DE INVESTIMENTO MULTIMERCADO CRÉDITO  PRIVADO;2025-08-31;Títulos Públicos federais;0.00
CLASSES - FIF;53.274.889/0001-61;;TOULOUSE FUNDO DE INVESTIMENTO  MULTIMERCADO CRÉDITO PRIVADO;2025-08-31;Acões;0.00
CLASSES - FIF;53.274.889/0001-61;;TOULOUSE FUNDO DE INVESTIMENTO  MULTIMERCADO CRÉDITO PRIVADO;2025-08-31;Cotas de Fundos de Investimento 555;84.03
CLASSES - FIF;53.274.889/0001-61;;TOULOUSE FUNDO DE INVESTIMENTO  MULTIMERCADO CRÉDITO PRIVADO;2025-08-31;Depósito a prazo e outros títulos de instituições financeiras;0.15
CLASSES - FIF;53.274.889/0001-61;;TOULOUSE FUNDO DE INVESTIMENTO  MULTIMERCADO CRÉDITO PRIVADO;2025-08-31;Operacões compromissadas lastreadas em títulos privados;0.00
CLASSES - FIF;53.274.889/0001-61;;TOULOUSE FUNDO DE INVESTIMENTO  MULTIMERCADO CRÉDITO PRIVADO;2025-08-31;Títulos de crédito privado;15.82
CLASSES - FIF;53.318.048/0001-09;;INTER LIQUIDEZ FUNDO DE INVESTIMENTO EM COTAS DE FI RF CRED PRIV RESPONSABILIDADE LIMITADA;2025-08-31;Cotas de Fundos de Investimento 555;99.97
CLASSES - FIF;53.318.048/0001-09;;INTER LIQUIDEZ FUNDO DE INVESTIMENTO EM COTAS DE FI RF CRED PRIV RESPONSABILIDADE LIMITADA;2025-08-31;Operações Compromissadas Lastreadas em Títulos Públicos Federais;0.05
CLASSES - FIF;53.602.540/0001-01;;ICATU VANGUARDA VC FIF - CLASSE DE INVESTIMENTO INCENTIVADO EM INFRA RENDA FIXA - RESP LIMITADA;2025-08-31;Depósitos a prazo e outros títulos de instituições financeiras;3.15
CLASSES - FIF;53.602.540/0001-01;;ICATU VANGUARDA VC FIF - CLASSE DE INVESTIMENTO INCENTIVADO EM INFRA RENDA FIXA - RESP LIMITADA;2025-08-31;Derivativos;32.11
CLASSES - FIF;53.602.540/0001-01;;ICATU VANGUARDA VC FIF - CLASSE DE INVESTIMENTO INCENTIVADO EM INFRA RENDA FIXA - RESP LIMITADA;2025-08-31;Operações compromissadas lastreadas em títulos públicos federais;5.11
CLASSES - FIF;53.602.540/0001-01;;ICATU VANGUARDA VC FIF - CLASSE DE INVESTIMENTO INCENTIVADO EM INFRA RENDA FIXA - RESP LIMITADA;2025-08-31;Títulos de crédito privado;75.04
CLASSES - FIF;53.602.540/0001-01;;ICATU VANGUARDA VC FIF - CLASSE DE INVESTIMENTO INCENTIVADO EM INFRA RENDA FIXA - RESP LIMITADA;2025-08-31;Títulos públicos federais;17.80
CLASSES - FIF;53.799.009/0001-70;;DAYCOVAL CLASSIC ADVISORY FUNDO  DE INVESTIMENTO EM COTAS DE FUNDO DE INVESTIMENTO FINANCEIRO RENDA;2025-08-31;Cotas de Fundos de Investimento 409;100.04
CLASSES - FIF;53.799.009/0001-70;;DAYCOVAL CLASSIC ADVISORY FUNDO  DE INVESTIMENTO EM COTAS DE FUNDO DE INVESTIMENTO FINANCEIRO RENDA;2025-08-31;Outras Aplicações;0.23
CLASSES - FIF;53.802.999/0001-59;;DAYCOVAL CLASSIC MASTER FUNDO DE INVESTIMENTO  FINANCEIRO RENDA FIXA CP LP - RESP LIMITADA;2025-08-31;Cotas de Fundos de Investimento 409;11.91
CLASSES - FIF;53.802.999/0001-59;;DAYCOVAL CLASSIC MASTER FUNDO DE INVESTIMENTO  FINANCEIRO RENDA FIXA CP LP - RESP LIMITADA;2025-08-31;Depósitos a Prazo e Outros Títulos de Instituições Financeiras;38.38
CLASSES - FIF;53.802.999/0001-59;;DAYCOVAL CLASSIC MASTER FUNDO DE INVESTIMENTO  FINANCEIRO RENDA FIXA CP LP - RESP LIMITADA;2025-08-31;Operações Compromissadas Lastreadas em Títulos Públicos Federais;16.46
CLASSES - FIF;53.802.999/0001-59;;DAYCOVAL CLASSIC MASTER FUNDO DE INVESTIMENTO  FINANCEIRO RENDA FIXA CP LP - RESP LIMITADA;2025-08-31;Outras Cotas de Fundos de Investimento;8.01
CLASSES - FIF;53.802.999/0001-59;;DAYCOVAL CLASSIC MASTER FUNDO DE INVESTIMENTO  FINANCEIRO RENDA FIXA CP LP - RESP LIMITADA;2025-08-31;Títulos de Crédito Privado;25.43
CLASSES - FIF;53.857.130/0001-01;;DAYCOVAL DEBENTURES INCENTIVADAS HEDGE FI INFRA RENDA FIXA;2025-08-31;Cotas de Fundos de Investimento 409;25.56
CLASSES - FIF;53.857.130/0001-01;;DAYCOVAL DEBENTURES INCENTIVADAS HEDGE FI INFRA RENDA FIXA;2025-08-31;Depósitos a Prazo e Outros Títulos de Instituições Financeiras;1.22
CLASSES - FIF;53.857.130/0001-01;;DAYCOVAL DEBENTURES INCENTIVADAS HEDGE FI INFRA RENDA FIXA;2025-08-31;Derivativos;0.10
CLASSES - FIF;53.857.130/0001-01;;DAYCOVAL DEBENTURES INCENTIVADAS HEDGE FI INFRA RENDA FIXA;2025-08-31;Títulos de Crédito Privado;66.58
CLASSES - FIF;53.857.130/0001-01;;DAYCOVAL DEBENTURES INCENTIVADAS HEDGE FI INFRA RENDA FIXA;2025-08-31;Títulos Públicos Federais;6.60
CLASSES - FIF;53.904.799/0001-07;;ACUTO INSTITUCIONAL FUNDO DE INVESTIMENTO FINANCEIRO EM AÇÕES - RESPONSABILIDADE LIMITADA;2025-08-31;Ações;71.89
CLASSES - FIF;53.904.799/0001-07;;ACUTO INSTITUCIONAL FUNDO DE INVESTIMENTO FINANCEIRO EM AÇÕES - RESPONSABILIDADE LIMITADA;2025-08-31;Operações compromissadas lastreadas em títulos públicos federais;23.65
CLASSES - FIF;53.905.242/0001-90;;VC ICATU VANGUARDA FIF - CIC RENDA FIXA INCENTIVADO INVESTIMENTO EM INFRAESTRUTURA;2025-08-31;Depósitos a prazo e outros títulos de instituições financeiras;3.14
CLASSES - FIF;53.905.242/0001-90;;VC ICATU VANGUARDA FIF - CIC RENDA FIXA INCENTIVADO INVESTIMENTO EM INFRAESTRUTURA;2025-08-31;Derivativos;32.00
CLASSES - FIF;53.905.242/0001-90;;VC ICATU VANGUARDA FIF - CIC RENDA FIXA INCENTIVADO INVESTIMENTO EM INFRAESTRUTURA;2025-08-31;Operações compromissadas lastreadas em títulos públicos federais;5.19
CLASSES - FIF;53.905.242/0001-90;;VC ICATU VANGUARDA FIF - CIC RENDA FIXA INCENTIVADO INVESTIMENTO EM INFRAESTRUTURA;2025-08-31;Títulos de crédito privado;74.77
CLASSES - FIF;53.905.242/0001-90;;VC ICATU VANGUARDA FIF - CIC RENDA FIXA INCENTIVADO INVESTIMENTO EM INFRAESTRUTURA;2025-08-31;Títulos públicos federais;17.99
CLASSES - FIF;54.006.238/0001-53;;BRAM DEBÊNTURES INCENTIVADAS CDI 2402 FIF RF INCENTIVADO DE INVESTIMENTO EM INFRA LP RESP LIMITADA;2025-08-31;Depósitos a prazo e outros títulos de instituições financeiras;0.49
CLASSES - FIF;54.006.238/0001-53;;BRAM DEBÊNTURES INCENTIVADAS CDI 2402 FIF RF INCENTIVADO DE INVESTIMENTO EM INFRA LP RESP LIMITADA;2025-08-31;Derivativos;-58.22
CLASSES - FIF;54.006.238/0001-53;;BRAM DEBÊNTURES INCENTIVADAS CDI 2402 FIF RF INCENTIVADO DE INVESTIMENTO EM INFRA LP RESP LIMITADA;2025-08-31;Operações compromissadas lastreadas em títulos públicos federais;12.98
CLASSES - FIF;54.006.238/0001-53;;BRAM DEBÊNTURES INCENTIVADAS CDI 2402 FIF RF INCENTIVADO DE INVESTIMENTO EM INFRA LP RESP LIMITADA;2025-08-31;Títulos de crédito privado;77.14
CLASSES - FIF;54.006.238/0001-53;;BRAM DEBÊNTURES INCENTIVADAS CDI 2402 FIF RF INCENTIVADO DE INVESTIMENTO EM INFRA LP RESP LIMITADA;2025-08-31;Títulos públicos federais;9.26
CLASSES - FIF;54.066.153/0001-60;;MAG TOTAL RETURN FIF - CLASSE DE INVESTIMENTO MULTIMERCADO - RESP LIMITADA;2025-08-31;Ações;13.40
CLASSES - FIF;54.066.153/0001-60;;MAG TOTAL RETURN FIF - CLASSE DE INVESTIMENTO MULTIMERCADO - RESP LIMITADA;2025-08-31;Cotas de fundos de investimento 409;14.98
CLASSES - FIF;54.066.153/0001-60;;MAG TOTAL RETURN FIF - CLASSE DE INVESTIMENTO MULTIMERCADO - RESP LIMITADA;2025-08-31;Derivativos;-41.20
CLASSES - FIF;54.066.153/0001-60;;MAG TOTAL RETURN FIF - CLASSE DE INVESTIMENTO MULTIMERCADO - RESP LIMITADA;2025-08-31;Operações compromissadas lastreadas em títulos públicos federais;27.70
CLASSES - FIF;54.066.153/0001-60;;MAG TOTAL RETURN FIF - CLASSE DE INVESTIMENTO MULTIMERCADO - RESP LIMITADA;2025-08-31;Títulos públicos federais;37.32
CLASSES - FIF;54.069.422/0001-42;;BRADESCO PRIME ACTIVE FIF - CI EM COTAS AÇÕES - RESP LIMITADA;2025-08-31;Ações;89.50
CLASSES - FIF;54.069.422/0001-42;;BRADESCO PRIME ACTIVE FIF - CI EM COTAS AÇÕES - RESP LIMITADA;2025-08-31;Cotas de fundos de investimento 409;5.63
CLASSES - FIF;54.069.422/0001-42;;BRADESCO PRIME ACTIVE FIF - CI EM COTAS AÇÕES - RESP LIMITADA;2025-08-31;Derivativos;-0.05
CLASSES - FIF;54.069.422/0001-42;;BRADESCO PRIME ACTIVE FIF - CI EM COTAS AÇÕES - RESP LIMITADA;2025-08-31;Investimento no exterior;2.58
CLASSES - FIF;54.069.422/0001-42;;BRADESCO PRIME ACTIVE FIF - CI EM COTAS AÇÕES - RESP LIMITADA;2025-08-31;Operações compromissadas lastreadas em títulos públicos federais;3.31
CLASSES - FIF;54.198.519/0001-55;;ICATU VANGUARDA IGARATÉ LONG BIASED FIF CLASSE DE INVESTIMENTO EM AÇÕES - RESP LIMITADA;2025-08-31;Ações;57.25
CLASSES - FIF;54.198.519/0001-55;;ICATU VANGUARDA IGARATÉ LONG BIASED FIF CLASSE DE INVESTIMENTO EM AÇÕES - RESP LIMITADA;2025-08-31;Cotas de fundos de investimento 409;13.40
CLASSES - FIF;54.198.519/0001-55;;ICATU VANGUARDA IGARATÉ LONG BIASED FIF CLASSE DE INVESTIMENTO EM AÇÕES - RESP LIMITADA;2025-08-31;Investimento no exterior;0.00
CLASSES - FIF;54.198.519/0001-55;;ICATU VANGUARDA IGARATÉ LONG BIASED FIF CLASSE DE INVESTIMENTO EM AÇÕES - RESP LIMITADA;2025-08-31;Operações compromissadas lastreadas em títulos públicos federais;2.54
CLASSES - FIF;54.198.519/0001-55;;ICATU VANGUARDA IGARATÉ LONG BIASED FIF CLASSE DE INVESTIMENTO EM AÇÕES - RESP LIMITADA;2025-08-31;Títulos públicos federais;23.45
CLASSES - FIF;54.348.771/0001-01;;ATLANTICUS II FUNDO DE INVESTIMENTO EM AÇÕES RESPONSABILIDADE LIMITADA;2025-08-31;Cotas de Fundos de Investimento 409;100.45
CLASSES - FIF;54.348.771/0001-01;;ATLANTICUS II FUNDO DE INVESTIMENTO EM AÇÕES RESPONSABILIDADE LIMITADA;2025-08-31;Outras Aplicações;0.01
CLASSES - FIF;54.402.012/0001-71;;BRADESCO MAPLE VALOR FIF - CIC DE AÇÕES - RESPONSABILIDADE LIMITADA;2025-08-31;Ações;89.51
CLASSES - FIF;54.402.012/0001-71;;BRADESCO MAPLE VALOR FIF - CIC DE AÇÕES - RESPONSABILIDADE LIMITADA;2025-08-31;Cotas de fundos de investimento 409;5.63
CLASSES - FIF;54.402.012/0001-71;;BRADESCO MAPLE VALOR FIF - CIC DE AÇÕES - RESPONSABILIDADE LIMITADA;2025-08-31;Derivativos;-0.05
CLASSES - FIF;54.402.012/0001-71;;BRADESCO MAPLE VALOR FIF - CIC DE AÇÕES - RESPONSABILIDADE LIMITADA;2025-08-31;Investimento no exterior;2.58
CLASSES - FIF;54.402.012/0001-71;;BRADESCO MAPLE VALOR FIF - CIC DE AÇÕES - RESPONSABILIDADE LIMITADA;2025-08-31;Operações compromissadas lastreadas em títulos públicos federais;3.31
CLASSES - FIF;54.496.927/0001-93;;BRADESCO TÂMISA FIF - CLASSE  DE INVESTIMENTO EM COTAS MULTIMERCADO - RESPONSABILIDADE LIMITADA;2025-08-31;Cotas de fundos de investimento 409;100.11
CLASSES - FIF;54.616.434/0001-40;;GUEPARDO DIVIDENDOS INSTITUCIONAL VALOR FIC FUNDO DE INVESTIMENTO FINANCEIRO EM AÇÕES;2025-08-31;Cotas de Fundos de Investimento 409;100.07
CLASSES - FIF;54.616.434/0001-40;;GUEPARDO DIVIDENDOS INSTITUCIONAL VALOR FIC FUNDO DE INVESTIMENTO FINANCEIRO EM AÇÕES;2025-08-31;Outras Aplicações;0.21
CLASSES - FIF;54.747.911/0001-06;;CREDALUGA FUNDO DE INVESTIMENTO FINANCEIRO PARA GARANTIA DE LOCAÇÃO IMOBILIÁRIA;2025-08-31;Títulos Públicos Federais;97.26
CLASSES - FIF;54.757.129/0001-78;;BRADESCO EXPLORER FRONTIER HEDGE FUND FIF MULTIMERCADO CRÉDITO PRIVADO BRL;2025-08-31;Investimento no exterior;100.64
CLASSES - FIF;54.757.129/0001-78;;BRADESCO EXPLORER FRONTIER HEDGE FUND FIF MULTIMERCADO CRÉDITO PRIVADO BRL;2025-08-31;Operações compromissadas lastreadas em títulos públicos federais;0.03
CLASSES - FIF;54.757.129/0001-78;;BRADESCO EXPLORER FRONTIER HEDGE FUND FIF MULTIMERCADO CRÉDITO PRIVADO BRL;2025-08-31;Títulos públicos federais;0.07
CLASSES - FIF;54.794.563/0001-28;;CONEXÃO REAL INVESTOR FIF - CLASSE DE INVESTIMENTO EM COTAS AÇÕES - - RESPONSABILIDADE LIMITADA;2025-08-31;Cotas de fundos de investimento 409;99.60
CLASSES - FIF;54.794.563/0001-28;;CONEXÃO REAL INVESTOR FIF - CLASSE DE INVESTIMENTO EM COTAS AÇÕES - - RESPONSABILIDADE LIMITADA;2025-08-31;Operações compromissadas lastreadas em títulos públicos federais;0.17
CLASSES - FIF;54.794.563/0001-28;;CONEXÃO REAL INVESTOR FIF - CLASSE DE INVESTIMENTO EM COTAS AÇÕES - - RESPONSABILIDADE LIMITADA;2025-08-31;Títulos públicos federais;0.37
CLASSES - FIF;54.803.982/0001-89;;ÉXES FUNDO DE INVESTIMENTO FINANCEIRO EM INFRAESTRUTURA RENDA FIXA CRÉDITO  PRIVADO LONGO PRAZO - DE;2025-08-31;Cotas de Fundos de Investimento 409;0.00
CLASSES - FIF;54.803.982/0001-89;;ÉXES FUNDO DE INVESTIMENTO FINANCEIRO EM INFRAESTRUTURA RENDA FIXA CRÉDITO  PRIVADO LONGO PRAZO - DE;2025-08-31;Depósitos a Prazo e Outros Títulos de Instituições Financeiras;0.00
CLASSES - FIF;54.803.982/0001-89;;ÉXES FUNDO DE INVESTIMENTO FINANCEIRO EM INFRAESTRUTURA RENDA FIXA CRÉDITO  PRIVADO LONGO PRAZO - DE;2025-08-31;Operações Compromissadas Lastreadas em Títulos Públicos Federais;0.00
CLASSES - FIF;54.803.982/0001-89;;ÉXES FUNDO DE INVESTIMENTO FINANCEIRO EM INFRAESTRUTURA RENDA FIXA CRÉDITO  PRIVADO LONGO PRAZO - DE;2025-08-31;Títulos de Crédito Privado;0.00
CLASSES - FIF;54.803.982/0001-89;;ÉXES FUNDO DE INVESTIMENTO FINANCEIRO EM INFRAESTRUTURA RENDA FIXA CRÉDITO  PRIVADO LONGO PRAZO - DE;2025-08-31;Títulos Públicos Federais;0.00
CLASSES - FIF;54.829.603/0001-20;;BRADESCO DEB INC CDI II FIC DE INVESTIMENTO FINANCEIRO RF INCENTIVADO EM INFRA LP - RESP LIMITADA;2025-08-31;Cotas de fundos de investimento 409;0.04
CLASSES - FIF;54.829.603/0001-20;;BRADESCO DEB INC CDI II FIC DE INVESTIMENTO FINANCEIRO RF INCENTIVADO EM INFRA LP - RESP LIMITADA;2025-08-31;Depósitos a prazo e outros títulos de instituições financeiras;2.07
CLASSES - FIF;54.829.603/0001-20;;BRADESCO DEB INC CDI II FIC DE INVESTIMENTO FINANCEIRO RF INCENTIVADO EM INFRA LP - RESP LIMITADA;2025-08-31;Operações compromissadas lastreadas em títulos públicos federais;25.19
CLASSES - FIF;54.829.603/0001-20;;BRADESCO DEB INC CDI II FIC DE INVESTIMENTO FINANCEIRO RF INCENTIVADO EM INFRA LP - RESP LIMITADA;2025-08-31;Títulos de crédito privado;57.93
CLASSES - FIF;54.829.603/0001-20;;BRADESCO DEB INC CDI II FIC DE INVESTIMENTO FINANCEIRO RF INCENTIVADO EM INFRA LP - RESP LIMITADA;2025-08-31;Títulos públicos federais;14.75
CLASSES - FIF;54.853.464/0001-70;;BRADESCO DEBÊNTURES INCENTIVADAS INFLAÇÃO II FIC FIF RF INC INFRA LP - RESP LIMITADA;2025-08-31;Depósitos a prazo e outros títulos de instituições financeiras;2.96
CLASSES - FIF;54.853.464/0001-70;;BRADESCO DEBÊNTURES INCENTIVADAS INFLAÇÃO II FIC FIF RF INC INFRA LP - RESP LIMITADA;2025-08-31;Derivativos;12.56
CLASSES - FIF;54.853.464/0001-70;;BRADESCO DEBÊNTURES INCENTIVADAS INFLAÇÃO II FIC FIF RF INC INFRA LP - RESP LIMITADA;2025-08-31;Operações compromissadas lastreadas em títulos públicos federais;6.18
CLASSES - FIF;54.853.464/0001-70;;BRADESCO DEBÊNTURES INCENTIVADAS INFLAÇÃO II FIC FIF RF INC INFRA LP - RESP LIMITADA;2025-08-31;Títulos de crédito privado;88.21
CLASSES - FIF;54.853.464/0001-70;;BRADESCO DEBÊNTURES INCENTIVADAS INFLAÇÃO II FIC FIF RF INC INFRA LP - RESP LIMITADA;2025-08-31;Títulos públicos federais;2.97
CLASSES - FIF;54.887.516/0001-29;;BANRISUL FOCO IMA-B 5+ FUNDO DE INVESTIMENTO FINANCEIRO EM RENDA FIXA  LP RESPONSABILIDADE LIMITADA;2025-08-31;DERIVATIVOS;0.13
CLASSES - FIF;54.887.516/0001-29;;BANRISUL FOCO IMA-B 5+ FUNDO DE INVESTIMENTO FINANCEIRO EM RENDA FIXA  LP RESPONSABILIDADE LIMITADA;2025-08-31;TÍTULOS PÚBLICOS FEDERAIS;99.61
CLASSES - FIF;54.890.370/0001-70;;BANRISUL NTN-B 2032 FUNDO DE INVESTIMENTO FINANCEIRO EM RENDA FIXA RESPONSABILIDADE LIMITADA;2025-08-31;OPERAÇÕES COMPROMISSADAS LASTREADAS EM TÍTULOS PÚBLICOS FEDERAIS;0.28
CLASSES - FIF;54.890.370/0001-70;;BANRISUL NTN-B 2032 FUNDO DE INVESTIMENTO FINANCEIRO EM RENDA FIXA RESPONSABILIDADE LIMITADA;2025-08-31;TÍTULOS PÚBLICOS FEDERAIS;99.67
CLASSES - FIF;54.910.665/0001-61;;BOCOM BBM INFRA IPCA FIF CI RENDA FIXA INCENTIVADO EM INFRAESTRUTURA - RESP LIMITADA;2025-08-31;Depósitos a prazo e outros títulos de instituições financeiras;5.66
CLASSES - FIF;54.910.665/0001-61;;BOCOM BBM INFRA IPCA FIF CI RENDA FIXA INCENTIVADO EM INFRAESTRUTURA - RESP LIMITADA;2025-08-31;Derivativos;28.96
CLASSES - FIF;54.910.665/0001-61;;BOCOM BBM INFRA IPCA FIF CI RENDA FIXA INCENTIVADO EM INFRAESTRUTURA - RESP LIMITADA;2025-08-31;Operações compromissadas lastreadas em títulos públicos federais;9.97
CLASSES - FIF;54.910.665/0001-61;;BOCOM BBM INFRA IPCA FIF CI RENDA FIXA INCENTIVADO EM INFRAESTRUTURA - RESP LIMITADA;2025-08-31;Títulos de crédito privado;80.70
CLASSES - FIF;54.910.665/0001-61;;BOCOM BBM INFRA IPCA FIF CI RENDA FIXA INCENTIVADO EM INFRAESTRUTURA - RESP LIMITADA;2025-08-31;Títulos públicos federais;3.47
CLASSES - FIF;54.934.053/0001-09;;IVI QUANT FUNDO DE INVESTIMENTO FINANCEIRO;2025-08-31;Ações;90.29
CLASSES - FIF;54.934.053/0001-09;;IVI QUANT FUNDO DE INVESTIMENTO FINANCEIRO;2025-08-31;Titulos publicos federais;7.32
CLASSES - FIF;54.934.244/0001-70;;INTEGRAL LIQUIDEZ FIF RENDA FIXA REFERENCIADO DI LP CRÉDITO PRIVADO RESPONSABILIDADE LIMITADA;2025-08-31;Depósitos a prazo e outros títulos de instituições financeiras;36.02
CLASSES - FIF;54.934.244/0001-70;;INTEGRAL LIQUIDEZ FIF RENDA FIXA REFERENCIADO DI LP CRÉDITO PRIVADO RESPONSABILIDADE LIMITADA;2025-08-31;Operações compromissadas lastreadas em títulos públicos federais;3.31
CLASSES - FIF;54.934.244/0001-70;;INTEGRAL LIQUIDEZ FIF RENDA FIXA REFERENCIADO DI LP CRÉDITO PRIVADO RESPONSABILIDADE LIMITADA;2025-08-31;Títulos públicos federais;60.64
CLASSES - FIF;54.978.672/0001-03;;BRAM GLOBAL YIELD FIF - CLASSE DE INVESTIMENTO MULTIMERCADO - RESPONSABILIDADE LIMITADA;2025-08-31;Operações compromissadas lastreadas em títulos públicos federais;42.88
CLASSES - FIF;54.978.672/0001-03;;BRAM GLOBAL YIELD FIF - CLASSE DE INVESTIMENTO MULTIMERCADO - RESPONSABILIDADE LIMITADA;2025-08-31;Títulos públicos federais;55.92
CLASSES - FIF;55.050.131/0001-75;;BRADESCO CENTRALIZADOR FUNDO DE INVESTIMENTO FINANCEIRO EM AÇÕES - RESPONSABILIDADE LIMITADA;2025-08-31;Ações;76.10
CLASSES - FIF;55.050.131/0001-75;;BRADESCO CENTRALIZADOR FUNDO DE INVESTIMENTO FINANCEIRO EM AÇÕES - RESPONSABILIDADE LIMITADA;2025-08-31;Cotas de fundos de investimento 409;8.39
CLASSES - FIF;55.050.131/0001-75;;BRADESCO CENTRALIZADOR FUNDO DE INVESTIMENTO FINANCEIRO EM AÇÕES - RESPONSABILIDADE LIMITADA;2025-08-31;Derivativos;9.39
CLASSES - FIF;55.050.131/0001-75;;BRADESCO CENTRALIZADOR FUNDO DE INVESTIMENTO FINANCEIRO EM AÇÕES - RESPONSABILIDADE LIMITADA;2025-08-31;Operações compromissadas lastreadas em títulos públicos federais;6.67
CLASSES - FIF;55.050.131/0001-75;;BRADESCO CENTRALIZADOR FUNDO DE INVESTIMENTO FINANCEIRO EM AÇÕES - RESPONSABILIDADE LIMITADA;2025-08-31;Títulos públicos federais;6.84
CLASSES - FIF;55.172.760/0001-78;;DOXOS HYDRA FUNDO DE INVESTIMENTO MULTIMERCADO - RESPONSABILIDADE LIMITADA;2025-08-31;Ações;26.77
CLASSES - FIF;55.172.760/0001-78;;DOXOS HYDRA FUNDO DE INVESTIMENTO MULTIMERCADO - RESPONSABILIDADE LIMITADA;2025-08-31;Operações compromissadas lastreadas em títulospúblicos federais;19.17
CLASSES - FIF;55.172.760/0001-78;;DOXOS HYDRA FUNDO DE INVESTIMENTO MULTIMERCADO - RESPONSABILIDADE LIMITADA;2025-08-31;Outras aplicações;-12.69
CLASSES - FIF;55.172.760/0001-78;;DOXOS HYDRA FUNDO DE INVESTIMENTO MULTIMERCADO - RESPONSABILIDADE LIMITADA;2025-08-31;Títulos públicos federais;66.76
CLASSES - FIF;55.225.565/0001-69;;SICOOB SMALL CAPS FUNDO DE INVESTIMENTO FINANCEIRO EM AÇÕES;2025-08-31;Ações;59.97
CLASSES - FIF;55.225.565/0001-69;;SICOOB SMALL CAPS FUNDO DE INVESTIMENTO FINANCEIRO EM AÇÕES;2025-08-31;Operações compromissadas lastreadas em títulos públicos federais;6.38
CLASSES - FIF;55.225.565/0001-69;;SICOOB SMALL CAPS FUNDO DE INVESTIMENTO FINANCEIRO EM AÇÕES;2025-08-31;Outras cotas de fundos de investimento;33.65
CLASSES - FIF;55.225.719/0001-12;;SICOOB DIVIDENDOS FUNDO DE INVESTIMENTO FINANCEIRO EM AÇÕES;2025-08-31;Ações;79.58
CLASSES - FIF;55.225.719/0001-12;;SICOOB DIVIDENDOS FUNDO DE INVESTIMENTO FINANCEIRO EM AÇÕES;2025-08-31;Operações compromissadas lastreadas em títulos públicos federais;4.70
CLASSES - FIF;55.225.719/0001-12;;SICOOB DIVIDENDOS FUNDO DE INVESTIMENTO FINANCEIRO EM AÇÕES;2025-08-31;Outras cotas de fundos de investimento;15.72
CLASSES - FIF;55.274.339/0001-78;;RIO BRAVO PROTEÇÃO PORTFÓLIO FI FINANCEIRO MULTIMERCADO  RESPONSABILIDADE LIMITADA;2025-08-31;Cotas de fundos de investimento 409;0.22
CLASSES - FIF;55.274.339/0001-78;;RIO BRAVO PROTEÇÃO PORTFÓLIO FI FINANCEIRO MULTIMERCADO  RESPONSABILIDADE LIMITADA;2025-08-31;Derivativos;25.30
CLASSES - FIF;55.274.339/0001-78;;RIO BRAVO PROTEÇÃO PORTFÓLIO FI FINANCEIRO MULTIMERCADO  RESPONSABILIDADE LIMITADA;2025-08-31;Operações compromissadas lastreadas em títulos públicos federais;0.37
CLASSES - FIF;55.274.339/0001-78;;RIO BRAVO PROTEÇÃO PORTFÓLIO FI FINANCEIRO MULTIMERCADO  RESPONSABILIDADE LIMITADA;2025-08-31;Títulos públicos federais;74.21
CLASSES - FIF;55.315.251/0001-57;;ZSYS KREUTZER FUNDO DE INVESTIMENTO MULTIMERCADO;2025-08-31;Ações;12.04
CLASSES - FIF;55.315.251/0001-57;;ZSYS KREUTZER FUNDO DE INVESTIMENTO MULTIMERCADO;2025-08-31;Cotas de Fundos de Índice de Renda Variável;23.93
CLASSES - FIF;55.315.251/0001-57;;ZSYS KREUTZER FUNDO DE INVESTIMENTO MULTIMERCADO;2025-08-31;Cotas de Fundos de Investimento 409;70.05
CLASSES - FIF;55.315.251/0001-57;;ZSYS KREUTZER FUNDO DE INVESTIMENTO MULTIMERCADO;2025-08-31;Outras Aplicações;-10.90
CLASSES - FIF;55.315.251/0001-57;;ZSYS KREUTZER FUNDO DE INVESTIMENTO MULTIMERCADO;2025-08-31;Outras Cotas de Fundos de Investimento;5.90
CLASSES - FIF;55.315.627/0001-23;;BRADESCO ULTRA II FIF - CIC RENDA FIXA CRÉDITO PRIVADO LONGO PRAZO - RESPONSABILIDADE LIMITADA;2025-08-31;Cotas de fundos de investimento 409;15.53
CLASSES - FIF;55.315.627/0001-23;;BRADESCO ULTRA II FIF - CIC RENDA FIXA CRÉDITO PRIVADO LONGO PRAZO - RESPONSABILIDADE LIMITADA;2025-08-31;Depósitos a prazo e outros títulos de instituições financeiras;14.40
CLASSES - FIF;55.315.627/0001-23;;BRADESCO ULTRA II FIF - CIC RENDA FIXA CRÉDITO PRIVADO LONGO PRAZO - RESPONSABILIDADE LIMITADA;2025-08-31;Investimento no exterior;0.51
CLASSES - FIF;55.315.627/0001-23;;BRADESCO ULTRA II FIF - CIC RENDA FIXA CRÉDITO PRIVADO LONGO PRAZO - RESPONSABILIDADE LIMITADA;2025-08-31;Operações compromissadas lastreadas em títulos públicos federais;12.76
CLASSES - FIF;55.315.627/0001-23;;BRADESCO ULTRA II FIF - CIC RENDA FIXA CRÉDITO PRIVADO LONGO PRAZO - RESPONSABILIDADE LIMITADA;2025-08-31;Títulos de crédito privado;55.90
CLASSES - FIF;55.402.699/0001-08;;TARPON ATLANTICUS INST FIC DE FIA RESP LIM;2025-08-31;Cotas de Fundos de Investimento 409;106.81
CLASSES - FIF;55.402.699/0001-08;;TARPON ATLANTICUS INST FIC DE FIA RESP LIM;2025-08-31;Outras Aplicações;-0.11
CLASSES - FIF;55.440.900/0001-41;;TARPON ATLANTICUS MASTER FUNDO DE INVESTIMENTO EM AÇÕES RESPONSABILIDADE LIMITADA;2025-08-31;Ações;100.00
CLASSES - FIF;55.440.900/0001-41;;TARPON ATLANTICUS MASTER FUNDO DE INVESTIMENTO EM AÇÕES RESPONSABILIDADE LIMITADA;2025-08-31;Outras Aplicações;0.00
CLASSES - FIF;55.466.425/0001-82;;XP CASH V1 DI FUNDO DE INVESTIMENTO FINANCEIRO;2025-08-31;Operações Compromissadas Lastreadas em Títulos Públicos Federais;39.53
CLASSES - FIF;55.466.425/0001-82;;XP CASH V1 DI FUNDO DE INVESTIMENTO FINANCEIRO;2025-08-31;Outras Aplicações;0.00
CLASSES - FIF;55.466.425/0001-82;;XP CASH V1 DI FUNDO DE INVESTIMENTO FINANCEIRO;2025-08-31;Títulos Públicos Federais;60.48
CLASSES - FIF;55.484.260/0001-71;;ITAMARAJU FUNDO DE INVESTIMENTO MULTIMERCADO CRÉDITO PRIVADO;2025-08-31;Acões;0.00
CLASSES - FIF;55.484.260/0001-71;;ITAMARAJU FUNDO DE INVESTIMENTO MULTIMERCADO CRÉDITO PRIVADO;2025-08-31;Depósito a prazo e outros títulos de instituições financeiras;100.00
CLASSES - FIF;55.484.260/0001-71;;ITAMARAJU FUNDO DE INVESTIMENTO MULTIMERCADO CRÉDITO PRIVADO;2025-08-31;Operacões compromissadas lastreadas em títulos privados;0.00
CLASSES - FIF;55.484.260/0001-71;;ITAMARAJU FUNDO DE INVESTIMENTO MULTIMERCADO CRÉDITO PRIVADO;2025-08-31;Operacões compromissadas lastreadas em títulos públicos federais;0.00
CLASSES - FIF;55.484.260/0001-71;;ITAMARAJU FUNDO DE INVESTIMENTO MULTIMERCADO CRÉDITO PRIVADO;2025-08-31;Títulos Públicos federais;0.00
CLASSES - FIF;55.533.539/0001-06;;BRAM DEBÊNTURES INCENTIVADAS CDI 2405 FIF RENDA FIXA INCENTIVADO DE INV EM INFRA LP RESP LIMITADA;2025-08-31;Depósitos a prazo e outros títulos de instituições financeiras;1.19
CLASSES - FIF;55.533.539/0001-06;;BRAM DEBÊNTURES INCENTIVADAS CDI 2405 FIF RENDA FIXA INCENTIVADO DE INV EM INFRA LP RESP LIMITADA;2025-08-31;Derivativos;-60.96
CLASSES - FIF;55.533.539/0001-06;;BRAM DEBÊNTURES INCENTIVADAS CDI 2405 FIF RENDA FIXA INCENTIVADO DE INV EM INFRA LP RESP LIMITADA;2025-08-31;Operações compromissadas lastreadas em títulos públicos federais;5.63
CLASSES - FIF;55.533.539/0001-06;;BRAM DEBÊNTURES INCENTIVADAS CDI 2405 FIF RENDA FIXA INCENTIVADO DE INV EM INFRA LP RESP LIMITADA;2025-08-31;Títulos de crédito privado;81.90
CLASSES - FIF;55.533.539/0001-06;;BRAM DEBÊNTURES INCENTIVADAS CDI 2405 FIF RENDA FIXA INCENTIVADO DE INV EM INFRA LP RESP LIMITADA;2025-08-31;Títulos públicos federais;11.07
CLASSES - FIF;55.577.828/0001-07;;24 HORAS FUNDO DE INVESTIMENTO EM RENDA FIXA RESPONSABILIDADE LIMITADA;2025-08-31;Operações compromissadas lastreadas em títulos públicos federais;28.58
CLASSES - FIF;55.577.828/0001-07;;24 HORAS FUNDO DE INVESTIMENTO EM RENDA FIXA RESPONSABILIDADE LIMITADA;2025-08-31;Títulos de crédito privado;15.42
CLASSES - FIF;55.577.828/0001-07;;24 HORAS FUNDO DE INVESTIMENTO EM RENDA FIXA RESPONSABILIDADE LIMITADA;2025-08-31;Títulos públicos federais;56.03
CLASSES - FIF;55.597.712/0001-21;;SICOOB ASG FUNDO DE INVESTIMENTO FINANCEIRO EM AÇÕES IS;2025-08-31;Ações;95.73
CLASSES - FIF;55.597.712/0001-21;;SICOOB ASG FUNDO DE INVESTIMENTO FINANCEIRO EM AÇÕES IS;2025-08-31;Operações compromissadas lastreadas em títulos públicos federais;2.28
CLASSES - FIF;55.597.712/0001-21;;SICOOB ASG FUNDO DE INVESTIMENTO FINANCEIRO EM AÇÕES IS;2025-08-31;Outras cotas de fundos de investimento;1.99
CLASSES - FIF;55.763.285/0001-04;;SULAMÉRICA EXCELLENCE PLUS FIF RENDA FIXA CRÉD PRIV LONGO PRAZO DE RESP LIMITADA;2025-08-31;Cotas de Fundo;0.48
CLASSES - FIF;55.763.285/0001-04;;SULAMÉRICA EXCELLENCE PLUS FIF RENDA FIXA CRÉD PRIV LONGO PRAZO DE RESP LIMITADA;2025-08-31;Op. Compromissadas lastreadas em títulos públicos;0.37
CLASSES - FIF;55.763.285/0001-04;;SULAMÉRICA EXCELLENCE PLUS FIF RENDA FIXA CRÉD PRIV LONGO PRAZO DE RESP LIMITADA;2025-08-31;Outros;0.00
CLASSES - FIF;55.763.285/0001-04;;SULAMÉRICA EXCELLENCE PLUS FIF RENDA FIXA CRÉD PRIV LONGO PRAZO DE RESP LIMITADA;2025-08-31;Títulos de crédito privado;25.00
CLASSES - FIF;55.763.285/0001-04;;SULAMÉRICA EXCELLENCE PLUS FIF RENDA FIXA CRÉD PRIV LONGO PRAZO DE RESP LIMITADA;2025-08-31;Títulos público federais;0.30
CLASSES - FIF;55.771.625/0001-49;;RIO BRAVO PROTEÇÃO PORTFÓLIO II FUNDO DE INVESTIMENTO FINANCEIRO MULTIMERCADO - RESP LIMITADA;2025-08-31;Derivativos;13.98
CLASSES - FIF;55.771.625/0001-49;;RIO BRAVO PROTEÇÃO PORTFÓLIO II FUNDO DE INVESTIMENTO FINANCEIRO MULTIMERCADO - RESP LIMITADA;2025-08-31;Operações compromissadas lastreadas em títulos públicos federais;0.70
CLASSES - FIF;55.771.625/0001-49;;RIO BRAVO PROTEÇÃO PORTFÓLIO II FUNDO DE INVESTIMENTO FINANCEIRO MULTIMERCADO - RESP LIMITADA;2025-08-31;Títulos públicos federais;85.42
CLASSES - FIF;55.779.544/0001-95;;ALPHA WAVE 300 FUNDO DE INVESTIMENTO FINANCEIRO MULTIMERCADO;2025-08-31;Cotas de Fundos de Investimento 409;1.25
CLASSES - FIF;55.779.544/0001-95;;ALPHA WAVE 300 FUNDO DE INVESTIMENTO FINANCEIRO MULTIMERCADO;2025-08-31;Derivativos;-0.07
CLASSES - FIF;55.779.544/0001-95;;ALPHA WAVE 300 FUNDO DE INVESTIMENTO FINANCEIRO MULTIMERCADO;2025-08-31;Outras Aplicações;0.06
CLASSES - FIF;55.779.544/0001-95;;ALPHA WAVE 300 FUNDO DE INVESTIMENTO FINANCEIRO MULTIMERCADO;2025-08-31;Outras Cotas de Fundos de Investimento;41.82
CLASSES - FIF;55.779.544/0001-95;;ALPHA WAVE 300 FUNDO DE INVESTIMENTO FINANCEIRO MULTIMERCADO;2025-08-31;Títulos Públicos Federais;57.60
CLASSES - FIF;55.803.500/0001-53;;BANRISUL NTN-B 2025 FUNDO DE INVESTIMENTO FINANCEIRO EM RENDA FIXA RESPONSABILIDADE LIMITADA;2025-08-31;OPERACOES COMPROMISSADAS LASTREADAS EM TITULO PUBLICO;99.76
CLASSES - FIF;55.806.562/0001-19;;SMARTSAVE CONSERVADOR CAPITAL PROTEGIDO FUNDO DE INVESTIMENTO FINANCEIRO;2025-08-31;Depósitos a Prazo e Outros Títulos de Instituições Financeiras;3.39
CLASSES - FIF;55.806.562/0001-19;;SMARTSAVE CONSERVADOR CAPITAL PROTEGIDO FUNDO DE INVESTIMENTO FINANCEIRO;2025-08-31;Operações Compromissadas Lastreadas em Títulos Públicos Federais;3.29
CLASSES - FIF;55.806.562/0001-19;;SMARTSAVE CONSERVADOR CAPITAL PROTEGIDO FUNDO DE INVESTIMENTO FINANCEIRO;2025-08-31;Outras Aplicações;0.15
CLASSES - FIF;55.806.562/0001-19;;SMARTSAVE CONSERVADOR CAPITAL PROTEGIDO FUNDO DE INVESTIMENTO FINANCEIRO;2025-08-31;Títulos de Crédito Privado;36.60
CLASSES - FIF;55.806.562/0001-19;;SMARTSAVE CONSERVADOR CAPITAL PROTEGIDO FUNDO DE INVESTIMENTO FINANCEIRO;2025-08-31;Títulos Públicos Federais;57.25
CLASSES - FIF;55.915.452/0001-95;;CIANO GANBATTE FUNDO DE INVESTIMENTO FINANCEIRO MULTIMERCADO;2025-08-31;Ações;5.61
CLASSES - FIF;55.915.452/0001-95;;CIANO GANBATTE FUNDO DE INVESTIMENTO FINANCEIRO MULTIMERCADO;2025-08-31;Cotas de fundos de investimento 555;45.36
CLASSES - FIF;55.915.452/0001-95;;CIANO GANBATTE FUNDO DE INVESTIMENTO FINANCEIRO MULTIMERCADO;2025-08-31;Operações compromissadas lastreadas em títulospúblicos federais;13.32
CLASSES - FIF;55.915.452/0001-95;;CIANO GANBATTE FUNDO DE INVESTIMENTO FINANCEIRO MULTIMERCADO;2025-08-31;Outras aplicações;-1.24
CLASSES - FIF;55.915.452/0001-95;;CIANO GANBATTE FUNDO DE INVESTIMENTO FINANCEIRO MULTIMERCADO;2025-08-31;Títulos públicos federais;36.95
CLASSES - FIF;55.969.096/0001-92;;BRADESCO FUNDO DE INVESTIMENTO FINANCEIRO RENDA FIXA ESTRATÉGIA XXVI - RESP LIMITADA;2025-08-31;Operações compromissadas lastreadas em títulos públicos federais;0.16
CLASSES - FIF;55.969.096/0001-92;;BRADESCO FUNDO DE INVESTIMENTO FINANCEIRO RENDA FIXA ESTRATÉGIA XXVI - RESP LIMITADA;2025-08-31;Títulos públicos federais;99.84
CLASSES - FIF;55.984.149/0001-44;;JATAÍ FUTURO ANCESTRAL FUNDO DE INVESTIMENTO FINANCEIRO MULTIMERCADO CRÉDITO PRIVADO;2025-08-31;Cotas de Fundos de Investimento 409;0.00
CLASSES - FIF;55.984.149/0001-44;;JATAÍ FUTURO ANCESTRAL FUNDO DE INVESTIMENTO FINANCEIRO MULTIMERCADO CRÉDITO PRIVADO;2025-08-31;Depósitos a Prazo e Outros Títulos de Instituições Financeiras;0.00
CLASSES - FIF;55.984.149/0001-44;;JATAÍ FUTURO ANCESTRAL FUNDO DE INVESTIMENTO FINANCEIRO MULTIMERCADO CRÉDITO PRIVADO;2025-08-31;Operações Compromissadas Lastreadas em Títulos Públicos Federais;0.00
CLASSES - FIF;55.984.149/0001-44;;JATAÍ FUTURO ANCESTRAL FUNDO DE INVESTIMENTO FINANCEIRO MULTIMERCADO CRÉDITO PRIVADO;2025-08-31;Títulos de Crédito Privado;0.00
CLASSES - FIF;55.984.149/0001-44;;JATAÍ FUTURO ANCESTRAL FUNDO DE INVESTIMENTO FINANCEIRO MULTIMERCADO CRÉDITO PRIVADO;2025-08-31;Títulos Públicos Federais;0.00
CLASSES - FIF;55.986.610/0001-06;;BRADESCO PORTFÓLIO DEBÊNTURES INCENTIVADAS FIF - CIC RF INCENTIVADO EM INFRA LP - RESP LIMITADA;2025-08-31;Cotas de fundos de investimento 409;2.45
CLASSES - FIF;55.986.610/0001-06;;BRADESCO PORTFÓLIO DEBÊNTURES INCENTIVADAS FIF - CIC RF INCENTIVADO EM INFRA LP - RESP LIMITADA;2025-08-31;Depósitos a prazo e outros títulos de instituições financeiras;2.34
CLASSES - FIF;55.986.610/0001-06;;BRADESCO PORTFÓLIO DEBÊNTURES INCENTIVADAS FIF - CIC RF INCENTIVADO EM INFRA LP - RESP LIMITADA;2025-08-31;Operações compromissadas lastreadas em títulos públicos federais;19.86
CLASSES - FIF;55.986.610/0001-06;;BRADESCO PORTFÓLIO DEBÊNTURES INCENTIVADAS FIF - CIC RF INCENTIVADO EM INFRA LP - RESP LIMITADA;2025-08-31;Títulos de crédito privado;63.12
CLASSES - FIF;55.986.610/0001-06;;BRADESCO PORTFÓLIO DEBÊNTURES INCENTIVADAS FIF - CIC RF INCENTIVADO EM INFRA LP - RESP LIMITADA;2025-08-31;Títulos públicos federais;12.18
CLASSES - FIF;56.083.672/0001-62;;PATRIMONIAL PORTFÓLIO FUNDO DE INVESTIMENTO FINANCEIRO EM COTAS CREDITO PRIVADO;2025-08-31;Cotas de Fundos;1.35
CLASSES - FIF;56.083.672/0001-62;;PATRIMONIAL PORTFÓLIO FUNDO DE INVESTIMENTO FINANCEIRO EM COTAS CREDITO PRIVADO;2025-08-31;Renda Fixa;98.51
CLASSES - FIF;56.199.556/0001-03;;HERON FUNDO DE INVESTIMENTO MULTIMERCADO CRÉDITO PRIVADO;2025-08-31;Acões;0.00
CLASSES - FIF;56.199.556/0001-03;;HERON FUNDO DE INVESTIMENTO MULTIMERCADO CRÉDITO PRIVADO;2025-08-31;Cotas de Fundos de Investimento 555;56.18
CLASSES - FIF;56.199.556/0001-03;;HERON FUNDO DE INVESTIMENTO MULTIMERCADO CRÉDITO PRIVADO;2025-08-31;Depósito a prazo e outros títulos de instituições financeiras;12.51
CLASSES - FIF;56.199.556/0001-03;;HERON FUNDO DE INVESTIMENTO MULTIMERCADO CRÉDITO PRIVADO;2025-08-31;Operacões compromissadas lastreadas em títulos privados;0.00
CLASSES - FIF;56.199.556/0001-03;;HERON FUNDO DE INVESTIMENTO MULTIMERCADO CRÉDITO PRIVADO;2025-08-31;Títulos de crédito privado;31.31
CLASSES - FIF;56.343.578/0001-03;;RIVIERE FUNDO DE INVESTIMENTO MULTIMERCADO CRÉDITO PRIVADO;2025-08-31;Acões;0.00
CLASSES - FIF;56.343.578/0001-03;;RIVIERE FUNDO DE INVESTIMENTO MULTIMERCADO CRÉDITO PRIVADO;2025-08-31;Cotas de Fundos de Investimento 555;99.93
CLASSES - FIF;56.343.578/0001-03;;RIVIERE FUNDO DE INVESTIMENTO MULTIMERCADO CRÉDITO PRIVADO;2025-08-31;Depósito a prazo e outros títulos de instituições financeiras;0.07
CLASSES - FIF;56.343.578/0001-03;;RIVIERE FUNDO DE INVESTIMENTO MULTIMERCADO CRÉDITO PRIVADO;2025-08-31;Operacões compromissadas lastreadas em títulos privados;0.00
CLASSES - FIF;56.343.578/0001-03;;RIVIERE FUNDO DE INVESTIMENTO MULTIMERCADO CRÉDITO PRIVADO;2025-08-31;Operacões compromissadas lastreadas em títulos públicos federais;0.00
CLASSES - FIF;56.778.531/0001-64;;BANRISUL NTN-B 2026 FUNDO DE INVESTIMENTO FINANCEIRO EM RENDA FIXA RESPONSABILIDADE LIMITADA;2025-08-31;OUTROS;99.99
CLASSES - FIF;56.876.275/0001-48;;XP CASH M FUNDO DE INVESTIMENTO EM RENDA FIXA SIMPLES RESPONSABILIDADE LIMITADA;2025-08-31;Operações compromissadas lastreadas em títulos públicos federais;27.06
CLASSES - FIF;56.876.275/0001-48;;XP CASH M FUNDO DE INVESTIMENTO EM RENDA FIXA SIMPLES RESPONSABILIDADE LIMITADA;2025-08-31;Títulos públicos federais;72.96
CLASSES - FIF;57.070.309/0001-75;;CLASSE ÚNICA DO POLO CRÉDITO CORPORATIVO INSTITUCIONAL MASTER FI RF CRED PRIV LP - RESP LIMITADA;2025-08-31;Cotas de Fundos de Investimento 409;0.00
CLASSES - FIF;57.070.309/0001-75;;CLASSE ÚNICA DO POLO CRÉDITO CORPORATIVO INSTITUCIONAL MASTER FI RF CRED PRIV LP - RESP LIMITADA;2025-08-31;Depósitos a Prazo e Outros Títulos de Instituições Financeiras;0.00
CLASSES - FIF;57.070.309/0001-75;;CLASSE ÚNICA DO POLO CRÉDITO CORPORATIVO INSTITUCIONAL MASTER FI RF CRED PRIV LP - RESP LIMITADA;2025-08-31;Operações Compromissadas Lastreadas em Títulos Públicos Federais;0.00
CLASSES - FIF;57.070.309/0001-75;;CLASSE ÚNICA DO POLO CRÉDITO CORPORATIVO INSTITUCIONAL MASTER FI RF CRED PRIV LP - RESP LIMITADA;2025-08-31;Títulos de Crédito Privado;0.00
CLASSES - FIF;57.070.309/0001-75;;CLASSE ÚNICA DO POLO CRÉDITO CORPORATIVO INSTITUCIONAL MASTER FI RF CRED PRIV LP - RESP LIMITADA;2025-08-31;Títulos Públicos Federais;0.00
CLASSES - FIF;57.070.875/0001-87;;EASY CASH FUNDO DE INVESTIMENTO MULTIMERCADO CRÉDITO PRIVADO;2025-08-31;Acões;0.00
CLASSES - FIF;57.070.875/0001-87;;EASY CASH FUNDO DE INVESTIMENTO MULTIMERCADO CRÉDITO PRIVADO;2025-08-31;Cotas de Fundos de Investimento 555;99.90
CLASSES - FIF;57.070.875/0001-87;;EASY CASH FUNDO DE INVESTIMENTO MULTIMERCADO CRÉDITO PRIVADO;2025-08-31;Depósito a prazo e outros títulos de instituições financeiras;0.10
CLASSES - FIF;57.070.875/0001-87;;EASY CASH FUNDO DE INVESTIMENTO MULTIMERCADO CRÉDITO PRIVADO;2025-08-31;Operacões compromissadas lastreadas em títulos privados;0.00
CLASSES - FIF;57.070.875/0001-87;;EASY CASH FUNDO DE INVESTIMENTO MULTIMERCADO CRÉDITO PRIVADO;2025-08-31;Operacões compromissadas lastreadas em títulos públicos federais;0.00
CLASSES - FIF;57.106.323/0001-81;;CONSTANZA FUNDO DE INVESTIMENTO MULTIMERCADO CRÉDITO PRIVADO;2025-08-31;Acões;0.00
CLASSES - FIF;57.106.323/0001-81;;CONSTANZA FUNDO DE INVESTIMENTO MULTIMERCADO CRÉDITO PRIVADO;2025-08-31;Cotas de Fundos de Investimento 555;75.37
CLASSES - FIF;57.106.323/0001-81;;CONSTANZA FUNDO DE INVESTIMENTO MULTIMERCADO CRÉDITO PRIVADO;2025-08-31;Depósito a prazo e outros títulos de instituições financeiras;2.83
CLASSES - FIF;57.106.323/0001-81;;CONSTANZA FUNDO DE INVESTIMENTO MULTIMERCADO CRÉDITO PRIVADO;2025-08-31;Operacões compromissadas lastreadas em títulos privados;0.00
CLASSES - FIF;57.106.323/0001-81;;CONSTANZA FUNDO DE INVESTIMENTO MULTIMERCADO CRÉDITO PRIVADO;2025-08-31;Títulos de crédito privado;21.80
CLASSES - FIF;57.172.951/0001-65;;RIPON FUNDO DE INVESTIMENTO MULTIMERCADO CRÉDITO PRIVADO;2025-08-31;Acões;0.00
CLASSES - FIF;57.172.951/0001-65;;RIPON FUNDO DE INVESTIMENTO MULTIMERCADO CRÉDITO PRIVADO;2025-08-31;Cotas de Fundos de Investimento 555;1.21
CLASSES - FIF;57.172.951/0001-65;;RIPON FUNDO DE INVESTIMENTO MULTIMERCADO CRÉDITO PRIVADO;2025-08-31;Depósito a prazo e outros títulos de instituições financeiras;7.12
CLASSES - FIF;57.172.951/0001-65;;RIPON FUNDO DE INVESTIMENTO MULTIMERCADO CRÉDITO PRIVADO;2025-08-31;Operacões compromissadas lastreadas em títulos privados;0.00
CLASSES - FIF;57.172.951/0001-65;;RIPON FUNDO DE INVESTIMENTO MULTIMERCADO CRÉDITO PRIVADO;2025-08-31;Títulos de crédito privado;91.68
CLASSES - FIF;57.186.836/0001-40;;BOLZANO FUNDO DE INVESTIMENTO MULTIMERCADO CRÉDITO PRIVADO;2025-08-31;Acões;0.00
CLASSES - FIF;57.186.836/0001-40;;BOLZANO FUNDO DE INVESTIMENTO MULTIMERCADO CRÉDITO PRIVADO;2025-08-31;Cotas de Fundos de Investimento 555;101.15
CLASSES - FIF;57.186.836/0001-40;;BOLZANO FUNDO DE INVESTIMENTO MULTIMERCADO CRÉDITO PRIVADO;2025-08-31;Operacões compromissadas lastreadas em títulos privados;0.00
CLASSES - FIF;57.186.836/0001-40;;BOLZANO FUNDO DE INVESTIMENTO MULTIMERCADO CRÉDITO PRIVADO;2025-08-31;Operacões compromissadas lastreadas em títulos públicos federais;0.00
CLASSES - FIF;57.186.836/0001-40;;BOLZANO FUNDO DE INVESTIMENTO MULTIMERCADO CRÉDITO PRIVADO;2025-08-31;Títulos Públicos federais;0.00
CLASSES - FIF;57.375.946/0001-50;;FUTURA ABSOLUTO FC DE FI FINANCEIRO MULT LP - RESP LIMITADA;2025-08-31;Cotas de fundos de investimento 555;99.64
CLASSES - FIF;57.375.946/0001-50;;FUTURA ABSOLUTO FC DE FI FINANCEIRO MULT LP - RESP LIMITADA;2025-08-31;Operações compromissadas lastreadas em títulospúblicos federais;0.57
CLASSES - FIF;57.375.946/0001-50;;FUTURA ABSOLUTO FC DE FI FINANCEIRO MULT LP - RESP LIMITADA;2025-08-31;Outras aplicações;-0.21
CLASSES - FIF;57.376.074/0001-44;;FUTURA ABSOLUTO MASTER FI FINANCEIRO MULT LP - RESP LIMITADA;2025-08-31;Ações;2.47
CLASSES - FIF;57.376.074/0001-44;;FUTURA ABSOLUTO MASTER FI FINANCEIRO MULT LP - RESP LIMITADA;2025-08-31;Cotas de fundos de investimento 555;9.65
CLASSES - FIF;57.376.074/0001-44;;FUTURA ABSOLUTO MASTER FI FINANCEIRO MULT LP - RESP LIMITADA;2025-08-31;Operações compromissadas lastreadas em títulospúblicos federais;0.18
CLASSES - FIF;57.376.074/0001-44;;FUTURA ABSOLUTO MASTER FI FINANCEIRO MULT LP - RESP LIMITADA;2025-08-31;Outras aplicações;-0.84
CLASSES - FIF;57.376.074/0001-44;;FUTURA ABSOLUTO MASTER FI FINANCEIRO MULT LP - RESP LIMITADA;2025-08-31;Títulos públicos federais;88.54
CLASSES - FIF;58.287.989/0001-46;;SINGAPURA FUNDO DE INVESTIMENTO MULTIMERCADO CRÉDITO  PRIVADO;2025-08-31;Acões;0.00
CLASSES - FIF;58.287.989/0001-46;;SINGAPURA FUNDO DE INVESTIMENTO MULTIMERCADO CRÉDITO  PRIVADO;2025-08-31;Cotas de Fundos de Investimento 555;100.90
CLASSES - FIF;58.287.989/0001-46;;SINGAPURA FUNDO DE INVESTIMENTO MULTIMERCADO CRÉDITO  PRIVADO;2025-08-31;Operacões compromissadas lastreadas em títulos privados;0.00
CLASSES - FIF;58.287.989/0001-46;;SINGAPURA FUNDO DE INVESTIMENTO MULTIMERCADO CRÉDITO  PRIVADO;2025-08-31;Operacões compromissadas lastreadas em títulos públicos federais;0.00
CLASSES - FIF;58.287.989/0001-46;;SINGAPURA FUNDO DE INVESTIMENTO MULTIMERCADO CRÉDITO  PRIVADO;2025-08-31;Títulos Públicos federais;0.00
CLASSES - FIF;58.570.048/0001-15;;FIEMP FUNDO DE INVESTIMENTO MULTIMERCADO CRÉDITO PRIVADO;2025-08-31;Acões;0.00
CLASSES - FIF;58.570.048/0001-15;;FIEMP FUNDO DE INVESTIMENTO MULTIMERCADO CRÉDITO PRIVADO;2025-08-31;Depósito a prazo e outros títulos de instituições financeiras;18.54
CLASSES - FIF;58.570.048/0001-15;;FIEMP FUNDO DE INVESTIMENTO MULTIMERCADO CRÉDITO PRIVADO;2025-08-31;Operacões compromissadas lastreadas em títulos privados;0.00
CLASSES - FIF;58.570.048/0001-15;;FIEMP FUNDO DE INVESTIMENTO MULTIMERCADO CRÉDITO PRIVADO;2025-08-31;Operacões compromissadas lastreadas em títulos públicos federais;0.00
CLASSES - FIF;58.570.048/0001-15;;FIEMP FUNDO DE INVESTIMENTO MULTIMERCADO CRÉDITO PRIVADO;2025-08-31;Títulos Públicos federais;0.00
CLASSES - FIF;59.058.767/0001-14;;BFL QUARENTA E SETE FUNDO DE INVESTIMENTO FINANCEIRO CRÉDITO PRIVADO - INVESTIMENTO NO EXTERIOR;2025-08-31;Acões;0.00
CLASSES - FIF;59.058.767/0001-14;;BFL QUARENTA E SETE FUNDO DE INVESTIMENTO FINANCEIRO CRÉDITO PRIVADO - INVESTIMENTO NO EXTERIOR;2025-08-31;Cotas de Fundos de Investimento 555;100.01
CLASSES - FIF;59.058.767/0001-14;;BFL QUARENTA E SETE FUNDO DE INVESTIMENTO FINANCEIRO CRÉDITO PRIVADO - INVESTIMENTO NO EXTERIOR;2025-08-31;Operacões compromissadas lastreadas em títulos privados;0.00
CLASSES - FIF;59.058.767/0001-14;;BFL QUARENTA E SETE FUNDO DE INVESTIMENTO FINANCEIRO CRÉDITO PRIVADO - INVESTIMENTO NO EXTERIOR;2025-08-31;Operacões compromissadas lastreadas em títulos públicos federais;0.00
CLASSES - FIF;59.058.767/0001-14;;BFL QUARENTA E SETE FUNDO DE INVESTIMENTO FINANCEIRO CRÉDITO PRIVADO - INVESTIMENTO NO EXTERIOR;2025-08-31;Títulos Públicos federais;0.00
CLASSES - FIF;59.122.774/0001-38;;FIERP FUNDO DE INVESTIMENTO MULTIMERCADO CRÉDITO PRIVADO;2025-08-31;Acões;0.00
CLASSES - FIF;59.122.774/0001-38;;FIERP FUNDO DE INVESTIMENTO MULTIMERCADO CRÉDITO PRIVADO;2025-08-31;Cotas de Fundos de Investimento 555;100.02
CLASSES - FIF;59.122.774/0001-38;;FIERP FUNDO DE INVESTIMENTO MULTIMERCADO CRÉDITO PRIVADO;2025-08-31;Operacões compromissadas lastreadas em títulos privados;0.00
CLASSES - FIF;59.122.774/0001-38;;FIERP FUNDO DE INVESTIMENTO MULTIMERCADO CRÉDITO PRIVADO;2025-08-31;Operacões compromissadas lastreadas em títulos públicos federais;0.00
CLASSES - FIF;59.122.774/0001-38;;FIERP FUNDO DE INVESTIMENTO MULTIMERCADO CRÉDITO PRIVADO;2025-08-31;Títulos Públicos federais;0.00
CLASSES - FIF;59.383.135/0001-26;;GUAÍBA FUNDO DE INVESTIMENTO FINANCEIRO;2025-08-31;Cotas de Fundos de Investimento 409;0.00
CLASSES - FIF;59.383.135/0001-26;;GUAÍBA FUNDO DE INVESTIMENTO FINANCEIRO;2025-08-31;Depósitos a Prazo e Outros Títulos de Instituições Financeiras;0.00
CLASSES - FIF;59.383.135/0001-26;;GUAÍBA FUNDO DE INVESTIMENTO FINANCEIRO;2025-08-31;Operações Compromissadas Lastreadas em Títulos Públicos Federais;0.00
CLASSES - FIF;59.383.135/0001-26;;GUAÍBA FUNDO DE INVESTIMENTO FINANCEIRO;2025-08-31;Títulos de Crédito Privado;0.00
CLASSES - FIF;59.383.135/0001-26;;GUAÍBA FUNDO DE INVESTIMENTO FINANCEIRO;2025-08-31;Títulos Públicos Federais;0.00
CLASSES - FIF;60.350.315/0001-90;;ÁVILA FUNDO DE INVESTIMENTO MULTIMERCADO CRÉDITO PRIVADO;2025-08-31;Acões;0.00
CLASSES - FIF;60.350.315/0001-90;;ÁVILA FUNDO DE INVESTIMENTO MULTIMERCADO CRÉDITO PRIVADO;2025-08-31;Cotas de Fundos de Investimento 555;97.42
CLASSES - FIF;60.350.315/0001-90;;ÁVILA FUNDO DE INVESTIMENTO MULTIMERCADO CRÉDITO PRIVADO;2025-08-31;Depósito a prazo e outros títulos de instituições financeiras;2.58
CLASSES - FIF;60.350.315/0001-90;;ÁVILA FUNDO DE INVESTIMENTO MULTIMERCADO CRÉDITO PRIVADO;2025-08-31;Operacões compromissadas lastreadas em títulos privados;0.00
CLASSES - FIF;60.350.315/0001-90;;ÁVILA FUNDO DE INVESTIMENTO MULTIMERCADO CRÉDITO PRIVADO;2025-08-31;Operacões compromissadas lastreadas em títulos públicos federais;0.00
CLASSES - FIF;60.906.179/0001-72;;BRADESCO SPECIAL FIF - CLASSE  DE INVESTIMENTO EM COTAS RF REFERENCIADA DI -  RESP LIMITADA;2025-08-31;Cotas de fundos de investimento 409;1.63
CLASSES - FIF;60.906.179/0001-72;;BRADESCO SPECIAL FIF - CLASSE  DE INVESTIMENTO EM COTAS RF REFERENCIADA DI -  RESP LIMITADA;2025-08-31;Depósitos a prazo e outros títulos de instituições financeiras;25.83
CLASSES - FIF;60.906.179/0001-72;;BRADESCO SPECIAL FIF - CLASSE  DE INVESTIMENTO EM COTAS RF REFERENCIADA DI -  RESP LIMITADA;2025-08-31;Operações compromissadas lastreadas em títulos públicos federais;40.56
CLASSES - FIF;60.906.179/0001-72;;BRADESCO SPECIAL FIF - CLASSE  DE INVESTIMENTO EM COTAS RF REFERENCIADA DI -  RESP LIMITADA;2025-08-31;Títulos de crédito privado;11.93
CLASSES - FIF;60.906.179/0001-72;;BRADESCO SPECIAL FIF - CLASSE  DE INVESTIMENTO EM COTAS RF REFERENCIADA DI -  RESP LIMITADA;2025-08-31;Títulos públicos federais;18.45
CLASSES - FIF;61.050.646/0001-78;;SUMMIT FUNDO DE INVESTIMENTO FINANCEIRO MULTIMERCADO;2025-08-31;Acões;0.00
CLASSES - FIF;61.050.646/0001-78;;SUMMIT FUNDO DE INVESTIMENTO FINANCEIRO MULTIMERCADO;2025-08-31;Cotas de Fundos de Investimento 555;100.00
CLASSES - FIF;61.050.646/0001-78;;SUMMIT FUNDO DE INVESTIMENTO FINANCEIRO MULTIMERCADO;2025-08-31;Operacões compromissadas lastreadas em títulos privados;0.00
CLASSES - FIF;61.050.646/0001-78;;SUMMIT FUNDO DE INVESTIMENTO FINANCEIRO MULTIMERCADO;2025-08-31;Operacões compromissadas lastreadas em títulos públicos federais;0.00
CLASSES - FIF;61.050.646/0001-78;;SUMMIT FUNDO DE INVESTIMENTO FINANCEIRO MULTIMERCADO;2025-08-31;Títulos Públicos federais;0.00
CLASSES - FIF;61.069.468/0001-27;;XP CASH INSTITUCIONAL FUNDO DE INVESTIMENTO EM RENDA FIXA RESPONSABILIDADE LIMITADA;2025-08-31;Operações compromissadas lastreadas em títulos públicos federais;28.32
CLASSES - FIF;61.069.468/0001-27;;XP CASH INSTITUCIONAL FUNDO DE INVESTIMENTO EM RENDA FIXA RESPONSABILIDADE LIMITADA;2025-08-31;Títulos públicos federais;71.69
CLASSES - FIF;61.080.007/0001-55;;EVOLUTION ALT FUNDO INCENTIVADO DE INVESTIMENTO FINANCEIRO EM INFRAESTRUTURA RENDA FIXA;2025-08-31;Ações;7.69
CLASSES - FIF;61.080.007/0001-55;;EVOLUTION ALT FUNDO INCENTIVADO DE INVESTIMENTO FINANCEIRO EM INFRAESTRUTURA RENDA FIXA;2025-08-31;Cotas de fundos de investimento 555;23.11
CLASSES - FIF;61.080.007/0001-55;;EVOLUTION ALT FUNDO INCENTIVADO DE INVESTIMENTO FINANCEIRO EM INFRAESTRUTURA RENDA FIXA;2025-08-31;Operações compromissadas lastreadas em títulospúblicos federais;6.21
CLASSES - FIF;61.080.007/0001-55;;EVOLUTION ALT FUNDO INCENTIVADO DE INVESTIMENTO FINANCEIRO EM INFRAESTRUTURA RENDA FIXA;2025-08-31;Outras aplicações;1.02
CLASSES - FIF;61.080.007/0001-55;;EVOLUTION ALT FUNDO INCENTIVADO DE INVESTIMENTO FINANCEIRO EM INFRAESTRUTURA RENDA FIXA;2025-08-31;Títulos públicos federais;61.97
CLASSES - FIF;61.603.679/0001-06;;NOVA EDGE CAPITAL FUNDO DE INVESTIMENTO FINANCEIRO MULTIMERCADO - RESPONSABILIDADE LIMITADA;2025-08-31;Acões;0.00
CLASSES - FIF;61.603.679/0001-06;;NOVA EDGE CAPITAL FUNDO DE INVESTIMENTO FINANCEIRO MULTIMERCADO - RESPONSABILIDADE LIMITADA;2025-08-31;Cotas de Fundos de Investimento 555;100.00
CLASSES - FIF;61.603.679/0001-06;;NOVA EDGE CAPITAL FUNDO DE INVESTIMENTO FINANCEIRO MULTIMERCADO - RESPONSABILIDADE LIMITADA;2025-08-31;Operacões compromissadas lastreadas em títulos privados;0.00
CLASSES - FIF;61.603.679/0001-06;;NOVA EDGE CAPITAL FUNDO DE INVESTIMENTO FINANCEIRO MULTIMERCADO - RESPONSABILIDADE LIMITADA;2025-08-31;Operacões compromissadas lastreadas em títulos públicos federais;0.00
CLASSES - FIF;61.603.679/0001-06;;NOVA EDGE CAPITAL FUNDO DE INVESTIMENTO FINANCEIRO MULTIMERCADO - RESPONSABILIDADE LIMITADA;2025-08-31;Títulos Públicos federais;0.00
CLASSES - FIF;61.883.060/0001-94;;TERRA PREMIUM FUNDO DE INVESTIMENTO FINANCEIRO EM RENDA FIXA - RESPONSABILIDADE LIMITADA;2025-08-31;Acões;0.00
CLASSES - FIF;61.883.060/0001-94;;TERRA PREMIUM FUNDO DE INVESTIMENTO FINANCEIRO EM RENDA FIXA - RESPONSABILIDADE LIMITADA;2025-08-31;Depósito a prazo e outros títulos de instituições financeiras;0.00
CLASSES - FIF;61.883.060/0001-94;;TERRA PREMIUM FUNDO DE INVESTIMENTO FINANCEIRO EM RENDA FIXA - RESPONSABILIDADE LIMITADA;2025-08-31;Operacões compromissadas lastreadas em títulos privados;0.00
CLASSES - FIF;61.883.060/0001-94;;TERRA PREMIUM FUNDO DE INVESTIMENTO FINANCEIRO EM RENDA FIXA - RESPONSABILIDADE LIMITADA;2025-08-31;Operacões compromissadas lastreadas em títulos públicos federais;100.00
CLASSES - FIF;61.883.060/0001-94;;TERRA PREMIUM FUNDO DE INVESTIMENTO FINANCEIRO EM RENDA FIXA - RESPONSABILIDADE LIMITADA;2025-08-31;Títulos Públicos federais;0.00
CLASSES - FIF;62.082.184/0001-33;;SULAMÉRICA ARMOR AXE FIF DA CLASSE DE INVESTIMENTO EM COTAS MULT RL;2025-08-31;Cotas de Fundo;0.00
CLASSES - FIF;62.082.184/0001-33;;SULAMÉRICA ARMOR AXE FIF DA CLASSE DE INVESTIMENTO EM COTAS MULT RL;2025-08-31;Op. Compromissadas lastreadas em títulos públicos;0.00
CLASSES - FIF;62.082.184/0001-33;;SULAMÉRICA ARMOR AXE FIF DA CLASSE DE INVESTIMENTO EM COTAS MULT RL;2025-08-31;Outros;0.00
CLASSES - FIF;62.082.184/0001-33;;SULAMÉRICA ARMOR AXE FIF DA CLASSE DE INVESTIMENTO EM COTAS MULT RL;2025-08-31;Títulos de crédito privado;0.00
CLASSES - FIF;62.082.184/0001-33;;SULAMÉRICA ARMOR AXE FIF DA CLASSE DE INVESTIMENTO EM COTAS MULT RL;2025-08-31;Títulos público federais;0.00
CLASSES - FIF;70.951.678/0001-35;;FUNDO DE INVESTIMENTO  FINANCEIRO EM AÇÕES AMARIL FRANKLIN - RESPONSABILIDADE LIMITADA;2025-08-31;Ações;82.20
CLASSES - FIF;70.951.678/0001-35;;FUNDO DE INVESTIMENTO  FINANCEIRO EM AÇÕES AMARIL FRANKLIN - RESPONSABILIDADE LIMITADA;2025-08-31;Cotas de fundos de investimento 409;8.46
CLASSES - FIF;70.951.678/0001-35;;FUNDO DE INVESTIMENTO  FINANCEIRO EM AÇÕES AMARIL FRANKLIN - RESPONSABILIDADE LIMITADA;2025-08-31;Derivativos;19.20
CLASSES - FIF;70.951.678/0001-35;;FUNDO DE INVESTIMENTO  FINANCEIRO EM AÇÕES AMARIL FRANKLIN - RESPONSABILIDADE LIMITADA;2025-08-31;Operações compromissadas lastreadas em títulos públicos federais;1.67
CLASSES - FIF;70.951.678/0001-35;;FUNDO DE INVESTIMENTO  FINANCEIRO EM AÇÕES AMARIL FRANKLIN - RESPONSABILIDADE LIMITADA;2025-08-31;Títulos públicos federais;8.35
CLASSES - FIF;71.739.445/0001-36;;BRADESCO SUPER AÇÃO FIF - CLASSE DE INVESTIMENTO AÇÕES - RESP LIMITADA;2025-08-31;Ações;60.67
CLASSES - FIF;71.739.445/0001-36;;BRADESCO SUPER AÇÃO FIF - CLASSE DE INVESTIMENTO AÇÕES - RESP LIMITADA;2025-08-31;Cotas de fundos de investimento 409;21.84
CLASSES - FIF;71.739.445/0001-36;;BRADESCO SUPER AÇÃO FIF - CLASSE DE INVESTIMENTO AÇÕES - RESP LIMITADA;2025-08-31;Derivativos;-5.01
CLASSES - FIF;71.739.445/0001-36;;BRADESCO SUPER AÇÃO FIF - CLASSE DE INVESTIMENTO AÇÕES - RESP LIMITADA;2025-08-31;Investimento no exterior;0.38
CLASSES - FIF;71.739.445/0001-36;;BRADESCO SUPER AÇÃO FIF - CLASSE DE INVESTIMENTO AÇÕES - RESP LIMITADA;2025-08-31;Operações compromissadas lastreadas em títulos públicos federais;15.97
CLASSES - FIF;74.326.471/0001-20;;BRADESCO CRÉDITO SOBERANO FI FINANCEIRO - CI RF - RESP LIMITADA;2025-08-31;Investimento no exterior;99.03
CLASSES - FIF;77.054.658/0001-00;;BRADESCO H ACUMULAÇÃO FI FINANCEIRO - CIC EM AÇÕES - RESP LIMITADA;2025-08-31;Ações;94.72
CLASSES - FIF;77.054.658/0001-00;;BRADESCO H ACUMULAÇÃO FI FINANCEIRO - CIC EM AÇÕES - RESP LIMITADA;2025-08-31;Cotas de fundos de investimento 409;0.00
CLASSES - FIF;77.054.658/0001-00;;BRADESCO H ACUMULAÇÃO FI FINANCEIRO - CIC EM AÇÕES - RESP LIMITADA;2025-08-31;Derivativos;1.41
CLASSES - FIF;77.054.658/0001-00;;BRADESCO H ACUMULAÇÃO FI FINANCEIRO - CIC EM AÇÕES - RESP LIMITADA;2025-08-31;Operações compromissadas lastreadas em títulos públicos federais;4.86
CLASSES - FIF;88.198.056/0001-43;;BANRISUL FUNDO DE INVESTIMENTO FINANCEIRO EM AÇÕES RESPONSABILIDADE LIMITADA;2025-08-31;AÇÕES;96.07
CLASSES - FIF;88.198.056/0001-43;;BANRISUL FUNDO DE INVESTIMENTO FINANCEIRO EM AÇÕES RESPONSABILIDADE LIMITADA;2025-08-31;OPERAÇÕES COMPROMISSADAS LASTREADAS EM TÍTULOS PÚBLICOS FEDERAIS;2.06
CLASSES - FIF;96.498.654/0001-66;;BRADESCO FIF - CLASSE DE INVESTIMENTO AÇÕES MULTI SETORIAL - RESP LIMITADA;2025-08-31;Ações;89.16
CLASSES - FIF;96.498.654/0001-66;;BRADESCO FIF - CLASSE DE INVESTIMENTO AÇÕES MULTI SETORIAL - RESP LIMITADA;2025-08-31;Cotas de fundos de investimento 409;5.60
CLASSES - FIF;96.498.654/0001-66;;BRADESCO FIF - CLASSE DE INVESTIMENTO AÇÕES MULTI SETORIAL - RESP LIMITADA;2025-08-31;Investimento no exterior;2.57
CLASSES - FIF;96.498.654/0001-66;;BRADESCO FIF - CLASSE DE INVESTIMENTO AÇÕES MULTI SETORIAL - RESP LIMITADA;2025-08-31;Operações compromissadas lastreadas em títulos públicos federais;3.40
CLASSES - FIF;96.498.654/0001-66;;BRADESCO FIF - CLASSE DE INVESTIMENTO AÇÕES MULTI SETORIAL - RESP LIMITADA;2025-08-31;Títulos públicos federais;0.24
CLASSES - FIF;96.498.985/0001-04;;BRADESCO IBOVESPA INDEXADO FIF - CIC DE  AÇÕES - RESPONSABILIDADE LIMITADA;2025-08-31;Ações;68.22
CLASSES - FIF;96.498.985/0001-04;;BRADESCO IBOVESPA INDEXADO FIF - CIC DE  AÇÕES - RESPONSABILIDADE LIMITADA;2025-08-31;Cotas de fundos de investimento 409;30.58
CLASSES - FIF;96.498.985/0001-04;;BRADESCO IBOVESPA INDEXADO FIF - CIC DE  AÇÕES - RESPONSABILIDADE LIMITADA;2025-08-31;Derivativos;1.20
CLASSES - FIF;96.498.985/0001-04;;BRADESCO IBOVESPA INDEXADO FIF - CIC DE  AÇÕES - RESPONSABILIDADE LIMITADA;2025-08-31;Operações compromissadas lastreadas em títulos públicos federais;0.48
CLASSES - FIF;97.261.093/0001-40;;BANRISUL PERFORMANCE FUNDO DE INVESTIMENTO FINANCEIRO EM AÇÕES RESPONSABILIDADE LIMITADA;2025-08-31;AÇÕES;78.57
CLASSES - FIF;97.261.093/0001-40;;BANRISUL PERFORMANCE FUNDO DE INVESTIMENTO FINANCEIRO EM AÇÕES RESPONSABILIDADE LIMITADA;2025-08-31;COTAS DE FUNDOS DE INVESTIMENTO 409;19.07
CLASSES - FIF;97.261.093/0001-40;;BANRISUL PERFORMANCE FUNDO DE INVESTIMENTO FINANCEIRO EM AÇÕES RESPONSABILIDADE LIMITADA;2025-08-31;OPERAÇÕES COMPROMISSADAS LASTREADAS EM TÍTULOS PÚBLICOS FEDERAIS;1.31
