TP_FUNDO_CLASSE;CNPJ_FUNDO_CLASSE;ID_SUBCLASSE;DENOM_SOCIAL;DT_COMPTC;TP_ATIVO;PR_PL_ATIVO
CLASSES - FIF;00.089.915/0001-15;;AMARIL FRANKLIN FIC DE FIF MULTIMERCADO - CRÉDITO PRIVADO - RESPONSABILIDADE LIMITADA;2025-07-31;Cotas de fundos de investimento 409;91.59
CLASSES - FIF;00.089.915/0001-15;;AMARIL FRANKLIN FIC DE FIF MULTIMERCADO - CRÉDITO PRIVADO - RESPONSABILIDADE LIMITADA;2025-07-31;Depósitos a prazo e outros títulos de instituições financeiras;8.51
CLASSES - FIF;00.089.915/0001-15;;AMARIL FRANKLIN FIC DE FIF MULTIMERCADO - CRÉDITO PRIVADO - RESPONSABILIDADE LIMITADA;2025-07-31;Operações compromissadas lastreadas em títulos públicos federais;0.01
CLASSES - FIF;00.089.915/0001-15;;AMARIL FRANKLIN FIC DE FIF MULTIMERCADO - CRÉDITO PRIVADO - RESPONSABILIDADE LIMITADA;2025-07-31;Títulos públicos federais;0.03
CLASSES - FIF;00.280.302/0001-60;;BRADESCO H FIF - CLASSE DE INVESTIMENTO EM COTAS RENDA FIXA CRÉDITO PRIVADO LP TIPO - RESP LIMITADA;2025-07-31;Cotas de fundos de investimento 409;7.70
CLASSES - FIF;00.280.302/0001-60;;BRADESCO H FIF - CLASSE DE INVESTIMENTO EM COTAS RENDA FIXA CRÉDITO PRIVADO LP TIPO - RESP LIMITADA;2025-07-31;Depósitos a prazo e outros títulos de instituições financeiras;17.66
CLASSES - FIF;00.280.302/0001-60;;BRADESCO H FIF - CLASSE DE INVESTIMENTO EM COTAS RENDA FIXA CRÉDITO PRIVADO LP TIPO - RESP LIMITADA;2025-07-31;Derivativos;-4.86
CLASSES - FIF;00.280.302/0001-60;;BRADESCO H FIF - CLASSE DE INVESTIMENTO EM COTAS RENDA FIXA CRÉDITO PRIVADO LP TIPO - RESP LIMITADA;2025-07-31;Operações compromissadas lastreadas em títulos públicos federais;21.25
CLASSES - FIF;00.280.302/0001-60;;BRADESCO H FIF - CLASSE DE INVESTIMENTO EM COTAS RENDA FIXA CRÉDITO PRIVADO LP TIPO - RESP LIMITADA;2025-07-31;Títulos públicos federais;53.45
CLASSES - FIF;00.306.278/0001-91;;BRADESCO FIC DE FI FINANCEIRO RENDA FIXA REFERENCIADA DI - RESPONSABILIDADE LIMITADA;2025-07-31;Cotas de fundos de investimento 409;1.66
CLASSES - FIF;00.306.278/0001-91;;BRADESCO FIC DE FI FINANCEIRO RENDA FIXA REFERENCIADA DI - RESPONSABILIDADE LIMITADA;2025-07-31;Depósitos a prazo e outros títulos de instituições financeiras;25.40
CLASSES - FIF;00.306.278/0001-91;;BRADESCO FIC DE FI FINANCEIRO RENDA FIXA REFERENCIADA DI - RESPONSABILIDADE LIMITADA;2025-07-31;Operações compromissadas lastreadas em títulos públicos federais;41.54
CLASSES - FIF;00.306.278/0001-91;;BRADESCO FIC DE FI FINANCEIRO RENDA FIXA REFERENCIADA DI - RESPONSABILIDADE LIMITADA;2025-07-31;Títulos de crédito privado;13.86
CLASSES - FIF;00.306.278/0001-91;;BRADESCO FIC DE FI FINANCEIRO RENDA FIXA REFERENCIADA DI - RESPONSABILIDADE LIMITADA;2025-07-31;Títulos públicos federais;17.49
CLASSES - FIF;00.322.699/0001-06;;BRADESCO H FIF - CLASSE DE INVESTIMENTO RF REFERENCIADA DI CRED PRIV LP EXECUTIVO - RESP LIMITADA;2025-07-31;Cotas de fundos de investimento 409;0.91
CLASSES - FIF;00.322.699/0001-06;;BRADESCO H FIF - CLASSE DE INVESTIMENTO RF REFERENCIADA DI CRED PRIV LP EXECUTIVO - RESP LIMITADA;2025-07-31;Depósitos a prazo e outros títulos de instituições financeiras;59.57
CLASSES - FIF;00.322.699/0001-06;;BRADESCO H FIF - CLASSE DE INVESTIMENTO RF REFERENCIADA DI CRED PRIV LP EXECUTIVO - RESP LIMITADA;2025-07-31;Operações compromissadas lastreadas em títulos públicos federais;25.64
CLASSES - FIF;00.322.699/0001-06;;BRADESCO H FIF - CLASSE DE INVESTIMENTO RF REFERENCIADA DI CRED PRIV LP EXECUTIVO - RESP LIMITADA;2025-07-31;Outras aplicações;0.65
CLASSES - FIF;00.322.699/0001-06;;BRADESCO H FIF - CLASSE DE INVESTIMENTO RF REFERENCIADA DI CRED PRIV LP EXECUTIVO - RESP LIMITADA;2025-07-31;Títulos de crédito privado;13.24
CLASSES - FIF;00.598.452/0001-17;;MB MASTER RF REFERENCIADO DI LP FUNDO DE INVESTIMENTO FINANCEIRO - RESPONSABILIDADE LIMITADA;2025-07-31;Depósitos a prazo e outros títulos de instituições financeiras;28.02
CLASSES - FIF;00.598.452/0001-17;;MB MASTER RF REFERENCIADO DI LP FUNDO DE INVESTIMENTO FINANCEIRO - RESPONSABILIDADE LIMITADA;2025-07-31;Operações compromissadas lastreadas em títulos públicos federais;13.38
CLASSES - FIF;00.598.452/0001-17;;MB MASTER RF REFERENCIADO DI LP FUNDO DE INVESTIMENTO FINANCEIRO - RESPONSABILIDADE LIMITADA;2025-07-31;Títulos públicos federais;58.64
CLASSES - FIF;00.743.026/0001-20;;BANRISUL VIP FUNDO DE INVESTIMENTO FINANCEIRO RENDA FIXA LONGO PRAZO RESPONSABILIDADE LIMITADA;2025-07-31;DERIVATIVOS;-5.46
CLASSES - FIF;00.743.026/0001-20;;BANRISUL VIP FUNDO DE INVESTIMENTO FINANCEIRO RENDA FIXA LONGO PRAZO RESPONSABILIDADE LIMITADA;2025-07-31;OPERAÇÕES COMPROMISSADAS LASTREADAS EM TÍTULOS PÚBLICOS FEDERAIS;17.39
CLASSES - FIF;00.743.026/0001-20;;BANRISUL VIP FUNDO DE INVESTIMENTO FINANCEIRO RENDA FIXA LONGO PRAZO RESPONSABILIDADE LIMITADA;2025-07-31;TÍTULOS PÚBLICOS FEDERAIS;82.67
CLASSES - FIF;00.777.815/0001-81;;BRADESCO H FC DE FUNDO DE INVESTIMENTO FINANCEIRO RF REF DI LP FUNCIONÁRIO - RESP LIMITADA;2025-07-31;Depósitos a prazo e outros títulos de instituições financeiras;3.55
CLASSES - FIF;00.777.815/0001-81;;BRADESCO H FC DE FUNDO DE INVESTIMENTO FINANCEIRO RF REF DI LP FUNCIONÁRIO - RESP LIMITADA;2025-07-31;Operações compromissadas lastreadas em títulos públicos federais;62.37
CLASSES - FIF;00.777.815/0001-81;;BRADESCO H FC DE FUNDO DE INVESTIMENTO FINANCEIRO RF REF DI LP FUNCIONÁRIO - RESP LIMITADA;2025-07-31;Títulos de crédito privado;0.02
CLASSES - FIF;00.777.815/0001-81;;BRADESCO H FC DE FUNDO DE INVESTIMENTO FINANCEIRO RF REF DI LP FUNCIONÁRIO - RESP LIMITADA;2025-07-31;Títulos públicos federais;33.95
CLASSES - FIF;00.793.947/0001-05;;BRADESCO VÊNUS FIF - CLASSE DE INVESTIMENTO EM COTAS RENDA FIXA - RESPONSABILIDADE LIMITADA;2025-07-31;Cotas de fundos de investimento 409;19.13
CLASSES - FIF;00.793.947/0001-05;;BRADESCO VÊNUS FIF - CLASSE DE INVESTIMENTO EM COTAS RENDA FIXA - RESPONSABILIDADE LIMITADA;2025-07-31;Depósitos a prazo e outros títulos de instituições financeiras;21.51
CLASSES - FIF;00.793.947/0001-05;;BRADESCO VÊNUS FIF - CLASSE DE INVESTIMENTO EM COTAS RENDA FIXA - RESPONSABILIDADE LIMITADA;2025-07-31;Derivativos;-8.59
CLASSES - FIF;00.793.947/0001-05;;BRADESCO VÊNUS FIF - CLASSE DE INVESTIMENTO EM COTAS RENDA FIXA - RESPONSABILIDADE LIMITADA;2025-07-31;Operações compromissadas lastreadas em títulos públicos federais;12.31
CLASSES - FIF;00.793.947/0001-05;;BRADESCO VÊNUS FIF - CLASSE DE INVESTIMENTO EM COTAS RENDA FIXA - RESPONSABILIDADE LIMITADA;2025-07-31;Títulos públicos federais;43.11
CLASSES - FIF;00.807.777/0001-62;;DAYCOVAL RENDA FIXA FUNDO DE INVESTIMENTO FINANCEIRO;2025-07-31;Cotas de Fundos de Investimento 409;14.99
CLASSES - FIF;00.807.777/0001-62;;DAYCOVAL RENDA FIXA FUNDO DE INVESTIMENTO FINANCEIRO;2025-07-31;Depósitos a Prazo e Outros Títulos de Instituições Financeiras;7.77
CLASSES - FIF;00.807.777/0001-62;;DAYCOVAL RENDA FIXA FUNDO DE INVESTIMENTO FINANCEIRO;2025-07-31;Operações Compromissadas Lastreadas em Títulos Públicos Federais;54.76
CLASSES - FIF;00.807.777/0001-62;;DAYCOVAL RENDA FIXA FUNDO DE INVESTIMENTO FINANCEIRO;2025-07-31;Outras Aplicações;7.29
CLASSES - FIF;00.807.777/0001-62;;DAYCOVAL RENDA FIXA FUNDO DE INVESTIMENTO FINANCEIRO;2025-07-31;Títulos Públicos Federais;12.01
CLASSES - FIF;00.809.773/0001-13;;BRADESCO H FIF - CLASSE DE INVESTIMENTO EM COTAS RENDA FIXA CURTO PRAZO OVER - RESP LIMITADA;2025-07-31;Operações compromissadas lastreadas em títulos públicos federais;96.89
CLASSES - FIF;00.824.198/0001-28;;BRADESCO FC DE FUNDO DE INVESTIMENTO FINANCEIRO RF REF DI FEDERAL - RESP LIMITADA;2025-07-31;Operações compromissadas lastreadas em títulos públicos federais;25.44
CLASSES - FIF;00.824.198/0001-28;;BRADESCO FC DE FUNDO DE INVESTIMENTO FINANCEIRO RF REF DI FEDERAL - RESP LIMITADA;2025-07-31;Títulos públicos federais;69.26
CLASSES - FIF;00.825.076/0001-56;;PRATICBEC FIF - CLASSE DE INVESTIMENTO RF CURTO PRAZO - RESPONSABILIDADE LIMITADA;2025-07-31;Operações compromissadas lastreadas em títulos públicos federais;96.64
CLASSES - FIF;00.825.077/0001-09;;BECMAXI FI FINANCEIRO - CI RF - RESP LIMITADA;2025-07-31;Operações compromissadas lastreadas em títulos públicos federais;100.01
CLASSES - FIF;00.826.901/0001-37;;CS EVOLUTION DI FUNDO DE INVESTIMENTO EM COTAS DE FIF RENDA FIXA REFERENCIADO - RESP LIMITADA;2025-07-31;Outras Cotas de Fundos de Investimento;100.01
CLASSES - FIF;00.826.901/0001-37;;CS EVOLUTION DI FUNDO DE INVESTIMENTO EM COTAS DE FIF RENDA FIXA REFERENCIADO - RESP LIMITADA;2025-07-31;Outros;0.04
CLASSES - FIF;00.826.903/0001-26;;CSHG TOP FUNDO DE INVESTIMENTO EM COTAS DE FUNDOS DE INVESTIMENTO FINANCEIRO MULT RESP LIMITADA;2025-07-31;Outras Cotas de Fundos de Investimento;100.02
CLASSES - FIF;00.826.903/0001-26;;CSHG TOP FUNDO DE INVESTIMENTO EM COTAS DE FUNDOS DE INVESTIMENTO FINANCEIRO MULT RESP LIMITADA;2025-07-31;Outros;0.01
CLASSES - FIF;00.829.163/0001-81;;BRADESCO FIF - CIC MULTI MULTIPERFORMANCE - RESP LIMITADA;2025-07-31;Cotas de fundos de investimento 409;99.90
CLASSES - FIF;00.832.453/0001-84;;CSHG DI FUNDO DE INVESTIMENTO FINANCEIRO RENDA FIXA CURTO PRAZO - RESPONSABILIDADE LIMITADA;2025-07-31;Outros;100.16
CLASSES - FIF;00.836.263/0001-35;;TIVIO ATIVO FI FINANCEIRO - CI RF LP - RESP LIMITADA;2025-07-31;Ações;0.03
CLASSES - FIF;00.836.263/0001-35;;TIVIO ATIVO FI FINANCEIRO - CI RF LP - RESP LIMITADA;2025-07-31;Derivativos;8.55
CLASSES - FIF;00.836.263/0001-35;;TIVIO ATIVO FI FINANCEIRO - CI RF LP - RESP LIMITADA;2025-07-31;Operações compromissadas lastreadas em títulos públicos federais;55.70
CLASSES - FIF;00.836.263/0001-35;;TIVIO ATIVO FI FINANCEIRO - CI RF LP - RESP LIMITADA;2025-07-31;Títulos de crédito privado;0.10
CLASSES - FIF;00.836.263/0001-35;;TIVIO ATIVO FI FINANCEIRO - CI RF LP - RESP LIMITADA;2025-07-31;Títulos públicos federais;44.20
CLASSES - FIF;00.838.266/0001-08;;BANESTES VITÓRIA 500 FIC DE FIF RENDA FIXA REFERENCIADO DI RESPONSABILIDADE LIMITADA;2025-07-31;Cotas de fundos de investimento 555;2.24
CLASSES - FIF;00.838.266/0001-08;;BANESTES VITÓRIA 500 FIC DE FIF RENDA FIXA REFERENCIADO DI RESPONSABILIDADE LIMITADA;2025-07-31;Depósitos a prazo e outros títulos de instituições financeiras;12.32
CLASSES - FIF;00.838.266/0001-08;;BANESTES VITÓRIA 500 FIC DE FIF RENDA FIXA REFERENCIADO DI RESPONSABILIDADE LIMITADA;2025-07-31;Operações compromissadas lastreadas em títulos públicos federais;37.42
CLASSES - FIF;00.838.266/0001-08;;BANESTES VITÓRIA 500 FIC DE FIF RENDA FIXA REFERENCIADO DI RESPONSABILIDADE LIMITADA;2025-07-31;Títulos de crédito privado;11.62
CLASSES - FIF;00.838.266/0001-08;;BANESTES VITÓRIA 500 FIC DE FIF RENDA FIXA REFERENCIADO DI RESPONSABILIDADE LIMITADA;2025-07-31;Títulos públicos federais;36.45
CLASSES - FIF;00.838.267/0001-52;;BANESTES INVESTIDOR AUTOMÁTICO FIF RENDA FIXA CURTO PRAZO RESPONSABILIDADE LIMITADA;2025-07-31;Operações compromissadas lastreadas em títulos públicos federais;90.18
CLASSES - FIF;00.838.269/0001-41;;BANESTES INVEST MONEY FIF RENDA FIXA RESPONSABILIDADE LIMITADA;2025-07-31;Operações compromissadas lastreadas em títulos públicos federais;72.63
CLASSES - FIF;00.838.269/0001-41;;BANESTES INVEST MONEY FIF RENDA FIXA RESPONSABILIDADE LIMITADA;2025-07-31;Títulos públicos federais;27.36
CLASSES - FIF;00.885.760/0001-23;;BRADESCO H FC DE FUNDO DE INVESTIMENTO FINANCEIRO RF REF DI LONGO PRAZO 50 - RESP LIMITADA;2025-07-31;Operações compromissadas lastreadas em títulos públicos federais;27.27
CLASSES - FIF;00.885.760/0001-23;;BRADESCO H FC DE FUNDO DE INVESTIMENTO FINANCEIRO RF REF DI LONGO PRAZO 50 - RESP LIMITADA;2025-07-31;Títulos públicos federais;72.86
CLASSES - FIF;00.885.762/0001-12;;BRADESCO H FIF - CLASSE DE  INVESTIMENTO RF REFERENCIADA DI LP TÍTULOS PÚBLICOS - RESP LIMITADA;2025-07-31;Operações compromissadas lastreadas em títulos públicos federais;9.05
CLASSES - FIF;00.885.762/0001-12;;BRADESCO H FIF - CLASSE DE  INVESTIMENTO RF REFERENCIADA DI LP TÍTULOS PÚBLICOS - RESP LIMITADA;2025-07-31;Títulos públicos federais;90.98
CLASSES - FIF;00.975.480/0001-06;;BRADESCO H FIF  - CLASSE DE  INVESTIMENTO RF REFERENCIADA DI LONGO PRAZO  RESPONSABILIDADE LIMITADA;2025-07-31;Operações compromissadas lastreadas em títulos públicos federais;10.22
CLASSES - FIF;00.975.480/0001-06;;BRADESCO H FIF  - CLASSE DE  INVESTIMENTO RF REFERENCIADA DI LONGO PRAZO  RESPONSABILIDADE LIMITADA;2025-07-31;Títulos públicos federais;89.80
CLASSES - FIF;00.979.181/0001-40;;BRADESCO FIF - CLASSE DE INVESTIMENTO EM COTAS RENDA FIXA SOMA - RESPONSABILIDADE LIMITADA;2025-07-31;Cotas de fundos de investimento 409;19.78
CLASSES - FIF;00.979.181/0001-40;;BRADESCO FIF - CLASSE DE INVESTIMENTO EM COTAS RENDA FIXA SOMA - RESPONSABILIDADE LIMITADA;2025-07-31;Depósitos a prazo e outros títulos de instituições financeiras;22.24
CLASSES - FIF;00.979.181/0001-40;;BRADESCO FIF - CLASSE DE INVESTIMENTO EM COTAS RENDA FIXA SOMA - RESPONSABILIDADE LIMITADA;2025-07-31;Derivativos;-8.88
CLASSES - FIF;00.979.181/0001-40;;BRADESCO FIF - CLASSE DE INVESTIMENTO EM COTAS RENDA FIXA SOMA - RESPONSABILIDADE LIMITADA;2025-07-31;Operações compromissadas lastreadas em títulos públicos federais;12.73
CLASSES - FIF;00.979.181/0001-40;;BRADESCO FIF - CLASSE DE INVESTIMENTO EM COTAS RENDA FIXA SOMA - RESPONSABILIDADE LIMITADA;2025-07-31;Títulos públicos federais;44.58
CLASSES - FIF;01.114.310/0001-08;;BRADESCO H FIF - CLASSE DE INVESTIMENTO EM COTAS RENDA FIXA LONGO PRAZO PLUS - RESP LIMITADA;2025-07-31;Cotas de fundos de investimento 409;72.42
CLASSES - FIF;01.114.310/0001-08;;BRADESCO H FIF - CLASSE DE INVESTIMENTO EM COTAS RENDA FIXA LONGO PRAZO PLUS - RESP LIMITADA;2025-07-31;Operações compromissadas lastreadas em títulos públicos federais;7.85
CLASSES - FIF;01.114.310/0001-08;;BRADESCO H FIF - CLASSE DE INVESTIMENTO EM COTAS RENDA FIXA LONGO PRAZO PLUS - RESP LIMITADA;2025-07-31;Títulos públicos federais;19.98
CLASSES - FIF;01.171.956/0001-19;;BRADESCO FIF - CLASSE DE INVESTIMENTO EM COTAS CAMBIAL DÓLAR - RESP LIMITADA;2025-07-31;Derivativos;99.97
CLASSES - FIF;01.171.956/0001-19;;BRADESCO FIF - CLASSE DE INVESTIMENTO EM COTAS CAMBIAL DÓLAR - RESP LIMITADA;2025-07-31;Operações compromissadas lastreadas em títulos públicos federais;8.69
CLASSES - FIF;01.171.956/0001-19;;BRADESCO FIF - CLASSE DE INVESTIMENTO EM COTAS CAMBIAL DÓLAR - RESP LIMITADA;2025-07-31;Títulos públicos federais;90.80
CLASSES - FIF;01.171.957/0001-63;;BRAM FI FINANCEIRO - CI RF - RESP LIMITADA;2025-07-31;Cotas de fundos de investimento 409;0.36
CLASSES - FIF;01.171.957/0001-63;;BRAM FI FINANCEIRO - CI RF - RESP LIMITADA;2025-07-31;Depósitos a prazo e outros títulos de instituições financeiras;27.41
CLASSES - FIF;01.171.957/0001-63;;BRAM FI FINANCEIRO - CI RF - RESP LIMITADA;2025-07-31;Operações compromissadas lastreadas em títulos públicos federais;21.27
CLASSES - FIF;01.171.957/0001-63;;BRAM FI FINANCEIRO - CI RF - RESP LIMITADA;2025-07-31;Títulos de crédito privado;2.56
CLASSES - FIF;01.171.957/0001-63;;BRAM FI FINANCEIRO - CI RF - RESP LIMITADA;2025-07-31;Títulos públicos federais;47.88
CLASSES - FIF;01.197.545/0001-00;;BRADESCO FIF - CLASSE DE INVESTIMENTO EM COTAS RENDA FIXA SATURNO - RESPONSABILIDADE LIMITADA;2025-07-31;Cotas de fundos de investimento 409;19.03
CLASSES - FIF;01.197.545/0001-00;;BRADESCO FIF - CLASSE DE INVESTIMENTO EM COTAS RENDA FIXA SATURNO - RESPONSABILIDADE LIMITADA;2025-07-31;Depósitos a prazo e outros títulos de instituições financeiras;21.40
CLASSES - FIF;01.197.545/0001-00;;BRADESCO FIF - CLASSE DE INVESTIMENTO EM COTAS RENDA FIXA SATURNO - RESPONSABILIDADE LIMITADA;2025-07-31;Derivativos;-8.55
CLASSES - FIF;01.197.545/0001-00;;BRADESCO FIF - CLASSE DE INVESTIMENTO EM COTAS RENDA FIXA SATURNO - RESPONSABILIDADE LIMITADA;2025-07-31;Operações compromissadas lastreadas em títulos públicos federais;12.25
CLASSES - FIF;01.197.545/0001-00;;BRADESCO FIF - CLASSE DE INVESTIMENTO EM COTAS RENDA FIXA SATURNO - RESPONSABILIDADE LIMITADA;2025-07-31;Títulos públicos federais;42.88
CLASSES - FIF;01.221.890/0001-24;;CSHG VERDE FUNDO DE INVESTIMENTO EM COTAS DE FIF MULTIMERCADO - RESPONSABILIDADE LIMITADA;2025-07-31;Cotas de Fundos de Investimento 555;99.98
CLASSES - FIF;01.221.890/0001-24;;CSHG VERDE FUNDO DE INVESTIMENTO EM COTAS DE FIF MULTIMERCADO - RESPONSABILIDADE LIMITADA;2025-07-31;Outros;0.03
CLASSES - FIF;01.353.260/0001-03;;BANRISUL AUTOMÁTICO FUNDO DE INVESTIMENTO FINANCEIRO RENDA FIXA CURTO PRAZO RESPONSABILIDADE LIMITAD;2025-07-31;OPERAÇÕES COMPROMISSADAS LASTREADAS EM TÍTULOS PÚBLICOS FEDERAIS;95.69
CLASSES - FIF;01.375.954/0001-41;;PLANNER REDWOOD FUNDO DE INVESTIMENTO RENDA FIXA LONGO PRAZO RESPOSABILIDADE LIMITADA;2025-07-31;Cotas de Fundos;1.35
CLASSES - FIF;01.375.954/0001-41;;PLANNER REDWOOD FUNDO DE INVESTIMENTO RENDA FIXA LONGO PRAZO RESPOSABILIDADE LIMITADA;2025-07-31;Renda Fixa;98.51
CLASSES - FIF;01.464.595/0001-07;;CSHG FUNDO DE INVESTIMENTO FINANCEIRO - CAMBIAL RESPONSABILIDADE LIMITADA;2025-07-31;Compromissadas lastreadas em T¿los P¿blicos;5.64
CLASSES - FIF;01.464.595/0001-07;;CSHG FUNDO DE INVESTIMENTO FINANCEIRO - CAMBIAL RESPONSABILIDADE LIMITADA;2025-07-31;Derivativos;0.00
CLASSES - FIF;01.464.595/0001-07;;CSHG FUNDO DE INVESTIMENTO FINANCEIRO - CAMBIAL RESPONSABILIDADE LIMITADA;2025-07-31;Outros;0.04
CLASSES - FIF;01.464.595/0001-07;;CSHG FUNDO DE INVESTIMENTO FINANCEIRO - CAMBIAL RESPONSABILIDADE LIMITADA;2025-07-31;T¿los P¿blicos Federais;93.73
CLASSES - FIF;01.496.940/0001-86;;BRAM H INSTITUCIONAL FI FINANCEIRO - CIA - RESP LIMITADA;2025-07-31;Ações;96.84
CLASSES - FIF;01.496.940/0001-86;;BRAM H INSTITUCIONAL FI FINANCEIRO - CIA - RESP LIMITADA;2025-07-31;Cotas de fundos de investimento 409;0.00
CLASSES - FIF;01.496.940/0001-86;;BRAM H INSTITUCIONAL FI FINANCEIRO - CIA - RESP LIMITADA;2025-07-31;Derivativos;2.16
CLASSES - FIF;01.496.940/0001-86;;BRAM H INSTITUCIONAL FI FINANCEIRO - CIA - RESP LIMITADA;2025-07-31;Operações compromissadas lastreadas em títulos públicos federais;4.18
CLASSES - FIF;01.541.649/0001-82;;BRADESCO FIF - CIC MULTI GOLDEN PROFIT CONSERVADOR - RESP LIMITADA;2025-07-31;Ações;11.98
CLASSES - FIF;01.541.649/0001-82;;BRADESCO FIF - CIC MULTI GOLDEN PROFIT CONSERVADOR - RESP LIMITADA;2025-07-31;Derivativos;67.55
CLASSES - FIF;01.541.649/0001-82;;BRADESCO FIF - CIC MULTI GOLDEN PROFIT CONSERVADOR - RESP LIMITADA;2025-07-31;Operações compromissadas lastreadas em títulos públicos federais;7.49
CLASSES - FIF;01.541.649/0001-82;;BRADESCO FIF - CIC MULTI GOLDEN PROFIT CONSERVADOR - RESP LIMITADA;2025-07-31;Outras aplicações;4.72
CLASSES - FIF;01.541.649/0001-82;;BRADESCO FIF - CIC MULTI GOLDEN PROFIT CONSERVADOR - RESP LIMITADA;2025-07-31;Títulos públicos federais;65.07
CLASSES - FIF;01.562.582/0001-62;;BRADESCO H FIF - CLASSE DE INVESTIMENTO RENDA FIXA CRÉDITO PRIVADO LONGO PRAZO ATIVO - RESP LIMITADA;2025-07-31;Depósitos a prazo e outros títulos de instituições financeiras;26.14
CLASSES - FIF;01.562.582/0001-62;;BRADESCO H FIF - CLASSE DE INVESTIMENTO RENDA FIXA CRÉDITO PRIVADO LONGO PRAZO ATIVO - RESP LIMITADA;2025-07-31;Derivativos;-5.33
CLASSES - FIF;01.562.582/0001-62;;BRADESCO H FIF - CLASSE DE INVESTIMENTO RENDA FIXA CRÉDITO PRIVADO LONGO PRAZO ATIVO - RESP LIMITADA;2025-07-31;Operações compromissadas lastreadas em títulos públicos federais;22.03
CLASSES - FIF;01.562.582/0001-62;;BRADESCO H FIF - CLASSE DE INVESTIMENTO RENDA FIXA CRÉDITO PRIVADO LONGO PRAZO ATIVO - RESP LIMITADA;2025-07-31;Títulos públicos federais;51.83
CLASSES - FIF;01.587.403/0001-41;;BANESTES VIP DI FIC DE FIF RENDA FIXA REFERENCIADO DI RESPONSABILIDADE LIMITADA;2025-07-31;Cotas de fundos de investimento 555;2.24
CLASSES - FIF;01.587.403/0001-41;;BANESTES VIP DI FIC DE FIF RENDA FIXA REFERENCIADO DI RESPONSABILIDADE LIMITADA;2025-07-31;Depósitos a prazo e outros títulos de instituições financeiras;12.31
CLASSES - FIF;01.587.403/0001-41;;BANESTES VIP DI FIC DE FIF RENDA FIXA REFERENCIADO DI RESPONSABILIDADE LIMITADA;2025-07-31;Operações compromissadas lastreadas em títulos públicos federais;37.40
CLASSES - FIF;01.587.403/0001-41;;BANESTES VIP DI FIC DE FIF RENDA FIXA REFERENCIADO DI RESPONSABILIDADE LIMITADA;2025-07-31;Títulos de crédito privado;11.62
CLASSES - FIF;01.587.403/0001-41;;BANESTES VIP DI FIC DE FIF RENDA FIXA REFERENCIADO DI RESPONSABILIDADE LIMITADA;2025-07-31;Títulos públicos federais;36.44
CLASSES - FIF;01.606.543/0001-10;;BRADESCO ALOCAÇÃO MODERADA FI FINANCEIRO - CIC MULT - RESP LIMITADA;2025-07-31;Cotas de fundos de investimento 409;9.93
CLASSES - FIF;01.606.543/0001-10;;BRADESCO ALOCAÇÃO MODERADA FI FINANCEIRO - CIC MULT - RESP LIMITADA;2025-07-31;Derivativos;13.56
CLASSES - FIF;01.606.543/0001-10;;BRADESCO ALOCAÇÃO MODERADA FI FINANCEIRO - CIC MULT - RESP LIMITADA;2025-07-31;Operações compromissadas lastreadas em títulos públicos federais;20.80
CLASSES - FIF;01.606.543/0001-10;;BRADESCO ALOCAÇÃO MODERADA FI FINANCEIRO - CIC MULT - RESP LIMITADA;2025-07-31;Títulos públicos federais;69.28
CLASSES - FIF;01.606.544/0001-64;;BRADESCO FIF - CIC MULTI GOLDEN PROFIT DINÂMICO - RESP LIMITADA;2025-07-31;Ações;18.89
CLASSES - FIF;01.606.544/0001-64;;BRADESCO FIF - CIC MULTI GOLDEN PROFIT DINÂMICO - RESP LIMITADA;2025-07-31;Derivativos;62.98
CLASSES - FIF;01.606.544/0001-64;;BRADESCO FIF - CIC MULTI GOLDEN PROFIT DINÂMICO - RESP LIMITADA;2025-07-31;Operações compromissadas lastreadas em títulos públicos federais;6.55
CLASSES - FIF;01.606.544/0001-64;;BRADESCO FIF - CIC MULTI GOLDEN PROFIT DINÂMICO - RESP LIMITADA;2025-07-31;Outras aplicações;4.40
CLASSES - FIF;01.606.544/0001-64;;BRADESCO FIF - CIC MULTI GOLDEN PROFIT DINÂMICO - RESP LIMITADA;2025-07-31;Títulos públicos federais;60.26
CLASSES - FIF;01.606.545/0001-09;;BRADESCO FIF - CLASSE DE INVESTIMENTO EM COTAS RENDA FIXA MACRO - RESPONSABILIDADE LIMITADA;2025-07-31;Cotas de fundos de investimento 409;19.04
CLASSES - FIF;01.606.545/0001-09;;BRADESCO FIF - CLASSE DE INVESTIMENTO EM COTAS RENDA FIXA MACRO - RESPONSABILIDADE LIMITADA;2025-07-31;Depósitos a prazo e outros títulos de instituições financeiras;21.40
CLASSES - FIF;01.606.545/0001-09;;BRADESCO FIF - CLASSE DE INVESTIMENTO EM COTAS RENDA FIXA MACRO - RESPONSABILIDADE LIMITADA;2025-07-31;Derivativos;-8.55
CLASSES - FIF;01.606.545/0001-09;;BRADESCO FIF - CLASSE DE INVESTIMENTO EM COTAS RENDA FIXA MACRO - RESPONSABILIDADE LIMITADA;2025-07-31;Operações compromissadas lastreadas em títulos públicos federais;12.25
CLASSES - FIF;01.606.545/0001-09;;BRADESCO FIF - CLASSE DE INVESTIMENTO EM COTAS RENDA FIXA MACRO - RESPONSABILIDADE LIMITADA;2025-07-31;Títulos públicos federais;42.89
CLASSES - FIF;01.606.546/0001-53;;BRADESCO FIF - CLASSE DE INVESTIMENTO EM COTAS RENDA FIXA MERCÚRIO - RESPONSABILIDADE LIMITADA;2025-07-31;Cotas de fundos de investimento 409;19.12
CLASSES - FIF;01.606.546/0001-53;;BRADESCO FIF - CLASSE DE INVESTIMENTO EM COTAS RENDA FIXA MERCÚRIO - RESPONSABILIDADE LIMITADA;2025-07-31;Depósitos a prazo e outros títulos de instituições financeiras;21.49
CLASSES - FIF;01.606.546/0001-53;;BRADESCO FIF - CLASSE DE INVESTIMENTO EM COTAS RENDA FIXA MERCÚRIO - RESPONSABILIDADE LIMITADA;2025-07-31;Derivativos;-8.59
CLASSES - FIF;01.606.546/0001-53;;BRADESCO FIF - CLASSE DE INVESTIMENTO EM COTAS RENDA FIXA MERCÚRIO - RESPONSABILIDADE LIMITADA;2025-07-31;Operações compromissadas lastreadas em títulos públicos federais;12.30
CLASSES - FIF;01.606.546/0001-53;;BRADESCO FIF - CLASSE DE INVESTIMENTO EM COTAS RENDA FIXA MERCÚRIO - RESPONSABILIDADE LIMITADA;2025-07-31;Títulos públicos federais;43.08
CLASSES - FIF;01.608.399/0001-50;;CSHG TOP AÇÕES FUNDO DE INVESTIMENTO EM COTAS DE FIF EM AÇÕES RESPONSABILIDADE LIMITADA;2025-07-31;Outras Cotas de Fundos de Investimento;100.44
CLASSES - FIF;01.608.399/0001-50;;CSHG TOP AÇÕES FUNDO DE INVESTIMENTO EM COTAS DE FIF EM AÇÕES RESPONSABILIDADE LIMITADA;2025-07-31;Outros;0.02
CLASSES - FIF;01.624.111/0001-31;;BECSUPER FIF - CLASSE DE INVESTIMENTO RF REFERENCIADA DI - RESP LIMITADA;2025-07-31;Operações compromissadas lastreadas em títulos públicos federais;100.01
CLASSES - FIF;01.757.217/0001-03;;BRADESCO FIF - CIC MULTI MAIS - RESP LIMITADA;2025-07-31;Cotas de fundos de investimento 409;99.73
CLASSES - FIF;01.776.200/0001-01;;CLIC FUNDO DE INVESTIMENTO FINANCEIRO EM AÇÕES - RESPONSABILIDADE LIMITADA;2025-07-31;Ações;87.75
CLASSES - FIF;01.776.200/0001-01;;CLIC FUNDO DE INVESTIMENTO FINANCEIRO EM AÇÕES - RESPONSABILIDADE LIMITADA;2025-07-31;Operações compromissadas lastreadas em títulos públicos federais;5.02
CLASSES - FIF;01.776.200/0001-01;;CLIC FUNDO DE INVESTIMENTO FINANCEIRO EM AÇÕES - RESPONSABILIDADE LIMITADA;2025-07-31;Títulos públicos federais;1.75
CLASSES - FIF;01.822.655/0001-08;;BANRISUL MASTER FUNDO DE INVESTIMENTO FINANCEIRO RENDA FIXA REFERENCIADO DI LONGO PRAZO RESPONSABILI;2025-07-31;DEPÓSITOS A PRAZO E OUTROS TÍTULOS DE INSTITUIÇÕES FINANCEIRAS;0.59
CLASSES - FIF;01.822.655/0001-08;;BANRISUL MASTER FUNDO DE INVESTIMENTO FINANCEIRO RENDA FIXA REFERENCIADO DI LONGO PRAZO RESPONSABILI;2025-07-31;OPERAÇÕES COMPROMISSADAS LASTREADAS EM TÍTULOS PÚBLICOS FEDERAIS;21.32
CLASSES - FIF;01.822.655/0001-08;;BANRISUL MASTER FUNDO DE INVESTIMENTO FINANCEIRO RENDA FIXA REFERENCIADO DI LONGO PRAZO RESPONSABILI;2025-07-31;TÍTULOS DE CRÉDITO PRIVADO;27.41
CLASSES - FIF;01.822.655/0001-08;;BANRISUL MASTER FUNDO DE INVESTIMENTO FINANCEIRO RENDA FIXA REFERENCIADO DI LONGO PRAZO RESPONSABILI;2025-07-31;TÍTULOS PÚBLICOS FEDERAIS;50.74
CLASSES - FIF;01.960.341/0001-71;;BRADESCO FIF - CLASSE DE INVESTIMENTO EM COTAS RENDA FIXA CURTO PRAZO VERSÁTIL - RESP LIMITADA;2025-07-31;Operações compromissadas lastreadas em títulos públicos federais;95.49
CLASSES - FIF;02.131.724/0001-08;;BANRISUL INFRA ESTRUTURA FUNDO DE INVESTIMENTO FINANCEIRO EM AÇÕES RESPONSABILIDADE LIMITADA;2025-07-31;AÇÕES;98.46
CLASSES - FIF;02.131.724/0001-08;;BANRISUL INFRA ESTRUTURA FUNDO DE INVESTIMENTO FINANCEIRO EM AÇÕES RESPONSABILIDADE LIMITADA;2025-07-31;OPERAÇÕES COMPROMISSADAS LASTREADAS EM TÍTULOS PÚBLICOS FEDERAIS;0.52
CLASSES - FIF;02.131.725/0001-44;;BANRISUL ÍNDICE FUNDO DE INVESTIMENTO FINANCEIRO EM AÇÕES RESPONSABILIDADE LIMITADA;2025-07-31;AÇÕES;97.34
CLASSES - FIF;02.131.725/0001-44;;BANRISUL ÍNDICE FUNDO DE INVESTIMENTO FINANCEIRO EM AÇÕES RESPONSABILIDADE LIMITADA;2025-07-31;OPERAÇÕES COMPROMISSADAS LASTREADAS EM TÍTULOS PÚBLICOS FEDERAIS;1.20
CLASSES - FIF;02.138.442/0001-24;;BRADESCO H DIVIDENDOS FI FINANCEIRO - CIA - RESP LIMITADA;2025-07-31;Ações;98.09
CLASSES - FIF;02.138.442/0001-24;;BRADESCO H DIVIDENDOS FI FINANCEIRO - CIA - RESP LIMITADA;2025-07-31;Derivativos;1.89
CLASSES - FIF;02.138.442/0001-24;;BRADESCO H DIVIDENDOS FI FINANCEIRO - CIA - RESP LIMITADA;2025-07-31;Operações compromissadas lastreadas em títulos públicos federais;0.35
CLASSES - FIF;02.171.479/0001-54;;BRADESCO FIF - CLASSE DE INVESTIMENTO EM COTAS DE AÇÕES IBOVESPA ATIVO - RESP LIMITADA;2025-07-31;Ações;91.65
CLASSES - FIF;02.171.479/0001-54;;BRADESCO FIF - CLASSE DE INVESTIMENTO EM COTAS DE AÇÕES IBOVESPA ATIVO - RESP LIMITADA;2025-07-31;Derivativos;2.51
CLASSES - FIF;02.171.479/0001-54;;BRADESCO FIF - CLASSE DE INVESTIMENTO EM COTAS DE AÇÕES IBOVESPA ATIVO - RESP LIMITADA;2025-07-31;Investimento no exterior;4.89
CLASSES - FIF;02.171.479/0001-54;;BRADESCO FIF - CLASSE DE INVESTIMENTO EM COTAS DE AÇÕES IBOVESPA ATIVO - RESP LIMITADA;2025-07-31;Operações compromissadas lastreadas em títulos públicos federais;4.33
CLASSES - FIF;02.294.024/0001-26;;BRADESCO H FIF - CIC CAMBIAL LONGO PRAZO DÓLAR - RESPONSABILIDADE LIMITADA;2025-07-31;Derivativos;97.31
CLASSES - FIF;02.294.024/0001-26;;BRADESCO H FIF - CIC CAMBIAL LONGO PRAZO DÓLAR - RESPONSABILIDADE LIMITADA;2025-07-31;Operações compromissadas lastreadas em títulos públicos federais;8.75
CLASSES - FIF;02.294.024/0001-26;;BRADESCO H FIF - CIC CAMBIAL LONGO PRAZO DÓLAR - RESPONSABILIDADE LIMITADA;2025-07-31;Títulos públicos federais;88.28
CLASSES - FIF;02.335.944/0001-45;;BRADESCO FUNDO DE INVESTIMENTO RENDA FIXA TARGET I;2025-07-31;Depósitos a prazo e outros títulos de instituições financeiras;20.71
CLASSES - FIF;02.335.944/0001-45;;BRADESCO FUNDO DE INVESTIMENTO RENDA FIXA TARGET I;2025-07-31;Derivativos;0.99
CLASSES - FIF;02.335.944/0001-45;;BRADESCO FUNDO DE INVESTIMENTO RENDA FIXA TARGET I;2025-07-31;Operações compromissadas lastreadas em títulos públicos federais;16.84
CLASSES - FIF;02.335.944/0001-45;;BRADESCO FUNDO DE INVESTIMENTO RENDA FIXA TARGET I;2025-07-31;Títulos de crédito privado;12.60
CLASSES - FIF;02.335.944/0001-45;;BRADESCO FUNDO DE INVESTIMENTO RENDA FIXA TARGET I;2025-07-31;Títulos públicos federais;49.42
CLASSES - FIF;02.430.487/0001-78;;BANRISUL SUPER FUNDO DE INVESTIMENTO FINANCEIRO RENDA FIXA CURTO PRAZO RESPONSABILIDADE LIMITADA;2025-07-31;OPERAÇÕES COMPROMISSADAS LASTREADAS EM TÍTULOS PÚBLICOS FEDERAIS;95.19
CLASSES - FIF;02.567.996/0001-47;;BRADESCO FIF - CIC RENDA FIXA REFERENCIADA DI FEDERAL PLUS - RESPONSABILIDADE LIMITADA;2025-07-31;Operações compromissadas lastreadas em títulos públicos federais;25.57
CLASSES - FIF;02.567.996/0001-47;;BRADESCO FIF - CIC RENDA FIXA REFERENCIADA DI FEDERAL PLUS - RESPONSABILIDADE LIMITADA;2025-07-31;Títulos públicos federais;69.61
CLASSES - FIF;02.567.997/0001-91;;BRADESCO FIF - CLASSE DE INVESTIMENTO EM COTAS RENDA FIXA MARTE - RESPONSABILIDADE LIMITADA;2025-07-31;Cotas de fundos de investimento 409;19.45
CLASSES - FIF;02.567.997/0001-91;;BRADESCO FIF - CLASSE DE INVESTIMENTO EM COTAS RENDA FIXA MARTE - RESPONSABILIDADE LIMITADA;2025-07-31;Depósitos a prazo e outros títulos de instituições financeiras;21.86
CLASSES - FIF;02.567.997/0001-91;;BRADESCO FIF - CLASSE DE INVESTIMENTO EM COTAS RENDA FIXA MARTE - RESPONSABILIDADE LIMITADA;2025-07-31;Derivativos;-8.73
CLASSES - FIF;02.567.997/0001-91;;BRADESCO FIF - CLASSE DE INVESTIMENTO EM COTAS RENDA FIXA MARTE - RESPONSABILIDADE LIMITADA;2025-07-31;Operações compromissadas lastreadas em títulos públicos federais;12.52
CLASSES - FIF;02.567.997/0001-91;;BRADESCO FIF - CLASSE DE INVESTIMENTO EM COTAS RENDA FIXA MARTE - RESPONSABILIDADE LIMITADA;2025-07-31;Títulos públicos federais;43.82
CLASSES - FIF;02.763.602/0001-26;;BRADESCO PRIME FIF - CLASSE DE INVESTIMENTO EM COTAS DE AÇÕES SMALL CAP - RESPONSABILIDADE LIMITADA;2025-07-31;Ações;93.34
CLASSES - FIF;02.763.602/0001-26;;BRADESCO PRIME FIF - CLASSE DE INVESTIMENTO EM COTAS DE AÇÕES SMALL CAP - RESPONSABILIDADE LIMITADA;2025-07-31;Operações compromissadas lastreadas em títulos públicos federais;3.82
CLASSES - FIF;02.998.239/0001-28;;BRAM FIF - CLASSE DE INVESTIMENTO RF TARGET - RESP LIMITADA;2025-07-31;Cotas de fundos de investimento 409;0.34
CLASSES - FIF;02.998.239/0001-28;;BRAM FIF - CLASSE DE INVESTIMENTO RF TARGET - RESP LIMITADA;2025-07-31;Depósitos a prazo e outros títulos de instituições financeiras;24.46
CLASSES - FIF;02.998.239/0001-28;;BRAM FIF - CLASSE DE INVESTIMENTO RF TARGET - RESP LIMITADA;2025-07-31;Operações compromissadas lastreadas em títulos públicos federais;48.65
CLASSES - FIF;02.998.239/0001-28;;BRAM FIF - CLASSE DE INVESTIMENTO RF TARGET - RESP LIMITADA;2025-07-31;Títulos de crédito privado;7.33
CLASSES - FIF;02.998.239/0001-28;;BRAM FIF - CLASSE DE INVESTIMENTO RF TARGET - RESP LIMITADA;2025-07-31;Títulos públicos federais;19.03
CLASSES - FIF;03.054.724/0001-06;;BRADESCO YIELD FI FINANCEIRO - CI RF LP - RESP LIMITADA;2025-07-31;Operações compromissadas lastreadas em títulos públicos federais;24.43
CLASSES - FIF;03.054.724/0001-06;;BRADESCO YIELD FI FINANCEIRO - CI RF LP - RESP LIMITADA;2025-07-31;Títulos públicos federais;75.19
CLASSES - FIF;03.256.793/0001-00;;BRADESCO FIF - CLASSE DE INVESTIMENTO RENDA FIXA REFERENCIADA DI FEDERAL EXTRA -RESP LIMITADA;2025-07-31;Operações compromissadas lastreadas em títulos públicos federais;26.51
CLASSES - FIF;03.256.793/0001-00;;BRADESCO FIF - CLASSE DE INVESTIMENTO RENDA FIXA REFERENCIADA DI FEDERAL EXTRA -RESP LIMITADA;2025-07-31;Títulos públicos federais;72.17
CLASSES - FIF;03.287.127/0001-21;;IMPACTO VALOR FUNDO DE INVESTIMENTO FINANCEIRO EM AÇÕES RESPONSABILIDADE LIMITADA;2025-07-31;Acões;98.36
CLASSES - FIF;03.287.127/0001-21;;IMPACTO VALOR FUNDO DE INVESTIMENTO FINANCEIRO EM AÇÕES RESPONSABILIDADE LIMITADA;2025-07-31;Depósito a prazo e outros títulos de instituições financeiras;1.64
CLASSES - FIF;03.287.127/0001-21;;IMPACTO VALOR FUNDO DE INVESTIMENTO FINANCEIRO EM AÇÕES RESPONSABILIDADE LIMITADA;2025-07-31;Operacões compromissadas lastreadas em títulos privados;0.00
CLASSES - FIF;03.287.127/0001-21;;IMPACTO VALOR FUNDO DE INVESTIMENTO FINANCEIRO EM AÇÕES RESPONSABILIDADE LIMITADA;2025-07-31;Operacões compromissadas lastreadas em títulos públicos federais;0.00
CLASSES - FIF;03.287.127/0001-21;;IMPACTO VALOR FUNDO DE INVESTIMENTO FINANCEIRO EM AÇÕES RESPONSABILIDADE LIMITADA;2025-07-31;Títulos Públicos federais;0.00
CLASSES - FIF;03.295.134/0001-75;;AMIGOS DO COELHO FUNDO DE INVESTIMENTO EM AÇÕES RESPONSABILIDADE LIMITADA;2025-07-31;Ações;92.99
CLASSES - FIF;03.295.134/0001-75;;AMIGOS DO COELHO FUNDO DE INVESTIMENTO EM AÇÕES RESPONSABILIDADE LIMITADA;2025-07-31;Operações compromissadas lastreadas em títulospúblicos federais;6.47
CLASSES - FIF;03.295.134/0001-75;;AMIGOS DO COELHO FUNDO DE INVESTIMENTO EM AÇÕES RESPONSABILIDADE LIMITADA;2025-07-31;Outras aplicações;0.54
CLASSES - FIF;03.319.016/0001-50;;TIVIO DÓLAR CAMBIAL FIF - CLASSE DE INVESTIMENTO EM COTAS CAMBIAL - RESPONSABILIDADE LIMITADA;2025-07-31;Derivativos;99.13
CLASSES - FIF;03.319.016/0001-50;;TIVIO DÓLAR CAMBIAL FIF - CLASSE DE INVESTIMENTO EM COTAS CAMBIAL - RESPONSABILIDADE LIMITADA;2025-07-31;Operações compromissadas lastreadas em títulos públicos federais;30.50
CLASSES - FIF;03.319.016/0001-50;;TIVIO DÓLAR CAMBIAL FIF - CLASSE DE INVESTIMENTO EM COTAS CAMBIAL - RESPONSABILIDADE LIMITADA;2025-07-31;Títulos públicos federais;69.09
CLASSES - FIF;03.394.711/0001-86;;BRADESCO IBOVESPA PLUS FI FINANCEIRO - CIA - RESP LIMITADA;2025-07-31;Ações;98.12
CLASSES - FIF;03.394.711/0001-86;;BRADESCO IBOVESPA PLUS FI FINANCEIRO - CIA - RESP LIMITADA;2025-07-31;Derivativos;1.63
CLASSES - FIF;03.394.711/0001-86;;BRADESCO IBOVESPA PLUS FI FINANCEIRO - CIA - RESP LIMITADA;2025-07-31;Operações compromissadas lastreadas em títulos públicos federais;0.36
CLASSES - FIF;03.399.411/0001-90;;BRADESCO FUNDO DE INVESTIMENTO FINANCEIRO RENDA FIXA REFERENCIADA DI PREMIUM - RESP LIMITADA;2025-07-31;Cotas de fundos de investimento 409;0.79
CLASSES - FIF;03.399.411/0001-90;;BRADESCO FUNDO DE INVESTIMENTO FINANCEIRO RENDA FIXA REFERENCIADA DI PREMIUM - RESP LIMITADA;2025-07-31;Depósitos a prazo e outros títulos de instituições financeiras;30.78
CLASSES - FIF;03.399.411/0001-90;;BRADESCO FUNDO DE INVESTIMENTO FINANCEIRO RENDA FIXA REFERENCIADA DI PREMIUM - RESP LIMITADA;2025-07-31;Operações compromissadas lastreadas em títulos públicos federais;49.88
CLASSES - FIF;03.399.411/0001-90;;BRADESCO FUNDO DE INVESTIMENTO FINANCEIRO RENDA FIXA REFERENCIADA DI PREMIUM - RESP LIMITADA;2025-07-31;Títulos de crédito privado;8.27
CLASSES - FIF;03.399.411/0001-90;;BRADESCO FUNDO DE INVESTIMENTO FINANCEIRO RENDA FIXA REFERENCIADA DI PREMIUM - RESP LIMITADA;2025-07-31;Títulos públicos federais;9.63
CLASSES - FIF;03.408.336/0001-86;;CSHG VERDE AM STRATEGY II FUNDO DE INVESTIMENTO EM COTAS DE FIF AÇÕES - RESPONSABILIDADE LIMITADA;2025-07-31;Cotas de Fundos de Investimento 555;99.90
CLASSES - FIF;03.408.336/0001-86;;CSHG VERDE AM STRATEGY II FUNDO DE INVESTIMENTO EM COTAS DE FIF AÇÕES - RESPONSABILIDADE LIMITADA;2025-07-31;Outros;0.71
CLASSES - FIF;03.473.193/0001-96;;BRADESCO INSTITUCIONAL IBRX ATIVO FI FINANCEIRO - CIA - RESP LIMITADA;2025-07-31;Ações;77.06
CLASSES - FIF;03.473.193/0001-96;;BRADESCO INSTITUCIONAL IBRX ATIVO FI FINANCEIRO - CIA - RESP LIMITADA;2025-07-31;Cotas de fundos de investimento 409;3.71
CLASSES - FIF;03.473.193/0001-96;;BRADESCO INSTITUCIONAL IBRX ATIVO FI FINANCEIRO - CIA - RESP LIMITADA;2025-07-31;Derivativos;18.20
CLASSES - FIF;03.473.193/0001-96;;BRADESCO INSTITUCIONAL IBRX ATIVO FI FINANCEIRO - CIA - RESP LIMITADA;2025-07-31;Operações compromissadas lastreadas em títulos públicos federais;16.88
CLASSES - FIF;03.553.574/0001-85;;BRADESCO FIF - CLASSE DE INVESTIMENTO MULTIMERCADO TEAM - RESPONSABILIDADE LIMITADA;2025-07-31;Operações compromissadas lastreadas em títulos públicos federais;17.22
CLASSES - FIF;03.553.574/0001-85;;BRADESCO FIF - CLASSE DE INVESTIMENTO MULTIMERCADO TEAM - RESPONSABILIDADE LIMITADA;2025-07-31;Títulos públicos federais;82.53
CLASSES - FIF;03.583.239/0001-20;;BRADESCO H AQUAMARINE FIF - CLASSE DE  INVESTIMENTO EM COTAS MULT - RESPONSABILIDADE LIMITADA;2025-07-31;Cotas de fundos de investimento 409;84.67
CLASSES - FIF;03.583.239/0001-20;;BRADESCO H AQUAMARINE FIF - CLASSE DE  INVESTIMENTO EM COTAS MULT - RESPONSABILIDADE LIMITADA;2025-07-31;Operações compromissadas lastreadas em títulos públicos federais;4.36
CLASSES - FIF;03.583.239/0001-20;;BRADESCO H AQUAMARINE FIF - CLASSE DE  INVESTIMENTO EM COTAS MULT - RESPONSABILIDADE LIMITADA;2025-07-31;Títulos públicos federais;11.08
CLASSES - FIF;03.660.879/0001-96;;BRADESCO SELECTION FI FINANCEIRO - CIC EM AÇÕES - RESP LIMITADA;2025-07-31;Ações;70.48
CLASSES - FIF;03.660.879/0001-96;;BRADESCO SELECTION FI FINANCEIRO - CIC EM AÇÕES - RESP LIMITADA;2025-07-31;Cotas de fundos de investimento 409;12.09
CLASSES - FIF;03.660.879/0001-96;;BRADESCO SELECTION FI FINANCEIRO - CIC EM AÇÕES - RESP LIMITADA;2025-07-31;Derivativos;3.97
CLASSES - FIF;03.660.879/0001-96;;BRADESCO SELECTION FI FINANCEIRO - CIC EM AÇÕES - RESP LIMITADA;2025-07-31;Operações compromissadas lastreadas em títulos públicos federais;13.08
CLASSES - FIF;03.706.631/0001-19;;BRADESCO H FIF - CIC RENDA FIXA REFERENCIA DI LONGO PRAZO GRUPOS  - RESPONSABILIDADE LIMITADA;2025-07-31;Depósitos a prazo e outros títulos de instituições financeiras;3.52
CLASSES - FIF;03.706.631/0001-19;;BRADESCO H FIF - CIC RENDA FIXA REFERENCIA DI LONGO PRAZO GRUPOS  - RESPONSABILIDADE LIMITADA;2025-07-31;Operações compromissadas lastreadas em títulos públicos federais;61.91
CLASSES - FIF;03.706.631/0001-19;;BRADESCO H FIF - CIC RENDA FIXA REFERENCIA DI LONGO PRAZO GRUPOS  - RESPONSABILIDADE LIMITADA;2025-07-31;Títulos de crédito privado;0.02
CLASSES - FIF;03.706.631/0001-19;;BRADESCO H FIF - CIC RENDA FIXA REFERENCIA DI LONGO PRAZO GRUPOS  - RESPONSABILIDADE LIMITADA;2025-07-31;Títulos públicos federais;33.69
CLASSES - FIF;03.766.575/0001-08;;BRADESCO FIF - CIC RENDA FIXA REFERENCIADA DI HIPERFUNDO -RESPONSABILIDADE LIMITADA;2025-07-31;Depósitos a prazo e outros títulos de instituições financeiras;3.55
CLASSES - FIF;03.766.575/0001-08;;BRADESCO FIF - CIC RENDA FIXA REFERENCIADA DI HIPERFUNDO -RESPONSABILIDADE LIMITADA;2025-07-31;Operações compromissadas lastreadas em títulos públicos federais;62.43
CLASSES - FIF;03.766.575/0001-08;;BRADESCO FIF - CIC RENDA FIXA REFERENCIADA DI HIPERFUNDO -RESPONSABILIDADE LIMITADA;2025-07-31;Títulos de crédito privado;0.02
CLASSES - FIF;03.766.575/0001-08;;BRADESCO FIF - CIC RENDA FIXA REFERENCIADA DI HIPERFUNDO -RESPONSABILIDADE LIMITADA;2025-07-31;Títulos públicos federais;33.98
CLASSES - FIF;03.805.966/0001-94;;BRADESCO PRIME H FIF - CLASSE DE INVESTIMENTO EM COTAS RENDA FIXA LONGO PRAZO - RESP LIMITADA;2025-07-31;Cotas de fundos de investimento 409;93.97
CLASSES - FIF;03.805.966/0001-94;;BRADESCO PRIME H FIF - CLASSE DE INVESTIMENTO EM COTAS RENDA FIXA LONGO PRAZO - RESP LIMITADA;2025-07-31;Operações compromissadas lastreadas em títulos públicos federais;1.77
CLASSES - FIF;03.805.966/0001-94;;BRADESCO PRIME H FIF - CLASSE DE INVESTIMENTO EM COTAS RENDA FIXA LONGO PRAZO - RESP LIMITADA;2025-07-31;Títulos públicos federais;4.49
CLASSES - FIF;03.805.990/0001-23;;BRADESCO H FIF - CIC RENDA FIXA REFERENCIADA DI LONGO PRAZO 15.000 - RESPONSABILIDADE LIMITADA;2025-07-31;Depósitos a prazo e outros títulos de instituições financeiras;3.55
CLASSES - FIF;03.805.990/0001-23;;BRADESCO H FIF - CIC RENDA FIXA REFERENCIADA DI LONGO PRAZO 15.000 - RESPONSABILIDADE LIMITADA;2025-07-31;Operações compromissadas lastreadas em títulos públicos federais;62.42
CLASSES - FIF;03.805.990/0001-23;;BRADESCO H FIF - CIC RENDA FIXA REFERENCIADA DI LONGO PRAZO 15.000 - RESPONSABILIDADE LIMITADA;2025-07-31;Títulos de crédito privado;0.02
CLASSES - FIF;03.805.990/0001-23;;BRADESCO H FIF - CIC RENDA FIXA REFERENCIADA DI LONGO PRAZO 15.000 - RESPONSABILIDADE LIMITADA;2025-07-31;Títulos públicos federais;33.97
CLASSES - FIF;03.894.320/0001-20;;BRADESCO BOND FI FINANCEIRO - CI RF - RESP LIMITADA;2025-07-31;Cotas de fundos de investimento 409;1.24
CLASSES - FIF;03.894.320/0001-20;;BRADESCO BOND FI FINANCEIRO - CI RF - RESP LIMITADA;2025-07-31;Depósitos a prazo e outros títulos de instituições financeiras;12.47
CLASSES - FIF;03.894.320/0001-20;;BRADESCO BOND FI FINANCEIRO - CI RF - RESP LIMITADA;2025-07-31;Operações compromissadas lastreadas em títulos públicos federais;27.06
CLASSES - FIF;03.894.320/0001-20;;BRADESCO BOND FI FINANCEIRO - CI RF - RESP LIMITADA;2025-07-31;Títulos de crédito privado;9.87
CLASSES - FIF;03.894.320/0001-20;;BRADESCO BOND FI FINANCEIRO - CI RF - RESP LIMITADA;2025-07-31;Títulos públicos federais;49.76
CLASSES - FIF;03.897.077/0001-02;;BAHIA AM II FIF - CLASSE DE INVESTIMENTO EM AÇÕES - RESP LIMITADA;2025-07-31;Ações;78.98
CLASSES - FIF;03.897.077/0001-02;;BAHIA AM II FIF - CLASSE DE INVESTIMENTO EM AÇÕES - RESP LIMITADA;2025-07-31;Cotas de fundos de investimento 409;3.99
CLASSES - FIF;03.897.077/0001-02;;BAHIA AM II FIF - CLASSE DE INVESTIMENTO EM AÇÕES - RESP LIMITADA;2025-07-31;Derivativos;8.18
CLASSES - FIF;03.897.077/0001-02;;BAHIA AM II FIF - CLASSE DE INVESTIMENTO EM AÇÕES - RESP LIMITADA;2025-07-31;Operações compromissadas lastreadas em títulos públicos federais;28.64
CLASSES - FIF;03.916.081/0001-62;;BRADESCO FIF - CLASSE DE INVESTIMENTO EM AÇÕES PETROBRAS - RESPONSABILIDADE LIMITADA;2025-07-31;Ações;97.18
CLASSES - FIF;03.916.081/0001-62;;BRADESCO FIF - CLASSE DE INVESTIMENTO EM AÇÕES PETROBRAS - RESPONSABILIDADE LIMITADA;2025-07-31;Operações compromissadas lastreadas em títulos públicos federais;0.42
CLASSES - FIF;03.920.198/0001-10;;CSHG FUNDO MÚTUO DE PRIVATIZAÇÃO - FGTS PETROBRÁS RESPONSABILIDADE LIMITADA;2025-07-31;A¿s;95.99
CLASSES - FIF;03.920.198/0001-10;;CSHG FUNDO MÚTUO DE PRIVATIZAÇÃO - FGTS PETROBRÁS RESPONSABILIDADE LIMITADA;2025-07-31;Outros;0.57
CLASSES - FIF;03.920.198/0001-10;;CSHG FUNDO MÚTUO DE PRIVATIZAÇÃO - FGTS PETROBRÁS RESPONSABILIDADE LIMITADA;2025-07-31;T¿los P¿blicos Federais;1.37
CLASSES - FIF;03.922.006/0001-04;;BRADESCO H PETROBRAS FIF - CLASSE DE INVESTIMENTO EM AÇÕES - - RESPONSABILIDADE LIMITADA;2025-07-31;Ações;97.20
CLASSES - FIF;03.922.006/0001-04;;BRADESCO H PETROBRAS FIF - CLASSE DE INVESTIMENTO EM AÇÕES - - RESPONSABILIDADE LIMITADA;2025-07-31;Títulos públicos federais;0.33
CLASSES - FIF;04.044.634/0001-05;;BRADESCO H FIF - CIC RENDA FIXA REFERENCIADA DI LONGO PRAZO PJ - RESPONSABILIDADE LIMITADA;2025-07-31;Depósitos a prazo e outros títulos de instituições financeiras;3.55
CLASSES - FIF;04.044.634/0001-05;;BRADESCO H FIF - CIC RENDA FIXA REFERENCIADA DI LONGO PRAZO PJ - RESPONSABILIDADE LIMITADA;2025-07-31;Operações compromissadas lastreadas em títulos públicos federais;62.42
CLASSES - FIF;04.044.634/0001-05;;BRADESCO H FIF - CIC RENDA FIXA REFERENCIADA DI LONGO PRAZO PJ - RESPONSABILIDADE LIMITADA;2025-07-31;Títulos de crédito privado;0.02
CLASSES - FIF;04.044.634/0001-05;;BRADESCO H FIF - CIC RENDA FIXA REFERENCIADA DI LONGO PRAZO PJ - RESPONSABILIDADE LIMITADA;2025-07-31;Títulos públicos federais;33.97
CLASSES - FIF;04.066.545/0001-51;;SULAMÉRICA FUNDO DE FUNDOS FIF DA CLASSE DE INVESTIMENTO EM COTAS MULT CP RESPONSABILIDADE LIMITADA;2025-07-31;Ações;0.00
CLASSES - FIF;04.066.545/0001-51;;SULAMÉRICA FUNDO DE FUNDOS FIF DA CLASSE DE INVESTIMENTO EM COTAS MULT CP RESPONSABILIDADE LIMITADA;2025-07-31;Cotas de Fundo;100.23
CLASSES - FIF;04.066.545/0001-51;;SULAMÉRICA FUNDO DE FUNDOS FIF DA CLASSE DE INVESTIMENTO EM COTAS MULT CP RESPONSABILIDADE LIMITADA;2025-07-31;Outros;-0.23
CLASSES - FIF;04.066.545/0001-51;;SULAMÉRICA FUNDO DE FUNDOS FIF DA CLASSE DE INVESTIMENTO EM COTAS MULT CP RESPONSABILIDADE LIMITADA;2025-07-31;Títulos de crédito privado;0.00
CLASSES - FIF;04.066.545/0001-51;;SULAMÉRICA FUNDO DE FUNDOS FIF DA CLASSE DE INVESTIMENTO EM COTAS MULT CP RESPONSABILIDADE LIMITADA;2025-07-31;Títulos público federais;0.00
CLASSES - FIF;04.088.561/0001-45;;BRADESCO PRIME H FC DE FI FINANCEIRO RF REF DI LP PLUS - RESP LIMITADA;2025-07-31;Depósitos a prazo e outros títulos de instituições financeiras;3.55
CLASSES - FIF;04.088.561/0001-45;;BRADESCO PRIME H FC DE FI FINANCEIRO RF REF DI LP PLUS - RESP LIMITADA;2025-07-31;Operações compromissadas lastreadas em títulos públicos federais;62.39
CLASSES - FIF;04.088.561/0001-45;;BRADESCO PRIME H FC DE FI FINANCEIRO RF REF DI LP PLUS - RESP LIMITADA;2025-07-31;Títulos de crédito privado;0.02
CLASSES - FIF;04.088.561/0001-45;;BRADESCO PRIME H FC DE FI FINANCEIRO RF REF DI LP PLUS - RESP LIMITADA;2025-07-31;Títulos públicos federais;33.95
CLASSES - FIF;04.113.848/0001-88;;BRAM FIF - CLASSE DE INVESTIMENTO MULTIMERCADO GOLDEN PROFIT - RESPONSABILIDADE LIMITADA;2025-07-31;Ações;4.33
CLASSES - FIF;04.113.848/0001-88;;BRAM FIF - CLASSE DE INVESTIMENTO MULTIMERCADO GOLDEN PROFIT - RESPONSABILIDADE LIMITADA;2025-07-31;Derivativos;75.90
CLASSES - FIF;04.113.848/0001-88;;BRAM FIF - CLASSE DE INVESTIMENTO MULTIMERCADO GOLDEN PROFIT - RESPONSABILIDADE LIMITADA;2025-07-31;Operações compromissadas lastreadas em títulos públicos federais;6.50
CLASSES - FIF;04.113.848/0001-88;;BRAM FIF - CLASSE DE INVESTIMENTO MULTIMERCADO GOLDEN PROFIT - RESPONSABILIDADE LIMITADA;2025-07-31;Outras aplicações;5.30
CLASSES - FIF;04.113.848/0001-88;;BRAM FIF - CLASSE DE INVESTIMENTO MULTIMERCADO GOLDEN PROFIT - RESPONSABILIDADE LIMITADA;2025-07-31;Títulos públicos federais;72.26
CLASSES - FIF;04.147.027/0001-62;;CSHG ALLOCATION VERDE 14 FUNDO DE INVESTIMENTO EM COTAS FIF MULTIMERCADO - RESPONSABILIDADE LIMITADA;2025-07-31;Outras Cotas de Fundos de Investimento;100.04
CLASSES - FIF;04.147.027/0001-62;;CSHG ALLOCATION VERDE 14 FUNDO DE INVESTIMENTO EM COTAS FIF MULTIMERCADO - RESPONSABILIDADE LIMITADA;2025-07-31;Outros;0.01
CLASSES - FIF;04.147.465/0001-20;;BRADESCO H FIF  - CIC RENDA FIXA REFERENCIADA DI LONGO PRAZO PJ PLUS  - RESPONSABILIDADE LIMITADA;2025-07-31;Depósitos a prazo e outros títulos de instituições financeiras;3.55
CLASSES - FIF;04.147.465/0001-20;;BRADESCO H FIF  - CIC RENDA FIXA REFERENCIADA DI LONGO PRAZO PJ PLUS  - RESPONSABILIDADE LIMITADA;2025-07-31;Operações compromissadas lastreadas em títulos públicos federais;62.39
CLASSES - FIF;04.147.465/0001-20;;BRADESCO H FIF  - CIC RENDA FIXA REFERENCIADA DI LONGO PRAZO PJ PLUS  - RESPONSABILIDADE LIMITADA;2025-07-31;Títulos de crédito privado;0.02
CLASSES - FIF;04.147.465/0001-20;;BRADESCO H FIF  - CIC RENDA FIXA REFERENCIADA DI LONGO PRAZO PJ PLUS  - RESPONSABILIDADE LIMITADA;2025-07-31;Títulos públicos federais;33.96
CLASSES - FIF;04.163.555/0001-05;;GERAL ASSET LONG TERM FUNDO DE INVESTIMENTO DE AÇÕES - RESPONSABILIDADE LIMITADA;2025-07-31;Ações;89.52
CLASSES - FIF;04.163.555/0001-05;;GERAL ASSET LONG TERM FUNDO DE INVESTIMENTO DE AÇÕES - RESPONSABILIDADE LIMITADA;2025-07-31;Operações compromissadas lastreadas em títulospúblicos federais;10.31
CLASSES - FIF;04.163.555/0001-05;;GERAL ASSET LONG TERM FUNDO DE INVESTIMENTO DE AÇÕES - RESPONSABILIDADE LIMITADA;2025-07-31;Outras aplicações;0.17
CLASSES - FIF;04.228.545/0001-00;;BRADESCO CORPORATE FI FINANCEIRO - CI RF CRED PRIV - RESP LIMITADA;2025-07-31;Cotas de fundos de investimento 409;2.10
CLASSES - FIF;04.228.545/0001-00;;BRADESCO CORPORATE FI FINANCEIRO - CI RF CRED PRIV - RESP LIMITADA;2025-07-31;Depósitos a prazo e outros títulos de instituições financeiras;45.83
CLASSES - FIF;04.228.545/0001-00;;BRADESCO CORPORATE FI FINANCEIRO - CI RF CRED PRIV - RESP LIMITADA;2025-07-31;Operações compromissadas lastreadas em títulos públicos federais;27.75
CLASSES - FIF;04.228.545/0001-00;;BRADESCO CORPORATE FI FINANCEIRO - CI RF CRED PRIV - RESP LIMITADA;2025-07-31;Títulos de crédito privado;19.58
CLASSES - FIF;04.228.545/0001-00;;BRADESCO CORPORATE FI FINANCEIRO - CI RF CRED PRIV - RESP LIMITADA;2025-07-31;Títulos públicos federais;4.47
CLASSES - FIF;04.237.569/0001-26;;BRADESCO FIF - CLASSE DE  INVESTIMENTO EM COTAS RENDA FIXA REFERENCIADA DI SAFIRA - RESP LTDA;2025-07-31;Depósitos a prazo e outros títulos de instituições financeiras;3.55
CLASSES - FIF;04.237.569/0001-26;;BRADESCO FIF - CLASSE DE  INVESTIMENTO EM COTAS RENDA FIXA REFERENCIADA DI SAFIRA - RESP LTDA;2025-07-31;Operações compromissadas lastreadas em títulos públicos federais;62.41
CLASSES - FIF;04.237.569/0001-26;;BRADESCO FIF - CLASSE DE  INVESTIMENTO EM COTAS RENDA FIXA REFERENCIADA DI SAFIRA - RESP LTDA;2025-07-31;Títulos de crédito privado;0.02
CLASSES - FIF;04.237.569/0001-26;;BRADESCO FIF - CLASSE DE  INVESTIMENTO EM COTAS RENDA FIXA REFERENCIADA DI SAFIRA - RESP LTDA;2025-07-31;Títulos públicos federais;33.97
CLASSES - FIF;04.237.578/0001-17;;BRADESCO FIF - CLASSE DE INVESTIMENTO EM COTAS RENDA FIXA SIMPLES BRILHANTE - RESP LIMITADA;2025-07-31;Depósitos a prazo e outros títulos de instituições financeiras;0.00
CLASSES - FIF;04.237.578/0001-17;;BRADESCO FIF - CLASSE DE INVESTIMENTO EM COTAS RENDA FIXA SIMPLES BRILHANTE - RESP LIMITADA;2025-07-31;Operações compromissadas lastreadas em títulos públicos federais;32.60
CLASSES - FIF;04.237.578/0001-17;;BRADESCO FIF - CLASSE DE INVESTIMENTO EM COTAS RENDA FIXA SIMPLES BRILHANTE - RESP LIMITADA;2025-07-31;Títulos públicos federais;61.04
CLASSES - FIF;04.237.583/0001-20;;BRADESCO FIF - CIC RENDA FIXA REFERENCIADA DI PLATINUM - RESPONSABILIDADE LIMITADA;2025-07-31;Depósitos a prazo e outros títulos de instituições financeiras;3.23
CLASSES - FIF;04.237.583/0001-20;;BRADESCO FIF - CIC RENDA FIXA REFERENCIADA DI PLATINUM - RESPONSABILIDADE LIMITADA;2025-07-31;Operações compromissadas lastreadas em títulos públicos federais;58.56
CLASSES - FIF;04.237.583/0001-20;;BRADESCO FIF - CIC RENDA FIXA REFERENCIADA DI PLATINUM - RESPONSABILIDADE LIMITADA;2025-07-31;Títulos de crédito privado;0.02
CLASSES - FIF;04.237.583/0001-20;;BRADESCO FIF - CIC RENDA FIXA REFERENCIADA DI PLATINUM - RESPONSABILIDADE LIMITADA;2025-07-31;Títulos públicos federais;35.81
CLASSES - FIF;04.240.128/0001-83;;TIVIO INSTITUCIONAL 15 FIF - CI RENDA FIXA CRÉDITO PRIVADO LONGO PRAZO - RESP LIMITADA;2025-07-31;Cotas de fundos de investimento 409;13.81
CLASSES - FIF;04.240.128/0001-83;;TIVIO INSTITUCIONAL 15 FIF - CI RENDA FIXA CRÉDITO PRIVADO LONGO PRAZO - RESP LIMITADA;2025-07-31;Depósitos a prazo e outros títulos de instituições financeiras;22.73
CLASSES - FIF;04.240.128/0001-83;;TIVIO INSTITUCIONAL 15 FIF - CI RENDA FIXA CRÉDITO PRIVADO LONGO PRAZO - RESP LIMITADA;2025-07-31;Operações compromissadas lastreadas em títulos públicos federais;13.32
CLASSES - FIF;04.240.128/0001-83;;TIVIO INSTITUCIONAL 15 FIF - CI RENDA FIXA CRÉDITO PRIVADO LONGO PRAZO - RESP LIMITADA;2025-07-31;Títulos de crédito privado;45.69
CLASSES - FIF;04.240.128/0001-83;;TIVIO INSTITUCIONAL 15 FIF - CI RENDA FIXA CRÉDITO PRIVADO LONGO PRAZO - RESP LIMITADA;2025-07-31;Títulos públicos federais;4.17
CLASSES - FIF;04.244.149/0001-77;;BRADESCO FIF - CIC DE FUNDOS DE INVESTIMENTO CAMBIAL DÓLAR SPECIAL - RESP LIMITADA;2025-07-31;Derivativos;99.92
CLASSES - FIF;04.244.149/0001-77;;BRADESCO FIF - CIC DE FUNDOS DE INVESTIMENTO CAMBIAL DÓLAR SPECIAL - RESP LIMITADA;2025-07-31;Operações compromissadas lastreadas em títulos públicos federais;8.69
CLASSES - FIF;04.244.149/0001-77;;BRADESCO FIF - CIC DE FUNDOS DE INVESTIMENTO CAMBIAL DÓLAR SPECIAL - RESP LIMITADA;2025-07-31;Títulos públicos federais;90.75
CLASSES - FIF;04.253.078/0001-79;;BRAM FIF - CLASSE DE INVESTIMENTO RENDA FIXA REFERENCIADA DI RUBI - RESP LIMITADA;2025-07-31;Depósitos a prazo e outros títulos de instituições financeiras;3.54
CLASSES - FIF;04.253.078/0001-79;;BRAM FIF - CLASSE DE INVESTIMENTO RENDA FIXA REFERENCIADA DI RUBI - RESP LIMITADA;2025-07-31;Operações compromissadas lastreadas em títulos públicos federais;62.35
CLASSES - FIF;04.253.078/0001-79;;BRAM FIF - CLASSE DE INVESTIMENTO RENDA FIXA REFERENCIADA DI RUBI - RESP LIMITADA;2025-07-31;Títulos de crédito privado;0.02
CLASSES - FIF;04.253.078/0001-79;;BRAM FIF - CLASSE DE INVESTIMENTO RENDA FIXA REFERENCIADA DI RUBI - RESP LIMITADA;2025-07-31;Títulos públicos federais;33.93
CLASSES - FIF;04.277.488/0001-50;;VERT FIF - CLASSE DE INVESTIMENTO EM COTAS MULTIMERCADO - RESP LIMITADA;2025-07-31;Cotas de fundos de investimento 409;98.95
CLASSES - FIF;04.277.488/0001-50;;VERT FIF - CLASSE DE INVESTIMENTO EM COTAS MULTIMERCADO - RESP LIMITADA;2025-07-31;Operações compromissadas lastreadas em títulos públicos federais;0.27
CLASSES - FIF;04.277.488/0001-50;;VERT FIF - CLASSE DE INVESTIMENTO EM COTAS MULTIMERCADO - RESP LIMITADA;2025-07-31;Títulos públicos federais;0.68
CLASSES - FIF;04.299.610/0001-99;;CS EVOLUTION DI PRIVATE FUNDO DE INVESTIMENTO EM COTAS DE FIF RENDA FIXA REF - RESP LIMITADA;2025-07-31;Outras Cotas de Fundos de Investimento;100.03
CLASSES - FIF;04.299.610/0001-99;;CS EVOLUTION DI PRIVATE FUNDO DE INVESTIMENTO EM COTAS DE FIF RENDA FIXA REF - RESP LIMITADA;2025-07-31;Outros;0.00
CLASSES - FIF;04.310.455/0001-64;;VERT 14 FIF - CLASSE DE INVESTIMENTO EM COTAS MULTIMERCADO - RESP LIMITADA;2025-07-31;Cotas de fundos de investimento 409;97.63
CLASSES - FIF;04.310.455/0001-64;;VERT 14 FIF - CLASSE DE INVESTIMENTO EM COTAS MULTIMERCADO - RESP LIMITADA;2025-07-31;Operações compromissadas lastreadas em títulos públicos federais;0.66
CLASSES - FIF;04.310.455/0001-64;;VERT 14 FIF - CLASSE DE INVESTIMENTO EM COTAS MULTIMERCADO - RESP LIMITADA;2025-07-31;Títulos públicos federais;1.67
CLASSES - FIF;04.353.257/0001-88;;SÃO PEDRO FUNDO DE INVESTIMENTO FINANCEIRO EM AÇÕES RESPONSABILIDADE LIMITADA;2025-07-31;Acões;83.08
CLASSES - FIF;04.353.257/0001-88;;SÃO PEDRO FUNDO DE INVESTIMENTO FINANCEIRO EM AÇÕES RESPONSABILIDADE LIMITADA;2025-07-31;Cotas de Fundos de Investimento 555;8.12
CLASSES - FIF;04.353.257/0001-88;;SÃO PEDRO FUNDO DE INVESTIMENTO FINANCEIRO EM AÇÕES RESPONSABILIDADE LIMITADA;2025-07-31;Depósito a prazo e outros títulos de instituições financeiras;7.39
CLASSES - FIF;04.353.257/0001-88;;SÃO PEDRO FUNDO DE INVESTIMENTO FINANCEIRO EM AÇÕES RESPONSABILIDADE LIMITADA;2025-07-31;Operacões compromissadas lastreadas em títulos privados;0.00
CLASSES - FIF;04.353.257/0001-88;;SÃO PEDRO FUNDO DE INVESTIMENTO FINANCEIRO EM AÇÕES RESPONSABILIDADE LIMITADA;2025-07-31;Títulos Públicos federais;0.00
CLASSES - FIF;04.437.609/0001-83;;BRADESCO H FIF - CIC RF CRÉDITO PRIV LP PRIVATE PERFORMANCE - RESP LIMITADA;2025-07-31;Cotas de fundos de investimento 409;2.90
CLASSES - FIF;04.437.609/0001-83;;BRADESCO H FIF - CIC RF CRÉDITO PRIV LP PRIVATE PERFORMANCE - RESP LIMITADA;2025-07-31;Depósitos a prazo e outros títulos de instituições financeiras;30.02
CLASSES - FIF;04.437.609/0001-83;;BRADESCO H FIF - CIC RF CRÉDITO PRIV LP PRIVATE PERFORMANCE - RESP LIMITADA;2025-07-31;Operações compromissadas lastreadas em títulos públicos federais;25.62
CLASSES - FIF;04.437.609/0001-83;;BRADESCO H FIF - CIC RF CRÉDITO PRIV LP PRIVATE PERFORMANCE - RESP LIMITADA;2025-07-31;Títulos de crédito privado;36.68
CLASSES - FIF;04.437.609/0001-83;;BRADESCO H FIF - CIC RF CRÉDITO PRIV LP PRIVATE PERFORMANCE - RESP LIMITADA;2025-07-31;Títulos públicos federais;4.78
CLASSES - FIF;04.443.397/0001-47;;BRAM FIF - CLASSE DE INVESTIMENTO CAMBIAL DÓLAR - RESPONSABILIDADE LIMITADA;2025-07-31;Derivativos;99.85
CLASSES - FIF;04.443.397/0001-47;;BRAM FIF - CLASSE DE INVESTIMENTO CAMBIAL DÓLAR - RESPONSABILIDADE LIMITADA;2025-07-31;Operações compromissadas lastreadas em títulos públicos federais;8.68
CLASSES - FIF;04.443.397/0001-47;;BRAM FIF - CLASSE DE INVESTIMENTO CAMBIAL DÓLAR - RESPONSABILIDADE LIMITADA;2025-07-31;Títulos públicos federais;90.69
CLASSES - FIF;04.520.220/0001-05;;BRADESCO FIF - CIC RENDA FIXA REFERENCIADA DI LONGO PRAZO 30.000 - RESPONSABILIDADE LIMITADA;2025-07-31;Depósitos a prazo e outros títulos de instituições financeiras;3.55
CLASSES - FIF;04.520.220/0001-05;;BRADESCO FIF - CIC RENDA FIXA REFERENCIADA DI LONGO PRAZO 30.000 - RESPONSABILIDADE LIMITADA;2025-07-31;Operações compromissadas lastreadas em títulos públicos federais;62.40
CLASSES - FIF;04.520.220/0001-05;;BRADESCO FIF - CIC RENDA FIXA REFERENCIADA DI LONGO PRAZO 30.000 - RESPONSABILIDADE LIMITADA;2025-07-31;Títulos de crédito privado;0.02
CLASSES - FIF;04.520.220/0001-05;;BRADESCO FIF - CIC RENDA FIXA REFERENCIADA DI LONGO PRAZO 30.000 - RESPONSABILIDADE LIMITADA;2025-07-31;Títulos públicos federais;33.96
CLASSES - FIF;04.570.232/0001-36;;MB MATIC RENDA FIXA LONGO PRAZO FUNDO DE INVESTIMENTO  FINANCEIRO - RESPONSABILIDADE LIMITADA;2025-07-31;Depósitos a prazo e outros títulos de instituições financeiras;37.90
CLASSES - FIF;04.570.232/0001-36;;MB MATIC RENDA FIXA LONGO PRAZO FUNDO DE INVESTIMENTO  FINANCEIRO - RESPONSABILIDADE LIMITADA;2025-07-31;Operações compromissadas lastreadas em títulos públicos federais;6.14
CLASSES - FIF;04.570.232/0001-36;;MB MATIC RENDA FIXA LONGO PRAZO FUNDO DE INVESTIMENTO  FINANCEIRO - RESPONSABILIDADE LIMITADA;2025-07-31;Títulos públicos federais;56.11
CLASSES - FIF;04.820.026/0001-37;;ICATU VANGUARDA MULTIESTRATÉGIA MODERADO FUNDO DE INVESTIMENTO EM COTAS FIF MULT - RESP LIMITADA;2025-07-31;Ações;12.13
CLASSES - FIF;04.820.026/0001-37;;ICATU VANGUARDA MULTIESTRATÉGIA MODERADO FUNDO DE INVESTIMENTO EM COTAS FIF MULT - RESP LIMITADA;2025-07-31;Cotas de fundos de investimento 409;20.47
CLASSES - FIF;04.820.026/0001-37;;ICATU VANGUARDA MULTIESTRATÉGIA MODERADO FUNDO DE INVESTIMENTO EM COTAS FIF MULT - RESP LIMITADA;2025-07-31;Operações compromissadas lastreadas em títulos públicos federais;12.90
CLASSES - FIF;04.820.026/0001-37;;ICATU VANGUARDA MULTIESTRATÉGIA MODERADO FUNDO DE INVESTIMENTO EM COTAS FIF MULT - RESP LIMITADA;2025-07-31;Títulos de crédito privado;8.61
CLASSES - FIF;04.820.026/0001-37;;ICATU VANGUARDA MULTIESTRATÉGIA MODERADO FUNDO DE INVESTIMENTO EM COTAS FIF MULT - RESP LIMITADA;2025-07-31;Títulos públicos federais;38.41
CLASSES - FIF;04.823.412/0001-82;;BRADESCO H FIF - CIC RF CURTO PRAZO - RESP LIMITADA;2025-07-31;Cotas de fundos de investimento 409;0.00
CLASSES - FIF;04.823.412/0001-82;;BRADESCO H FIF - CIC RF CURTO PRAZO - RESP LIMITADA;2025-07-31;Depósitos a prazo e outros títulos de instituições financeiras;0.00
CLASSES - FIF;04.823.412/0001-82;;BRADESCO H FIF - CIC RF CURTO PRAZO - RESP LIMITADA;2025-07-31;Operações compromissadas lastreadas em títulos públicos federais;99.96
CLASSES - FIF;04.823.412/0001-82;;BRADESCO H FIF - CIC RF CURTO PRAZO - RESP LIMITADA;2025-07-31;Títulos de crédito privado;0.00
CLASSES - FIF;04.823.412/0001-82;;BRADESCO H FIF - CIC RF CURTO PRAZO - RESP LIMITADA;2025-07-31;Títulos públicos federais;0.00
CLASSES - FIF;04.828.795/0001-81;;BANRISUL FOCO IMA G FUNDO DE INVESTIMENTO FINANCEIRO RENDA FIXA LONGO PRAZO RESPONSABILIDADE LIMITAD;2025-07-31;DERIVATIVOS;10.24
CLASSES - FIF;04.828.795/0001-81;;BANRISUL FOCO IMA G FUNDO DE INVESTIMENTO FINANCEIRO RENDA FIXA LONGO PRAZO RESPONSABILIDADE LIMITAD;2025-07-31;OPERACOES COMPROMISSADAS LASTREADAS;9.86
CLASSES - FIF;04.828.795/0001-81;;BANRISUL FOCO IMA G FUNDO DE INVESTIMENTO FINANCEIRO RENDA FIXA LONGO PRAZO RESPONSABILIDADE LIMITAD;2025-07-31;TÍTULOS PÚBLICOS FEDERAIS;90.18
CLASSES - FIF;04.830.483/0001-02;;BRADESCO PRIVATE FIF - CIC MULTIMERCADO MULTIESTRATÉGIA PLUS -RESPONSABILIDADE LIMITADA;2025-07-31;Cotas de fundos de investimento 409;99.88
CLASSES - FIF;04.831.907/0001-53;;BRADESCO REFERENCIADA DI SKY FIF - CIC RENDA FIXA - RESPONSABILIDADE LIMITADA;2025-07-31;Cotas de fundos de investimento 409;1.95
CLASSES - FIF;04.831.907/0001-53;;BRADESCO REFERENCIADA DI SKY FIF - CIC RENDA FIXA - RESPONSABILIDADE LIMITADA;2025-07-31;Depósitos a prazo e outros títulos de instituições financeiras;26.44
CLASSES - FIF;04.831.907/0001-53;;BRADESCO REFERENCIADA DI SKY FIF - CIC RENDA FIXA - RESPONSABILIDADE LIMITADA;2025-07-31;Operações compromissadas lastreadas em títulos públicos federais;44.49
CLASSES - FIF;04.831.907/0001-53;;BRADESCO REFERENCIADA DI SKY FIF - CIC RENDA FIXA - RESPONSABILIDADE LIMITADA;2025-07-31;Títulos de crédito privado;11.99
CLASSES - FIF;04.831.907/0001-53;;BRADESCO REFERENCIADA DI SKY FIF - CIC RENDA FIXA - RESPONSABILIDADE LIMITADA;2025-07-31;Títulos públicos federais;15.18
CLASSES - FIF;04.839.017/0001-98;;SULAMÉRICA EXCLUSIVE FIF RENDA FIXA REFERENCIADO DI DE RESPONSABILIDADE LIMITADA;2025-07-31;Cotas de Fundo;0.00
CLASSES - FIF;04.839.017/0001-98;;SULAMÉRICA EXCLUSIVE FIF RENDA FIXA REFERENCIADO DI DE RESPONSABILIDADE LIMITADA;2025-07-31;Op. Compromissadas lastreadas em títulos públicos;0.00
CLASSES - FIF;04.839.017/0001-98;;SULAMÉRICA EXCLUSIVE FIF RENDA FIXA REFERENCIADO DI DE RESPONSABILIDADE LIMITADA;2025-07-31;Outros;31.34
CLASSES - FIF;04.839.017/0001-98;;SULAMÉRICA EXCLUSIVE FIF RENDA FIXA REFERENCIADO DI DE RESPONSABILIDADE LIMITADA;2025-07-31;Títulos de crédito privado;0.00
CLASSES - FIF;04.839.017/0001-98;;SULAMÉRICA EXCLUSIVE FIF RENDA FIXA REFERENCIADO DI DE RESPONSABILIDADE LIMITADA;2025-07-31;Títulos público federais;68.66
CLASSES - FIF;04.841.745/0001-34;;BRAM PRIVATE FIF - CLASSE DE INVESTIMENTO MULTIMERCADO MULTIESTRATÉGIA - RESP LIMITADA;2025-07-31;Operações compromissadas lastreadas em títulos públicos federais;9.66
CLASSES - FIF;04.841.745/0001-34;;BRAM PRIVATE FIF - CLASSE DE INVESTIMENTO MULTIMERCADO MULTIESTRATÉGIA - RESP LIMITADA;2025-07-31;Títulos públicos federais;89.83
CLASSES - FIF;04.875.006/0001-63;;BRAM IQ FIF - CLASSE DE INVESTIMENTO RENDA FIXA CRÉDITO PRIVADO - RESPONSABILIDADE LIMITADA;2025-07-31;Cotas de fundos de investimento 409;1.49
CLASSES - FIF;04.875.006/0001-63;;BRAM IQ FIF - CLASSE DE INVESTIMENTO RENDA FIXA CRÉDITO PRIVADO - RESPONSABILIDADE LIMITADA;2025-07-31;Depósitos a prazo e outros títulos de instituições financeiras;46.22
CLASSES - FIF;04.875.006/0001-63;;BRAM IQ FIF - CLASSE DE INVESTIMENTO RENDA FIXA CRÉDITO PRIVADO - RESPONSABILIDADE LIMITADA;2025-07-31;Operações compromissadas lastreadas em títulos públicos federais;23.92
CLASSES - FIF;04.875.006/0001-63;;BRAM IQ FIF - CLASSE DE INVESTIMENTO RENDA FIXA CRÉDITO PRIVADO - RESPONSABILIDADE LIMITADA;2025-07-31;Títulos de crédito privado;26.97
CLASSES - FIF;04.875.006/0001-63;;BRAM IQ FIF - CLASSE DE INVESTIMENTO RENDA FIXA CRÉDITO PRIVADO - RESPONSABILIDADE LIMITADA;2025-07-31;Títulos públicos federais;1.00
CLASSES - FIF;04.875.166/0001-02;;BRADESCO FIF - CLASSE DE INVESTIMENTO EM COTAS CAMBIAL DÓLAR TOP - RESP LIMITADA;2025-07-31;Derivativos;99.88
CLASSES - FIF;04.875.166/0001-02;;BRADESCO FIF - CLASSE DE INVESTIMENTO EM COTAS CAMBIAL DÓLAR TOP - RESP LIMITADA;2025-07-31;Operações compromissadas lastreadas em títulos públicos federais;8.69
CLASSES - FIF;04.875.166/0001-02;;BRADESCO FIF - CLASSE DE INVESTIMENTO EM COTAS CAMBIAL DÓLAR TOP - RESP LIMITADA;2025-07-31;Títulos públicos federais;90.71
CLASSES - FIF;04.882.617/0001-39;;BRADESCO FIF - CLASSE DE INVESTIMENTO EM AÇÕES VALE - RESPONSABILIDADE LIMITADA;2025-07-31;Ações;99.66
CLASSES - FIF;04.882.617/0001-39;;BRADESCO FIF - CLASSE DE INVESTIMENTO EM AÇÕES VALE - RESPONSABILIDADE LIMITADA;2025-07-31;Operações compromissadas lastreadas em títulos públicos federais;0.46
CLASSES - FIF;04.884.567/0001-29;;BRADESCO BA FIF - CLASSE DE INVESTIMENTO EM AÇÕES VALE -RESP LIMITADA;2025-07-31;Ações;99.04
CLASSES - FIF;04.892.107/0001-42;;BRADESCO H FIF - CLASSE DE INVESTIMENTO EM AÇÕES VALE DO RIO DOCE - RESP LIMITADA;2025-07-31;Ações;99.70
CLASSES - FIF;04.892.107/0001-42;;BRADESCO H FIF - CLASSE DE INVESTIMENTO EM AÇÕES VALE DO RIO DOCE - RESP LIMITADA;2025-07-31;Títulos públicos federais;0.31
CLASSES - FIF;04.899.128/0001-90;;SULAMÉRICA EXCELLENCE FIF RENDA FIXA CRÉDITO PRIVADO DE RESPONSABILIDADE LIMITADA;2025-07-31;Cotas de Fundo;3.34
CLASSES - FIF;04.899.128/0001-90;;SULAMÉRICA EXCELLENCE FIF RENDA FIXA CRÉDITO PRIVADO DE RESPONSABILIDADE LIMITADA;2025-07-31;Op. Compromissadas lastreadas em títulos públicos;0.00
CLASSES - FIF;04.899.128/0001-90;;SULAMÉRICA EXCELLENCE FIF RENDA FIXA CRÉDITO PRIVADO DE RESPONSABILIDADE LIMITADA;2025-07-31;Outros;19.48
CLASSES - FIF;04.899.128/0001-90;;SULAMÉRICA EXCELLENCE FIF RENDA FIXA CRÉDITO PRIVADO DE RESPONSABILIDADE LIMITADA;2025-07-31;Títulos de crédito privado;74.21
CLASSES - FIF;04.899.128/0001-90;;SULAMÉRICA EXCELLENCE FIF RENDA FIXA CRÉDITO PRIVADO DE RESPONSABILIDADE LIMITADA;2025-07-31;Títulos público federais;2.96
CLASSES - FIF;05.084.425/0001-40;;BRADESCO EMPRESAS FIF - CLASSE DE INVESTIMENTO EM COTAS RENDA FIXA CURTO PRAZO - RESP LIMITADA;2025-07-31;Operações compromissadas lastreadas em títulos públicos federais;95.97
CLASSES - FIF;05.084.445/0001-10;;BRADESCO FIF - CLASSE DE INVESTIMENTO EM COTAS RENDA FIXA MULTI-ÍNDICES LONGO PRAZO -RESP LIMITADA;2025-07-31;Cotas de fundos de investimento 409;19.89
CLASSES - FIF;05.084.445/0001-10;;BRADESCO FIF - CLASSE DE INVESTIMENTO EM COTAS RENDA FIXA MULTI-ÍNDICES LONGO PRAZO -RESP LIMITADA;2025-07-31;Depósitos a prazo e outros títulos de instituições financeiras;23.54
CLASSES - FIF;05.084.445/0001-10;;BRADESCO FIF - CLASSE DE INVESTIMENTO EM COTAS RENDA FIXA MULTI-ÍNDICES LONGO PRAZO -RESP LIMITADA;2025-07-31;Derivativos;-12.42
CLASSES - FIF;05.084.445/0001-10;;BRADESCO FIF - CLASSE DE INVESTIMENTO EM COTAS RENDA FIXA MULTI-ÍNDICES LONGO PRAZO -RESP LIMITADA;2025-07-31;Operações compromissadas lastreadas em títulos públicos federais;21.35
CLASSES - FIF;05.084.445/0001-10;;BRADESCO FIF - CLASSE DE INVESTIMENTO EM COTAS RENDA FIXA MULTI-ÍNDICES LONGO PRAZO -RESP LIMITADA;2025-07-31;Títulos públicos federais;35.19
CLASSES - FIF;05.207.090/0001-00;;BRAM H CASH II FI FINANCEIRO - CI RF REFERENCIADA DI - RESP LIMITADA;2025-07-31;Títulos públicos federais;99.22
CLASSES - FIF;05.222.509/0001-00;;BRADESCO PRIME FUNDO DE INVESTIMENTO FINANCEIRO - CIC CAMBIAL DÓLAR - RESP LIMITADA;2025-07-31;Derivativos;99.80
CLASSES - FIF;05.222.509/0001-00;;BRADESCO PRIME FUNDO DE INVESTIMENTO FINANCEIRO - CIC CAMBIAL DÓLAR - RESP LIMITADA;2025-07-31;Operações compromissadas lastreadas em títulos públicos federais;8.97
CLASSES - FIF;05.222.509/0001-00;;BRADESCO PRIME FUNDO DE INVESTIMENTO FINANCEIRO - CIC CAMBIAL DÓLAR - RESP LIMITADA;2025-07-31;Títulos públicos federais;90.55
CLASSES - FIF;05.222.510/0001-27;;BRADESCO PRIME FIF - CIC RENDA FIXA REFERENCIADA DI - RESPONSABILIDADE LIMITADA;2025-07-31;Depósitos a prazo e outros títulos de instituições financeiras;3.40
CLASSES - FIF;05.222.510/0001-27;;BRADESCO PRIME FIF - CIC RENDA FIXA REFERENCIADA DI - RESPONSABILIDADE LIMITADA;2025-07-31;Operações compromissadas lastreadas em títulos públicos federais;59.88
CLASSES - FIF;05.222.510/0001-27;;BRADESCO PRIME FIF - CIC RENDA FIXA REFERENCIADA DI - RESPONSABILIDADE LIMITADA;2025-07-31;Títulos de crédito privado;0.02
CLASSES - FIF;05.222.510/0001-27;;BRADESCO PRIME FIF - CIC RENDA FIXA REFERENCIADA DI - RESPONSABILIDADE LIMITADA;2025-07-31;Títulos públicos federais;32.59
CLASSES - FIF;05.222.533/0001-31;;BRADESCO PRIME FIF - CIC RENDA FIXA MULTI-ÍNDICES LONGO PRAZO - RESP LIMITADA;2025-07-31;Cotas de fundos de investimento 409;19.92
CLASSES - FIF;05.222.533/0001-31;;BRADESCO PRIME FIF - CIC RENDA FIXA MULTI-ÍNDICES LONGO PRAZO - RESP LIMITADA;2025-07-31;Depósitos a prazo e outros títulos de instituições financeiras;23.57
CLASSES - FIF;05.222.533/0001-31;;BRADESCO PRIME FIF - CIC RENDA FIXA MULTI-ÍNDICES LONGO PRAZO - RESP LIMITADA;2025-07-31;Derivativos;-12.44
CLASSES - FIF;05.222.533/0001-31;;BRADESCO PRIME FIF - CIC RENDA FIXA MULTI-ÍNDICES LONGO PRAZO - RESP LIMITADA;2025-07-31;Operações compromissadas lastreadas em títulos públicos federais;21.38
CLASSES - FIF;05.222.533/0001-31;;BRADESCO PRIME FIF - CIC RENDA FIXA MULTI-ÍNDICES LONGO PRAZO - RESP LIMITADA;2025-07-31;Títulos públicos federais;35.24
CLASSES - FIF;05.222.536/0001-75;;BRADESCO PRIME FIF - CIC MULTI - RESP LIMITADA;2025-07-31;Cotas de fundos de investimento 409;100.02
CLASSES - FIF;05.222.538/0001-64;;BRADESCO PRIME FIF - CIC RENDA FIXA REFERENCIADA DI PLUS -  RESPONSABILIDADE LIMITADA;2025-07-31;Cotas de fundos de investimento 409;0.99
CLASSES - FIF;05.222.538/0001-64;;BRADESCO PRIME FIF - CIC RENDA FIXA REFERENCIADA DI PLUS -  RESPONSABILIDADE LIMITADA;2025-07-31;Depósitos a prazo e outros títulos de instituições financeiras;16.43
CLASSES - FIF;05.222.538/0001-64;;BRADESCO PRIME FIF - CIC RENDA FIXA REFERENCIADA DI PLUS -  RESPONSABILIDADE LIMITADA;2025-07-31;Operações compromissadas lastreadas em títulos públicos federais;48.65
CLASSES - FIF;05.222.538/0001-64;;BRADESCO PRIME FIF - CIC RENDA FIXA REFERENCIADA DI PLUS -  RESPONSABILIDADE LIMITADA;2025-07-31;Títulos de crédito privado;8.23
CLASSES - FIF;05.222.538/0001-64;;BRADESCO PRIME FIF - CIC RENDA FIXA REFERENCIADA DI PLUS -  RESPONSABILIDADE LIMITADA;2025-07-31;Títulos públicos federais;23.44
CLASSES - FIF;05.222.545/0001-66;;BRADESCO PRIME FIF - CLASSE DE INVESTIMENTO EM COTAS RENDA FIXA PLUS - RESPONSABILIDADE LIMITADA;2025-07-31;Cotas de fundos de investimento 409;17.17
CLASSES - FIF;05.222.545/0001-66;;BRADESCO PRIME FIF - CLASSE DE INVESTIMENTO EM COTAS RENDA FIXA PLUS - RESPONSABILIDADE LIMITADA;2025-07-31;Depósitos a prazo e outros títulos de instituições financeiras;20.96
CLASSES - FIF;05.222.545/0001-66;;BRADESCO PRIME FIF - CLASSE DE INVESTIMENTO EM COTAS RENDA FIXA PLUS - RESPONSABILIDADE LIMITADA;2025-07-31;Operações compromissadas lastreadas em títulos públicos federais;15.09
CLASSES - FIF;05.222.545/0001-66;;BRADESCO PRIME FIF - CLASSE DE INVESTIMENTO EM COTAS RENDA FIXA PLUS - RESPONSABILIDADE LIMITADA;2025-07-31;Títulos de crédito privado;0.98
CLASSES - FIF;05.222.545/0001-66;;BRADESCO PRIME FIF - CLASSE DE INVESTIMENTO EM COTAS RENDA FIXA PLUS - RESPONSABILIDADE LIMITADA;2025-07-31;Títulos públicos federais;42.79
CLASSES - FIF;05.222.547/0001-55;;BRADESCO PRIME FIF - CIC RENDA FIXA - RESPONSABILIDADE LIMITADA;2025-07-31;Cotas de fundos de investimento 409;19.05
CLASSES - FIF;05.222.547/0001-55;;BRADESCO PRIME FIF - CIC RENDA FIXA - RESPONSABILIDADE LIMITADA;2025-07-31;Depósitos a prazo e outros títulos de instituições financeiras;21.41
CLASSES - FIF;05.222.547/0001-55;;BRADESCO PRIME FIF - CIC RENDA FIXA - RESPONSABILIDADE LIMITADA;2025-07-31;Derivativos;-8.55
CLASSES - FIF;05.222.547/0001-55;;BRADESCO PRIME FIF - CIC RENDA FIXA - RESPONSABILIDADE LIMITADA;2025-07-31;Operações compromissadas lastreadas em títulos públicos federais;12.26
CLASSES - FIF;05.222.547/0001-55;;BRADESCO PRIME FIF - CIC RENDA FIXA - RESPONSABILIDADE LIMITADA;2025-07-31;Títulos públicos federais;42.92
CLASSES - FIF;05.231.773/0001-00;;BRAM MULTI-ÍNDICES FI FINANCEIRO - CI RF - RESP LIMITADA;2025-07-31;Cotas de fundos de investimento 409;0.22
CLASSES - FIF;05.231.773/0001-00;;BRAM MULTI-ÍNDICES FI FINANCEIRO - CI RF - RESP LIMITADA;2025-07-31;Depósitos a prazo e outros títulos de instituições financeiras;33.07
CLASSES - FIF;05.231.773/0001-00;;BRAM MULTI-ÍNDICES FI FINANCEIRO - CI RF - RESP LIMITADA;2025-07-31;Operações compromissadas lastreadas em títulos públicos federais;27.95
CLASSES - FIF;05.231.773/0001-00;;BRAM MULTI-ÍNDICES FI FINANCEIRO - CI RF - RESP LIMITADA;2025-07-31;Títulos de crédito privado;1.50
CLASSES - FIF;05.231.773/0001-00;;BRAM MULTI-ÍNDICES FI FINANCEIRO - CI RF - RESP LIMITADA;2025-07-31;Títulos públicos federais;37.31
CLASSES - FIF;05.357.507/0001-10;;BANESTES INSTITUCIONAL FIF RENDA FIXA RESPONSABILIDADE LIMITADA;2025-07-31;Derivativos;-0.04
CLASSES - FIF;05.357.507/0001-10;;BANESTES INSTITUCIONAL FIF RENDA FIXA RESPONSABILIDADE LIMITADA;2025-07-31;Operações compromissadas lastreadas em títulos públicos federais;12.48
CLASSES - FIF;05.357.507/0001-10;;BANESTES INSTITUCIONAL FIF RENDA FIXA RESPONSABILIDADE LIMITADA;2025-07-31;Títulos de crédito privado;0.94
CLASSES - FIF;05.357.507/0001-10;;BANESTES INSTITUCIONAL FIF RENDA FIXA RESPONSABILIDADE LIMITADA;2025-07-31;Títulos públicos federais;86.65
CLASSES - FIF;05.491.230/0001-14;;CSHG ALLOCATION VERDE AM AGAR FUNDO DE INVESTIMENTO EM COTAS DE FIF MULTIMERCADO - RESP LIMITADA;2025-07-31;Outras Cotas de Fundos de Investimento;100.06
CLASSES - FIF;05.491.230/0001-14;;CSHG ALLOCATION VERDE AM AGAR FUNDO DE INVESTIMENTO EM COTAS DE FIF MULTIMERCADO - RESP LIMITADA;2025-07-31;Outros;0.01
CLASSES - FIF;05.586.704/0001-01;;CSHG ALLOCATION VERDE 30 FUNDO DE INVESTIMENTO EM COTAS DE FIF MULTIMERCADO - RESP LIMITADA;2025-07-31;Outras Cotas de Fundos de Investimento;100.06
CLASSES - FIF;05.586.704/0001-01;;CSHG ALLOCATION VERDE 30 FUNDO DE INVESTIMENTO EM COTAS DE FIF MULTIMERCADO - RESP LIMITADA;2025-07-31;Outros;0.00
CLASSES - FIF;05.589.418/0001-08;;BRAM FI FINANCEIRO - CIA IBOVESPA - RESP LIMITADA;2025-07-31;Ações;68.84
CLASSES - FIF;05.589.418/0001-08;;BRAM FI FINANCEIRO - CIA IBOVESPA - RESP LIMITADA;2025-07-31;Cotas de fundos de investimento 409;30.38
CLASSES - FIF;05.589.418/0001-08;;BRAM FI FINANCEIRO - CIA IBOVESPA - RESP LIMITADA;2025-07-31;Derivativos;0.74
CLASSES - FIF;05.589.418/0001-08;;BRAM FI FINANCEIRO - CIA IBOVESPA - RESP LIMITADA;2025-07-31;Operações compromissadas lastreadas em títulos públicos federais;0.21
CLASSES - FIF;05.589.424/0001-57;;BRAM FI FINANCEIRO - CIA - RESP LIMITADA;2025-07-31;Ações;69.17
CLASSES - FIF;05.589.424/0001-57;;BRAM FI FINANCEIRO - CIA - RESP LIMITADA;2025-07-31;Cotas de fundos de investimento 409;29.21
CLASSES - FIF;05.589.424/0001-57;;BRAM FI FINANCEIRO - CIA - RESP LIMITADA;2025-07-31;Derivativos;0.97
CLASSES - FIF;05.589.424/0001-57;;BRAM FI FINANCEIRO - CIA - RESP LIMITADA;2025-07-31;Operações compromissadas lastreadas em títulos públicos federais;2.31
CLASSES - FIF;05.589.433/0001-48;;BRAM FIF - CLASSE DE INVESTIMENTO EM AÇÕES IBOVESPA ATIVO - RESP LIMITADA;2025-07-31;Ações;91.16
CLASSES - FIF;05.589.433/0001-48;;BRAM FIF - CLASSE DE INVESTIMENTO EM AÇÕES IBOVESPA ATIVO - RESP LIMITADA;2025-07-31;Derivativos;2.61
CLASSES - FIF;05.589.433/0001-48;;BRAM FIF - CLASSE DE INVESTIMENTO EM AÇÕES IBOVESPA ATIVO - RESP LIMITADA;2025-07-31;Investimento no exterior;5.08
CLASSES - FIF;05.589.433/0001-48;;BRAM FIF - CLASSE DE INVESTIMENTO EM AÇÕES IBOVESPA ATIVO - RESP LIMITADA;2025-07-31;Operações compromissadas lastreadas em títulos públicos federais;4.39
CLASSES - FIF;05.629.872/0001-37;;BRADESCO CORPORATE FIF -CIC CAMBIAL DÓLAR - RESPONSABILIDADE LIMITADA;2025-07-31;Derivativos;99.88
CLASSES - FIF;05.629.872/0001-37;;BRADESCO CORPORATE FIF -CIC CAMBIAL DÓLAR - RESPONSABILIDADE LIMITADA;2025-07-31;Operações compromissadas lastreadas em títulos públicos federais;8.69
CLASSES - FIF;05.629.872/0001-37;;BRADESCO CORPORATE FIF -CIC CAMBIAL DÓLAR - RESPONSABILIDADE LIMITADA;2025-07-31;Títulos públicos federais;90.71
CLASSES - FIF;05.629.888/0001-40;;BRADESCO CORPORATE FIF -CLASSE DE INVESTIMENTO EM COTAS RENDA FIXA - RESP LIMITADA;2025-07-31;Cotas de fundos de investimento 409;19.05
CLASSES - FIF;05.629.888/0001-40;;BRADESCO CORPORATE FIF -CLASSE DE INVESTIMENTO EM COTAS RENDA FIXA - RESP LIMITADA;2025-07-31;Depósitos a prazo e outros títulos de instituições financeiras;21.41
CLASSES - FIF;05.629.888/0001-40;;BRADESCO CORPORATE FIF -CLASSE DE INVESTIMENTO EM COTAS RENDA FIXA - RESP LIMITADA;2025-07-31;Derivativos;-8.55
CLASSES - FIF;05.629.888/0001-40;;BRADESCO CORPORATE FIF -CLASSE DE INVESTIMENTO EM COTAS RENDA FIXA - RESP LIMITADA;2025-07-31;Operações compromissadas lastreadas em títulos públicos federais;12.26
CLASSES - FIF;05.629.888/0001-40;;BRADESCO CORPORATE FIF -CLASSE DE INVESTIMENTO EM COTAS RENDA FIXA - RESP LIMITADA;2025-07-31;Títulos públicos federais;42.91
CLASSES - FIF;05.629.893/0001-52;;BRADESCO CORPORATE FIF -  CIC RENDA FIXA REFERENCIADA DI -  RESPONSABILIDADE LIMITADA;2025-07-31;Depósitos a prazo e outros títulos de instituições financeiras;3.48
CLASSES - FIF;05.629.893/0001-52;;BRADESCO CORPORATE FIF -  CIC RENDA FIXA REFERENCIADA DI -  RESPONSABILIDADE LIMITADA;2025-07-31;Operações compromissadas lastreadas em títulos públicos federais;61.19
CLASSES - FIF;05.629.893/0001-52;;BRADESCO CORPORATE FIF -  CIC RENDA FIXA REFERENCIADA DI -  RESPONSABILIDADE LIMITADA;2025-07-31;Títulos de crédito privado;0.02
CLASSES - FIF;05.629.893/0001-52;;BRADESCO CORPORATE FIF -  CIC RENDA FIXA REFERENCIADA DI -  RESPONSABILIDADE LIMITADA;2025-07-31;Títulos públicos federais;33.30
CLASSES - FIF;05.629.904/0001-02;;BRADESCO CORPORATE FC FIF RENDA FIXA REFERENCIADA DI FEDERAL EXTRA -RESP LIMITADA;2025-07-31;Operações compromissadas lastreadas em títulos públicos federais;26.03
CLASSES - FIF;05.629.904/0001-02;;BRADESCO CORPORATE FC FIF RENDA FIXA REFERENCIADA DI FEDERAL EXTRA -RESP LIMITADA;2025-07-31;Títulos públicos federais;70.86
CLASSES - FIF;05.635.774/0001-02;;BRADESCO H 1.000 FIF - CIC RENDA FIXA REFERENCIADA DI LONGO PRAZO -  RESPONSABILIDADE LIMITADA;2025-07-31;Depósitos a prazo e outros títulos de instituições financeiras;3.55
CLASSES - FIF;05.635.774/0001-02;;BRADESCO H 1.000 FIF - CIC RENDA FIXA REFERENCIADA DI LONGO PRAZO -  RESPONSABILIDADE LIMITADA;2025-07-31;Operações compromissadas lastreadas em títulos públicos federais;62.42
CLASSES - FIF;05.635.774/0001-02;;BRADESCO H 1.000 FIF - CIC RENDA FIXA REFERENCIADA DI LONGO PRAZO -  RESPONSABILIDADE LIMITADA;2025-07-31;Títulos de crédito privado;0.02
CLASSES - FIF;05.635.774/0001-02;;BRADESCO H 1.000 FIF - CIC RENDA FIXA REFERENCIADA DI LONGO PRAZO -  RESPONSABILIDADE LIMITADA;2025-07-31;Títulos públicos federais;33.97
CLASSES - FIF;05.753.141/0001-07;;BRADESCO PRIME FIF - CIC DE AÇÕES IBOVESPA ATIVO - RESPONSABILIDADE LIMITADA;2025-07-31;Ações;91.25
CLASSES - FIF;05.753.141/0001-07;;BRADESCO PRIME FIF - CIC DE AÇÕES IBOVESPA ATIVO - RESPONSABILIDADE LIMITADA;2025-07-31;Derivativos;2.62
CLASSES - FIF;05.753.141/0001-07;;BRADESCO PRIME FIF - CIC DE AÇÕES IBOVESPA ATIVO - RESPONSABILIDADE LIMITADA;2025-07-31;Investimento no exterior;5.09
CLASSES - FIF;05.753.141/0001-07;;BRADESCO PRIME FIF - CIC DE AÇÕES IBOVESPA ATIVO - RESPONSABILIDADE LIMITADA;2025-07-31;Operações compromissadas lastreadas em títulos públicos federais;4.40
CLASSES - FIF;05.755.769/0001-33;;ICATU VANGUARDA PLUS FIF  RF  LONGO PRAZO - RESP  LTDA;2025-07-31;Ações;0.01
CLASSES - FIF;05.755.769/0001-33;;ICATU VANGUARDA PLUS FIF  RF  LONGO PRAZO - RESP  LTDA;2025-07-31;Depósitos a prazo e outros títulos de instituições financeiras;14.30
CLASSES - FIF;05.755.769/0001-33;;ICATU VANGUARDA PLUS FIF  RF  LONGO PRAZO - RESP  LTDA;2025-07-31;Operações compromissadas lastreadas em títulos públicos federais;1.51
CLASSES - FIF;05.755.769/0001-33;;ICATU VANGUARDA PLUS FIF  RF  LONGO PRAZO - RESP  LTDA;2025-07-31;Títulos de crédito privado;20.36
CLASSES - FIF;05.755.769/0001-33;;ICATU VANGUARDA PLUS FIF  RF  LONGO PRAZO - RESP  LTDA;2025-07-31;Títulos públicos federais;68.37
CLASSES - FIF;05.926.162/0001-79;;BRADESCO FUTURO FI FINANCEIRO - CIC DE CI MULT CRED PRIV - RESP LIMITADA;2025-07-31;Cotas de fundos de investimento 409;1.72
CLASSES - FIF;05.926.162/0001-79;;BRADESCO FUTURO FI FINANCEIRO - CIC DE CI MULT CRED PRIV - RESP LIMITADA;2025-07-31;Depósitos a prazo e outros títulos de instituições financeiras;26.23
CLASSES - FIF;05.926.162/0001-79;;BRADESCO FUTURO FI FINANCEIRO - CIC DE CI MULT CRED PRIV - RESP LIMITADA;2025-07-31;Operações compromissadas lastreadas em títulos públicos federais;42.89
CLASSES - FIF;05.926.162/0001-79;;BRADESCO FUTURO FI FINANCEIRO - CIC DE CI MULT CRED PRIV - RESP LIMITADA;2025-07-31;Títulos de crédito privado;14.31
CLASSES - FIF;05.926.162/0001-79;;BRADESCO FUTURO FI FINANCEIRO - CIC DE CI MULT CRED PRIV - RESP LIMITADA;2025-07-31;Títulos públicos federais;18.06
CLASSES - FIF;05.959.219/0001-36;;BRADESCO H FIF - CLASSE DE INVESTIMENTO RENDA FIXA CURTO PRAZO - RESPONSABILIDADE LIMITADA;2025-07-31;Operações compromissadas lastreadas em títulos públicos federais;100.02
CLASSES - FIF;05.964.067/0001-60;;FINACAP MAURITSSTAD FIF - CLASSE DE INVESTIMENTO EM AÇÕES - RESPONSABILIDADE LIMITADA;2025-07-31;Ações;97.48
CLASSES - FIF;05.964.067/0001-60;;FINACAP MAURITSSTAD FIF - CLASSE DE INVESTIMENTO EM AÇÕES - RESPONSABILIDADE LIMITADA;2025-07-31;Operações compromissadas lastreadas em títulos públicos federais;1.78
CLASSES - FIF;05.983.558/0001-58;;BRADESCO PRIME FIF - CIC RENDA FIXA SPECIAL - RESPONSABILIDADE LIMITADA;2025-07-31;Cotas de fundos de investimento 409;19.03
CLASSES - FIF;05.983.558/0001-58;;BRADESCO PRIME FIF - CIC RENDA FIXA SPECIAL - RESPONSABILIDADE LIMITADA;2025-07-31;Depósitos a prazo e outros títulos de instituições financeiras;21.39
CLASSES - FIF;05.983.558/0001-58;;BRADESCO PRIME FIF - CIC RENDA FIXA SPECIAL - RESPONSABILIDADE LIMITADA;2025-07-31;Derivativos;-8.55
CLASSES - FIF;05.983.558/0001-58;;BRADESCO PRIME FIF - CIC RENDA FIXA SPECIAL - RESPONSABILIDADE LIMITADA;2025-07-31;Operações compromissadas lastreadas em títulos públicos federais;12.25
CLASSES - FIF;05.983.558/0001-58;;BRADESCO PRIME FIF - CIC RENDA FIXA SPECIAL - RESPONSABILIDADE LIMITADA;2025-07-31;Títulos públicos federais;42.88
CLASSES - FIF;05.983.569/0001-38;;BRADESCO PRIME SPECIAL FIF -  CIC RENDA FIXA REFERENCIADA DI -  RESPONSABILIDADE LIMITADA;2025-07-31;Depósitos a prazo e outros títulos de instituições financeiras;3.39
CLASSES - FIF;05.983.569/0001-38;;BRADESCO PRIME SPECIAL FIF -  CIC RENDA FIXA REFERENCIADA DI -  RESPONSABILIDADE LIMITADA;2025-07-31;Operações compromissadas lastreadas em títulos públicos federais;59.72
CLASSES - FIF;05.983.569/0001-38;;BRADESCO PRIME SPECIAL FIF -  CIC RENDA FIXA REFERENCIADA DI -  RESPONSABILIDADE LIMITADA;2025-07-31;Títulos de crédito privado;0.02
CLASSES - FIF;05.983.569/0001-38;;BRADESCO PRIME SPECIAL FIF -  CIC RENDA FIXA REFERENCIADA DI -  RESPONSABILIDADE LIMITADA;2025-07-31;Títulos públicos federais;32.50
CLASSES - FIF;05.983.641/0001-27;;BRADESCO TOPÁZIO FIF - CIC RENDA FIXA REFERENCIADA DI -  RESPONSABILIDADE LIMITADA;2025-07-31;Depósitos a prazo e outros títulos de instituições financeiras;3.43
CLASSES - FIF;05.983.641/0001-27;;BRADESCO TOPÁZIO FIF - CIC RENDA FIXA REFERENCIADA DI -  RESPONSABILIDADE LIMITADA;2025-07-31;Operações compromissadas lastreadas em títulos públicos federais;60.40
CLASSES - FIF;05.983.641/0001-27;;BRADESCO TOPÁZIO FIF - CIC RENDA FIXA REFERENCIADA DI -  RESPONSABILIDADE LIMITADA;2025-07-31;Títulos de crédito privado;0.02
CLASSES - FIF;05.983.641/0001-27;;BRADESCO TOPÁZIO FIF - CIC RENDA FIXA REFERENCIADA DI -  RESPONSABILIDADE LIMITADA;2025-07-31;Títulos públicos federais;32.87
CLASSES - FIF;05.983.660/0001-53;;BRADESCO PRIME FIF - CIC RENDA FIXA CURTO PRAZO - RESP LIMITADA;2025-07-31;Operações compromissadas lastreadas em títulos públicos federais;95.32
CLASSES - FIF;06.077.638/0001-07;;BRADESCO FIF - CLASSE DE INVESTIMENTO RF CRÉDITO PRIVADO LP PERFORMANCE - RESP LIMITADA;2025-07-31;Cotas de fundos de investimento 409;2.05
CLASSES - FIF;06.077.638/0001-07;;BRADESCO FIF - CLASSE DE INVESTIMENTO RF CRÉDITO PRIVADO LP PERFORMANCE - RESP LIMITADA;2025-07-31;Depósitos a prazo e outros títulos de instituições financeiras;30.92
CLASSES - FIF;06.077.638/0001-07;;BRADESCO FIF - CLASSE DE INVESTIMENTO RF CRÉDITO PRIVADO LP PERFORMANCE - RESP LIMITADA;2025-07-31;Operações compromissadas lastreadas em títulos públicos federais;25.53
CLASSES - FIF;06.077.638/0001-07;;BRADESCO FIF - CLASSE DE INVESTIMENTO RF CRÉDITO PRIVADO LP PERFORMANCE - RESP LIMITADA;2025-07-31;Títulos de crédito privado;37.77
CLASSES - FIF;06.077.638/0001-07;;BRADESCO FIF - CLASSE DE INVESTIMENTO RF CRÉDITO PRIVADO LP PERFORMANCE - RESP LIMITADA;2025-07-31;Títulos públicos federais;2.86
CLASSES - FIF;06.081.490/0001-84;;BRAM FI FINANCEIRO - CI RF CP - RESP LIMITADA;2025-07-31;Operações compromissadas lastreadas em títulos públicos federais;99.38
CLASSES - FIF;06.092.123/0001-86;;DAYCOVAL MULTIFUNDS FUNDO DE INVESTIMENTO FINANCEIRO;2025-07-31;Cotas de Fundos de Investimento 409;99.61
CLASSES - FIF;06.092.123/0001-86;;DAYCOVAL MULTIFUNDS FUNDO DE INVESTIMENTO FINANCEIRO;2025-07-31;Outras Aplicações;0.67
CLASSES - FIF;06.127.871/0001-57;;BRADESCO H FIF - CIC RENDA FIXA LONGO PRAZO 1.000 - RESPONSABILIDADE LIMITADA;2025-07-31;Cotas de fundos de investimento 409;8.95
CLASSES - FIF;06.127.871/0001-57;;BRADESCO H FIF - CIC RENDA FIXA LONGO PRAZO 1.000 - RESPONSABILIDADE LIMITADA;2025-07-31;Depósitos a prazo e outros títulos de instituições financeiras;14.90
CLASSES - FIF;06.127.871/0001-57;;BRADESCO H FIF - CIC RENDA FIXA LONGO PRAZO 1.000 - RESPONSABILIDADE LIMITADA;2025-07-31;Derivativos;-4.87
CLASSES - FIF;06.127.871/0001-57;;BRADESCO H FIF - CIC RENDA FIXA LONGO PRAZO 1.000 - RESPONSABILIDADE LIMITADA;2025-07-31;Operações compromissadas lastreadas em títulos públicos federais;32.95
CLASSES - FIF;06.127.871/0001-57;;BRADESCO H FIF - CIC RENDA FIXA LONGO PRAZO 1.000 - RESPONSABILIDADE LIMITADA;2025-07-31;Títulos públicos federais;43.28
CLASSES - FIF;06.185.715/0001-42;;BRAM MACRO 22 FI FINANCEIRO - CI MULT - RESP LIMITADA;2025-07-31;Derivativos;17.65
CLASSES - FIF;06.185.715/0001-42;;BRAM MACRO 22 FI FINANCEIRO - CI MULT - RESP LIMITADA;2025-07-31;Operações compromissadas lastreadas em títulos públicos federais;48.20
CLASSES - FIF;06.185.715/0001-42;;BRAM MACRO 22 FI FINANCEIRO - CI MULT - RESP LIMITADA;2025-07-31;Títulos públicos federais;52.16
CLASSES - FIF;06.190.196/0001-00;;BRADESCO PRIME FIF - CIC MULTI MULTI ALLOCATION - RESP LIMITADA;2025-07-31;Cotas de fundos de investimento 409;99.88
CLASSES - FIF;06.190.263/0001-97;;BRADESCO FIF - CIC RENDA FIXA CURTO PRAZO - RESP LIMITADA;2025-07-31;Operações compromissadas lastreadas em títulos públicos federais;98.51
CLASSES - FIF;06.224.719/0001-92;;ICATU VANGUARDA IBX FIF - CLASSE DE INVESTIMENTO EM AÇÕES - RESPONSABILIDADE LIMITADA;2025-07-31;Ações;93.97
CLASSES - FIF;06.224.719/0001-92;;ICATU VANGUARDA IBX FIF - CLASSE DE INVESTIMENTO EM AÇÕES - RESPONSABILIDADE LIMITADA;2025-07-31;Derivativos;4.89
CLASSES - FIF;06.224.719/0001-92;;ICATU VANGUARDA IBX FIF - CLASSE DE INVESTIMENTO EM AÇÕES - RESPONSABILIDADE LIMITADA;2025-07-31;Operações compromissadas lastreadas em títulos públicos federais;5.06
CLASSES - FIF;06.245.549/0001-22;;BRADESCO PIBBS I FI FINANCEIRO - CIA - RESP LIMITADA;2025-07-31;Cotas de fundos de investimento 409;99.01
CLASSES - FIF;06.245.549/0001-22;;BRADESCO PIBBS I FI FINANCEIRO - CIA - RESP LIMITADA;2025-07-31;Operações compromissadas lastreadas em títulos públicos federais;0.92
CLASSES - FIF;06.275.894/0001-09;;FUNDO DE INVESTIMENTO SITA MIX MULTIMERCADO RESPONSABILIDADE LIMITADA;2025-07-31;Acões;0.87
CLASSES - FIF;06.275.894/0001-09;;FUNDO DE INVESTIMENTO SITA MIX MULTIMERCADO RESPONSABILIDADE LIMITADA;2025-07-31;Cotas de Fundos de Investimento 555;8.22
CLASSES - FIF;06.275.894/0001-09;;FUNDO DE INVESTIMENTO SITA MIX MULTIMERCADO RESPONSABILIDADE LIMITADA;2025-07-31;Depósito a prazo e outros títulos de instituições financeiras;78.40
CLASSES - FIF;06.275.894/0001-09;;FUNDO DE INVESTIMENTO SITA MIX MULTIMERCADO RESPONSABILIDADE LIMITADA;2025-07-31;Operacões compromissadas lastreadas em títulos públicos federais;9.27
CLASSES - FIF;06.275.894/0001-09;;FUNDO DE INVESTIMENTO SITA MIX MULTIMERCADO RESPONSABILIDADE LIMITADA;2025-07-31;Títulos de crédito privado;3.25
CLASSES - FIF;06.865.916/0001-90;;BRADESCO PRIME H FIF - CIC RENDA FIXA CRÉDITO PRIVADO LP PERFORMANCE - RESP LIMITADA;2025-07-31;Cotas de fundos de investimento 409;2.90
CLASSES - FIF;06.865.916/0001-90;;BRADESCO PRIME H FIF - CIC RENDA FIXA CRÉDITO PRIVADO LP PERFORMANCE - RESP LIMITADA;2025-07-31;Depósitos a prazo e outros títulos de instituições financeiras;30.09
CLASSES - FIF;06.865.916/0001-90;;BRADESCO PRIME H FIF - CIC RENDA FIXA CRÉDITO PRIVADO LP PERFORMANCE - RESP LIMITADA;2025-07-31;Operações compromissadas lastreadas em títulos públicos federais;25.60
CLASSES - FIF;06.865.916/0001-90;;BRADESCO PRIME H FIF - CIC RENDA FIXA CRÉDITO PRIVADO LP PERFORMANCE - RESP LIMITADA;2025-07-31;Títulos de crédito privado;36.76
CLASSES - FIF;06.865.916/0001-90;;BRADESCO PRIME H FIF - CIC RENDA FIXA CRÉDITO PRIVADO LP PERFORMANCE - RESP LIMITADA;2025-07-31;Títulos públicos federais;4.61
CLASSES - FIF;06.866.051/0001-87;;TIVIO INSTITUCIONAL RENDA FIXA CRED PRIV FUNDO DE INVESTIMENTO FINANCEIRO - RESP LIMITADA;2025-07-31;Cotas de fundos de investimento 409;3.04
CLASSES - FIF;06.866.051/0001-87;;TIVIO INSTITUCIONAL RENDA FIXA CRED PRIV FUNDO DE INVESTIMENTO FINANCEIRO - RESP LIMITADA;2025-07-31;Depósitos a prazo e outros títulos de instituições financeiras;41.46
CLASSES - FIF;06.866.051/0001-87;;TIVIO INSTITUCIONAL RENDA FIXA CRED PRIV FUNDO DE INVESTIMENTO FINANCEIRO - RESP LIMITADA;2025-07-31;Operações compromissadas lastreadas em títulos públicos federais;9.28
CLASSES - FIF;06.866.051/0001-87;;TIVIO INSTITUCIONAL RENDA FIXA CRED PRIV FUNDO DE INVESTIMENTO FINANCEIRO - RESP LIMITADA;2025-07-31;Títulos de crédito privado;21.48
CLASSES - FIF;06.866.051/0001-87;;TIVIO INSTITUCIONAL RENDA FIXA CRED PRIV FUNDO DE INVESTIMENTO FINANCEIRO - RESP LIMITADA;2025-07-31;Títulos públicos federais;24.56
CLASSES - FIF;06.871.308/0001-99;;CSHG TOP 30 FUNDO DE INVESTIMENTO EM COTAS DE FUNDOS DE INVESTIMENTO FINANCEIRO MULT RESP LIMITADA;2025-07-31;Outras Cotas de Fundos de Investimento;100.01
CLASSES - FIF;06.871.308/0001-99;;CSHG TOP 30 FUNDO DE INVESTIMENTO EM COTAS DE FUNDOS DE INVESTIMENTO FINANCEIRO MULT RESP LIMITADA;2025-07-31;Outros;0.00
CLASSES - FIF;06.916.384/0001-73;;BRADESCO FIF - CLASSE DE INVESTIMENTO EM AÇÕES DIVIDENDOS - RESP LIMITADA;2025-07-31;Ações;94.06
CLASSES - FIF;06.916.384/0001-73;;BRADESCO FIF - CLASSE DE INVESTIMENTO EM AÇÕES DIVIDENDOS - RESP LIMITADA;2025-07-31;Derivativos;-0.18
CLASSES - FIF;06.916.384/0001-73;;BRADESCO FIF - CLASSE DE INVESTIMENTO EM AÇÕES DIVIDENDOS - RESP LIMITADA;2025-07-31;Operações compromissadas lastreadas em títulos públicos federais;3.71
CLASSES - FIF;06.916.397/0001-42;;BRADESCO PRIME FIF - CIC DE AÇÕES DIVIDENDOS - RESP LIMITADA;2025-07-31;Ações;94.18
CLASSES - FIF;06.916.397/0001-42;;BRADESCO PRIME FIF - CIC DE AÇÕES DIVIDENDOS - RESP LIMITADA;2025-07-31;Derivativos;-0.17
CLASSES - FIF;06.916.397/0001-42;;BRADESCO PRIME FIF - CIC DE AÇÕES DIVIDENDOS - RESP LIMITADA;2025-07-31;Operações compromissadas lastreadas em títulos públicos federais;4.19
CLASSES - FIF;06.940.782/0001-25;;RIO BRAVO FUNDAMENTAL FUNDO DE INVESTIMENTO FINANCEIRO EM AÇÕES RESPONSABILIDADE LIMITADA;2025-07-31;Ações;92.36
CLASSES - FIF;06.940.782/0001-25;;RIO BRAVO FUNDAMENTAL FUNDO DE INVESTIMENTO FINANCEIRO EM AÇÕES RESPONSABILIDADE LIMITADA;2025-07-31;Cotas de fundos de investimento 409;3.50
CLASSES - FIF;06.940.782/0001-25;;RIO BRAVO FUNDAMENTAL FUNDO DE INVESTIMENTO FINANCEIRO EM AÇÕES RESPONSABILIDADE LIMITADA;2025-07-31;Operações compromissadas lastreadas em títulos públicos federais;3.21
CLASSES - FIF;06.988.623/0001-09;;BRADESCO FIF - CLASSE DE  INVESTIMENTO EM AÇÕES MID SMALL CAPS - RESPONSABILIDADE LIMITADA;2025-07-31;Ações;88.56
CLASSES - FIF;06.988.623/0001-09;;BRADESCO FIF - CLASSE DE  INVESTIMENTO EM AÇÕES MID SMALL CAPS - RESPONSABILIDADE LIMITADA;2025-07-31;Derivativos;0.09
CLASSES - FIF;06.988.623/0001-09;;BRADESCO FIF - CLASSE DE  INVESTIMENTO EM AÇÕES MID SMALL CAPS - RESPONSABILIDADE LIMITADA;2025-07-31;Operações compromissadas lastreadas em títulos públicos federais;10.44
CLASSES - FIF;07.018.136/0001-78;;PRISMA FIA;2025-07-31;Ações;91.38
CLASSES - FIF;07.018.136/0001-78;;PRISMA FIA;2025-07-31;Cotas de fundos de investimento 555;0.46
CLASSES - FIF;07.018.136/0001-78;;PRISMA FIA;2025-07-31;Operações compromissadas lastreadas em títulospúblicos federais;7.57
CLASSES - FIF;07.018.136/0001-78;;PRISMA FIA;2025-07-31;Outras aplicações;0.59
CLASSES - FIF;07.187.482/0001-80;;BRAM MACRO MULTIESTRATÉGIA FI FINANCEIRO - CI MULT - RESP LIMITADA;2025-07-31;Derivativos;14.05
CLASSES - FIF;07.187.482/0001-80;;BRAM MACRO MULTIESTRATÉGIA FI FINANCEIRO - CI MULT - RESP LIMITADA;2025-07-31;Operações compromissadas lastreadas em títulos públicos federais;27.34
CLASSES - FIF;07.187.482/0001-80;;BRAM MACRO MULTIESTRATÉGIA FI FINANCEIRO - CI MULT - RESP LIMITADA;2025-07-31;Títulos públicos federais;72.55
CLASSES - FIF;07.187.565/0001-79;;BRADESCO FIF - CLASSE DE INVESTIMENTO MULTIMERCADO LONG SHORT - RESP LIMITADA;2025-07-31;Títulos públicos federais;125.60
CLASSES - FIF;07.187.570/0001-81;;BRADESCO PODER PÚBLICO FIF -  CIC RENDA FIXA REFERENCIADA DI -  RESPONSABILIDADE LIMITADA;2025-07-31;Operações compromissadas lastreadas em títulos públicos federais;26.44
CLASSES - FIF;07.187.570/0001-81;;BRADESCO PODER PÚBLICO FIF -  CIC RENDA FIXA REFERENCIADA DI -  RESPONSABILIDADE LIMITADA;2025-07-31;Títulos públicos federais;71.99
CLASSES - FIF;07.187.751/0001-08;;BRADESCO FIF - CLASSE DE INVESTIMENTO EM AÇÕES IS SUSTENTABILIDADE EMPRESARIAL - RESP LIMITADA;2025-07-31;Ações;97.24
CLASSES - FIF;07.187.751/0001-08;;BRADESCO FIF - CLASSE DE INVESTIMENTO EM AÇÕES IS SUSTENTABILIDADE EMPRESARIAL - RESP LIMITADA;2025-07-31;Operações compromissadas lastreadas em títulos públicos federais;1.55
CLASSES - FIF;07.192.319/0001-05;;BRADESCO PRIME FIF - CIC MULTIMERCADO LONG SHORT - RESP LIMITADA;2025-07-31;Ações;13.31
CLASSES - FIF;07.192.319/0001-05;;BRADESCO PRIME FIF - CIC MULTIMERCADO LONG SHORT - RESP LIMITADA;2025-07-31;Cotas de fundos de investimento 409;3.81
CLASSES - FIF;07.192.319/0001-05;;BRADESCO PRIME FIF - CIC MULTIMERCADO LONG SHORT - RESP LIMITADA;2025-07-31;Investimento no exterior;0.38
CLASSES - FIF;07.192.319/0001-05;;BRADESCO PRIME FIF - CIC MULTIMERCADO LONG SHORT - RESP LIMITADA;2025-07-31;Operações compromissadas lastreadas em títulos públicos federais;23.14
CLASSES - FIF;07.192.319/0001-05;;BRADESCO PRIME FIF - CIC MULTIMERCADO LONG SHORT - RESP LIMITADA;2025-07-31;Títulos públicos federais;68.17
CLASSES - FIF;07.192.386/0001-20;;BRADESCO FIF - CIC MULTIMERCADO MULTIESTRATÉGIA - RESP LIMITADA;2025-07-31;Cotas de fundos de investimento 409;70.66
CLASSES - FIF;07.192.386/0001-20;;BRADESCO FIF - CIC MULTIMERCADO MULTIESTRATÉGIA - RESP LIMITADA;2025-07-31;Operações compromissadas lastreadas em títulos públicos federais;8.58
CLASSES - FIF;07.192.386/0001-20;;BRADESCO FIF - CIC MULTIMERCADO MULTIESTRATÉGIA - RESP LIMITADA;2025-07-31;Títulos públicos federais;20.80
CLASSES - FIF;07.192.395/0001-10;;BRADESCO CORPORATE FIF - CIC RENDA FIXA CRÉDITO PRIVADO LONGO PRAZO - RESP LIMITADA;2025-07-31;Cotas de fundos de investimento 409;4.95
CLASSES - FIF;07.192.395/0001-10;;BRADESCO CORPORATE FIF - CIC RENDA FIXA CRÉDITO PRIVADO LONGO PRAZO - RESP LIMITADA;2025-07-31;Depósitos a prazo e outros títulos de instituições financeiras;46.02
CLASSES - FIF;07.192.395/0001-10;;BRADESCO CORPORATE FIF - CIC RENDA FIXA CRÉDITO PRIVADO LONGO PRAZO - RESP LIMITADA;2025-07-31;Operações compromissadas lastreadas em títulos públicos federais;19.44
CLASSES - FIF;07.192.395/0001-10;;BRADESCO CORPORATE FIF - CIC RENDA FIXA CRÉDITO PRIVADO LONGO PRAZO - RESP LIMITADA;2025-07-31;Títulos de crédito privado;29.55
CLASSES - FIF;07.192.395/0001-10;;BRADESCO CORPORATE FIF - CIC RENDA FIXA CRÉDITO PRIVADO LONGO PRAZO - RESP LIMITADA;2025-07-31;Títulos públicos federais;0.08
CLASSES - FIF;07.192.409/0001-04;;BRADESCO CORPORATE TOP FIF  - CIC  RENDA FIXA REFERENCIADA DI -  RESPONSABILIDADE LIMITADA;2025-07-31;Cotas de fundos de investimento 409;1.66
CLASSES - FIF;07.192.409/0001-04;;BRADESCO CORPORATE TOP FIF  - CIC  RENDA FIXA REFERENCIADA DI -  RESPONSABILIDADE LIMITADA;2025-07-31;Depósitos a prazo e outros títulos de instituições financeiras;25.39
CLASSES - FIF;07.192.409/0001-04;;BRADESCO CORPORATE TOP FIF  - CIC  RENDA FIXA REFERENCIADA DI -  RESPONSABILIDADE LIMITADA;2025-07-31;Operações compromissadas lastreadas em títulos públicos federais;41.52
CLASSES - FIF;07.192.409/0001-04;;BRADESCO CORPORATE TOP FIF  - CIC  RENDA FIXA REFERENCIADA DI -  RESPONSABILIDADE LIMITADA;2025-07-31;Títulos de crédito privado;13.85
CLASSES - FIF;07.192.409/0001-04;;BRADESCO CORPORATE TOP FIF  - CIC  RENDA FIXA REFERENCIADA DI -  RESPONSABILIDADE LIMITADA;2025-07-31;Títulos públicos federais;17.48
CLASSES - FIF;07.194.559/0001-49;;BRADESCO PIBBS II FI FINANCEIRO - CIA - RESP LIMITADA;2025-07-31;Cotas de fundos de investimento 409;99.03
CLASSES - FIF;07.194.559/0001-49;;BRADESCO PIBBS II FI FINANCEIRO - CIA - RESP LIMITADA;2025-07-31;Títulos públicos federais;0.68
CLASSES - FIF;07.195.440/0001-90;;E2M INTRUST FUNDO DE INVESTIMENTO DE AÇÕES - RESPONSABILIDADE LIMITADA;2025-07-31;Ações;91.68
CLASSES - FIF;07.195.440/0001-90;;E2M INTRUST FUNDO DE INVESTIMENTO DE AÇÕES - RESPONSABILIDADE LIMITADA;2025-07-31;Cotas de fundos de investimento 555;7.67
CLASSES - FIF;07.195.440/0001-90;;E2M INTRUST FUNDO DE INVESTIMENTO DE AÇÕES - RESPONSABILIDADE LIMITADA;2025-07-31;Operações compromissadas lastreadas em títulospúblicos federais;0.69
CLASSES - FIF;07.195.440/0001-90;;E2M INTRUST FUNDO DE INVESTIMENTO DE AÇÕES - RESPONSABILIDADE LIMITADA;2025-07-31;Outras aplicações;-10.63
CLASSES - FIF;07.195.440/0001-90;;E2M INTRUST FUNDO DE INVESTIMENTO DE AÇÕES - RESPONSABILIDADE LIMITADA;2025-07-31;Títulos públicos federais;10.60
CLASSES - FIF;07.287.126/0001-38;;BRADESCO FIF - CIC RENDA FIXA REFERENCIADA DI LIQUIDEZ ÁGORA - RESP LIMITADA;2025-07-31;Cotas de fundos de investimento 409;1.95
CLASSES - FIF;07.287.126/0001-38;;BRADESCO FIF - CIC RENDA FIXA REFERENCIADA DI LIQUIDEZ ÁGORA - RESP LIMITADA;2025-07-31;Depósitos a prazo e outros títulos de instituições financeiras;26.44
CLASSES - FIF;07.287.126/0001-38;;BRADESCO FIF - CIC RENDA FIXA REFERENCIADA DI LIQUIDEZ ÁGORA - RESP LIMITADA;2025-07-31;Operações compromissadas lastreadas em títulos públicos federais;44.48
CLASSES - FIF;07.287.126/0001-38;;BRADESCO FIF - CIC RENDA FIXA REFERENCIADA DI LIQUIDEZ ÁGORA - RESP LIMITADA;2025-07-31;Títulos de crédito privado;11.98
CLASSES - FIF;07.287.126/0001-38;;BRADESCO FIF - CIC RENDA FIXA REFERENCIADA DI LIQUIDEZ ÁGORA - RESP LIMITADA;2025-07-31;Títulos públicos federais;15.18
CLASSES - FIF;07.364.099/0001-50;;BRADESCO FIF - CIC RENDA FIXA PREFIXADO CURTO - RESP LIMITADA;2025-07-31;Derivativos;9.85
CLASSES - FIF;07.364.099/0001-50;;BRADESCO FIF - CIC RENDA FIXA PREFIXADO CURTO - RESP LIMITADA;2025-07-31;Operações compromissadas lastreadas em títulos públicos federais;10.11
CLASSES - FIF;07.364.099/0001-50;;BRADESCO FIF - CIC RENDA FIXA PREFIXADO CURTO - RESP LIMITADA;2025-07-31;Títulos públicos federais;90.07
CLASSES - FIF;07.364.744/0001-34;;BRADESCO H FI FINANCEIRO - CIA PIBB IBRX 50 - RESP LIMITADA;2025-07-31;Cotas de fundos de investimento 409;99.13
CLASSES - FIF;07.364.744/0001-34;;BRADESCO H FI FINANCEIRO - CIA PIBB IBRX 50 - RESP LIMITADA;2025-07-31;Títulos públicos federais;0.35
CLASSES - FIF;07.364.756/0001-69;;BRAM FIF - CLASSE DE INVESTIMENTO RENDA FIXA INDEX IRF-M - RESP LIMITADA;2025-07-31;Derivativos;9.84
CLASSES - FIF;07.364.756/0001-69;;BRAM FIF - CLASSE DE INVESTIMENTO RENDA FIXA INDEX IRF-M - RESP LIMITADA;2025-07-31;Operações compromissadas lastreadas em títulos públicos federais;10.10
CLASSES - FIF;07.364.756/0001-69;;BRAM FIF - CLASSE DE INVESTIMENTO RENDA FIXA INDEX IRF-M - RESP LIMITADA;2025-07-31;Títulos públicos federais;90.03
CLASSES - FIF;07.381.653/0001-07;;SUL AMÉRICA ATIVO FIF - CLASSE DE INVESTIMENTO RENDA FIXA LONGO PRAZO - RESP LIMITADA;2025-07-31;Derivativos;54.08
CLASSES - FIF;07.381.653/0001-07;;SUL AMÉRICA ATIVO FIF - CLASSE DE INVESTIMENTO RENDA FIXA LONGO PRAZO - RESP LIMITADA;2025-07-31;Operações compromissadas lastreadas em títulos públicos federais;48.23
CLASSES - FIF;07.381.653/0001-07;;SUL AMÉRICA ATIVO FIF - CLASSE DE INVESTIMENTO RENDA FIXA LONGO PRAZO - RESP LIMITADA;2025-07-31;Títulos públicos federais;51.92
CLASSES - FIF;07.400.556/0001-14;;ICATU VANGUARDA INFLAÇÃO LONGA FIF - CLASSE DE INVESTIMENTO EM COTAS RF LONGO PRAZO - RESP LIMITADA;2025-07-31;Operações compromissadas lastreadas em títulos públicos federais;0.71
CLASSES - FIF;07.400.556/0001-14;;ICATU VANGUARDA INFLAÇÃO LONGA FIF - CLASSE DE INVESTIMENTO EM COTAS RF LONGO PRAZO - RESP LIMITADA;2025-07-31;Títulos públicos federais;99.95
CLASSES - FIF;07.420.595/0001-83;;RIO VERDE SMALL CAPS FI FINANCEIRO - CIA - RESP LIMITADA;2025-07-31;Ações;99.76
CLASSES - FIF;07.420.595/0001-83;;RIO VERDE SMALL CAPS FI FINANCEIRO - CIA - RESP LIMITADA;2025-07-31;Operações compromissadas lastreadas em títulos públicos federais;0.28
CLASSES - FIF;07.455.460/0001-53;;CSHG ALLOCATION VERDE 90 FUNDO DE INVESTIMENTO EM COTAS DE FIF MULTIMERCADO - RESP LIMITADA;2025-07-31;Outras Cotas de Fundos de Investimento;100.04
CLASSES - FIF;07.455.460/0001-53;;CSHG ALLOCATION VERDE 90 FUNDO DE INVESTIMENTO EM COTAS DE FIF MULTIMERCADO - RESP LIMITADA;2025-07-31;Outros;0.02
CLASSES - FIF;07.488.106/0001-25;;VINCI GAS DIVIDENDOS FIF - CLASSE DE INVESTIMENTO EM AÇÕES - RESP LIMITADA;2025-07-31;Ações;93.90
CLASSES - FIF;07.488.106/0001-25;;VINCI GAS DIVIDENDOS FIF - CLASSE DE INVESTIMENTO EM AÇÕES - RESP LIMITADA;2025-07-31;Operações compromissadas lastreadas em títulos públicos federais;3.48
CLASSES - FIF;07.535.827/0001-49;;BRADESCO H SUSTENTABILIDADE IS - FIF- CIC EM AÇÕES - RESPONSABILIDADE LIMITADA;2025-07-31;Ações;96.71
CLASSES - FIF;07.535.827/0001-49;;BRADESCO H SUSTENTABILIDADE IS - FIF- CIC EM AÇÕES - RESPONSABILIDADE LIMITADA;2025-07-31;Operações compromissadas lastreadas em títulos públicos federais;2.01
CLASSES - FIF;07.667.163/0001-71;;BRADESCO FIF - CLASSE DE INVESTIMENTO RF REFERENCIADA DI TASC - RESP LIMITADA;2025-07-31;Operações compromissadas lastreadas em títulos públicos federais;100.00
CLASSES - FIF;07.667.213/0001-10;;BRADESCO PRIME FIF - CIC DE AÇÕES IBRX - 50 - RESP LIMITADA;2025-07-31;Ações;98.19
CLASSES - FIF;07.667.213/0001-10;;BRADESCO PRIME FIF - CIC DE AÇÕES IBRX - 50 - RESP LIMITADA;2025-07-31;Derivativos;1.79
CLASSES - FIF;07.667.213/0001-10;;BRADESCO PRIME FIF - CIC DE AÇÕES IBRX - 50 - RESP LIMITADA;2025-07-31;Operações compromissadas lastreadas em títulos públicos federais;0.67
CLASSES - FIF;07.667.245/0001-16;;BRAM FI FINANCEIRO - CIA IBRX-50 - RESP LIMITADA;2025-07-31;Ações;98.19
CLASSES - FIF;07.667.245/0001-16;;BRAM FI FINANCEIRO - CIA IBRX-50 - RESP LIMITADA;2025-07-31;Derivativos;1.79
CLASSES - FIF;07.667.245/0001-16;;BRAM FI FINANCEIRO - CIA IBRX-50 - RESP LIMITADA;2025-07-31;Operações compromissadas lastreadas em títulos públicos federais;0.67
CLASSES - FIF;07.667.259/0001-30;;BRADESCO FIF - CIC RENDA FIXA SIMPLES AUTOMÁTICO - RESPONSABILIDADE LIMITADA;2025-07-31;Depósitos a prazo e outros títulos de instituições financeiras;0.00
CLASSES - FIF;07.667.259/0001-30;;BRADESCO FIF - CIC RENDA FIXA SIMPLES AUTOMÁTICO - RESPONSABILIDADE LIMITADA;2025-07-31;Operações compromissadas lastreadas em títulos públicos federais;32.30
CLASSES - FIF;07.667.259/0001-30;;BRADESCO FIF - CIC RENDA FIXA SIMPLES AUTOMÁTICO - RESPONSABILIDADE LIMITADA;2025-07-31;Títulos públicos federais;62.42
CLASSES - FIF;07.667.274/0001-88;;BRADESCO PRIME ÍNDICE DE SUSTENTABILIDADE EMPRESARIAL  IS FIF - CIC EM AÇÕES - RESP LIMITADA;2025-07-31;Ações;96.74
CLASSES - FIF;07.667.274/0001-88;;BRADESCO PRIME ÍNDICE DE SUSTENTABILIDADE EMPRESARIAL  IS FIF - CIC EM AÇÕES - RESP LIMITADA;2025-07-31;Operações compromissadas lastreadas em títulos públicos federais;2.01
CLASSES - FIF;07.667.299/0001-81;;BRADESCO PRIME NET CRISTAL FUNDO DE INVESTIMENTO FINANCEIRO - CIC MULTIMERCADO - RESP LIMITADA;2025-07-31;Cotas de fundos de investimento 409;99.35
CLASSES - FIF;07.667.341/0001-64;;BRADESCO  GOVERNANÇA CORPORATIVA IS FIF - CIC EM AÇÕES  - RESPONSABILIDADE LIMITADA.;2025-07-31;Ações;96.61
CLASSES - FIF;07.667.341/0001-64;;BRADESCO  GOVERNANÇA CORPORATIVA IS FIF - CIC EM AÇÕES  - RESPONSABILIDADE LIMITADA.;2025-07-31;Operações compromissadas lastreadas em títulos públicos federais;2.01
CLASSES - FIF;07.667.620/0001-28;;BRADESCO MULTIGESTORES FI FINANCEIRO - CIC MULT - RESP LIMITADA;2025-07-31;Ações;26.44
CLASSES - FIF;07.667.620/0001-28;;BRADESCO MULTIGESTORES FI FINANCEIRO - CIC MULT - RESP LIMITADA;2025-07-31;Cotas de fundos de investimento 409;18.49
CLASSES - FIF;07.667.620/0001-28;;BRADESCO MULTIGESTORES FI FINANCEIRO - CIC MULT - RESP LIMITADA;2025-07-31;Derivativos;5.34
CLASSES - FIF;07.667.620/0001-28;;BRADESCO MULTIGESTORES FI FINANCEIRO - CIC MULT - RESP LIMITADA;2025-07-31;Operações compromissadas lastreadas em títulos públicos federais;10.67
CLASSES - FIF;07.667.620/0001-28;;BRADESCO MULTIGESTORES FI FINANCEIRO - CIC MULT - RESP LIMITADA;2025-07-31;Títulos públicos federais;54.43
CLASSES - FIF;07.812.369/0001-48;;BAHIA AM REFERENCIADO DI FIF - CLASSE DE INVESTIMENTO RF REFERENCIADO DI - RESP LIMITADA;2025-07-31;Operações compromissadas lastreadas em títulos públicos federais;20.68
CLASSES - FIF;07.812.369/0001-48;;BAHIA AM REFERENCIADO DI FIF - CLASSE DE INVESTIMENTO RF REFERENCIADO DI - RESP LIMITADA;2025-07-31;Títulos públicos federais;79.40
CLASSES - FIF;07.899.238/0001-40;;META VALOR FUNDO DE INVESTIMENTO FINANCEIRO AÇÕES RESPONSABILIDADE LIMITADA;2025-07-31;Ações;89.07
CLASSES - FIF;07.899.238/0001-40;;META VALOR FUNDO DE INVESTIMENTO FINANCEIRO AÇÕES RESPONSABILIDADE LIMITADA;2025-07-31;Cotas de Fundos de Investimento 409;6.66
CLASSES - FIF;07.899.238/0001-40;;META VALOR FUNDO DE INVESTIMENTO FINANCEIRO AÇÕES RESPONSABILIDADE LIMITADA;2025-07-31;Operações Compromissadas Lastreadas em Títulos Públicos Federais;0.27
CLASSES - FIF;07.899.238/0001-40;;META VALOR FUNDO DE INVESTIMENTO FINANCEIRO AÇÕES RESPONSABILIDADE LIMITADA;2025-07-31;Outras Aplicações;4.26
CLASSES - FIF;07.986.196/0001-84;;BRADESCO H SMALL CAPS FI FINANCEIRO - CIA - RESP LIMITADA;2025-07-31;Ações;99.23
CLASSES - FIF;07.986.196/0001-84;;BRADESCO H SMALL CAPS FI FINANCEIRO - CIA - RESP LIMITADA;2025-07-31;Derivativos;0.74
CLASSES - FIF;07.986.196/0001-84;;BRADESCO H SMALL CAPS FI FINANCEIRO - CIA - RESP LIMITADA;2025-07-31;Operações compromissadas lastreadas em títulos públicos federais;0.26
CLASSES - FIF;08.018.849/0001-02;;BANESTES BTG PACTUAL ABSOLUTO INSTITUCIONAL FIC DE FIF DE AÇÕES RESPONSABILIDADE LIMITADA;2025-07-31;Cotas de fundos de investimento 555;98.20
CLASSES - FIF;08.018.849/0001-02;;BANESTES BTG PACTUAL ABSOLUTO INSTITUCIONAL FIC DE FIF DE AÇÕES RESPONSABILIDADE LIMITADA;2025-07-31;Operações compromissadas lastreadas em títulos públicos federais;0.77
CLASSES - FIF;08.018.849/0001-02;;BANESTES BTG PACTUAL ABSOLUTO INSTITUCIONAL FIC DE FIF DE AÇÕES RESPONSABILIDADE LIMITADA;2025-07-31;Títulos públicos federais;0.94
CLASSES - FIF;08.035.673/0001-99;;BRADESCO H CLASSIC FIF -  CIC RENDA FIXA REFERENCIADA DI LONGO  PRAZO - RESPONSABILIDADE LIMITADA;2025-07-31;Depósitos a prazo e outros títulos de instituições financeiras;3.55
CLASSES - FIF;08.035.673/0001-99;;BRADESCO H CLASSIC FIF -  CIC RENDA FIXA REFERENCIADA DI LONGO  PRAZO - RESPONSABILIDADE LIMITADA;2025-07-31;Operações compromissadas lastreadas em títulos públicos federais;62.37
CLASSES - FIF;08.035.673/0001-99;;BRADESCO H CLASSIC FIF -  CIC RENDA FIXA REFERENCIADA DI LONGO  PRAZO - RESPONSABILIDADE LIMITADA;2025-07-31;Títulos de crédito privado;0.02
CLASSES - FIF;08.035.673/0001-99;;BRADESCO H CLASSIC FIF -  CIC RENDA FIXA REFERENCIADA DI LONGO  PRAZO - RESPONSABILIDADE LIMITADA;2025-07-31;Títulos públicos federais;33.94
CLASSES - FIF;08.154.725/0001-46;;BRADESCO H FIF - CIC DE AÇÕES SMALL CAPS - RESP LIMITADA;2025-07-31;Ações;99.11
CLASSES - FIF;08.154.725/0001-46;;BRADESCO H FIF - CIC DE AÇÕES SMALL CAPS - RESP LIMITADA;2025-07-31;Derivativos;0.73
CLASSES - FIF;08.154.725/0001-46;;BRADESCO H FIF - CIC DE AÇÕES SMALL CAPS - RESP LIMITADA;2025-07-31;Operações compromissadas lastreadas em títulos públicos federais;0.42
CLASSES - FIF;08.244.560/0001-01;;BRADESCO FIF - CIC MULTIMERCADO QUANT - RESP LIMITADA;2025-07-31;Ações;1.12
CLASSES - FIF;08.244.560/0001-01;;BRADESCO FIF - CIC MULTIMERCADO QUANT - RESP LIMITADA;2025-07-31;Depósitos a prazo e outros títulos de instituições financeiras;0.56
CLASSES - FIF;08.244.560/0001-01;;BRADESCO FIF - CIC MULTIMERCADO QUANT - RESP LIMITADA;2025-07-31;Investimento no exterior;15.84
CLASSES - FIF;08.244.560/0001-01;;BRADESCO FIF - CIC MULTIMERCADO QUANT - RESP LIMITADA;2025-07-31;Operações compromissadas lastreadas em títulos públicos federais;29.54
CLASSES - FIF;08.244.560/0001-01;;BRADESCO FIF - CIC MULTIMERCADO QUANT - RESP LIMITADA;2025-07-31;Títulos públicos federais;54.99
CLASSES - FIF;08.244.575/0001-61;;BRADESCO PRIME FIF - CIC DE AÇÕES SML - RESP LIMITADA;2025-07-31;Ações;93.04
CLASSES - FIF;08.244.575/0001-61;;BRADESCO PRIME FIF - CIC DE AÇÕES SML - RESP LIMITADA;2025-07-31;Operações compromissadas lastreadas em títulos públicos federais;3.80
CLASSES - FIF;08.246.263/0001-97;;BRADESCO FIF - CLASSE DE INVESTIMENTO RENDA FIXA MAXI PODER PÚBLICO - RESP LIMITADA;2025-07-31;Operações compromissadas lastreadas em títulos públicos federais;7.25
CLASSES - FIF;08.246.263/0001-97;;BRADESCO FIF - CLASSE DE INVESTIMENTO RENDA FIXA MAXI PODER PÚBLICO - RESP LIMITADA;2025-07-31;Títulos públicos federais;86.87
CLASSES - FIF;08.246.279/0001-08;;BRADESCO SML FIF - CLASSE DE INVESTIMENTO EM COTAS DE AÇÕES - RESP LIMITADA;2025-07-31;Ações;92.64
CLASSES - FIF;08.246.279/0001-08;;BRADESCO SML FIF - CLASSE DE INVESTIMENTO EM COTAS DE AÇÕES - RESP LIMITADA;2025-07-31;Operações compromissadas lastreadas em títulos públicos federais;3.79
CLASSES - FIF;08.246.301/0001-01;;BRADESCO FIF - CLASSE DE INVESTIMENTO EM COTAS RENDA FIXA FIC MAIS - RESPONSABILIDADE LIMITADA;2025-07-31;Cotas de fundos de investimento 409;19.78
CLASSES - FIF;08.246.301/0001-01;;BRADESCO FIF - CLASSE DE INVESTIMENTO EM COTAS RENDA FIXA FIC MAIS - RESPONSABILIDADE LIMITADA;2025-07-31;Depósitos a prazo e outros títulos de instituições financeiras;22.24
CLASSES - FIF;08.246.301/0001-01;;BRADESCO FIF - CLASSE DE INVESTIMENTO EM COTAS RENDA FIXA FIC MAIS - RESPONSABILIDADE LIMITADA;2025-07-31;Derivativos;-8.88
CLASSES - FIF;08.246.301/0001-01;;BRADESCO FIF - CLASSE DE INVESTIMENTO EM COTAS RENDA FIXA FIC MAIS - RESPONSABILIDADE LIMITADA;2025-07-31;Operações compromissadas lastreadas em títulos públicos federais;12.73
CLASSES - FIF;08.246.301/0001-01;;BRADESCO FIF - CLASSE DE INVESTIMENTO EM COTAS RENDA FIXA FIC MAIS - RESPONSABILIDADE LIMITADA;2025-07-31;Títulos públicos federais;44.58
CLASSES - FIF;08.246.318/0001-69;;BRADESCO INSTITUCIONAL IMA GERAL FI FINANCEIRO - CIC RF - RESP LIMITADA;2025-07-31;Derivativos;1.79
CLASSES - FIF;08.246.318/0001-69;;BRADESCO INSTITUCIONAL IMA GERAL FI FINANCEIRO - CIC RF - RESP LIMITADA;2025-07-31;Operações compromissadas lastreadas em títulos públicos federais;10.72
CLASSES - FIF;08.246.318/0001-69;;BRADESCO INSTITUCIONAL IMA GERAL FI FINANCEIRO - CIC RF - RESP LIMITADA;2025-07-31;Títulos públicos federais;89.29
CLASSES - FIF;08.258.416/0001-16;;BRADESCO PRIME PRINCIPAL PROTEGIDO FI FINANCEIRO - CI MULT - RESP LIMITADA;2025-07-31;Operações compromissadas lastreadas em títulos públicos federais;97.55
CLASSES - FIF;08.258.416/0001-16;;BRADESCO PRIME PRINCIPAL PROTEGIDO FI FINANCEIRO - CI MULT - RESP LIMITADA;2025-07-31;Outras aplicações;2.16
CLASSES - FIF;08.258.431/0001-64;;BRADESCO PRIME FIF - CLASSE DE INVESTIMENTO EM COTAS RF DURATION - RESPONSABILIDADE LIMITADA;2025-07-31;Cotas de fundos de investimento 409;18.43
CLASSES - FIF;08.258.431/0001-64;;BRADESCO PRIME FIF - CLASSE DE INVESTIMENTO EM COTAS RF DURATION - RESPONSABILIDADE LIMITADA;2025-07-31;Depósitos a prazo e outros títulos de instituições financeiras;9.43
CLASSES - FIF;08.258.431/0001-64;;BRADESCO PRIME FIF - CLASSE DE INVESTIMENTO EM COTAS RF DURATION - RESPONSABILIDADE LIMITADA;2025-07-31;Derivativos;-3.25
CLASSES - FIF;08.258.431/0001-64;;BRADESCO PRIME FIF - CLASSE DE INVESTIMENTO EM COTAS RF DURATION - RESPONSABILIDADE LIMITADA;2025-07-31;Operações compromissadas lastreadas em títulos públicos federais;23.17
CLASSES - FIF;08.258.431/0001-64;;BRADESCO PRIME FIF - CLASSE DE INVESTIMENTO EM COTAS RF DURATION - RESPONSABILIDADE LIMITADA;2025-07-31;Títulos públicos federais;49.37
CLASSES - FIF;08.279.304/0001-41;;ICATU VANGUARDA DIVIDENDOS FIF - CLASSE DE INVESTIMENTO EM AÇÕES - RESPONSABILIDADE LIMITADA;2025-07-31;Ações;96.46
CLASSES - FIF;08.279.304/0001-41;;ICATU VANGUARDA DIVIDENDOS FIF - CLASSE DE INVESTIMENTO EM AÇÕES - RESPONSABILIDADE LIMITADA;2025-07-31;Derivativos;-2.76
CLASSES - FIF;08.279.304/0001-41;;ICATU VANGUARDA DIVIDENDOS FIF - CLASSE DE INVESTIMENTO EM AÇÕES - RESPONSABILIDADE LIMITADA;2025-07-31;Operações compromissadas lastreadas em títulos públicos federais;3.38
CLASSES - FIF;08.627.607/0001-08;;B3 MARGEM GARANTIA REF DI FIC DE FUNDOS DE INVESTIMENTO - RESPONSABILIDADE LIMITADA;2025-07-31;Cotas de fundos de investimento 555;100.02
CLASSES - FIF;08.627.607/0001-08;;B3 MARGEM GARANTIA REF DI FIC DE FUNDOS DE INVESTIMENTO - RESPONSABILIDADE LIMITADA;2025-07-31;Outras aplicações;-0.02
CLASSES - FIF;08.669.394/0001-87;;TIVIO FEDERAL REF FI FINANCEIRO - CIC RF REFERENCIADA DI - RESP LIMITADA;2025-07-31;Operações compromissadas lastreadas em títulos públicos federais;29.71
CLASSES - FIF;08.669.394/0001-87;;TIVIO FEDERAL REF FI FINANCEIRO - CIC RF REFERENCIADA DI - RESP LIMITADA;2025-07-31;Títulos públicos federais;70.31
CLASSES - FIF;08.674.732/0001-79;;BRADESCO CORPORATE FIF - CLASSE DE INVESTIMENTO EM COTAS RENDA FIXA DURATION - RESP LIMITADA;2025-07-31;Cotas de fundos de investimento 409;18.43
CLASSES - FIF;08.674.732/0001-79;;BRADESCO CORPORATE FIF - CLASSE DE INVESTIMENTO EM COTAS RENDA FIXA DURATION - RESP LIMITADA;2025-07-31;Depósitos a prazo e outros títulos de instituições financeiras;9.43
CLASSES - FIF;08.674.732/0001-79;;BRADESCO CORPORATE FIF - CLASSE DE INVESTIMENTO EM COTAS RENDA FIXA DURATION - RESP LIMITADA;2025-07-31;Derivativos;-3.25
CLASSES - FIF;08.674.732/0001-79;;BRADESCO CORPORATE FIF - CLASSE DE INVESTIMENTO EM COTAS RENDA FIXA DURATION - RESP LIMITADA;2025-07-31;Operações compromissadas lastreadas em títulos públicos federais;23.17
CLASSES - FIF;08.674.732/0001-79;;BRADESCO CORPORATE FIF - CLASSE DE INVESTIMENTO EM COTAS RENDA FIXA DURATION - RESP LIMITADA;2025-07-31;Títulos públicos federais;49.37
CLASSES - FIF;08.674.801/0001-44;;BRADESCO PRIME FIF - CIC DE AÇÕES SELEÇÃO - RESP LIMITADA;2025-07-31;Ações;70.28
CLASSES - FIF;08.674.801/0001-44;;BRADESCO PRIME FIF - CIC DE AÇÕES SELEÇÃO - RESP LIMITADA;2025-07-31;Cotas de fundos de investimento 409;12.05
CLASSES - FIF;08.674.801/0001-44;;BRADESCO PRIME FIF - CIC DE AÇÕES SELEÇÃO - RESP LIMITADA;2025-07-31;Derivativos;3.96
CLASSES - FIF;08.674.801/0001-44;;BRADESCO PRIME FIF - CIC DE AÇÕES SELEÇÃO - RESP LIMITADA;2025-07-31;Operações compromissadas lastreadas em títulos públicos federais;13.05
CLASSES - FIF;08.702.798/0001-25;;BRADESCO INSTITUCIONAL IMA-B FI FINANCEIRO - CIC RF - RESP LIMITADA;2025-07-31;Cotas de fundos de investimento 409;9.83
CLASSES - FIF;08.702.798/0001-25;;BRADESCO INSTITUCIONAL IMA-B FI FINANCEIRO - CIC RF - RESP LIMITADA;2025-07-31;Derivativos;2.75
CLASSES - FIF;08.702.798/0001-25;;BRADESCO INSTITUCIONAL IMA-B FI FINANCEIRO - CIC RF - RESP LIMITADA;2025-07-31;Operações compromissadas lastreadas em títulos públicos federais;2.94
CLASSES - FIF;08.702.798/0001-25;;BRADESCO INSTITUCIONAL IMA-B FI FINANCEIRO - CIC RF - RESP LIMITADA;2025-07-31;Títulos públicos federais;87.25
CLASSES - FIF;08.702.804/0001-44;;BRADESCO FIF DEDICADO AO SETOR DE SAÚDE SUPLEMENTAR ANS - CI RF - RESPONSABILIDADE LIMITADA;2025-07-31;Operações compromissadas lastreadas em títulos públicos federais;12.91
CLASSES - FIF;08.702.804/0001-44;;BRADESCO FIF DEDICADO AO SETOR DE SAÚDE SUPLEMENTAR ANS - CI RF - RESPONSABILIDADE LIMITADA;2025-07-31;Títulos públicos federais;87.13
CLASSES - FIF;08.756.265/0001-26;;BRADESCO FEEDER TNA FIF - CLASSE DE INVESTIMENTO RF CRED PRIV - RESP LIMITADA;2025-07-31;Depósitos a prazo e outros títulos de instituições financeiras;2.05
CLASSES - FIF;08.756.265/0001-26;;BRADESCO FEEDER TNA FIF - CLASSE DE INVESTIMENTO RF CRED PRIV - RESP LIMITADA;2025-07-31;Derivativos;3.36
CLASSES - FIF;08.756.265/0001-26;;BRADESCO FEEDER TNA FIF - CLASSE DE INVESTIMENTO RF CRED PRIV - RESP LIMITADA;2025-07-31;Operações compromissadas lastreadas em títulos públicos federais;29.50
CLASSES - FIF;08.756.265/0001-26;;BRADESCO FEEDER TNA FIF - CLASSE DE INVESTIMENTO RF CRED PRIV - RESP LIMITADA;2025-07-31;Títulos públicos federais;68.46
CLASSES - FIF;08.776.308/0001-35;;BRADESCO H TOP FIF - CLASSE DE  INVESTIMENTO RENDA FIXA LP CRÉDITO PRIVADO -  RESP LIMITADA;2025-07-31;Depósitos a prazo e outros títulos de instituições financeiras;24.42
CLASSES - FIF;08.776.308/0001-35;;BRADESCO H TOP FIF - CLASSE DE  INVESTIMENTO RENDA FIXA LP CRÉDITO PRIVADO -  RESP LIMITADA;2025-07-31;Derivativos;-5.38
CLASSES - FIF;08.776.308/0001-35;;BRADESCO H TOP FIF - CLASSE DE  INVESTIMENTO RENDA FIXA LP CRÉDITO PRIVADO -  RESP LIMITADA;2025-07-31;Operações compromissadas lastreadas em títulos públicos federais;35.15
CLASSES - FIF;08.776.308/0001-35;;BRADESCO H TOP FIF - CLASSE DE  INVESTIMENTO RENDA FIXA LP CRÉDITO PRIVADO -  RESP LIMITADA;2025-07-31;Títulos públicos federais;40.40
FI;08.815.386/0001-00;;INTER SELECTION AÇÕES FUNDO DE INVESTIMENTO FINANCEIRO EM AÇÕES RESPONSABILIDADE LIMITADA;2025-07-31;Cotas de Fundos de Investimento 555;96.67
FI;08.815.386/0001-00;;INTER SELECTION AÇÕES FUNDO DE INVESTIMENTO FINANCEIRO EM AÇÕES RESPONSABILIDADE LIMITADA;2025-07-31;Operações Compromissadas Lastreadas em Títulos Públicos Federais;4.21
CLASSES - FIF;08.845.635/0001-00;;MOSAICO FI FINANCEIRO - CIA - RESP LIMITADA;2025-07-31;Ações;86.19
CLASSES - FIF;08.845.635/0001-00;;MOSAICO FI FINANCEIRO - CIA - RESP LIMITADA;2025-07-31;Depósitos a prazo e outros títulos de instituições financeiras;0.50
CLASSES - FIF;08.845.635/0001-00;;MOSAICO FI FINANCEIRO - CIA - RESP LIMITADA;2025-07-31;Operações compromissadas lastreadas em títulos públicos federais;9.18
CLASSES - FIF;08.869.576/0001-00;;MOS FIF - CLASSE DE INVESTIMENTO EM AÇÕES - RESP LIMITADA;2025-07-31;Ações;89.36
CLASSES - FIF;08.869.576/0001-00;;MOS FIF - CLASSE DE INVESTIMENTO EM AÇÕES - RESP LIMITADA;2025-07-31;Cotas de fundos de investimento 409;8.84
CLASSES - FIF;08.869.576/0001-00;;MOS FIF - CLASSE DE INVESTIMENTO EM AÇÕES - RESP LIMITADA;2025-07-31;Derivativos;1.01
CLASSES - FIF;08.869.576/0001-00;;MOS FIF - CLASSE DE INVESTIMENTO EM AÇÕES - RESP LIMITADA;2025-07-31;Operações compromissadas lastreadas em títulos públicos federais;1.39
CLASSES - FIF;08.875.020/0001-18;;GÁVEA MACRO MASTER FIF - CLASSE DE INVESTIMENTO MULT - RESP LIMITADA;2025-07-31;Ações;6.12
CLASSES - FIF;08.875.020/0001-18;;GÁVEA MACRO MASTER FIF - CLASSE DE INVESTIMENTO MULT - RESP LIMITADA;2025-07-31;Derivativos;10.34
CLASSES - FIF;08.875.020/0001-18;;GÁVEA MACRO MASTER FIF - CLASSE DE INVESTIMENTO MULT - RESP LIMITADA;2025-07-31;Investimento no exterior;14.48
CLASSES - FIF;08.875.020/0001-18;;GÁVEA MACRO MASTER FIF - CLASSE DE INVESTIMENTO MULT - RESP LIMITADA;2025-07-31;Operações compromissadas lastreadas em títulos públicos federais;24.72
CLASSES - FIF;08.875.020/0001-18;;GÁVEA MACRO MASTER FIF - CLASSE DE INVESTIMENTO MULT - RESP LIMITADA;2025-07-31;Títulos públicos federais;55.46
CLASSES - FIF;08.893.082/0001-52;;GÁVEA MACRO FI  FINANCEIRO - CIC MULT - RESP LIMITADA;2025-07-31;Ações;6.13
CLASSES - FIF;08.893.082/0001-52;;GÁVEA MACRO FI  FINANCEIRO - CIC MULT - RESP LIMITADA;2025-07-31;Derivativos;10.37
CLASSES - FIF;08.893.082/0001-52;;GÁVEA MACRO FI  FINANCEIRO - CIC MULT - RESP LIMITADA;2025-07-31;Investimento no exterior;14.52
CLASSES - FIF;08.893.082/0001-52;;GÁVEA MACRO FI  FINANCEIRO - CIC MULT - RESP LIMITADA;2025-07-31;Operações compromissadas lastreadas em títulos públicos federais;24.79
CLASSES - FIF;08.893.082/0001-52;;GÁVEA MACRO FI  FINANCEIRO - CIC MULT - RESP LIMITADA;2025-07-31;Títulos públicos federais;55.63
CLASSES - FIF;08.893.093/0001-32;;APOENA MACRO FIF - CLASSE DE INVESTIMENTO EM COTAS MULT - RESP LIMITADA;2025-07-31;Ações;6.10
CLASSES - FIF;08.893.093/0001-32;;APOENA MACRO FIF - CLASSE DE INVESTIMENTO EM COTAS MULT - RESP LIMITADA;2025-07-31;Derivativos;10.32
CLASSES - FIF;08.893.093/0001-32;;APOENA MACRO FIF - CLASSE DE INVESTIMENTO EM COTAS MULT - RESP LIMITADA;2025-07-31;Investimento no exterior;14.45
CLASSES - FIF;08.893.093/0001-32;;APOENA MACRO FIF - CLASSE DE INVESTIMENTO EM COTAS MULT - RESP LIMITADA;2025-07-31;Operações compromissadas lastreadas em títulos públicos federais;24.73
CLASSES - FIF;08.893.093/0001-32;;APOENA MACRO FIF - CLASSE DE INVESTIMENTO EM COTAS MULT - RESP LIMITADA;2025-07-31;Títulos públicos federais;55.50
CLASSES - FIF;08.893.177/0001-76;;QLZ FUNDO DE INVESTIMENTO RENDA FIXA LONGO PRAZO CRÉDITO PRIVADO RESPONSABILIDADE LIMITADA;2025-07-31;Depósitos a prazo e outros títulos de instituições financeiras;14.87
CLASSES - FIF;08.893.177/0001-76;;QLZ FUNDO DE INVESTIMENTO RENDA FIXA LONGO PRAZO CRÉDITO PRIVADO RESPONSABILIDADE LIMITADA;2025-07-31;Operações compromissadas lastreadas em títulos públicos federais;44.66
CLASSES - FIF;08.893.177/0001-76;;QLZ FUNDO DE INVESTIMENTO RENDA FIXA LONGO PRAZO CRÉDITO PRIVADO RESPONSABILIDADE LIMITADA;2025-07-31;Títulos de crédito privado;2.82
CLASSES - FIF;08.893.177/0001-76;;QLZ FUNDO DE INVESTIMENTO RENDA FIXA LONGO PRAZO CRÉDITO PRIVADO RESPONSABILIDADE LIMITADA;2025-07-31;Títulos públicos federais;37.70
CLASSES - FIF;08.909.429/0001-08;;AGORA BOLSA FC - CIC EM AÇÕES - RESP LIMITADA;2025-07-31;Ações;4.38
CLASSES - FIF;08.909.429/0001-08;;AGORA BOLSA FC - CIC EM AÇÕES - RESP LIMITADA;2025-07-31;Cotas de fundos de investimento 409;90.72
CLASSES - FIF;08.909.429/0001-08;;AGORA BOLSA FC - CIC EM AÇÕES - RESP LIMITADA;2025-07-31;Derivativos;4.64
CLASSES - FIF;08.909.429/0001-08;;AGORA BOLSA FC - CIC EM AÇÕES - RESP LIMITADA;2025-07-31;Operações compromissadas lastreadas em títulos públicos federais;3.37
CLASSES - FIF;08.909.429/0001-08;;AGORA BOLSA FC - CIC EM AÇÕES - RESP LIMITADA;2025-07-31;Títulos públicos federais;1.84
CLASSES - FIF;08.915.198/0001-45;;BRADESCO H AQUAMARINE FC - CIC EM AÇÕES - RESP LIMITADA;2025-07-31;Ações;1.27
CLASSES - FIF;08.915.198/0001-45;;BRADESCO H AQUAMARINE FC - CIC EM AÇÕES - RESP LIMITADA;2025-07-31;Cotas de fundos de investimento 409;96.99
CLASSES - FIF;08.915.198/0001-45;;BRADESCO H AQUAMARINE FC - CIC EM AÇÕES - RESP LIMITADA;2025-07-31;Derivativos;1.35
CLASSES - FIF;08.915.198/0001-45;;BRADESCO H AQUAMARINE FC - CIC EM AÇÕES - RESP LIMITADA;2025-07-31;Operações compromissadas lastreadas em títulos públicos federais;1.40
CLASSES - FIF;08.915.198/0001-45;;BRADESCO H AQUAMARINE FC - CIC EM AÇÕES - RESP LIMITADA;2025-07-31;Títulos públicos federais;0.53
CLASSES - FIF;08.915.927/0001-63;;BEM TPF FI FINANCEIRO - CI RF SIMPLES - RESP LIMITADA;2025-07-31;Operações compromissadas lastreadas em títulos públicos federais;28.22
CLASSES - FIF;08.915.927/0001-63;;BEM TPF FI FINANCEIRO - CI RF SIMPLES - RESP LIMITADA;2025-07-31;Títulos públicos federais;71.78
CLASSES - FIF;08.944.708/0001-02;;BRADESCO H FIF ANS - CLASSE DE INVESTIMENTO RENDA FIXA - RESP LIMITADA;2025-07-31;Operações compromissadas lastreadas em títulos públicos federais;0.65
CLASSES - FIF;08.944.708/0001-02;;BRADESCO H FIF ANS - CLASSE DE INVESTIMENTO RENDA FIXA - RESP LIMITADA;2025-07-31;Títulos públicos federais;99.37
CLASSES - FIF;08.960.971/0001-95;;BANRISUL PREMIUM FUNDO DE INVESTIMENTO RENDA FIXA DE LONGO PRAZO RESPONSABILIDADE LIMITADA;2025-07-31;COTAS DE FUNDOS DE INVESTIMENTO 409;19.43
CLASSES - FIF;08.960.971/0001-95;;BANRISUL PREMIUM FUNDO DE INVESTIMENTO RENDA FIXA DE LONGO PRAZO RESPONSABILIDADE LIMITADA;2025-07-31;DERIVATIVOS;0.09
CLASSES - FIF;08.960.971/0001-95;;BANRISUL PREMIUM FUNDO DE INVESTIMENTO RENDA FIXA DE LONGO PRAZO RESPONSABILIDADE LIMITADA;2025-07-31;OPERAÇÕES COMPROMISSADAS LASTREADAS EM TÍTULOS PÚBLICOS FEDERAIS;25.59
CLASSES - FIF;08.960.971/0001-95;;BANRISUL PREMIUM FUNDO DE INVESTIMENTO RENDA FIXA DE LONGO PRAZO RESPONSABILIDADE LIMITADA;2025-07-31;TÍTULOS DE CRÉDITO PRIVADO;25.49
CLASSES - FIF;08.960.971/0001-95;;BANRISUL PREMIUM FUNDO DE INVESTIMENTO RENDA FIXA DE LONGO PRAZO RESPONSABILIDADE LIMITADA;2025-07-31;TÍTULOS PÚBLICOS FEDERAIS;29.52
CLASSES - FIF;08.960.978/0001-07;;BANRISUL FLEX CREDITO PRIVADO FUNDO DE INVESTIMENTO RENDA FIXA DE LONGO PRAZO RESPONS LIMITADA;2025-07-31;COTAS DE FUNDOS DE INVESTIMENTO 409;39.84
CLASSES - FIF;08.960.978/0001-07;;BANRISUL FLEX CREDITO PRIVADO FUNDO DE INVESTIMENTO RENDA FIXA DE LONGO PRAZO RESPONS LIMITADA;2025-07-31;OPERAÇÕES COMPROMISSADAS LASTREADAS EM TÍTULOS PÚBLICOS FEDERAIS;12.15
CLASSES - FIF;08.960.978/0001-07;;BANRISUL FLEX CREDITO PRIVADO FUNDO DE INVESTIMENTO RENDA FIXA DE LONGO PRAZO RESPONS LIMITADA;2025-07-31;TÍTULOS DE CRÉDITO PRIVADO;40.63
CLASSES - FIF;08.960.978/0001-07;;BANRISUL FLEX CREDITO PRIVADO FUNDO DE INVESTIMENTO RENDA FIXA DE LONGO PRAZO RESPONS LIMITADA;2025-07-31;TÍTULOS PÚBLICOS FEDERAIS;6.93
CLASSES - FIF;08.971.898/0001-57;;CSHG TOP MASTER FUNDO DE INVESTIMENTO EM COTAS DE FIF MULTIMERCADO RESPONSABILIDADE LIMITADA;2025-07-31;Cotas de Fundos de Investimento 555;17.65
CLASSES - FIF;08.971.898/0001-57;;CSHG TOP MASTER FUNDO DE INVESTIMENTO EM COTAS DE FIF MULTIMERCADO RESPONSABILIDADE LIMITADA;2025-07-31;Outras Cotas de Fundos de Investimento;82.34
CLASSES - FIF;08.971.898/0001-57;;CSHG TOP MASTER FUNDO DE INVESTIMENTO EM COTAS DE FIF MULTIMERCADO RESPONSABILIDADE LIMITADA;2025-07-31;Outros;0.00
CLASSES - FIF;09.076.056/0001-02;;NEO MULTIMANAGER BBDC FI FINANCEIRO - CI MULT - RESP LIMITADA;2025-07-31;Ações;10.38
CLASSES - FIF;09.076.056/0001-02;;NEO MULTIMANAGER BBDC FI FINANCEIRO - CI MULT - RESP LIMITADA;2025-07-31;Derivativos;-20.71
CLASSES - FIF;09.076.056/0001-02;;NEO MULTIMANAGER BBDC FI FINANCEIRO - CI MULT - RESP LIMITADA;2025-07-31;Investimento no exterior;6.68
CLASSES - FIF;09.076.056/0001-02;;NEO MULTIMANAGER BBDC FI FINANCEIRO - CI MULT - RESP LIMITADA;2025-07-31;Operações compromissadas lastreadas em títulos públicos federais;10.08
CLASSES - FIF;09.076.056/0001-02;;NEO MULTIMANAGER BBDC FI FINANCEIRO - CI MULT - RESP LIMITADA;2025-07-31;Títulos públicos federais;82.86
CLASSES - FIF;09.076.297/0001-43;;BTG PACTUAL MULTIMANAGER BBDC FI FINANCEIRO - CI MULT - RESP LIMITADA;2025-07-31;Ações;19.50
CLASSES - FIF;09.076.297/0001-43;;BTG PACTUAL MULTIMANAGER BBDC FI FINANCEIRO - CI MULT - RESP LIMITADA;2025-07-31;Derivativos;94.95
CLASSES - FIF;09.076.297/0001-43;;BTG PACTUAL MULTIMANAGER BBDC FI FINANCEIRO - CI MULT - RESP LIMITADA;2025-07-31;Investimento no exterior;11.80
CLASSES - FIF;09.076.297/0001-43;;BTG PACTUAL MULTIMANAGER BBDC FI FINANCEIRO - CI MULT - RESP LIMITADA;2025-07-31;Operações compromissadas lastreadas em títulos públicos federais;6.70
CLASSES - FIF;09.076.297/0001-43;;BTG PACTUAL MULTIMANAGER BBDC FI FINANCEIRO - CI MULT - RESP LIMITADA;2025-07-31;Títulos públicos federais;68.70
CLASSES - FIF;09.150.949/0001-42;;CSHG VERDE TM FUNDO DE INVESTIMENTO EM COTAS DE FIF MULTIMERCADO - RESPONSABILIDADE LIMITADA;2025-07-31;Cotas de Fundos de Investimento 555;100.00
CLASSES - FIF;09.150.949/0001-42;;CSHG VERDE TM FUNDO DE INVESTIMENTO EM COTAS DE FIF MULTIMERCADO - RESPONSABILIDADE LIMITADA;2025-07-31;Outros;0.02
CLASSES - FIF;09.238.487/0001-10;;TIVIO SOBERANO FI FINANCEIRO - CI RF - RESP LIMITADA;2025-07-31;Operações compromissadas lastreadas em títulos públicos federais;29.71
CLASSES - FIF;09.238.487/0001-10;;TIVIO SOBERANO FI FINANCEIRO - CI RF - RESP LIMITADA;2025-07-31;Títulos públicos federais;70.30
CLASSES - FIF;09.241.756/0001-05;;BRAM H VOLGA FI FINANCEIRO - CI RF LP - RESP LIMITADA;2025-07-31;Derivativos;2.96
CLASSES - FIF;09.241.756/0001-05;;BRAM H VOLGA FI FINANCEIRO - CI RF LP - RESP LIMITADA;2025-07-31;Operações compromissadas lastreadas em títulos públicos federais;65.27
CLASSES - FIF;09.241.756/0001-05;;BRAM H VOLGA FI FINANCEIRO - CI RF LP - RESP LIMITADA;2025-07-31;Títulos públicos federais;34.75
CLASSES - FIF;09.241.809/0001-80;;BRADESCO LONG AND SHORT FI FINANCEIRO - CI MULT - RESP LIMITADA;2025-07-31;Ações;12.42
CLASSES - FIF;09.241.809/0001-80;;BRADESCO LONG AND SHORT FI FINANCEIRO - CI MULT - RESP LIMITADA;2025-07-31;Cotas de fundos de investimento 409;4.27
CLASSES - FIF;09.241.809/0001-80;;BRADESCO LONG AND SHORT FI FINANCEIRO - CI MULT - RESP LIMITADA;2025-07-31;Derivativos;7.17
CLASSES - FIF;09.241.809/0001-80;;BRADESCO LONG AND SHORT FI FINANCEIRO - CI MULT - RESP LIMITADA;2025-07-31;Operações compromissadas lastreadas em títulos públicos federais;3.50
CLASSES - FIF;09.241.809/0001-80;;BRADESCO LONG AND SHORT FI FINANCEIRO - CI MULT - RESP LIMITADA;2025-07-31;Títulos públicos federais;90.30
CLASSES - FIF;09.274.058/0001-06;;DAYCOVAL MULTIESTRATÉGIA FUNDO DE INVESTIMENTO FINANCEIRO;2025-07-31;Derivativos;0.11
CLASSES - FIF;09.274.058/0001-06;;DAYCOVAL MULTIESTRATÉGIA FUNDO DE INVESTIMENTO FINANCEIRO;2025-07-31;Operações Compromissadas Lastreadas em Títulos Públicos Federais;15.33
CLASSES - FIF;09.274.058/0001-06;;DAYCOVAL MULTIESTRATÉGIA FUNDO DE INVESTIMENTO FINANCEIRO;2025-07-31;Outras Aplicações;0.03
CLASSES - FIF;09.274.058/0001-06;;DAYCOVAL MULTIESTRATÉGIA FUNDO DE INVESTIMENTO FINANCEIRO;2025-07-31;Outras Cotas de Fundos de Investimento;3.04
CLASSES - FIF;09.274.058/0001-06;;DAYCOVAL MULTIESTRATÉGIA FUNDO DE INVESTIMENTO FINANCEIRO;2025-07-31;Títulos Públicos Federais;81.86
CLASSES - FIF;09.289.134/0001-49;;GÁVEA MACRO II FIF - CLASSE DE INVESTIMENTO EM COTAS MULTIMERCADO - RESP LIMITADA;2025-07-31;Ações;6.11
CLASSES - FIF;09.289.134/0001-49;;GÁVEA MACRO II FIF - CLASSE DE INVESTIMENTO EM COTAS MULTIMERCADO - RESP LIMITADA;2025-07-31;Derivativos;10.34
CLASSES - FIF;09.289.134/0001-49;;GÁVEA MACRO II FIF - CLASSE DE INVESTIMENTO EM COTAS MULTIMERCADO - RESP LIMITADA;2025-07-31;Investimento no exterior;14.48
CLASSES - FIF;09.289.134/0001-49;;GÁVEA MACRO II FIF - CLASSE DE INVESTIMENTO EM COTAS MULTIMERCADO - RESP LIMITADA;2025-07-31;Operações compromissadas lastreadas em títulos públicos federais;24.78
CLASSES - FIF;09.289.134/0001-49;;GÁVEA MACRO II FIF - CLASSE DE INVESTIMENTO EM COTAS MULTIMERCADO - RESP LIMITADA;2025-07-31;Títulos públicos federais;55.61
CLASSES - FIF;09.298.405/0001-22;;BRADESCO FIF - CIC RF CRED PRIVADO HIGH YIELD - RESP LIMITADA;2025-07-31;Cotas de fundos de investimento 409;4.85
CLASSES - FIF;09.298.405/0001-22;;BRADESCO FIF - CIC RF CRED PRIVADO HIGH YIELD - RESP LIMITADA;2025-07-31;Depósitos a prazo e outros títulos de instituições financeiras;46.77
CLASSES - FIF;09.298.405/0001-22;;BRADESCO FIF - CIC RF CRED PRIVADO HIGH YIELD - RESP LIMITADA;2025-07-31;Operações compromissadas lastreadas em títulos públicos federais;19.39
CLASSES - FIF;09.298.405/0001-22;;BRADESCO FIF - CIC RF CRED PRIVADO HIGH YIELD - RESP LIMITADA;2025-07-31;Títulos de crédito privado;28.92
CLASSES - FIF;09.298.405/0001-22;;BRADESCO FIF - CIC RF CRED PRIVADO HIGH YIELD - RESP LIMITADA;2025-07-31;Títulos públicos federais;0.06
CLASSES - FIF;09.326.708/0001-01;;SUL AMÉRICA INFLATIE FIF - CLASSE DE INVESTIMENTO RENDA FIXA LONGO PRAZO - RESP LIMITADA;2025-07-31;Derivativos;15.87
CLASSES - FIF;09.326.708/0001-01;;SUL AMÉRICA INFLATIE FIF - CLASSE DE INVESTIMENTO RENDA FIXA LONGO PRAZO - RESP LIMITADA;2025-07-31;Operações compromissadas lastreadas em títulos públicos federais;10.98
CLASSES - FIF;09.326.708/0001-01;;SUL AMÉRICA INFLATIE FIF - CLASSE DE INVESTIMENTO RENDA FIXA LONGO PRAZO - RESP LIMITADA;2025-07-31;Títulos públicos federais;88.18
CLASSES - FIF;09.329.721/0001-14;;CS EVOLUTION DI MASTER FUNDO DE INVESTIMENTO FINANCEIRO RENDA FIXA REFERENCIADO - RESP LIMITADA;2025-07-31;Dep¿os a Prazo e Outros T¿los de Institui¿s Financeiras;19.87
CLASSES - FIF;09.329.721/0001-14;;CS EVOLUTION DI MASTER FUNDO DE INVESTIMENTO FINANCEIRO RENDA FIXA REFERENCIADO - RESP LIMITADA;2025-07-31;Outras Cotas de Fundos de Investimento;0.79
CLASSES - FIF;09.329.721/0001-14;;CS EVOLUTION DI MASTER FUNDO DE INVESTIMENTO FINANCEIRO RENDA FIXA REFERENCIADO - RESP LIMITADA;2025-07-31;Outros;11.48
CLASSES - FIF;09.329.721/0001-14;;CS EVOLUTION DI MASTER FUNDO DE INVESTIMENTO FINANCEIRO RENDA FIXA REFERENCIADO - RESP LIMITADA;2025-07-31;T¿los de Cr¿to Privado;19.64
CLASSES - FIF;09.329.721/0001-14;;CS EVOLUTION DI MASTER FUNDO DE INVESTIMENTO FINANCEIRO RENDA FIXA REFERENCIADO - RESP LIMITADA;2025-07-31;T¿los P¿blicos Federais;48.23
CLASSES - FIF;09.344.799/0001-08;;TIVIO INFLATION FI FINANCEIRO - CIC RF - RESP LIMITADA;2025-07-31;Operações compromissadas lastreadas em títulos públicos federais;2.06
CLASSES - FIF;09.344.799/0001-08;;TIVIO INFLATION FI FINANCEIRO - CIC RF - RESP LIMITADA;2025-07-31;Títulos públicos federais;98.08
CLASSES - FIF;09.352.825/0001-40;;TIVIO ALOCAÇÃO DÓLAR FIF - CLASSE DE INVESTIMENTO CAMBIAL - RESPONSABILIDADE LIMITADA;2025-07-31;Derivativos;99.09
CLASSES - FIF;09.352.825/0001-40;;TIVIO ALOCAÇÃO DÓLAR FIF - CLASSE DE INVESTIMENTO CAMBIAL - RESPONSABILIDADE LIMITADA;2025-07-31;Operações compromissadas lastreadas em títulos públicos federais;30.49
CLASSES - FIF;09.352.825/0001-40;;TIVIO ALOCAÇÃO DÓLAR FIF - CLASSE DE INVESTIMENTO CAMBIAL - RESPONSABILIDADE LIMITADA;2025-07-31;Títulos públicos federais;69.06
CLASSES - FIF;09.478.646/0001-53;;LSC FUNDO DE INVESTIMENTO MULTIMERCADO LONGO PRAZO;2025-07-31;Ações;9.76
CLASSES - FIF;09.478.646/0001-53;;LSC FUNDO DE INVESTIMENTO MULTIMERCADO LONGO PRAZO;2025-07-31;Operações compromissadas lastreadas em títulospúblicos federais;28.94
CLASSES - FIF;09.478.646/0001-53;;LSC FUNDO DE INVESTIMENTO MULTIMERCADO LONGO PRAZO;2025-07-31;Outras aplicações;14.50
CLASSES - FIF;09.478.646/0001-53;;LSC FUNDO DE INVESTIMENTO MULTIMERCADO LONGO PRAZO;2025-07-31;Títulos públicos federais;46.80
CLASSES - FIF;09.519.413/0001-51;;BRADESCO H FIF - CLASSE DE INVESTIMENTO RF REFERENCIADA DI HEALTH CARE - RESP LIMITADA;2025-07-31;Operações compromissadas lastreadas em títulos públicos federais;11.97
CLASSES - FIF;09.519.413/0001-51;;BRADESCO H FIF - CLASSE DE INVESTIMENTO RF REFERENCIADA DI HEALTH CARE - RESP LIMITADA;2025-07-31;Títulos públicos federais;87.94
CLASSES - FIF;09.522.470/0001-90;;BRADESCO H FIF - CLASSE DE INVESTIMENTO RF LP PREÇOS - RESP LIMITADA;2025-07-31;Depósitos a prazo e outros títulos de instituições financeiras;3.59
CLASSES - FIF;09.522.470/0001-90;;BRADESCO H FIF - CLASSE DE INVESTIMENTO RF LP PREÇOS - RESP LIMITADA;2025-07-31;Derivativos;3.65
CLASSES - FIF;09.522.470/0001-90;;BRADESCO H FIF - CLASSE DE INVESTIMENTO RF LP PREÇOS - RESP LIMITADA;2025-07-31;Operações compromissadas lastreadas em títulos públicos federais;0.63
CLASSES - FIF;09.522.470/0001-90;;BRADESCO H FIF - CLASSE DE INVESTIMENTO RF LP PREÇOS - RESP LIMITADA;2025-07-31;Títulos públicos federais;95.85
CLASSES - FIF;09.522.705/0001-43;;BRADESCO H HEALTH CARE PLUS FIF - CLASSE DE INVESTIMENTO RENDA FIXA CRÉDITO PRIVADO - RESP LIMITADA;2025-07-31;Cotas de fundos de investimento 409;1.25
CLASSES - FIF;09.522.705/0001-43;;BRADESCO H HEALTH CARE PLUS FIF - CLASSE DE INVESTIMENTO RENDA FIXA CRÉDITO PRIVADO - RESP LIMITADA;2025-07-31;Depósitos a prazo e outros títulos de instituições financeiras;47.24
CLASSES - FIF;09.522.705/0001-43;;BRADESCO H HEALTH CARE PLUS FIF - CLASSE DE INVESTIMENTO RENDA FIXA CRÉDITO PRIVADO - RESP LIMITADA;2025-07-31;Operações compromissadas lastreadas em títulos públicos federais;17.48
CLASSES - FIF;09.522.705/0001-43;;BRADESCO H HEALTH CARE PLUS FIF - CLASSE DE INVESTIMENTO RENDA FIXA CRÉDITO PRIVADO - RESP LIMITADA;2025-07-31;Títulos de crédito privado;15.92
CLASSES - FIF;09.522.705/0001-43;;BRADESCO H HEALTH CARE PLUS FIF - CLASSE DE INVESTIMENTO RENDA FIXA CRÉDITO PRIVADO - RESP LIMITADA;2025-07-31;Títulos públicos federais;17.86
CLASSES - FIF;09.525.418/0001-97;;SICOOB ANS FUNDO DE INVESTIMENTO FINANCEIRO RENDA FIXA;2025-07-31;Operações compromissadas lastreadas em títulos públicos federais;1.67
CLASSES - FIF;09.525.418/0001-97;;SICOOB ANS FUNDO DE INVESTIMENTO FINANCEIRO RENDA FIXA;2025-07-31;Títulos públicos federais;98.33
CLASSES - FIF;09.528.698/0001-97;;BAHIA AM FIF - CLASSE DE INVESTIMENTO EM COTAS MULTIMERCADO - RESP LIMITADA;2025-07-31;Derivativos;0.04
CLASSES - FIF;09.528.698/0001-97;;BAHIA AM FIF - CLASSE DE INVESTIMENTO EM COTAS MULTIMERCADO - RESP LIMITADA;2025-07-31;Investimento no exterior;7.70
CLASSES - FIF;09.528.698/0001-97;;BAHIA AM FIF - CLASSE DE INVESTIMENTO EM COTAS MULTIMERCADO - RESP LIMITADA;2025-07-31;Operações compromissadas lastreadas em títulos públicos federais;-22.56
CLASSES - FIF;09.528.698/0001-97;;BAHIA AM FIF - CLASSE DE INVESTIMENTO EM COTAS MULTIMERCADO - RESP LIMITADA;2025-07-31;Títulos públicos federais;114.19
CLASSES - FIF;09.543.255/0001-75;;RIO BRAVO FI FINANCEIRO - CI RF CRED PRIV - RESP LIMITADA;2025-07-31;Cotas de fundos de investimento 409;12.46
CLASSES - FIF;09.543.255/0001-75;;RIO BRAVO FI FINANCEIRO - CI RF CRED PRIV - RESP LIMITADA;2025-07-31;Depósitos a prazo e outros títulos de instituições financeiras;26.48
CLASSES - FIF;09.543.255/0001-75;;RIO BRAVO FI FINANCEIRO - CI RF CRED PRIV - RESP LIMITADA;2025-07-31;Operações compromissadas lastreadas em títulos públicos federais;21.40
CLASSES - FIF;09.543.255/0001-75;;RIO BRAVO FI FINANCEIRO - CI RF CRED PRIV - RESP LIMITADA;2025-07-31;Títulos de crédito privado;24.88
CLASSES - FIF;09.543.255/0001-75;;RIO BRAVO FI FINANCEIRO - CI RF CRED PRIV - RESP LIMITADA;2025-07-31;Títulos públicos federais;14.85
CLASSES - FIF;09.550.197/0001-07;;4UM SMALL CAPS FIF - CLASSE DE INVESTIMENTO EM AÇÕES - RESP LIMITADA;2025-07-31;Ações;91.89
CLASSES - FIF;09.550.197/0001-07;;4UM SMALL CAPS FIF - CLASSE DE INVESTIMENTO EM AÇÕES - RESP LIMITADA;2025-07-31;Operações compromissadas lastreadas em títulos públicos federais;7.46
CLASSES - FIF;09.564.065/0001-34;;BRAM FIF - CLASSE DE INVESTIMENTO EM AÇÕES IBRX ATIVO - RESP LIMITADA;2025-07-31;Ações;96.73
CLASSES - FIF;09.564.065/0001-34;;BRAM FIF - CLASSE DE INVESTIMENTO EM AÇÕES IBRX ATIVO - RESP LIMITADA;2025-07-31;Cotas de fundos de investimento 409;0.02
CLASSES - FIF;09.564.065/0001-34;;BRAM FIF - CLASSE DE INVESTIMENTO EM AÇÕES IBRX ATIVO - RESP LIMITADA;2025-07-31;Derivativos;2.10
CLASSES - FIF;09.564.065/0001-34;;BRAM FIF - CLASSE DE INVESTIMENTO EM AÇÕES IBRX ATIVO - RESP LIMITADA;2025-07-31;Operações compromissadas lastreadas em títulos públicos federais;4.25
CLASSES - FIF;09.564.069/0001-12;;BRADESCO CORPORATE FUNDO DE INVESTIMENTO EM COTAS FIF RF REFERENCIADA DI FEDERAL - RESP LIMITADA;2025-07-31;Operações compromissadas lastreadas em títulos públicos federais;27.24
CLASSES - FIF;09.564.069/0001-12;;BRADESCO CORPORATE FUNDO DE INVESTIMENTO EM COTAS FIF RF REFERENCIADA DI FEDERAL - RESP LIMITADA;2025-07-31;Títulos públicos federais;72.77
CLASSES - FIF;09.591.381/0001-03;;CS EVOLUTION DI MAX PRIVATE FUNDO DE INVESTIMENTO EM COTAS DE FIF RENDA FIXA REF RESP LIMITADA;2025-07-31;Outras Cotas de Fundos de Investimento;100.01
CLASSES - FIF;09.591.381/0001-03;;CS EVOLUTION DI MAX PRIVATE FUNDO DE INVESTIMENTO EM COTAS DE FIF RENDA FIXA REF RESP LIMITADA;2025-07-31;Outros;0.00
CLASSES - FIF;09.594.596/0001-70;;BANESTES IMA-B TÍTULOS PÚBLICOS FIF RENDA FIXA RESPONSABILIDADE LIMITADA;2025-07-31;Derivativos;-0.04
CLASSES - FIF;09.594.596/0001-70;;BANESTES IMA-B TÍTULOS PÚBLICOS FIF RENDA FIXA RESPONSABILIDADE LIMITADA;2025-07-31;Operações compromissadas lastreadas em títulos públicos federais;11.33
CLASSES - FIF;09.594.596/0001-70;;BANESTES IMA-B TÍTULOS PÚBLICOS FIF RENDA FIXA RESPONSABILIDADE LIMITADA;2025-07-31;Títulos públicos federais;88.70
CLASSES - FIF;09.599.346/0001-22;;4UM MARLIM DIVIDENDOS FIF - CLASSE DE INVESTIMENTO EM AÇÕES - RESP LIMITADA;2025-07-31;Ações;94.62
CLASSES - FIF;09.599.346/0001-22;;4UM MARLIM DIVIDENDOS FIF - CLASSE DE INVESTIMENTO EM AÇÕES - RESP LIMITADA;2025-07-31;Operações compromissadas lastreadas em títulos públicos federais;2.61
CLASSES - FIF;09.635.130/0001-75;;BAHIA AM VALUATION MASTER FIF - CLASSE DE INVESTIMENTO EM AÇÕES - RESP LIMITADA;2025-07-31;Ações;81.79
CLASSES - FIF;09.635.130/0001-75;;BAHIA AM VALUATION MASTER FIF - CLASSE DE INVESTIMENTO EM AÇÕES - RESP LIMITADA;2025-07-31;Cotas de fundos de investimento 409;1.99
CLASSES - FIF;09.635.130/0001-75;;BAHIA AM VALUATION MASTER FIF - CLASSE DE INVESTIMENTO EM AÇÕES - RESP LIMITADA;2025-07-31;Derivativos;6.97
CLASSES - FIF;09.635.130/0001-75;;BAHIA AM VALUATION MASTER FIF - CLASSE DE INVESTIMENTO EM AÇÕES - RESP LIMITADA;2025-07-31;Operações compromissadas lastreadas em títulos públicos federais;28.77
CLASSES - FIF;09.635.172/0001-06;;BAHIA AM VALUATION FIF - CLASSE DE INVESTIMENTO EM COTAS EM AÇÕES - RESP LIMITADA;2025-07-31;Ações;81.89
CLASSES - FIF;09.635.172/0001-06;;BAHIA AM VALUATION FIF - CLASSE DE INVESTIMENTO EM COTAS EM AÇÕES - RESP LIMITADA;2025-07-31;Cotas de fundos de investimento 409;1.99
CLASSES - FIF;09.635.172/0001-06;;BAHIA AM VALUATION FIF - CLASSE DE INVESTIMENTO EM COTAS EM AÇÕES - RESP LIMITADA;2025-07-31;Derivativos;6.98
CLASSES - FIF;09.635.172/0001-06;;BAHIA AM VALUATION FIF - CLASSE DE INVESTIMENTO EM COTAS EM AÇÕES - RESP LIMITADA;2025-07-31;Operações compromissadas lastreadas em títulos públicos federais;28.87
CLASSES - FIF;09.636.818/0001-70;;CSHG SOBERANO EXCLUSIVO FUNDO DE INVESTIMENTO EM COTAS DE FIF RF REFERENCIADO DI - RESP LIMITADA;2025-07-31;Outras Cotas de Fundos de Investimento;100.00
CLASSES - FIF;09.636.818/0001-70;;CSHG SOBERANO EXCLUSIVO FUNDO DE INVESTIMENTO EM COTAS DE FIF RF REFERENCIADO DI - RESP LIMITADA;2025-07-31;Outros;0.00
CLASSES - FIF;09.639.909/0001-69;;CSHG SOBERANO PRIVATE I FUNDO DE INVESTIMENTO EM COTAS DE FIF RENDA FIXA REF DI - RESP LIMITADA;2025-07-31;Outras Cotas de Fundos de Investimento;100.01
CLASSES - FIF;09.639.909/0001-69;;CSHG SOBERANO PRIVATE I FUNDO DE INVESTIMENTO EM COTAS DE FIF RENDA FIXA REF DI - RESP LIMITADA;2025-07-31;Outros;0.00
CLASSES - FIF;09.639.924/0001-07;;CSHG SOBERANO MASTER FUNDO DE INVESTIMENTO FINANCEIRO RENDA FIXA REFERENCIADO DI - RESP LIMITADA;2025-07-31;Outros;17.33
CLASSES - FIF;09.639.924/0001-07;;CSHG SOBERANO MASTER FUNDO DE INVESTIMENTO FINANCEIRO RENDA FIXA REFERENCIADO DI - RESP LIMITADA;2025-07-31;T¿los P¿blicos Federais;82.67
FI;09.720.710/0001-60;;INTER CONSERVADOR PLUS FIF RENDA FIXA CRÉDITO PRIVADO LONGO PRAZO RESP LIMITADA;2025-07-31;Depósitos a Prazo e Outros Títulos de Instituições Financeiras;17.65
FI;09.720.710/0001-60;;INTER CONSERVADOR PLUS FIF RENDA FIXA CRÉDITO PRIVADO LONGO PRAZO RESP LIMITADA;2025-07-31;Derivativos;6.51
FI;09.720.710/0001-60;;INTER CONSERVADOR PLUS FIF RENDA FIXA CRÉDITO PRIVADO LONGO PRAZO RESP LIMITADA;2025-07-31;Operações Compromissadas Lastreadas em Títulos Públicos Federais;14.85
FI;09.720.710/0001-60;;INTER CONSERVADOR PLUS FIF RENDA FIXA CRÉDITO PRIVADO LONGO PRAZO RESP LIMITADA;2025-07-31;Títulos de Crédito Privado;28.90
FI;09.720.710/0001-60;;INTER CONSERVADOR PLUS FIF RENDA FIXA CRÉDITO PRIVADO LONGO PRAZO RESP LIMITADA;2025-07-31;Títulos Públicos Federais;30.33
CLASSES - FIF;10.158.171/0001-05;;SAFARI 30 FUNDO DE INVESTIMENTO EM COTAS DE FIF MULTIMERCADO - RESPONSABILIDADE LIMITADA;2025-07-31;Cotas de Fundos de Investimento 555;100.17
CLASSES - FIF;10.158.171/0001-05;;SAFARI 30 FUNDO DE INVESTIMENTO EM COTAS DE FIF MULTIMERCADO - RESPONSABILIDADE LIMITADA;2025-07-31;Outros;0.01
CLASSES - FIF;10.199.934/0001-58;;BANRISUL DIVIDENDOS FUNDO DE INVESTIMENTO FINANCEIRO EM AÇÕES RESPONSABILIDADE LIMITADA;2025-07-31;AÇÕES;95.83
CLASSES - FIF;10.199.934/0001-58;;BANRISUL DIVIDENDOS FUNDO DE INVESTIMENTO FINANCEIRO EM AÇÕES RESPONSABILIDADE LIMITADA;2025-07-31;OPERAÇÕES COMPROMISSADAS LASTREADAS EM TÍTULOS PÚBLICOS FEDERAIS;2.61
CLASSES - FIF;10.295.477/0001-03;;KONDOR MASTER FI FINANCEIRO - CI MULT - RESP LIMITADA;2025-07-31;Ações;6.73
CLASSES - FIF;10.295.477/0001-03;;KONDOR MASTER FI FINANCEIRO - CI MULT - RESP LIMITADA;2025-07-31;Cotas de fundos de investimento 409;5.73
CLASSES - FIF;10.295.477/0001-03;;KONDOR MASTER FI FINANCEIRO - CI MULT - RESP LIMITADA;2025-07-31;Investimento no exterior;11.93
CLASSES - FIF;10.295.477/0001-03;;KONDOR MASTER FI FINANCEIRO - CI MULT - RESP LIMITADA;2025-07-31;Operações compromissadas lastreadas em títulos públicos federais;0.90
CLASSES - FIF;10.295.477/0001-03;;KONDOR MASTER FI FINANCEIRO - CI MULT - RESP LIMITADA;2025-07-31;Títulos públicos federais;74.89
CLASSES - FIF;10.342.116/0001-62;;TIVIO IRF-M1+ FIF - CLASSE DE  INVESTIMENTO RENDA FIXA - RESPONSABILIDADE LIMITADA;2025-07-31;Derivativos;30.50
CLASSES - FIF;10.342.116/0001-62;;TIVIO IRF-M1+ FIF - CLASSE DE  INVESTIMENTO RENDA FIXA - RESPONSABILIDADE LIMITADA;2025-07-31;Operações compromissadas lastreadas em títulos públicos federais;10.41
CLASSES - FIF;10.342.116/0001-62;;TIVIO IRF-M1+ FIF - CLASSE DE  INVESTIMENTO RENDA FIXA - RESPONSABILIDADE LIMITADA;2025-07-31;Títulos públicos federais;89.74
CLASSES - FIF;10.347.453/0001-42;;TIVIO ALOCAÇÃO INFLAÇÃO FI FINANCEIRO - CI RF - RESP LIMITADA;2025-07-31;Operações compromissadas lastreadas em títulos públicos federais;2.06
CLASSES - FIF;10.347.453/0001-42;;TIVIO ALOCAÇÃO INFLAÇÃO FI FINANCEIRO - CI RF - RESP LIMITADA;2025-07-31;Títulos públicos federais;98.11
CLASSES - FIF;10.347.493/0001-94;;TIVIO BANKS RENDA FIXA CRÉDITO PRIVADO FUNDO DE INVESTIMENTO FINANCEIRO - RESPONSABILIDADE LIMITADA;2025-07-31;Depósitos a prazo e outros títulos de instituições financeiras;79.82
CLASSES - FIF;10.347.493/0001-94;;TIVIO BANKS RENDA FIXA CRÉDITO PRIVADO FUNDO DE INVESTIMENTO FINANCEIRO - RESPONSABILIDADE LIMITADA;2025-07-31;Operações compromissadas lastreadas em títulos públicos federais;13.85
CLASSES - FIF;10.347.493/0001-94;;TIVIO BANKS RENDA FIXA CRÉDITO PRIVADO FUNDO DE INVESTIMENTO FINANCEIRO - RESPONSABILIDADE LIMITADA;2025-07-31;Títulos públicos federais;6.37
CLASSES - FIF;10.435.467/0001-18;;SHARP MULTIMANAGER BBDC FI FINANCEIRO - CI MULT - RESP LIMITADA;2025-07-31;Ações;62.60
CLASSES - FIF;10.435.467/0001-18;;SHARP MULTIMANAGER BBDC FI FINANCEIRO - CI MULT - RESP LIMITADA;2025-07-31;Derivativos;-22.36
CLASSES - FIF;10.435.467/0001-18;;SHARP MULTIMANAGER BBDC FI FINANCEIRO - CI MULT - RESP LIMITADA;2025-07-31;Operações compromissadas lastreadas em títulos públicos federais;14.14
CLASSES - FIF;10.435.467/0001-18;;SHARP MULTIMANAGER BBDC FI FINANCEIRO - CI MULT - RESP LIMITADA;2025-07-31;Títulos públicos federais;53.86
CLASSES - FIF;10.590.147/0001-32;;BRAM INSTITUCIONAL IMA GERAL EX-C FI FINANCEIRO - CI RF - RESP LIMITADA;2025-07-31;Derivativos;21.39
CLASSES - FIF;10.590.147/0001-32;;BRAM INSTITUCIONAL IMA GERAL EX-C FI FINANCEIRO - CI RF - RESP LIMITADA;2025-07-31;Operações compromissadas lastreadas em títulos públicos federais;8.66
CLASSES - FIF;10.590.147/0001-32;;BRAM INSTITUCIONAL IMA GERAL EX-C FI FINANCEIRO - CI RF - RESP LIMITADA;2025-07-31;Títulos públicos federais;91.35
CLASSES - FIF;10.601.349/0001-32;;BRAM FIF - CLASSE DE INVESTIMENTO RENDA FIXA SIMPLES FEDERAL II - RESP LIMITADA;2025-07-31;Operações compromissadas lastreadas em títulos públicos federais;29.21
CLASSES - FIF;10.601.349/0001-32;;BRAM FIF - CLASSE DE INVESTIMENTO RENDA FIXA SIMPLES FEDERAL II - RESP LIMITADA;2025-07-31;Títulos públicos federais;70.79
CLASSES - FIF;10.601.479/0001-75;;BRADESCO FIF - CLASSE DE INVESTIMENTO EM AÇÕES BRADESCO - RESP LIMITADA;2025-07-31;Ações;95.83
CLASSES - FIF;10.601.479/0001-75;;BRADESCO FIF - CLASSE DE INVESTIMENTO EM AÇÕES BRADESCO - RESP LIMITADA;2025-07-31;Operações compromissadas lastreadas em títulos públicos federais;2.50
CLASSES - FIF;10.608.762/0001-29;;PERFIN FORESIGHT INSTITUCIONAL FIF - CLASSE DE INVESTIMENTO EM COTAS DE AÇÕES - RESP  LIMITADA;2025-07-31;Ações;97.03
CLASSES - FIF;10.608.762/0001-29;;PERFIN FORESIGHT INSTITUCIONAL FIF - CLASSE DE INVESTIMENTO EM COTAS DE AÇÕES - RESP  LIMITADA;2025-07-31;Operações compromissadas lastreadas em títulos públicos federais;2.90
CLASSES - FIF;10.756.541/0001-06;;ICATU VANGUARDA INFLAÇÃO LONGA FIF - CLASSE DE INVESTIMENTO RENDA FIXA LP - RESP LIMITADA;2025-07-31;Operações compromissadas lastreadas em títulos públicos federais;0.16
CLASSES - FIF;10.756.541/0001-06;;ICATU VANGUARDA INFLAÇÃO LONGA FIF - CLASSE DE INVESTIMENTO RENDA FIXA LP - RESP LIMITADA;2025-07-31;Títulos públicos federais;100.42
CLASSES - FIF;10.756.556/0001-66;;ICATU VANGUARDA GOLD FIF - CLASSE DE INVESTIMENTO RENDA FIXA LONGO PRAZO - RESP  LIMITADA;2025-07-31;Cotas de fundos de investimento 409;9.77
CLASSES - FIF;10.756.556/0001-66;;ICATU VANGUARDA GOLD FIF - CLASSE DE INVESTIMENTO RENDA FIXA LONGO PRAZO - RESP  LIMITADA;2025-07-31;Depósitos a prazo e outros títulos de instituições financeiras;15.02
CLASSES - FIF;10.756.556/0001-66;;ICATU VANGUARDA GOLD FIF - CLASSE DE INVESTIMENTO RENDA FIXA LONGO PRAZO - RESP  LIMITADA;2025-07-31;Operações compromissadas lastreadas em títulos públicos federais;11.21
CLASSES - FIF;10.756.556/0001-66;;ICATU VANGUARDA GOLD FIF - CLASSE DE INVESTIMENTO RENDA FIXA LONGO PRAZO - RESP  LIMITADA;2025-07-31;Títulos de crédito privado;6.99
CLASSES - FIF;10.756.556/0001-66;;ICATU VANGUARDA GOLD FIF - CLASSE DE INVESTIMENTO RENDA FIXA LONGO PRAZO - RESP  LIMITADA;2025-07-31;Títulos públicos federais;57.07
CLASSES - FIF;10.756.685/0001-54;;PRÓPRIO CAPITAL FUNDO DE INVESTIMENTO FINANCEIRO;2025-07-31;Ações;63.34
CLASSES - FIF;10.756.685/0001-54;;PRÓPRIO CAPITAL FUNDO DE INVESTIMENTO FINANCEIRO;2025-07-31;Cotas de Fundos de Índice de Renda Variável;27.98
CLASSES - FIF;10.756.685/0001-54;;PRÓPRIO CAPITAL FUNDO DE INVESTIMENTO FINANCEIRO;2025-07-31;Operações Compromissadas Lastreadas em Títulos Públicos Federais;3.63
CLASSES - FIF;10.756.685/0001-54;;PRÓPRIO CAPITAL FUNDO DE INVESTIMENTO FINANCEIRO;2025-07-31;Outras Aplicações;0.06
CLASSES - FIF;10.783.480/0001-68;;DAYCOVAL CLASSIC FUNDO DE INVESTIMENTO EM COTAS DE FIF RENDA FIXA CRÉDITO PRIVADO;2025-07-31;Cotas de Fundos de Investimento 409;100.01
CLASSES - FIF;10.783.480/0001-68;;DAYCOVAL CLASSIC FUNDO DE INVESTIMENTO EM COTAS DE FIF RENDA FIXA CRÉDITO PRIVADO;2025-07-31;Operações Compromissadas Lastreadas em Títulos Públicos Federais;0.03
CLASSES - FIF;10.783.480/0001-68;;DAYCOVAL CLASSIC FUNDO DE INVESTIMENTO EM COTAS DE FIF RENDA FIXA CRÉDITO PRIVADO;2025-07-31;Outras Aplicações;0.14
CLASSES - FIF;10.813.716/0001-61;;BRADESCO H PERFORMANCE INSTITUCIONAL FI FINANCEIRO - CI RF CRED PRIV LP - RESP LIMITADA;2025-07-31;Cotas de fundos de investimento 409;2.07
CLASSES - FIF;10.813.716/0001-61;;BRADESCO H PERFORMANCE INSTITUCIONAL FI FINANCEIRO - CI RF CRED PRIV LP - RESP LIMITADA;2025-07-31;Depósitos a prazo e outros títulos de instituições financeiras;28.54
CLASSES - FIF;10.813.716/0001-61;;BRADESCO H PERFORMANCE INSTITUCIONAL FI FINANCEIRO - CI RF CRED PRIV LP - RESP LIMITADA;2025-07-31;Operações compromissadas lastreadas em títulos públicos federais;35.99
CLASSES - FIF;10.813.716/0001-61;;BRADESCO H PERFORMANCE INSTITUCIONAL FI FINANCEIRO - CI RF CRED PRIV LP - RESP LIMITADA;2025-07-31;Títulos de crédito privado;31.08
CLASSES - FIF;10.813.716/0001-61;;BRADESCO H PERFORMANCE INSTITUCIONAL FI FINANCEIRO - CI RF CRED PRIV LP - RESP LIMITADA;2025-07-31;Títulos públicos federais;1.52
CLASSES - FIF;10.841.477/0001-53;;ICATU VANGUARDA MULTIESTRATÉGIA ARROJADO FIF CIC MULTIMERCADO CRED PRIV - RESP LIMITADA;2025-07-31;Ações;25.22
CLASSES - FIF;10.841.477/0001-53;;ICATU VANGUARDA MULTIESTRATÉGIA ARROJADO FIF CIC MULTIMERCADO CRED PRIV - RESP LIMITADA;2025-07-31;Cotas de fundos de investimento 409;24.11
CLASSES - FIF;10.841.477/0001-53;;ICATU VANGUARDA MULTIESTRATÉGIA ARROJADO FIF CIC MULTIMERCADO CRED PRIV - RESP LIMITADA;2025-07-31;Operações compromissadas lastreadas em títulos públicos federais;9.37
CLASSES - FIF;10.841.477/0001-53;;ICATU VANGUARDA MULTIESTRATÉGIA ARROJADO FIF CIC MULTIMERCADO CRED PRIV - RESP LIMITADA;2025-07-31;Títulos de crédito privado;7.42
CLASSES - FIF;10.841.477/0001-53;;ICATU VANGUARDA MULTIESTRATÉGIA ARROJADO FIF CIC MULTIMERCADO CRED PRIV - RESP LIMITADA;2025-07-31;Títulos públicos federais;25.44
CLASSES - FIF;10.922.432/0001-03;;ICATU VANGUARDA INFLAÇÃO CURTA FIF - CLASSE DE INVESTIMENTO RENDA FIXA LONGO PRAZO - RESP LIMITADA;2025-07-31;Operações compromissadas lastreadas em títulos públicos federais;0.13
CLASSES - FIF;10.922.432/0001-03;;ICATU VANGUARDA INFLAÇÃO CURTA FIF - CLASSE DE INVESTIMENTO RENDA FIXA LONGO PRAZO - RESP LIMITADA;2025-07-31;Títulos públicos federais;100.46
CLASSES - FIF;10.922.627/0001-53;;PRIVATE STOCKS FUNDO DE INVESTIMENTO DE AÇÕES RESPONSABILIDADE LIMITADA;2025-07-31;Ações;139.42
CLASSES - FIF;10.922.627/0001-53;;PRIVATE STOCKS FUNDO DE INVESTIMENTO DE AÇÕES RESPONSABILIDADE LIMITADA;2025-07-31;Operações compromissadas lastreadas em títulospúblicos federais;1.81
CLASSES - FIF;10.922.627/0001-53;;PRIVATE STOCKS FUNDO DE INVESTIMENTO DE AÇÕES RESPONSABILIDADE LIMITADA;2025-07-31;Outras aplicações;-41.22
CLASSES - FIF;10.986.880/0001-70;;BRADESCO INSTITUCIONAL IMA-B TÍTULOS PÚBLICOS FI FINANCEIRO - CIC RF - RESP LIMITADA;2025-07-31;Operações compromissadas lastreadas em títulos públicos federais;0.09
CLASSES - FIF;10.986.880/0001-70;;BRADESCO INSTITUCIONAL IMA-B TÍTULOS PÚBLICOS FI FINANCEIRO - CIC RF - RESP LIMITADA;2025-07-31;Títulos públicos federais;99.92
CLASSES - FIF;11.016.883/0001-44;;BRAM IMA GERAL FI FINANCEIRO - CI RF - RESP LIMITADA;2025-07-31;Derivativos;1.79
CLASSES - FIF;11.016.883/0001-44;;BRAM IMA GERAL FI FINANCEIRO - CI RF - RESP LIMITADA;2025-07-31;Operações compromissadas lastreadas em títulos públicos federais;10.72
CLASSES - FIF;11.016.883/0001-44;;BRAM IMA GERAL FI FINANCEIRO - CI RF - RESP LIMITADA;2025-07-31;Títulos públicos federais;89.27
CLASSES - FIF;11.077.933/0001-01;;KONDOR MASTER CASH FI FINANCEIRO - CI MULT - RESP LIMITADA;2025-07-31;Títulos públicos federais;99.95
CLASSES - FIF;11.182.064/0001-77;;CONSTÂNCIA FUNDAMENTO FUNDO DE INVESTIMENTO FINANCEIRO;2025-07-31;Ações;93.35
CLASSES - FIF;11.182.064/0001-77;;CONSTÂNCIA FUNDAMENTO FUNDO DE INVESTIMENTO FINANCEIRO;2025-07-31;Operações compromissadas lastreadas em títulos públicos federais;3.57
CLASSES - FIF;11.225.767/0001-35;;STUDIO INSTITUCIONAL FI FINANCEIRO - CIC EM AÇÕES - RESP LIMITADA;2025-07-31;Ações;94.26
CLASSES - FIF;11.225.767/0001-35;;STUDIO INSTITUCIONAL FI FINANCEIRO - CIC EM AÇÕES - RESP LIMITADA;2025-07-31;Investimento no exterior;2.03
CLASSES - FIF;11.225.767/0001-35;;STUDIO INSTITUCIONAL FI FINANCEIRO - CIC EM AÇÕES - RESP LIMITADA;2025-07-31;Operações compromissadas lastreadas em títulos públicos federais;2.44
CLASSES - FIF;11.232.995/0001-32;;BRADESCO H IBOVESPA REGIMES DE PREVIDÊNCIA FI FINANCEIRO - CIC EM AÇÕES - RESP LIMITADA;2025-07-31;Ações;9.67
CLASSES - FIF;11.232.995/0001-32;;BRADESCO H IBOVESPA REGIMES DE PREVIDÊNCIA FI FINANCEIRO - CIC EM AÇÕES - RESP LIMITADA;2025-07-31;Cotas de fundos de investimento 409;79.63
CLASSES - FIF;11.232.995/0001-32;;BRADESCO H IBOVESPA REGIMES DE PREVIDÊNCIA FI FINANCEIRO - CIC EM AÇÕES - RESP LIMITADA;2025-07-31;Derivativos;10.23
CLASSES - FIF;11.232.995/0001-32;;BRADESCO H IBOVESPA REGIMES DE PREVIDÊNCIA FI FINANCEIRO - CIC EM AÇÕES - RESP LIMITADA;2025-07-31;Operações compromissadas lastreadas em títulos públicos federais;7.59
CLASSES - FIF;11.232.995/0001-32;;BRADESCO H IBOVESPA REGIMES DE PREVIDÊNCIA FI FINANCEIRO - CIC EM AÇÕES - RESP LIMITADA;2025-07-31;Títulos públicos federais;4.43
CLASSES - FIF;11.245.687/0001-41;;VINCI REF DI FI FINANCEIRO - CI RF REFERENCIADA DI - RESP LIMITADA;2025-07-31;Operações compromissadas lastreadas em títulos públicos federais;5.97
CLASSES - FIF;11.245.687/0001-41;;VINCI REF DI FI FINANCEIRO - CI RF REFERENCIADA DI - RESP LIMITADA;2025-07-31;Títulos públicos federais;94.07
CLASSES - FIF;11.286.540/0001-08;;STUDIO MASTER FI FINANCEIRO - CIA - RESP LIMITADA;2025-07-31;Ações;94.18
CLASSES - FIF;11.286.540/0001-08;;STUDIO MASTER FI FINANCEIRO - CIA - RESP LIMITADA;2025-07-31;Investimento no exterior;2.03
CLASSES - FIF;11.286.540/0001-08;;STUDIO MASTER FI FINANCEIRO - CIA - RESP LIMITADA;2025-07-31;Operações compromissadas lastreadas em títulos públicos federais;2.43
CLASSES - FIF;11.311.874/0001-86;;BANRISUL SOBERANO FUNDO DE INVESTIMENTO FINANCEIRO RENDA FIXA SIMPLES LONGO PRAZO RESP LIMITADA;2025-07-31;OPERAÇÕES COMPROMISSADAS LASTREADAS EM TÍTULOS PÚBLICOS FEDERAIS;15.81
CLASSES - FIF;11.311.874/0001-86;;BANRISUL SOBERANO FUNDO DE INVESTIMENTO FINANCEIRO RENDA FIXA SIMPLES LONGO PRAZO RESP LIMITADA;2025-07-31;TÍTULOS PÚBLICOS FEDERAIS;84.22
CLASSES - FIF;11.435.287/0001-07;;MAG FUNDO DE INVESTIMENTO FINANCEIRO - CLASSE DE  INVESTIMENTO RENDA FIXA - RESP LIMITADATA;2025-07-31;Depósitos a prazo e outros títulos de instituições financeiras;11.27
CLASSES - FIF;11.435.287/0001-07;;MAG FUNDO DE INVESTIMENTO FINANCEIRO - CLASSE DE  INVESTIMENTO RENDA FIXA - RESP LIMITADATA;2025-07-31;Derivativos;0.16
CLASSES - FIF;11.435.287/0001-07;;MAG FUNDO DE INVESTIMENTO FINANCEIRO - CLASSE DE  INVESTIMENTO RENDA FIXA - RESP LIMITADATA;2025-07-31;Operações compromissadas lastreadas em títulos públicos federais;11.03
CLASSES - FIF;11.435.287/0001-07;;MAG FUNDO DE INVESTIMENTO FINANCEIRO - CLASSE DE  INVESTIMENTO RENDA FIXA - RESP LIMITADATA;2025-07-31;Títulos de crédito privado;21.55
CLASSES - FIF;11.435.287/0001-07;;MAG FUNDO DE INVESTIMENTO FINANCEIRO - CLASSE DE  INVESTIMENTO RENDA FIXA - RESP LIMITADATA;2025-07-31;Títulos públicos federais;56.19
CLASSES - FIF;11.458.144/0001-02;;SUL AMÉRICA EQUITIES FIF - CLASSE DE INVESTIMENTO EM AÇÕES - RESP LIMITADA;2025-07-31;Ações;84.51
CLASSES - FIF;11.458.144/0001-02;;SUL AMÉRICA EQUITIES FIF - CLASSE DE INVESTIMENTO EM AÇÕES - RESP LIMITADA;2025-07-31;Derivativos;11.55
CLASSES - FIF;11.458.144/0001-02;;SUL AMÉRICA EQUITIES FIF - CLASSE DE INVESTIMENTO EM AÇÕES - RESP LIMITADA;2025-07-31;Operações compromissadas lastreadas em títulos públicos federais;14.93
CLASSES - FIF;11.484.558/0001-06;;BRADESCO FIF - CLASSE DE INVESTIMENTO RF IRF-M 1 TÍTULOS PÚBLICOS - RESP LIMITADA;2025-07-31;Derivativos;22.10
CLASSES - FIF;11.484.558/0001-06;;BRADESCO FIF - CLASSE DE INVESTIMENTO RF IRF-M 1 TÍTULOS PÚBLICOS - RESP LIMITADA;2025-07-31;Operações compromissadas lastreadas em títulos públicos federais;4.18
CLASSES - FIF;11.484.558/0001-06;;BRADESCO FIF - CLASSE DE INVESTIMENTO RF IRF-M 1 TÍTULOS PÚBLICOS - RESP LIMITADA;2025-07-31;Títulos públicos federais;95.85
CLASSES - FIF;11.504.894/0001-73;;BRADESCO FIF - CLASSE DE INVESTIMENTO EM AÇÕES - PETROBRAS 2010 - RESP LIMITADA;2025-07-31;Ações;97.02
CLASSES - FIF;11.504.894/0001-73;;BRADESCO FIF - CLASSE DE INVESTIMENTO EM AÇÕES - PETROBRAS 2010 - RESP LIMITADA;2025-07-31;Operações compromissadas lastreadas em títulos públicos federais;0.38
CLASSES - FIF;11.555.338/0001-26;;BRADESCO EMPRESAS H FIF - CLASSE DE INVESTIMENTO RF CRED PRIVADO LP PERFORMANCE 20 - RESP LIMITADA;2025-07-31;Cotas de fundos de investimento 409;1.63
CLASSES - FIF;11.555.338/0001-26;;BRADESCO EMPRESAS H FIF - CLASSE DE INVESTIMENTO RF CRED PRIVADO LP PERFORMANCE 20 - RESP LIMITADA;2025-07-31;Depósitos a prazo e outros títulos de instituições financeiras;28.41
CLASSES - FIF;11.555.338/0001-26;;BRADESCO EMPRESAS H FIF - CLASSE DE INVESTIMENTO RF CRED PRIVADO LP PERFORMANCE 20 - RESP LIMITADA;2025-07-31;Operações compromissadas lastreadas em títulos públicos federais;32.25
CLASSES - FIF;11.555.338/0001-26;;BRADESCO EMPRESAS H FIF - CLASSE DE INVESTIMENTO RF CRED PRIVADO LP PERFORMANCE 20 - RESP LIMITADA;2025-07-31;Outras aplicações;0.88
CLASSES - FIF;11.555.338/0001-26;;BRADESCO EMPRESAS H FIF - CLASSE DE INVESTIMENTO RF CRED PRIVADO LP PERFORMANCE 20 - RESP LIMITADA;2025-07-31;Títulos de crédito privado;36.41
CLASSES - FIF;11.616.482/0001-25;;OCCAM FI FINANCEIRO - CIA - RESP LIMITADA;2025-07-31;Ações;91.44
CLASSES - FIF;11.616.482/0001-25;;OCCAM FI FINANCEIRO - CIA - RESP LIMITADA;2025-07-31;Derivativos;-4.53
CLASSES - FIF;11.616.482/0001-25;;OCCAM FI FINANCEIRO - CIA - RESP LIMITADA;2025-07-31;Operações compromissadas lastreadas em títulos públicos federais;7.81
CLASSES - FIF;11.628.883/0001-03;;OCCAM FI FINANCEIRO - CIC EM AÇÕES - RESP LIMITADA;2025-07-31;Ações;91.42
CLASSES - FIF;11.628.883/0001-03;;OCCAM FI FINANCEIRO - CIC EM AÇÕES - RESP LIMITADA;2025-07-31;Derivativos;-4.52
CLASSES - FIF;11.628.883/0001-03;;OCCAM FI FINANCEIRO - CIC EM AÇÕES - RESP LIMITADA;2025-07-31;Operações compromissadas lastreadas em títulos públicos federais;8.21
CLASSES - FIF;11.675.309/0001-06;;BRADESCO IBOVESPA VALUATION FI FINANCEIRO - CIC EM AÇÕES - RESP LIMITADA;2025-07-31;Ações;70.29
CLASSES - FIF;11.675.309/0001-06;;BRADESCO IBOVESPA VALUATION FI FINANCEIRO - CIC EM AÇÕES - RESP LIMITADA;2025-07-31;Cotas de fundos de investimento 409;12.06
CLASSES - FIF;11.675.309/0001-06;;BRADESCO IBOVESPA VALUATION FI FINANCEIRO - CIC EM AÇÕES - RESP LIMITADA;2025-07-31;Derivativos;3.96
CLASSES - FIF;11.675.309/0001-06;;BRADESCO IBOVESPA VALUATION FI FINANCEIRO - CIC EM AÇÕES - RESP LIMITADA;2025-07-31;Operações compromissadas lastreadas em títulos públicos federais;13.05
CLASSES - FIF;11.898.280/0001-13;;PLURAL DIVIDENDOS FUNDO DE INVESTIMENTO FINANCEIRO - CLASSE DE INVESTIMENTO EM AÇÕES - RESP LIMITADA;2025-07-31;Ações;88.20
CLASSES - FIF;11.898.280/0001-13;;PLURAL DIVIDENDOS FUNDO DE INVESTIMENTO FINANCEIRO - CLASSE DE INVESTIMENTO EM AÇÕES - RESP LIMITADA;2025-07-31;Cotas de fundos de investimento 409;0.07
CLASSES - FIF;11.898.280/0001-13;;PLURAL DIVIDENDOS FUNDO DE INVESTIMENTO FINANCEIRO - CLASSE DE INVESTIMENTO EM AÇÕES - RESP LIMITADA;2025-07-31;Derivativos;4.13
CLASSES - FIF;11.898.280/0001-13;;PLURAL DIVIDENDOS FUNDO DE INVESTIMENTO FINANCEIRO - CLASSE DE INVESTIMENTO EM AÇÕES - RESP LIMITADA;2025-07-31;Operações compromissadas lastreadas em títulos públicos federais;17.85
CLASSES - FIF;11.898.280/0001-13;;PLURAL DIVIDENDOS FUNDO DE INVESTIMENTO FINANCEIRO - CLASSE DE INVESTIMENTO EM AÇÕES - RESP LIMITADA;2025-07-31;Títulos públicos federais;0.04
CLASSES - FIF;11.952.800/0001-29;;PERFIN FORESIGHT MASTER FIF - CLASSE DE INVESTIMENTO EM AÇÕES - RESP  LIMITADA;2025-07-31;Ações;96.86
CLASSES - FIF;11.952.800/0001-29;;PERFIN FORESIGHT MASTER FIF - CLASSE DE INVESTIMENTO EM AÇÕES - RESP  LIMITADA;2025-07-31;Operações compromissadas lastreadas em títulos públicos federais;2.82
CLASSES - FIF;12.085.947/0001-21;;BRADESCO MACRO FI FINANCEIRO - CIC MULT - RESP LIMITADA;2025-07-31;Cotas de fundos de investimento 409;100.15
CLASSES - FIF;12.086.151/0001-93;;BRAM H IBOVESPA GESTÃO FI FINANCEIRO - CIA - RESP LIMITADA;2025-07-31;Ações;28.50
CLASSES - FIF;12.086.151/0001-93;;BRAM H IBOVESPA GESTÃO FI FINANCEIRO - CIA - RESP LIMITADA;2025-07-31;Cotas de fundos de investimento 409;40.96
CLASSES - FIF;12.086.151/0001-93;;BRAM H IBOVESPA GESTÃO FI FINANCEIRO - CIA - RESP LIMITADA;2025-07-31;Derivativos;30.14
CLASSES - FIF;12.086.151/0001-93;;BRAM H IBOVESPA GESTÃO FI FINANCEIRO - CIA - RESP LIMITADA;2025-07-31;Operações compromissadas lastreadas em títulos públicos federais;21.88
CLASSES - FIF;12.086.151/0001-93;;BRAM H IBOVESPA GESTÃO FI FINANCEIRO - CIA - RESP LIMITADA;2025-07-31;Títulos públicos federais;11.95
CLASSES - FIF;12.088.861/0001-52;;BRADESCO FIF - CIC RF CRED PRIVADO LP IS PERFOMANCE SRI 20 - RESP LIMITADA;2025-07-31;Cotas de fundos de investimento 409;1.35
CLASSES - FIF;12.088.861/0001-52;;BRADESCO FIF - CIC RF CRED PRIVADO LP IS PERFOMANCE SRI 20 - RESP LIMITADA;2025-07-31;Depósitos a prazo e outros títulos de instituições financeiras;21.80
CLASSES - FIF;12.088.861/0001-52;;BRADESCO FIF - CIC RF CRED PRIVADO LP IS PERFOMANCE SRI 20 - RESP LIMITADA;2025-07-31;Operações compromissadas lastreadas em títulos públicos federais;35.79
CLASSES - FIF;12.088.861/0001-52;;BRADESCO FIF - CIC RF CRED PRIVADO LP IS PERFOMANCE SRI 20 - RESP LIMITADA;2025-07-31;Títulos de crédito privado;32.32
CLASSES - FIF;12.088.861/0001-52;;BRADESCO FIF - CIC RF CRED PRIVADO LP IS PERFOMANCE SRI 20 - RESP LIMITADA;2025-07-31;Títulos públicos federais;8.79
CLASSES - FIF;12.092.501/0001-24;;BRADESCO H NOVO EXECUTIVO FIF - CIC RENDA FIXA REFERENCIADA DI  CRÉDITO PRIVADO - RESP LIMITADA;2025-07-31;Cotas de fundos de investimento 409;1.58
CLASSES - FIF;12.092.501/0001-24;;BRADESCO H NOVO EXECUTIVO FIF - CIC RENDA FIXA REFERENCIADA DI  CRÉDITO PRIVADO - RESP LIMITADA;2025-07-31;Depósitos a prazo e outros títulos de instituições financeiras;58.04
CLASSES - FIF;12.092.501/0001-24;;BRADESCO H NOVO EXECUTIVO FIF - CIC RENDA FIXA REFERENCIADA DI  CRÉDITO PRIVADO - RESP LIMITADA;2025-07-31;Operações compromissadas lastreadas em títulos públicos federais;26.54
CLASSES - FIF;12.092.501/0001-24;;BRADESCO H NOVO EXECUTIVO FIF - CIC RENDA FIXA REFERENCIADA DI  CRÉDITO PRIVADO - RESP LIMITADA;2025-07-31;Títulos de crédito privado;13.18
CLASSES - FIF;12.092.501/0001-24;;BRADESCO H NOVO EXECUTIVO FIF - CIC RENDA FIXA REFERENCIADA DI  CRÉDITO PRIVADO - RESP LIMITADA;2025-07-31;Títulos públicos federais;0.73
CLASSES - FIF;12.092.694/0001-13;;BRADESCO PRIME H FIF - CIC DE RF CRED PRIVADO LP PERFORMANCE 20 - RESP LIMITADA;2025-07-31;Cotas de fundos de investimento 409;2.44
CLASSES - FIF;12.092.694/0001-13;;BRADESCO PRIME H FIF - CIC DE RF CRED PRIVADO LP PERFORMANCE 20 - RESP LIMITADA;2025-07-31;Depósitos a prazo e outros títulos de instituições financeiras;27.65
CLASSES - FIF;12.092.694/0001-13;;BRADESCO PRIME H FIF - CIC DE RF CRED PRIVADO LP PERFORMANCE 20 - RESP LIMITADA;2025-07-31;Operações compromissadas lastreadas em títulos públicos federais;32.14
CLASSES - FIF;12.092.694/0001-13;;BRADESCO PRIME H FIF - CIC DE RF CRED PRIVADO LP PERFORMANCE 20 - RESP LIMITADA;2025-07-31;Títulos de crédito privado;35.44
CLASSES - FIF;12.092.694/0001-13;;BRADESCO PRIME H FIF - CIC DE RF CRED PRIVADO LP PERFORMANCE 20 - RESP LIMITADA;2025-07-31;Títulos públicos federais;2.31
CLASSES - FIF;12.123.799/0001-92;;SKADE FUNDO DE INVESTIMENTO EM COTAS DE FUNDOS DE INVESTIMENTO FINANCEIRO EM AÇÕES;2025-07-31;Cotas de Fundos de Investimento 555;100.18
CLASSES - FIF;12.123.799/0001-92;;SKADE FUNDO DE INVESTIMENTO EM COTAS DE FUNDOS DE INVESTIMENTO FINANCEIRO EM AÇÕES;2025-07-31;Outros;0.01
CLASSES - FIF;12.124.089/0001-87;;IBIUNA HEDGE FIF - CLASSE DE INVESTIMENTO MULTIMERCADO - RESPONSABILIDADE LIMITADA;2025-07-31;Derivativos;621.19
CLASSES - FIF;12.124.089/0001-87;;IBIUNA HEDGE FIF - CLASSE DE INVESTIMENTO MULTIMERCADO - RESPONSABILIDADE LIMITADA;2025-07-31;Investimento no exterior;11.63
CLASSES - FIF;12.124.089/0001-87;;IBIUNA HEDGE FIF - CLASSE DE INVESTIMENTO MULTIMERCADO - RESPONSABILIDADE LIMITADA;2025-07-31;Operações compromissadas lastreadas em títulos públicos federais;67.82
CLASSES - FIF;12.124.089/0001-87;;IBIUNA HEDGE FIF - CLASSE DE INVESTIMENTO MULTIMERCADO - RESPONSABILIDADE LIMITADA;2025-07-31;Títulos de crédito privado;4.04
CLASSES - FIF;12.124.089/0001-87;;IBIUNA HEDGE FIF - CLASSE DE INVESTIMENTO MULTIMERCADO - RESPONSABILIDADE LIMITADA;2025-07-31;Títulos públicos federais;15.72
CLASSES - FIF;12.154.412/0001-65;;IBIUNA HEDGE FIF - CLASSE DE INVESTIMENTO EM COTAS MULTIMERCADO - RESP LIMITADA;2025-07-31;Cotas de fundos de investimento 409;4.47
CLASSES - FIF;12.154.412/0001-65;;IBIUNA HEDGE FIF - CLASSE DE INVESTIMENTO EM COTAS MULTIMERCADO - RESP LIMITADA;2025-07-31;Derivativos;625.53
CLASSES - FIF;12.154.412/0001-65;;IBIUNA HEDGE FIF - CLASSE DE INVESTIMENTO EM COTAS MULTIMERCADO - RESP LIMITADA;2025-07-31;Investimento no exterior;10.93
CLASSES - FIF;12.154.412/0001-65;;IBIUNA HEDGE FIF - CLASSE DE INVESTIMENTO EM COTAS MULTIMERCADO - RESP LIMITADA;2025-07-31;Operações compromissadas lastreadas em títulos públicos federais;67.69
CLASSES - FIF;12.154.412/0001-65;;IBIUNA HEDGE FIF - CLASSE DE INVESTIMENTO EM COTAS MULTIMERCADO - RESP LIMITADA;2025-07-31;Títulos públicos federais;13.12
CLASSES - FIF;12.184.246/0001-40;;FUNDAMENTA FI FINANCEIRO - CIA - RESP LIMITADA;2025-07-31;Ações;98.88
CLASSES - FIF;12.184.246/0001-40;;FUNDAMENTA FI FINANCEIRO - CIA - RESP LIMITADA;2025-07-31;Operações compromissadas lastreadas em títulos públicos federais;0.41
CLASSES - FIF;12.265.822/0001-83;;DAYCOVAL IRFM 1 FUNDO DE INVESTIMENTO FINANCEIRO;2025-07-31;Derivativos;-0.02
CLASSES - FIF;12.265.822/0001-83;;DAYCOVAL IRFM 1 FUNDO DE INVESTIMENTO FINANCEIRO;2025-07-31;Operações Compromissadas Lastreadas em Títulos Públicos Federais;8.64
CLASSES - FIF;12.265.822/0001-83;;DAYCOVAL IRFM 1 FUNDO DE INVESTIMENTO FINANCEIRO;2025-07-31;Outras Aplicações;0.01
CLASSES - FIF;12.265.822/0001-83;;DAYCOVAL IRFM 1 FUNDO DE INVESTIMENTO FINANCEIRO;2025-07-31;Títulos Públicos Federais;91.44
CLASSES - FIF;12.284.306/0001-04;;SMARTQUANT FUNDO DE INVESTIMENTO MULTIMERCADO;2025-07-31;Ações;1.92
CLASSES - FIF;12.284.306/0001-04;;SMARTQUANT FUNDO DE INVESTIMENTO MULTIMERCADO;2025-07-31;Cotas de fundos de investimento 555;8.16
CLASSES - FIF;12.284.306/0001-04;;SMARTQUANT FUNDO DE INVESTIMENTO MULTIMERCADO;2025-07-31;Operações compromissadas lastreadas em títulospúblicos federais;12.93
CLASSES - FIF;12.284.306/0001-04;;SMARTQUANT FUNDO DE INVESTIMENTO MULTIMERCADO;2025-07-31;Outras aplicações;-0.11
CLASSES - FIF;12.284.306/0001-04;;SMARTQUANT FUNDO DE INVESTIMENTO MULTIMERCADO;2025-07-31;Títulos públicos federais;77.10
CLASSES - FIF;12.287.682/0001-44;;VINCI SELEÇÃO FIF - CLASSE DE INVESTIMENTO EM AÇÕES - RESP LIMITADA;2025-07-31;Ações;93.65
CLASSES - FIF;12.287.682/0001-44;;VINCI SELEÇÃO FIF - CLASSE DE INVESTIMENTO EM AÇÕES - RESP LIMITADA;2025-07-31;Operações compromissadas lastreadas em títulos públicos federais;4.23
CLASSES - FIF;12.287.682/0001-44;;VINCI SELEÇÃO FIF - CLASSE DE INVESTIMENTO EM AÇÕES - RESP LIMITADA;2025-07-31;Títulos de crédito privado;-1.40
CLASSES - FIF;12.287.682/0001-44;;VINCI SELEÇÃO FIF - CLASSE DE INVESTIMENTO EM AÇÕES - RESP LIMITADA;2025-07-31;Títulos públicos federais;1.34
CLASSES - FIF;12.412.610/0001-81;;BRADESCO PRIME FIF - CLASSE DE INVESTIMENTO EM COTAS RENDA FIXA CRÉDITO PRIVADO - RESP LIMITADA;2025-07-31;Cotas de fundos de investimento 409;4.26
CLASSES - FIF;12.412.610/0001-81;;BRADESCO PRIME FIF - CLASSE DE INVESTIMENTO EM COTAS RENDA FIXA CRÉDITO PRIVADO - RESP LIMITADA;2025-07-31;Depósitos a prazo e outros títulos de instituições financeiras;37.38
CLASSES - FIF;12.412.610/0001-81;;BRADESCO PRIME FIF - CLASSE DE INVESTIMENTO EM COTAS RENDA FIXA CRÉDITO PRIVADO - RESP LIMITADA;2025-07-31;Operações compromissadas lastreadas em títulos públicos federais;21.87
CLASSES - FIF;12.412.610/0001-81;;BRADESCO PRIME FIF - CLASSE DE INVESTIMENTO EM COTAS RENDA FIXA CRÉDITO PRIVADO - RESP LIMITADA;2025-07-31;Títulos de crédito privado;25.51
CLASSES - FIF;12.412.610/0001-81;;BRADESCO PRIME FIF - CLASSE DE INVESTIMENTO EM COTAS RENDA FIXA CRÉDITO PRIVADO - RESP LIMITADA;2025-07-31;Títulos públicos federais;10.53
CLASSES - FIF;12.412.818/0001-09;;BRAM LIVRE FI FINANCEIRO - CI RF CRED PRIV - RESP LIMITADA;2025-07-31;Cotas de fundos de investimento 409;5.65
CLASSES - FIF;12.412.818/0001-09;;BRAM LIVRE FI FINANCEIRO - CI RF CRED PRIV - RESP LIMITADA;2025-07-31;Depósitos a prazo e outros títulos de instituições financeiras;16.62
CLASSES - FIF;12.412.818/0001-09;;BRAM LIVRE FI FINANCEIRO - CI RF CRED PRIV - RESP LIMITADA;2025-07-31;Investimento no exterior;2.21
CLASSES - FIF;12.412.818/0001-09;;BRAM LIVRE FI FINANCEIRO - CI RF CRED PRIV - RESP LIMITADA;2025-07-31;Operações compromissadas lastreadas em títulos públicos federais;21.08
CLASSES - FIF;12.412.818/0001-09;;BRAM LIVRE FI FINANCEIRO - CI RF CRED PRIV - RESP LIMITADA;2025-07-31;Títulos de crédito privado;53.17
CLASSES - FIF;12.412.832/0001-02;;BRADESCO UPPER FI FINANCEIRO - CIC MULT CRED PRIV - RESP LIMITADA;2025-07-31;Cotas de fundos de investimento 409;4.85
CLASSES - FIF;12.412.832/0001-02;;BRADESCO UPPER FI FINANCEIRO - CIC MULT CRED PRIV - RESP LIMITADA;2025-07-31;Depósitos a prazo e outros títulos de instituições financeiras;46.79
CLASSES - FIF;12.412.832/0001-02;;BRADESCO UPPER FI FINANCEIRO - CIC MULT CRED PRIV - RESP LIMITADA;2025-07-31;Operações compromissadas lastreadas em títulos públicos federais;19.40
CLASSES - FIF;12.412.832/0001-02;;BRADESCO UPPER FI FINANCEIRO - CIC MULT CRED PRIV - RESP LIMITADA;2025-07-31;Títulos de crédito privado;28.93
CLASSES - FIF;12.412.832/0001-02;;BRADESCO UPPER FI FINANCEIRO - CIC MULT CRED PRIV - RESP LIMITADA;2025-07-31;Títulos públicos federais;0.06
CLASSES - FIF;12.430.199/0001-77;;NAVI LONG SHORT FI FINANCEIRO - CIC MULT - RESP LIMITADA;2025-07-31;Ações;61.44
CLASSES - FIF;12.430.199/0001-77;;NAVI LONG SHORT FI FINANCEIRO - CIC MULT - RESP LIMITADA;2025-07-31;Cotas de fundos de investimento 409;0.49
CLASSES - FIF;12.430.199/0001-77;;NAVI LONG SHORT FI FINANCEIRO - CIC MULT - RESP LIMITADA;2025-07-31;Investimento no exterior;6.20
CLASSES - FIF;12.430.199/0001-77;;NAVI LONG SHORT FI FINANCEIRO - CIC MULT - RESP LIMITADA;2025-07-31;Operações compromissadas lastreadas em títulos públicos federais;44.92
CLASSES - FIF;12.430.199/0001-77;;NAVI LONG SHORT FI FINANCEIRO - CIC MULT - RESP LIMITADA;2025-07-31;Títulos públicos federais;20.45
CLASSES - FIF;12.440.748/0001-94;;BRADESCO PRIME FIF - CIC DE AÇÕES SML PLUS - RESP LIMITADA;2025-07-31;Ações;92.56
CLASSES - FIF;12.440.748/0001-94;;BRADESCO PRIME FIF - CIC DE AÇÕES SML PLUS - RESP LIMITADA;2025-07-31;Operações compromissadas lastreadas em títulos públicos federais;3.78
CLASSES - FIF;12.440.825/0001-06;;VINCI MULTIESTRATÉGIA FI FINANCEIRO - CI MULT - RESP LIMITADA;2025-07-31;Derivativos;-1.41
CLASSES - FIF;12.440.825/0001-06;;VINCI MULTIESTRATÉGIA FI FINANCEIRO - CI MULT - RESP LIMITADA;2025-07-31;Operações compromissadas lastreadas em títulos públicos federais;7.73
CLASSES - FIF;12.440.825/0001-06;;VINCI MULTIESTRATÉGIA FI FINANCEIRO - CI MULT - RESP LIMITADA;2025-07-31;Títulos públicos federais;92.42
CLASSES - FIF;12.518.210/0001-55;;FIC CLASSE A FIF - CLASSE DE INVESTIMENTO EM COTAS RENDA FIXA REFERENCIADO DI - RESP LIMITADA;2025-07-31;Cotas de fundos de investimento 409;99.22
CLASSES - FIF;12.518.210/0001-55;;FIC CLASSE A FIF - CLASSE DE INVESTIMENTO EM COTAS RENDA FIXA REFERENCIADO DI - RESP LIMITADA;2025-07-31;Operações compromissadas lastreadas em títulos públicos federais;0.21
CLASSES - FIF;12.518.210/0001-55;;FIC CLASSE A FIF - CLASSE DE INVESTIMENTO EM COTAS RENDA FIXA REFERENCIADO DI - RESP LIMITADA;2025-07-31;Títulos públicos federais;0.56
CLASSES - FIF;12.672.120/0001-14;;DAYCOVAL ALOCAÇÃO DINÂMICA FUNDO DE INVESTIMENTO FINANCEIRO;2025-07-31;Derivativos;0.03
CLASSES - FIF;12.672.120/0001-14;;DAYCOVAL ALOCAÇÃO DINÂMICA FUNDO DE INVESTIMENTO FINANCEIRO;2025-07-31;Operações Compromissadas Lastreadas em Títulos Públicos Federais;0.16
CLASSES - FIF;12.672.120/0001-14;;DAYCOVAL ALOCAÇÃO DINÂMICA FUNDO DE INVESTIMENTO FINANCEIRO;2025-07-31;Outras Aplicações;0.04
CLASSES - FIF;12.672.120/0001-14;;DAYCOVAL ALOCAÇÃO DINÂMICA FUNDO DE INVESTIMENTO FINANCEIRO;2025-07-31;Títulos Públicos Federais;99.87
CLASSES - FIF;12.682.783/0001-10;;ICATU VANGUARDA INFLAÇÃO CURTA FIF - CLASSE DE INVESTIMENTO EM COTAS RENDA FIXA LP - RESP LIMITADA;2025-07-31;Operações compromissadas lastreadas em títulos públicos federais;0.40
CLASSES - FIF;12.682.783/0001-10;;ICATU VANGUARDA INFLAÇÃO CURTA FIF - CLASSE DE INVESTIMENTO EM COTAS RENDA FIXA LP - RESP LIMITADA;2025-07-31;Títulos públicos federais;100.29
CLASSES - FIF;12.813.445/0001-70;;E2M ESTRATÉGIA FUNDO DE INVESTIMENTO MULTIMERCADO -  RESPONSABILIDADE LIMITADA;2025-07-31;Ações;2.29
CLASSES - FIF;12.813.445/0001-70;;E2M ESTRATÉGIA FUNDO DE INVESTIMENTO MULTIMERCADO -  RESPONSABILIDADE LIMITADA;2025-07-31;Cotas de fundos de investimento 555;9.81
CLASSES - FIF;12.813.445/0001-70;;E2M ESTRATÉGIA FUNDO DE INVESTIMENTO MULTIMERCADO -  RESPONSABILIDADE LIMITADA;2025-07-31;Operações compromissadas lastreadas em títulospúblicos federais;0.44
CLASSES - FIF;12.813.445/0001-70;;E2M ESTRATÉGIA FUNDO DE INVESTIMENTO MULTIMERCADO -  RESPONSABILIDADE LIMITADA;2025-07-31;Outras aplicações;-0.03
CLASSES - FIF;12.813.445/0001-70;;E2M ESTRATÉGIA FUNDO DE INVESTIMENTO MULTIMERCADO -  RESPONSABILIDADE LIMITADA;2025-07-31;Títulos públicos federais;87.48
CLASSES - FIF;12.839.769/0001-87;;SUL AMÉRICA EVOLUTION FIF - CLASSE DE INVESTIMENTO MULTIMERCADO - RESP LIMITADA;2025-07-31;Depósitos a prazo e outros títulos de instituições financeiras;15.89
CLASSES - FIF;12.839.769/0001-87;;SUL AMÉRICA EVOLUTION FIF - CLASSE DE INVESTIMENTO MULTIMERCADO - RESP LIMITADA;2025-07-31;Derivativos;-15.38
CLASSES - FIF;12.839.769/0001-87;;SUL AMÉRICA EVOLUTION FIF - CLASSE DE INVESTIMENTO MULTIMERCADO - RESP LIMITADA;2025-07-31;Operações compromissadas lastreadas em títulos públicos federais;31.04
CLASSES - FIF;12.839.769/0001-87;;SUL AMÉRICA EVOLUTION FIF - CLASSE DE INVESTIMENTO MULTIMERCADO - RESP LIMITADA;2025-07-31;Títulos de crédito privado;2.81
CLASSES - FIF;12.839.769/0001-87;;SUL AMÉRICA EVOLUTION FIF - CLASSE DE INVESTIMENTO MULTIMERCADO - RESP LIMITADA;2025-07-31;Títulos públicos federais;50.41
CLASSES - FIF;12.907.100/0001-85;;FUNDO DE INVESTIMENTO SITA RENDA FIXA CREDITO PRIVADO LONGO PRAZO;2025-07-31;Acões;0.00
CLASSES - FIF;12.907.100/0001-85;;FUNDO DE INVESTIMENTO SITA RENDA FIXA CREDITO PRIVADO LONGO PRAZO;2025-07-31;Depósito a prazo e outros títulos de instituições financeiras;65.63
CLASSES - FIF;12.907.100/0001-85;;FUNDO DE INVESTIMENTO SITA RENDA FIXA CREDITO PRIVADO LONGO PRAZO;2025-07-31;Operacões compromissadas lastreadas em títulos públicos federais;24.76
CLASSES - FIF;12.907.100/0001-85;;FUNDO DE INVESTIMENTO SITA RENDA FIXA CREDITO PRIVADO LONGO PRAZO;2025-07-31;Títulos de crédito privado;0.02
CLASSES - FIF;12.907.100/0001-85;;FUNDO DE INVESTIMENTO SITA RENDA FIXA CREDITO PRIVADO LONGO PRAZO;2025-07-31;Títulos Públicos federais;9.59
CLASSES - FIF;13.000.857/0001-53;;CANVAS ENDURO II CSHG FUNDO DE INVESTIMENTO EM COTAS DE FIF MULTIMERCADO - RESPONSABILIDADE LIMITADA;2025-07-31;Cotas de Fundos de Investimento 555;104.02
CLASSES - FIF;13.000.857/0001-53;;CANVAS ENDURO II CSHG FUNDO DE INVESTIMENTO EM COTAS DE FIF MULTIMERCADO - RESPONSABILIDADE LIMITADA;2025-07-31;Outros;0.67
CLASSES - FIF;13.000.859/0001-42;;CSHG ALLOCATION IBIUNA HEDGE STHG FUNDO DE INVESTIMENTO EM COTAS DE FIF MULTIMERCADO - RESP LTDA;2025-07-31;Outras Cotas de Fundos de Investimento;100.06
CLASSES - FIF;13.000.859/0001-42;;CSHG ALLOCATION IBIUNA HEDGE STHG FUNDO DE INVESTIMENTO EM COTAS DE FIF MULTIMERCADO - RESP LTDA;2025-07-31;Outros;0.01
CLASSES - FIF;13.001.237/0001-39;;SUL AMÉRICA FV FUNDO DE INVESTIMENTO FINANCEIRO DE AÇÕES DE RESPONSABILIDADE LIMITADA;2025-07-31;Ações;96.13
CLASSES - FIF;13.001.237/0001-39;;SUL AMÉRICA FV FUNDO DE INVESTIMENTO FINANCEIRO DE AÇÕES DE RESPONSABILIDADE LIMITADA;2025-07-31;Cotas de Fundo;0.00
CLASSES - FIF;13.001.237/0001-39;;SUL AMÉRICA FV FUNDO DE INVESTIMENTO FINANCEIRO DE AÇÕES DE RESPONSABILIDADE LIMITADA;2025-07-31;Op. Compromissadas lastreadas em títulos públicos;2.47
CLASSES - FIF;13.001.237/0001-39;;SUL AMÉRICA FV FUNDO DE INVESTIMENTO FINANCEIRO DE AÇÕES DE RESPONSABILIDADE LIMITADA;2025-07-31;Outros;1.40
CLASSES - FIF;13.001.237/0001-39;;SUL AMÉRICA FV FUNDO DE INVESTIMENTO FINANCEIRO DE AÇÕES DE RESPONSABILIDADE LIMITADA;2025-07-31;Títulos de crédito privado;0.00
CLASSES - FIF;13.060.032/0001-24;;TIVIO IRF-M 1+ FIF - CLASSE DE INVESTIMENTO EM COTAS RENDA FIXA LONGO PRAZO - RESP LIMITADA;2025-07-31;Derivativos;30.49
CLASSES - FIF;13.060.032/0001-24;;TIVIO IRF-M 1+ FIF - CLASSE DE INVESTIMENTO EM COTAS RENDA FIXA LONGO PRAZO - RESP LIMITADA;2025-07-31;Operações compromissadas lastreadas em títulos públicos federais;10.40
CLASSES - FIF;13.060.032/0001-24;;TIVIO IRF-M 1+ FIF - CLASSE DE INVESTIMENTO EM COTAS RENDA FIXA LONGO PRAZO - RESP LIMITADA;2025-07-31;Títulos públicos federais;89.72
CLASSES - FIF;13.155.995/0001-01;;DAYCOVAL IBOVESPA ATIVO FUNDO DE INVESTIMENTO EM AÇÕES;2025-07-31;Ações;90.60
CLASSES - FIF;13.155.995/0001-01;;DAYCOVAL IBOVESPA ATIVO FUNDO DE INVESTIMENTO EM AÇÕES;2025-07-31;Cotas de Fundos de Índice de Renda Variável;0.49
CLASSES - FIF;13.155.995/0001-01;;DAYCOVAL IBOVESPA ATIVO FUNDO DE INVESTIMENTO EM AÇÕES;2025-07-31;Derivativos;0.00
CLASSES - FIF;13.155.995/0001-01;;DAYCOVAL IBOVESPA ATIVO FUNDO DE INVESTIMENTO EM AÇÕES;2025-07-31;Operações Compromissadas Lastreadas em Títulos Públicos Federais;1.40
CLASSES - FIF;13.155.995/0001-01;;DAYCOVAL IBOVESPA ATIVO FUNDO DE INVESTIMENTO EM AÇÕES;2025-07-31;Outras Aplicações;7.76
CLASSES - FIF;13.396.703/0001-22;;VINCI VALOREM FIF - CLASSE DE INVESTIMENTO MULTIMERCADO - RESPONSABILIDADE LIMITADA;2025-07-31;Derivativos;-65.66
CLASSES - FIF;13.396.703/0001-22;;VINCI VALOREM FIF - CLASSE DE INVESTIMENTO MULTIMERCADO - RESPONSABILIDADE LIMITADA;2025-07-31;Operações compromissadas lastreadas em títulos públicos federais;16.40
CLASSES - FIF;13.396.703/0001-22;;VINCI VALOREM FIF - CLASSE DE INVESTIMENTO MULTIMERCADO - RESPONSABILIDADE LIMITADA;2025-07-31;Títulos públicos federais;82.40
CLASSES - FIF;13.396.819/0001-61;;IBIUNA EQUITIES MASTER FIF - CLASSE DE INVESTIMENTO EM AÇÕES - RESPONSABILIDADE LIMITADA;2025-07-31;Ações;95.95
CLASSES - FIF;13.396.819/0001-61;;IBIUNA EQUITIES MASTER FIF - CLASSE DE INVESTIMENTO EM AÇÕES - RESPONSABILIDADE LIMITADA;2025-07-31;Operações compromissadas lastreadas em títulos públicos federais;4.00
CLASSES - FIF;13.397.466/0001-14;;BRADESCO PODER PÚBLICO FI FINANCEIRO - CIC RF CP - RESP LIMITADA;2025-07-31;Operações compromissadas lastreadas em títulos públicos federais;98.43
CLASSES - FIF;13.400.050/0001-08;;BRADESCO FIF  - CIC  RENDA FIXA INFLAÇÃO LONGA - RESPONSABILIDADE LIMITADA;2025-07-31;Cotas de fundos de investimento 409;10.03
CLASSES - FIF;13.400.050/0001-08;;BRADESCO FIF  - CIC  RENDA FIXA INFLAÇÃO LONGA - RESPONSABILIDADE LIMITADA;2025-07-31;Operações compromissadas lastreadas em títulos públicos federais;0.19
CLASSES - FIF;13.400.050/0001-08;;BRADESCO FIF  - CIC  RENDA FIXA INFLAÇÃO LONGA - RESPONSABILIDADE LIMITADA;2025-07-31;Títulos públicos federais;89.87
CLASSES - FIF;13.400.077/0001-09;;BRADESCO INSTITUCIONAL IMA-B 5+ FI FINANCEIRO - CIC RF - RESP LIMITADA;2025-07-31;Derivativos;1.20
CLASSES - FIF;13.400.077/0001-09;;BRADESCO INSTITUCIONAL IMA-B 5+ FI FINANCEIRO - CIC RF - RESP LIMITADA;2025-07-31;Operações compromissadas lastreadas em títulos públicos federais;1.39
CLASSES - FIF;13.400.077/0001-09;;BRADESCO INSTITUCIONAL IMA-B 5+ FI FINANCEIRO - CIC RF - RESP LIMITADA;2025-07-31;Títulos públicos federais;98.63
CLASSES - FIF;13.400.194/0001-64;;BRAM CAPITAL FI FINANCEIRO - CI RF CRED PRIV - RESP LIMITADA;2025-07-31;Cotas de fundos de investimento 409;4.80
CLASSES - FIF;13.400.194/0001-64;;BRAM CAPITAL FI FINANCEIRO - CI RF CRED PRIV - RESP LIMITADA;2025-07-31;Depósitos a prazo e outros títulos de instituições financeiras;24.46
CLASSES - FIF;13.400.194/0001-64;;BRAM CAPITAL FI FINANCEIRO - CI RF CRED PRIV - RESP LIMITADA;2025-07-31;Operações compromissadas lastreadas em títulos públicos federais;35.47
CLASSES - FIF;13.400.194/0001-64;;BRAM CAPITAL FI FINANCEIRO - CI RF CRED PRIV - RESP LIMITADA;2025-07-31;Outras aplicações;2.89
CLASSES - FIF;13.400.194/0001-64;;BRAM CAPITAL FI FINANCEIRO - CI RF CRED PRIV - RESP LIMITADA;2025-07-31;Títulos de crédito privado;30.93
CLASSES - FIF;13.401.175/0001-52;;BRADESCO GOV PP FIF - CLASSE DE INVESTIMENTO RF REFERENCIADA DI - RESP LIMITADA;2025-07-31;Operações compromissadas lastreadas em títulos públicos federais;40.73
CLASSES - FIF;13.401.175/0001-52;;BRADESCO GOV PP FIF - CLASSE DE INVESTIMENTO RF REFERENCIADA DI - RESP LIMITADA;2025-07-31;Títulos públicos federais;56.00
CLASSES - FIF;13.401.188/0001-21;;BRADESCO FIF - CLASSE DE INVESTIMENTO EM COTAS RENDA FIXA TÍTULOS DO TESOURO - RESP LIMITADA;2025-07-31;Derivativos;1.79
CLASSES - FIF;13.401.188/0001-21;;BRADESCO FIF - CLASSE DE INVESTIMENTO EM COTAS RENDA FIXA TÍTULOS DO TESOURO - RESP LIMITADA;2025-07-31;Operações compromissadas lastreadas em títulos públicos federais;10.74
CLASSES - FIF;13.401.188/0001-21;;BRADESCO FIF - CLASSE DE INVESTIMENTO EM COTAS RENDA FIXA TÍTULOS DO TESOURO - RESP LIMITADA;2025-07-31;Títulos públicos federais;89.39
CLASSES - FIF;13.401.215/0001-66;;BRADESCO NÍVEL I FI FINANCEIRO - CIA - RESP LIMITADA;2025-07-31;Ações;66.48
CLASSES - FIF;13.401.215/0001-66;;BRADESCO NÍVEL I FI FINANCEIRO - CIA - RESP LIMITADA;2025-07-31;Cotas de fundos de investimento 409;15.76
CLASSES - FIF;13.401.215/0001-66;;BRADESCO NÍVEL I FI FINANCEIRO - CIA - RESP LIMITADA;2025-07-31;Investimento no exterior;16.36
CLASSES - FIF;13.401.215/0001-66;;BRADESCO NÍVEL I FI FINANCEIRO - CIA - RESP LIMITADA;2025-07-31;Operações compromissadas lastreadas em títulos públicos federais;1.19
CLASSES - FIF;13.401.224/0001-57;;BRADESCO FIF - CIC DE AÇÕES - RESP LIMITADA;2025-07-31;Ações;66.57
CLASSES - FIF;13.401.224/0001-57;;BRADESCO FIF - CIC DE AÇÕES - RESP LIMITADA;2025-07-31;Cotas de fundos de investimento 409;15.85
CLASSES - FIF;13.401.224/0001-57;;BRADESCO FIF - CIC DE AÇÕES - RESP LIMITADA;2025-07-31;Investimento no exterior;16.41
CLASSES - FIF;13.401.224/0001-57;;BRADESCO FIF - CIC DE AÇÕES - RESP LIMITADA;2025-07-31;Operações compromissadas lastreadas em títulos públicos federais;1.19
CLASSES - FIF;13.401.510/0001-12;;BRADESCO FUNDO DE INVESTIMENTO - CIC RF CURTO PRAZO RIO DE JANEIRO - RESP LIMITADA;2025-07-31;Operações compromissadas lastreadas em títulos públicos federais;95.91
CLASSES - FIF;13.401.715/0001-06;;IBIUNA EQUITIES FIF - CLASSE DE INVESTIMENTO EM COTAS DE AÇÕES - RESP LIMITADA;2025-07-31;Ações;96.71
CLASSES - FIF;13.401.715/0001-06;;IBIUNA EQUITIES FIF - CLASSE DE INVESTIMENTO EM COTAS DE AÇÕES - RESP LIMITADA;2025-07-31;Operações compromissadas lastreadas em títulos públicos federais;4.03
CLASSES - FIF;13.429.264/0001-07;;KONDOR MACRO FI FINANCEIRO - CI MULT - RESP LIMITADA;2025-07-31;Ações;6.66
CLASSES - FIF;13.429.264/0001-07;;KONDOR MACRO FI FINANCEIRO - CI MULT - RESP LIMITADA;2025-07-31;Cotas de fundos de investimento 409;5.67
CLASSES - FIF;13.429.264/0001-07;;KONDOR MACRO FI FINANCEIRO - CI MULT - RESP LIMITADA;2025-07-31;Investimento no exterior;11.82
CLASSES - FIF;13.429.264/0001-07;;KONDOR MACRO FI FINANCEIRO - CI MULT - RESP LIMITADA;2025-07-31;Operações compromissadas lastreadas em títulos públicos federais;0.89
CLASSES - FIF;13.429.264/0001-07;;KONDOR MACRO FI FINANCEIRO - CI MULT - RESP LIMITADA;2025-07-31;Títulos públicos federais;75.33
CLASSES - FIF;13.611.616/0001-40;;TIVIO ALOCAÇÃO IMAB 5+ FI FINANCEIRO - CI RF - RESP LIMITADA;2025-07-31;Operações compromissadas lastreadas em títulos públicos federais;2.58
CLASSES - FIF;13.611.616/0001-40;;TIVIO ALOCAÇÃO IMAB 5+ FI FINANCEIRO - CI RF - RESP LIMITADA;2025-07-31;Títulos públicos federais;97.42
CLASSES - FIF;13.614.709/0001-29;;TOP GESTOR LONG ONLY FC - CIC EM AÇÕES - RESP LIMITADA;2025-07-31;Ações;5.31
CLASSES - FIF;13.614.709/0001-29;;TOP GESTOR LONG ONLY FC - CIC EM AÇÕES - RESP LIMITADA;2025-07-31;Cotas de fundos de investimento 409;88.93
CLASSES - FIF;13.614.709/0001-29;;TOP GESTOR LONG ONLY FC - CIC EM AÇÕES - RESP LIMITADA;2025-07-31;Derivativos;0.54
CLASSES - FIF;13.614.709/0001-29;;TOP GESTOR LONG ONLY FC - CIC EM AÇÕES - RESP LIMITADA;2025-07-31;Operações compromissadas lastreadas em títulos públicos federais;2.84
CLASSES - FIF;13.614.709/0001-29;;TOP GESTOR LONG ONLY FC - CIC EM AÇÕES - RESP LIMITADA;2025-07-31;Títulos públicos federais;3.21
CLASSES - FIF;13.659.375/0001-00;;SITA EXCLUSIVE FUNDO DE INVESTIMENTO DE AÇÕES RESPONSABILIDADE LIMITADA;2025-07-31;Acões;97.86
CLASSES - FIF;13.659.375/0001-00;;SITA EXCLUSIVE FUNDO DE INVESTIMENTO DE AÇÕES RESPONSABILIDADE LIMITADA;2025-07-31;Depósito a prazo e outros títulos de instituições financeiras;0.75
CLASSES - FIF;13.659.375/0001-00;;SITA EXCLUSIVE FUNDO DE INVESTIMENTO DE AÇÕES RESPONSABILIDADE LIMITADA;2025-07-31;Operacões compromissadas lastreadas em títulos privados;0.00
CLASSES - FIF;13.659.375/0001-00;;SITA EXCLUSIVE FUNDO DE INVESTIMENTO DE AÇÕES RESPONSABILIDADE LIMITADA;2025-07-31;Operacões compromissadas lastreadas em títulos públicos federais;1.39
CLASSES - FIF;13.659.375/0001-00;;SITA EXCLUSIVE FUNDO DE INVESTIMENTO DE AÇÕES RESPONSABILIDADE LIMITADA;2025-07-31;Títulos Públicos federais;0.00
CLASSES - FIF;13.823.084/0001-05;;SUL AMÉRICA CRÉDITO ATIVO FIF RENDA FIXA CRÉD PRIV LONGO PRAZO DE RESP LIMITADA;2025-07-31;Cotas de Fundo;8.44
CLASSES - FIF;13.823.084/0001-05;;SUL AMÉRICA CRÉDITO ATIVO FIF RENDA FIXA CRÉD PRIV LONGO PRAZO DE RESP LIMITADA;2025-07-31;Deposito a prazo e outros títulos de instituições financeiras;24.78
CLASSES - FIF;13.823.084/0001-05;;SUL AMÉRICA CRÉDITO ATIVO FIF RENDA FIXA CRÉD PRIV LONGO PRAZO DE RESP LIMITADA;2025-07-31;Op. Compromissadas lastreadas em títulos públicos;9.30
CLASSES - FIF;13.823.084/0001-05;;SUL AMÉRICA CRÉDITO ATIVO FIF RENDA FIXA CRÉD PRIV LONGO PRAZO DE RESP LIMITADA;2025-07-31;Outros;0.00
CLASSES - FIF;13.823.084/0001-05;;SUL AMÉRICA CRÉDITO ATIVO FIF RENDA FIXA CRÉD PRIV LONGO PRAZO DE RESP LIMITADA;2025-07-31;Títulos de crédito privado;52.04
CLASSES - FIF;13.902.266/0001-71;;BRADESCO FIF  - CIC  MULTIMERCADO ALOCAÇÃO DINÂMICA - RESPONSABILIDADE LIMITADA;2025-07-31;Cotas de fundos de investimento 409;70.72
CLASSES - FIF;13.902.266/0001-71;;BRADESCO FIF  - CIC  MULTIMERCADO ALOCAÇÃO DINÂMICA - RESPONSABILIDADE LIMITADA;2025-07-31;Depósitos a prazo e outros títulos de instituições financeiras;2.54
CLASSES - FIF;13.902.266/0001-71;;BRADESCO FIF  - CIC  MULTIMERCADO ALOCAÇÃO DINÂMICA - RESPONSABILIDADE LIMITADA;2025-07-31;Operações compromissadas lastreadas em títulos públicos federais;7.81
CLASSES - FIF;13.902.266/0001-71;;BRADESCO FIF  - CIC  MULTIMERCADO ALOCAÇÃO DINÂMICA - RESPONSABILIDADE LIMITADA;2025-07-31;Títulos públicos federais;18.93
CLASSES - FIF;13.911.703/0001-13;;BRADESCO FIF  - CIC  MULTIMERCADO ALOCAÇÃO ARROJADA - RESPONSABILIDADE LIMITADA;2025-07-31;Cotas de fundos de investimento 409;84.30
CLASSES - FIF;13.911.703/0001-13;;BRADESCO FIF  - CIC  MULTIMERCADO ALOCAÇÃO ARROJADA - RESPONSABILIDADE LIMITADA;2025-07-31;Operações compromissadas lastreadas em títulos públicos federais;4.59
CLASSES - FIF;13.911.703/0001-13;;BRADESCO FIF  - CIC  MULTIMERCADO ALOCAÇÃO ARROJADA - RESPONSABILIDADE LIMITADA;2025-07-31;Títulos públicos federais;11.13
CLASSES - FIF;13.962.959/0001-50;;IBIUNA LONG SHORT ST MASTER FIF - CLASSE DE INVESTIMENTO MULTIMERCADO - RESP LIMITADA;2025-07-31;Ações;60.85
CLASSES - FIF;13.962.959/0001-50;;IBIUNA LONG SHORT ST MASTER FIF - CLASSE DE INVESTIMENTO MULTIMERCADO - RESP LIMITADA;2025-07-31;Cotas de fundos de investimento 409;0.38
CLASSES - FIF;13.962.959/0001-50;;IBIUNA LONG SHORT ST MASTER FIF - CLASSE DE INVESTIMENTO MULTIMERCADO - RESP LIMITADA;2025-07-31;Investimento no exterior;16.90
CLASSES - FIF;13.962.959/0001-50;;IBIUNA LONG SHORT ST MASTER FIF - CLASSE DE INVESTIMENTO MULTIMERCADO - RESP LIMITADA;2025-07-31;Operações compromissadas lastreadas em títulos públicos federais;9.25
CLASSES - FIF;13.962.959/0001-50;;IBIUNA LONG SHORT ST MASTER FIF - CLASSE DE INVESTIMENTO MULTIMERCADO - RESP LIMITADA;2025-07-31;Títulos públicos federais;59.60
CLASSES - FIF;13.973.228/0001-00;;SICOOB INFLAÇÃO FUNDO DE INVESTIMENTO FINANCEIRO RENDA FIXA IMA-B;2025-07-31;Operações compromissadas lastreadas em títulos públicos federais;5.00
CLASSES - FIF;13.973.228/0001-00;;SICOOB INFLAÇÃO FUNDO DE INVESTIMENTO FINANCEIRO RENDA FIXA IMA-B;2025-07-31;Títulos públicos federais;95.00
CLASSES - FIF;14.099.976/0001-78;;BRADESCO INSTITUCIONAL IBRX ALPHA FI FINANCEIRO - CIC EM AÇÕES - RESP LIMITADA;2025-07-31;Ações;96.20
CLASSES - FIF;14.099.976/0001-78;;BRADESCO INSTITUCIONAL IBRX ALPHA FI FINANCEIRO - CIC EM AÇÕES - RESP LIMITADA;2025-07-31;Cotas de fundos de investimento 409;0.64
CLASSES - FIF;14.099.976/0001-78;;BRADESCO INSTITUCIONAL IBRX ALPHA FI FINANCEIRO - CIC EM AÇÕES - RESP LIMITADA;2025-07-31;Derivativos;2.10
CLASSES - FIF;14.099.976/0001-78;;BRADESCO INSTITUCIONAL IBRX ALPHA FI FINANCEIRO - CIC EM AÇÕES - RESP LIMITADA;2025-07-31;Operações compromissadas lastreadas em títulos públicos federais;4.25
CLASSES - FIF;14.104.042/0001-87;;BRADESCO FIF - CIC RF PODIUM - RESP LIMITADA;2025-07-31;Cotas de fundos de investimento 409;19.77
CLASSES - FIF;14.104.042/0001-87;;BRADESCO FIF - CIC RF PODIUM - RESP LIMITADA;2025-07-31;Depósitos a prazo e outros títulos de instituições financeiras;22.23
CLASSES - FIF;14.104.042/0001-87;;BRADESCO FIF - CIC RF PODIUM - RESP LIMITADA;2025-07-31;Derivativos;-8.88
CLASSES - FIF;14.104.042/0001-87;;BRADESCO FIF - CIC RF PODIUM - RESP LIMITADA;2025-07-31;Operações compromissadas lastreadas em títulos públicos federais;12.72
CLASSES - FIF;14.104.042/0001-87;;BRADESCO FIF - CIC RF PODIUM - RESP LIMITADA;2025-07-31;Títulos públicos federais;44.55
CLASSES - FIF;14.104.062/0001-58;;BRADESCO NET FIF - CIC RENDA FIXA REFERENCIADA DI - RESPONSABILIDADE  LIMITADA;2025-07-31;Depósitos a prazo e outros títulos de instituições financeiras;3.51
CLASSES - FIF;14.104.062/0001-58;;BRADESCO NET FIF - CIC RENDA FIXA REFERENCIADA DI - RESPONSABILIDADE  LIMITADA;2025-07-31;Operações compromissadas lastreadas em títulos públicos federais;61.66
CLASSES - FIF;14.104.062/0001-58;;BRADESCO NET FIF - CIC RENDA FIXA REFERENCIADA DI - RESPONSABILIDADE  LIMITADA;2025-07-31;Títulos de crédito privado;0.02
CLASSES - FIF;14.104.062/0001-58;;BRADESCO NET FIF - CIC RENDA FIXA REFERENCIADA DI - RESPONSABILIDADE  LIMITADA;2025-07-31;Títulos públicos federais;33.56
CLASSES - FIF;14.104.082/0001-29;;BRADESCO NET FIF- CIC RF - RESP LIMITADA;2025-07-31;Cotas de fundos de investimento 409;19.63
CLASSES - FIF;14.104.082/0001-29;;BRADESCO NET FIF- CIC RF - RESP LIMITADA;2025-07-31;Depósitos a prazo e outros títulos de instituições financeiras;22.07
CLASSES - FIF;14.104.082/0001-29;;BRADESCO NET FIF- CIC RF - RESP LIMITADA;2025-07-31;Derivativos;-8.81
CLASSES - FIF;14.104.082/0001-29;;BRADESCO NET FIF- CIC RF - RESP LIMITADA;2025-07-31;Operações compromissadas lastreadas em títulos públicos federais;12.63
CLASSES - FIF;14.104.082/0001-29;;BRADESCO NET FIF- CIC RF - RESP LIMITADA;2025-07-31;Títulos públicos federais;44.22
CLASSES - FIF;14.104.126/0001-10;;BRADESCO PRIME NET FIF - CIC RF - RESP LIMITADA;2025-07-31;Cotas de fundos de investimento 409;19.61
CLASSES - FIF;14.104.126/0001-10;;BRADESCO PRIME NET FIF - CIC RF - RESP LIMITADA;2025-07-31;Depósitos a prazo e outros títulos de instituições financeiras;22.05
CLASSES - FIF;14.104.126/0001-10;;BRADESCO PRIME NET FIF - CIC RF - RESP LIMITADA;2025-07-31;Derivativos;-8.81
CLASSES - FIF;14.104.126/0001-10;;BRADESCO PRIME NET FIF - CIC RF - RESP LIMITADA;2025-07-31;Operações compromissadas lastreadas em títulos públicos federais;12.62
CLASSES - FIF;14.104.126/0001-10;;BRADESCO PRIME NET FIF - CIC RF - RESP LIMITADA;2025-07-31;Títulos públicos federais;44.19
CLASSES - FIF;14.104.139/0001-90;;BRADESCO PRIME NET FIC DE FI FINANCEIRO RENDA FIXA REFERENCIADA DI - RESPONSABILIDADE LIMITADA;2025-07-31;Depósitos a prazo e outros títulos de instituições financeiras;3.49
CLASSES - FIF;14.104.139/0001-90;;BRADESCO PRIME NET FIC DE FI FINANCEIRO RENDA FIXA REFERENCIADA DI - RESPONSABILIDADE LIMITADA;2025-07-31;Operações compromissadas lastreadas em títulos públicos federais;61.46
CLASSES - FIF;14.104.139/0001-90;;BRADESCO PRIME NET FIC DE FI FINANCEIRO RENDA FIXA REFERENCIADA DI - RESPONSABILIDADE LIMITADA;2025-07-31;Títulos de crédito privado;0.02
CLASSES - FIF;14.104.139/0001-90;;BRADESCO PRIME NET FIC DE FI FINANCEIRO RENDA FIXA REFERENCIADA DI - RESPONSABILIDADE LIMITADA;2025-07-31;Títulos públicos federais;33.45
CLASSES - FIF;14.113.340/0001-33;;NAVI INSTITUCIONAL FI FINANCEIRO - CIC EM AÇÕES - RESP LIMITADA;2025-07-31;Ações;89.83
CLASSES - FIF;14.113.340/0001-33;;NAVI INSTITUCIONAL FI FINANCEIRO - CIC EM AÇÕES - RESP LIMITADA;2025-07-31;Derivativos;1.70
CLASSES - FIF;14.113.340/0001-33;;NAVI INSTITUCIONAL FI FINANCEIRO - CIC EM AÇÕES - RESP LIMITADA;2025-07-31;Operações compromissadas lastreadas em títulos públicos federais;10.08
CLASSES - FIF;14.115.118/0001-70;;MAG INFLAÇÃO REFERENCIADO IMA-B FIF - CI RF LP - RESPONSABILIDADE LIMITADA;2025-07-31;Derivativos;8.82
CLASSES - FIF;14.115.118/0001-70;;MAG INFLAÇÃO REFERENCIADO IMA-B FIF - CI RF LP - RESPONSABILIDADE LIMITADA;2025-07-31;Operações compromissadas lastreadas em títulos públicos federais;0.77
CLASSES - FIF;14.115.118/0001-70;;MAG INFLAÇÃO REFERENCIADO IMA-B FIF - CI RF LP - RESPONSABILIDADE LIMITADA;2025-07-31;Títulos públicos federais;99.21
CLASSES - FIF;14.287.871/0001-42;;SICOOB DI FUNDO DE INVESTIMENTO FINANCEIRO RENDA FIXA REFERENCIADO DI;2025-07-31;Depósitos a prazo e outros títulos de instituições financeiras;17.37
CLASSES - FIF;14.287.871/0001-42;;SICOOB DI FUNDO DE INVESTIMENTO FINANCEIRO RENDA FIXA REFERENCIADO DI;2025-07-31;Operações compromissadas lastreadas em títulos públicos federais;5.80
CLASSES - FIF;14.287.871/0001-42;;SICOOB DI FUNDO DE INVESTIMENTO FINANCEIRO RENDA FIXA REFERENCIADO DI;2025-07-31;Títulos públicos federais;76.83
CLASSES - FIF;14.491.665/0001-50;;TIVIO FI FINANCEIRO - CI RF CRED PRIV - RESP LIMITADA;2025-07-31;Ações;0.00
CLASSES - FIF;14.491.665/0001-50;;TIVIO FI FINANCEIRO - CI RF CRED PRIV - RESP LIMITADA;2025-07-31;Depósitos a prazo e outros títulos de instituições financeiras;43.27
CLASSES - FIF;14.491.665/0001-50;;TIVIO FI FINANCEIRO - CI RF CRED PRIV - RESP LIMITADA;2025-07-31;Operações compromissadas lastreadas em títulos públicos federais;3.70
CLASSES - FIF;14.491.665/0001-50;;TIVIO FI FINANCEIRO - CI RF CRED PRIV - RESP LIMITADA;2025-07-31;Títulos de crédito privado;38.93
CLASSES - FIF;14.491.665/0001-50;;TIVIO FI FINANCEIRO - CI RF CRED PRIV - RESP LIMITADA;2025-07-31;Títulos públicos federais;14.13
CLASSES - FIF;14.550.994/0001-24;;MAG BRASIL FUNDO DE INVESTIMENTO FINANCEIRO  CLASSE DE INVESTIMENTO EM AÇÕES  RESP LIMITADA;2025-07-31;Ações;97.72
CLASSES - FIF;14.550.994/0001-24;;MAG BRASIL FUNDO DE INVESTIMENTO FINANCEIRO  CLASSE DE INVESTIMENTO EM AÇÕES  RESP LIMITADA;2025-07-31;Cotas de fundos de investimento 409;0.96
CLASSES - FIF;14.550.994/0001-24;;MAG BRASIL FUNDO DE INVESTIMENTO FINANCEIRO  CLASSE DE INVESTIMENTO EM AÇÕES  RESP LIMITADA;2025-07-31;Derivativos;-0.21
CLASSES - FIF;14.550.994/0001-24;;MAG BRASIL FUNDO DE INVESTIMENTO FINANCEIRO  CLASSE DE INVESTIMENTO EM AÇÕES  RESP LIMITADA;2025-07-31;Operações compromissadas lastreadas em títulos públicos federais;0.22
CLASSES - FIF;14.550.994/0001-24;;MAG BRASIL FUNDO DE INVESTIMENTO FINANCEIRO  CLASSE DE INVESTIMENTO EM AÇÕES  RESP LIMITADA;2025-07-31;Títulos públicos federais;0.44
CLASSES - FIF;14.632.925/0001-60;;MB FUNDO DE INVESTIMENTO FINANCEIRO EM AÇÕES  INSTITUIÇÕES FINANCEIRAS - RESPONSABILIDADE LIMITADA;2025-07-31;Ações;99.39
CLASSES - FIF;14.632.925/0001-60;;MB FUNDO DE INVESTIMENTO FINANCEIRO EM AÇÕES  INSTITUIÇÕES FINANCEIRAS - RESPONSABILIDADE LIMITADA;2025-07-31;Operações compromissadas lastreadas em títulos públicos federais;0.34
CLASSES - FIF;14.632.925/0001-60;;MB FUNDO DE INVESTIMENTO FINANCEIRO EM AÇÕES  INSTITUIÇÕES FINANCEIRAS - RESPONSABILIDADE LIMITADA;2025-07-31;Títulos públicos federais;0.45
CLASSES - FIF;14.843.717/0001-00;;JULIUS BAER FEEDER ABSOLUTE VERTEX FI FINANCEIRO - CIC MULT CRED PRIV - RESP LIMITADA;2025-07-31;Cotas de fundos de investimento 409;98.65
CLASSES - FIF;14.843.717/0001-00;;JULIUS BAER FEEDER ABSOLUTE VERTEX FI FINANCEIRO - CIC MULT CRED PRIV - RESP LIMITADA;2025-07-31;Operações compromissadas lastreadas em títulos públicos federais;0.38
CLASSES - FIF;14.843.717/0001-00;;JULIUS BAER FEEDER ABSOLUTE VERTEX FI FINANCEIRO - CIC MULT CRED PRIV - RESP LIMITADA;2025-07-31;Títulos públicos federais;0.97
CLASSES - FIF;14.843.784/0001-24;;ICATU VANGUARDA SIMPLES SOBERANO FIF - CLASSE DE INVESTIMENTO RENDA FIXA - RESP LIMITADA;2025-07-31;Operações compromissadas lastreadas em títulos públicos federais;24.18
CLASSES - FIF;14.843.784/0001-24;;ICATU VANGUARDA SIMPLES SOBERANO FIF - CLASSE DE INVESTIMENTO RENDA FIXA - RESP LIMITADA;2025-07-31;Títulos públicos federais;75.85
CLASSES - FIF;15.019.684/0001-40;;CASH STAR FIF - CLASSE DE INVESTIMENTO RF REFERENCIADO DI - RESP LIMITADA;2025-07-31;Operações compromissadas lastreadas em títulos públicos federais;34.89
CLASSES - FIF;15.019.684/0001-40;;CASH STAR FIF - CLASSE DE INVESTIMENTO RF REFERENCIADO DI - RESP LIMITADA;2025-07-31;Títulos públicos federais;65.14
CLASSES - FIF;15.212.344/0001-31;;CANVAS ENDURO 30 CSHG FUNDO DE INVESTIMENTO EM COTAS DE FIF MULTIMERCADO - RESPONSABILIDADE LIMITADA;2025-07-31;Cotas de Fundos de Investimento 555;100.18
CLASSES - FIF;15.212.344/0001-31;;CANVAS ENDURO 30 CSHG FUNDO DE INVESTIMENTO EM COTAS DE FIF MULTIMERCADO - RESPONSABILIDADE LIMITADA;2025-07-31;Outros;0.13
CLASSES - FIF;15.259.071/0001-80;;BRADESCO H FIF - CLASSE DE  INVESTIMENTO RENDA FIXA NILO - RESPONSABILIDADE LIMITADA;2025-07-31;Derivativos;-0.36
CLASSES - FIF;15.259.071/0001-80;;BRADESCO H FIF - CLASSE DE  INVESTIMENTO RENDA FIXA NILO - RESPONSABILIDADE LIMITADA;2025-07-31;Operações compromissadas lastreadas em títulos públicos federais;2.62
CLASSES - FIF;15.259.071/0001-80;;BRADESCO H FIF - CLASSE DE  INVESTIMENTO RENDA FIXA NILO - RESPONSABILIDADE LIMITADA;2025-07-31;Títulos públicos federais;97.43
CLASSES - FIF;15.259.423/0001-06;;BRADESCO H FIF - CIC RF LONGO PRAZO INFLAÇÃO 15.000 - RESP LIMITADA;2025-07-31;Cotas de fundos de investimento 409;3.90
CLASSES - FIF;15.259.423/0001-06;;BRADESCO H FIF - CIC RF LONGO PRAZO INFLAÇÃO 15.000 - RESP LIMITADA;2025-07-31;Depósitos a prazo e outros títulos de instituições financeiras;2.19
CLASSES - FIF;15.259.423/0001-06;;BRADESCO H FIF - CIC RF LONGO PRAZO INFLAÇÃO 15.000 - RESP LIMITADA;2025-07-31;Derivativos;3.30
CLASSES - FIF;15.259.423/0001-06;;BRADESCO H FIF - CIC RF LONGO PRAZO INFLAÇÃO 15.000 - RESP LIMITADA;2025-07-31;Operações compromissadas lastreadas em títulos públicos federais;1.44
CLASSES - FIF;15.259.423/0001-06;;BRADESCO H FIF - CIC RF LONGO PRAZO INFLAÇÃO 15.000 - RESP LIMITADA;2025-07-31;Títulos públicos federais;92.31
CLASSES - FIF;15.487.918/0001-84;;IBIUNA  HEDGE ST MASTER FIF - CLASSE DE  INVESTIMENTO MULTIMERCADO - RESPONSABILIDADE LIMITADA;2025-07-31;Derivativos;1063.73
CLASSES - FIF;15.487.918/0001-84;;IBIUNA  HEDGE ST MASTER FIF - CLASSE DE  INVESTIMENTO MULTIMERCADO - RESPONSABILIDADE LIMITADA;2025-07-31;Investimento no exterior;17.48
CLASSES - FIF;15.487.918/0001-84;;IBIUNA  HEDGE ST MASTER FIF - CLASSE DE  INVESTIMENTO MULTIMERCADO - RESPONSABILIDADE LIMITADA;2025-07-31;Operações compromissadas lastreadas em títulos públicos federais;119.92
CLASSES - FIF;15.487.918/0001-84;;IBIUNA  HEDGE ST MASTER FIF - CLASSE DE  INVESTIMENTO MULTIMERCADO - RESPONSABILIDADE LIMITADA;2025-07-31;Títulos de crédito privado;6.36
CLASSES - FIF;15.487.918/0001-84;;IBIUNA  HEDGE ST MASTER FIF - CLASSE DE  INVESTIMENTO MULTIMERCADO - RESPONSABILIDADE LIMITADA;2025-07-31;Títulos públicos federais;126.77
CLASSES - FIF;15.578.409/0001-67;;ICATU VANGUARDA MULTIESTRATÉGIA FUNDO DE INVESTIMENTO EM COTAS FIF MULT CRED PRIV - RESP LIMITADA;2025-07-31;Cotas de fundos de investimento 409;18.82
CLASSES - FIF;15.578.409/0001-67;;ICATU VANGUARDA MULTIESTRATÉGIA FUNDO DE INVESTIMENTO EM COTAS FIF MULT CRED PRIV - RESP LIMITADA;2025-07-31;Depósitos a prazo e outros títulos de instituições financeiras;11.72
CLASSES - FIF;15.578.409/0001-67;;ICATU VANGUARDA MULTIESTRATÉGIA FUNDO DE INVESTIMENTO EM COTAS FIF MULT CRED PRIV - RESP LIMITADA;2025-07-31;Operações compromissadas lastreadas em títulos públicos federais;18.66
CLASSES - FIF;15.578.409/0001-67;;ICATU VANGUARDA MULTIESTRATÉGIA FUNDO DE INVESTIMENTO EM COTAS FIF MULT CRED PRIV - RESP LIMITADA;2025-07-31;Títulos de crédito privado;20.15
CLASSES - FIF;15.578.409/0001-67;;ICATU VANGUARDA MULTIESTRATÉGIA FUNDO DE INVESTIMENTO EM COTAS FIF MULT CRED PRIV - RESP LIMITADA;2025-07-31;Títulos públicos federais;31.04
CLASSES - FIF;15.586.796/0001-83;;ICATU VANGUARDA DATA ALVO 2040 FUNDO DE INVESTIMENTO EM COTAS FIF MULT CRED PRIV - RESP LIMITADA;2025-07-31;Ações;23.86
CLASSES - FIF;15.586.796/0001-83;;ICATU VANGUARDA DATA ALVO 2040 FUNDO DE INVESTIMENTO EM COTAS FIF MULT CRED PRIV - RESP LIMITADA;2025-07-31;Depósitos a prazo e outros títulos de instituições financeiras;9.23
CLASSES - FIF;15.586.796/0001-83;;ICATU VANGUARDA DATA ALVO 2040 FUNDO DE INVESTIMENTO EM COTAS FIF MULT CRED PRIV - RESP LIMITADA;2025-07-31;Derivativos;13.52
CLASSES - FIF;15.586.796/0001-83;;ICATU VANGUARDA DATA ALVO 2040 FUNDO DE INVESTIMENTO EM COTAS FIF MULT CRED PRIV - RESP LIMITADA;2025-07-31;Títulos de crédito privado;15.39
CLASSES - FIF;15.586.796/0001-83;;ICATU VANGUARDA DATA ALVO 2040 FUNDO DE INVESTIMENTO EM COTAS FIF MULT CRED PRIV - RESP LIMITADA;2025-07-31;Títulos públicos federais;32.85
CLASSES - FIF;15.586.797/0001-28;;ICATU VANGUARDA DATA ALVO 2030 FUNDO DE INVESTIMENTO EM COTAS FIF MULT CRED PRIV - RESP LIMITADA;2025-07-31;Cotas de fundos de investimento 409;15.33
CLASSES - FIF;15.586.797/0001-28;;ICATU VANGUARDA DATA ALVO 2030 FUNDO DE INVESTIMENTO EM COTAS FIF MULT CRED PRIV - RESP LIMITADA;2025-07-31;Depósitos a prazo e outros títulos de instituições financeiras;10.76
CLASSES - FIF;15.586.797/0001-28;;ICATU VANGUARDA DATA ALVO 2030 FUNDO DE INVESTIMENTO EM COTAS FIF MULT CRED PRIV - RESP LIMITADA;2025-07-31;Derivativos;14.51
CLASSES - FIF;15.586.797/0001-28;;ICATU VANGUARDA DATA ALVO 2030 FUNDO DE INVESTIMENTO EM COTAS FIF MULT CRED PRIV - RESP LIMITADA;2025-07-31;Títulos de crédito privado;17.59
CLASSES - FIF;15.586.797/0001-28;;ICATU VANGUARDA DATA ALVO 2030 FUNDO DE INVESTIMENTO EM COTAS FIF MULT CRED PRIV - RESP LIMITADA;2025-07-31;Títulos públicos federais;34.36
CLASSES - FIF;15.603.942/0001-31;;IBIUNA HEDGE STR FIF - CLASSE DE INVESTIMENTO EM COTAS MULTIMERCADO -RESP LIMITADA;2025-07-31;Cotas de fundos de investimento 409;6.70
CLASSES - FIF;15.603.942/0001-31;;IBIUNA HEDGE STR FIF - CLASSE DE INVESTIMENTO EM COTAS MULTIMERCADO -RESP LIMITADA;2025-07-31;Derivativos;1068.14
CLASSES - FIF;15.603.942/0001-31;;IBIUNA HEDGE STR FIF - CLASSE DE INVESTIMENTO EM COTAS MULTIMERCADO -RESP LIMITADA;2025-07-31;Investimento no exterior;16.37
CLASSES - FIF;15.603.942/0001-31;;IBIUNA HEDGE STR FIF - CLASSE DE INVESTIMENTO EM COTAS MULTIMERCADO -RESP LIMITADA;2025-07-31;Operações compromissadas lastreadas em títulos públicos federais;119.50
CLASSES - FIF;15.603.942/0001-31;;IBIUNA HEDGE STR FIF - CLASSE DE INVESTIMENTO EM COTAS MULTIMERCADO -RESP LIMITADA;2025-07-31;Títulos públicos federais;122.99
CLASSES - FIF;15.603.945/0001-75;;VINCI SELECTION EQUITIES FIF - CLASSE DE INVESTIMENTO EM AÇÕES - RESP LIMITADA;2025-07-31;Ações;20.57
CLASSES - FIF;15.603.945/0001-75;;VINCI SELECTION EQUITIES FIF - CLASSE DE INVESTIMENTO EM AÇÕES - RESP LIMITADA;2025-07-31;Cotas de fundos de investimento 409;54.82
CLASSES - FIF;15.603.945/0001-75;;VINCI SELECTION EQUITIES FIF - CLASSE DE INVESTIMENTO EM AÇÕES - RESP LIMITADA;2025-07-31;Derivativos;8.36
CLASSES - FIF;15.603.945/0001-75;;VINCI SELECTION EQUITIES FIF - CLASSE DE INVESTIMENTO EM AÇÕES - RESP LIMITADA;2025-07-31;Operações compromissadas lastreadas em títulos públicos federais;3.05
CLASSES - FIF;15.603.945/0001-75;;VINCI SELECTION EQUITIES FIF - CLASSE DE INVESTIMENTO EM AÇÕES - RESP LIMITADA;2025-07-31;Títulos públicos federais;21.16
CLASSES - FIF;15.675.415/0001-32;;BRAM BANCOS FI FINANCEIRO - CI RF CRED PRIV - RESP LIMITADA;2025-07-31;Depósitos a prazo e outros títulos de instituições financeiras;80.09
CLASSES - FIF;15.675.415/0001-32;;BRAM BANCOS FI FINANCEIRO - CI RF CRED PRIV - RESP LIMITADA;2025-07-31;Operações compromissadas lastreadas em títulos públicos federais;17.51
CLASSES - FIF;15.675.415/0001-32;;BRAM BANCOS FI FINANCEIRO - CI RF CRED PRIV - RESP LIMITADA;2025-07-31;Títulos públicos federais;2.39
CLASSES - FIF;15.675.431/0001-25;;BRAM FIF - CLASSE DE INVESTIMENTO RF REFERENCIADA DI CORAL - RESP LIMITADA;2025-07-31;Cotas de fundos de investimento 409;1.06
CLASSES - FIF;15.675.431/0001-25;;BRAM FIF - CLASSE DE INVESTIMENTO RF REFERENCIADA DI CORAL - RESP LIMITADA;2025-07-31;Depósitos a prazo e outros títulos de instituições financeiras;25.38
CLASSES - FIF;15.675.431/0001-25;;BRAM FIF - CLASSE DE INVESTIMENTO RF REFERENCIADA DI CORAL - RESP LIMITADA;2025-07-31;Operações compromissadas lastreadas em títulos públicos federais;41.51
CLASSES - FIF;15.675.431/0001-25;;BRAM FIF - CLASSE DE INVESTIMENTO RF REFERENCIADA DI CORAL - RESP LIMITADA;2025-07-31;Títulos de crédito privado;13.85
CLASSES - FIF;15.675.431/0001-25;;BRAM FIF - CLASSE DE INVESTIMENTO RF REFERENCIADA DI CORAL - RESP LIMITADA;2025-07-31;Títulos públicos federais;17.48
CLASSES - FIF;15.675.437/0001-00;;BRAM FI FINANCEIRO - CI RF CRED PRIV - RESP LIMITADA;2025-07-31;Cotas de fundos de investimento 409;3.37
CLASSES - FIF;15.675.437/0001-00;;BRAM FI FINANCEIRO - CI RF CRED PRIV - RESP LIMITADA;2025-07-31;Depósitos a prazo e outros títulos de instituições financeiras;46.78
CLASSES - FIF;15.675.437/0001-00;;BRAM FI FINANCEIRO - CI RF CRED PRIV - RESP LIMITADA;2025-07-31;Operações compromissadas lastreadas em títulos públicos federais;19.39
CLASSES - FIF;15.675.437/0001-00;;BRAM FI FINANCEIRO - CI RF CRED PRIV - RESP LIMITADA;2025-07-31;Outras aplicações;1.48
CLASSES - FIF;15.675.437/0001-00;;BRAM FI FINANCEIRO - CI RF CRED PRIV - RESP LIMITADA;2025-07-31;Títulos de crédito privado;28.92
CLASSES - FIF;15.714.222/0001-43;;BRADESCO FUNDO DE INVESTIMENTO FINANCEIRO - CIC DE AÇÕES DIVIDENDOS - RESPONSABILIDADE LIMITADA;2025-07-31;Ações;94.22
CLASSES - FIF;15.714.222/0001-43;;BRADESCO FUNDO DE INVESTIMENTO FINANCEIRO - CIC DE AÇÕES DIVIDENDOS - RESPONSABILIDADE LIMITADA;2025-07-31;Derivativos;-0.17
CLASSES - FIF;15.714.222/0001-43;;BRADESCO FUNDO DE INVESTIMENTO FINANCEIRO - CIC DE AÇÕES DIVIDENDOS - RESPONSABILIDADE LIMITADA;2025-07-31;Operações compromissadas lastreadas em títulos públicos federais;4.19
CLASSES - FIF;15.714.258/0001-27;;BRAM IMA-B 5 FI FINANCEIRO - CI RF - RESP LIMITADA;2025-07-31;Derivativos;2.13
CLASSES - FIF;15.714.258/0001-27;;BRAM IMA-B 5 FI FINANCEIRO - CI RF - RESP LIMITADA;2025-07-31;Operações compromissadas lastreadas em títulos públicos federais;2.36
CLASSES - FIF;15.714.258/0001-27;;BRAM IMA-B 5 FI FINANCEIRO - CI RF - RESP LIMITADA;2025-07-31;Títulos públicos federais;97.65
CLASSES - FIF;15.780.914/0001-90;;BRADESCO EXTENDED CREDIT POD FI FINANCEIRO - CIC DE CI MULT - RESP LIMITADA;2025-07-31;Cotas de fundos de investimento 409;1.60
CLASSES - FIF;15.780.914/0001-90;;BRADESCO EXTENDED CREDIT POD FI FINANCEIRO - CIC DE CI MULT - RESP LIMITADA;2025-07-31;Operações compromissadas lastreadas em títulos públicos federais;29.15
CLASSES - FIF;15.780.914/0001-90;;BRADESCO EXTENDED CREDIT POD FI FINANCEIRO - CIC DE CI MULT - RESP LIMITADA;2025-07-31;Títulos públicos federais;70.65
CLASSES - FIF;15.799.713/0001-34;;IBIUNA HEDGE STH FIF - CLASSE DE INVESTIMENTO EM COTAS MULTIMERCADO - RESP LIMITADA;2025-07-31;Cotas de fundos de investimento 409;6.71
CLASSES - FIF;15.799.713/0001-34;;IBIUNA HEDGE STH FIF - CLASSE DE INVESTIMENTO EM COTAS MULTIMERCADO - RESP LIMITADA;2025-07-31;Derivativos;1069.10
CLASSES - FIF;15.799.713/0001-34;;IBIUNA HEDGE STH FIF - CLASSE DE INVESTIMENTO EM COTAS MULTIMERCADO - RESP LIMITADA;2025-07-31;Investimento no exterior;16.39
CLASSES - FIF;15.799.713/0001-34;;IBIUNA HEDGE STH FIF - CLASSE DE INVESTIMENTO EM COTAS MULTIMERCADO - RESP LIMITADA;2025-07-31;Operações compromissadas lastreadas em títulos públicos federais;119.61
CLASSES - FIF;15.799.713/0001-34;;IBIUNA HEDGE STH FIF - CLASSE DE INVESTIMENTO EM COTAS MULTIMERCADO - RESP LIMITADA;2025-07-31;Títulos públicos federais;123.10
CLASSES - FIF;15.834.698/0001-18;;MB AÇÕES MERCANTIL DO BRASIL  FUNDO DE INVESTIMENTO FINANCEIRO EM AÇÕES - RESPONSABILIDADE  LIMITADA;2025-07-31;Ações;96.45
CLASSES - FIF;15.834.698/0001-18;;MB AÇÕES MERCANTIL DO BRASIL  FUNDO DE INVESTIMENTO FINANCEIRO EM AÇÕES - RESPONSABILIDADE  LIMITADA;2025-07-31;Operações compromissadas lastreadas em títulos públicos federais;2.58
CLASSES - FIF;15.834.698/0001-18;;MB AÇÕES MERCANTIL DO BRASIL  FUNDO DE INVESTIMENTO FINANCEIRO EM AÇÕES - RESPONSABILIDADE  LIMITADA;2025-07-31;Títulos públicos federais;1.06
CLASSES - FIF;15.862.355/0001-67;;BANESTES TESOURO  FIF RENDA FIXA REFERENCIADO DI RESPONSABILIDADE LIMITADA;2025-07-31;Depósitos a prazo e outros títulos de instituições financeiras;9.59
CLASSES - FIF;15.862.355/0001-67;;BANESTES TESOURO  FIF RENDA FIXA REFERENCIADO DI RESPONSABILIDADE LIMITADA;2025-07-31;Operações compromissadas lastreadas em títulos públicos federais;49.84
CLASSES - FIF;15.862.355/0001-67;;BANESTES TESOURO  FIF RENDA FIXA REFERENCIADO DI RESPONSABILIDADE LIMITADA;2025-07-31;Títulos públicos federais;40.57
FI;16.570.371/0001-49;;BBT MULTIMERCADO FUNDO DE INVESTIMENTO FINANCEIRO;2025-07-31;Ações;41.45
FI;16.570.371/0001-49;;BBT MULTIMERCADO FUNDO DE INVESTIMENTO FINANCEIRO;2025-07-31;Derivativos;14.31
FI;16.570.371/0001-49;;BBT MULTIMERCADO FUNDO DE INVESTIMENTO FINANCEIRO;2025-07-31;Titulos publicos federais;46.87
FI;16.617.593/0001-70;;BBT AÇÕES FUNDO DE INVESTIMENTO FINANCEIRO;2025-07-31;Ações;93.54
FI;16.617.593/0001-70;;BBT AÇÕES FUNDO DE INVESTIMENTO FINANCEIRO;2025-07-31;Outras Aplicações;10.26
CLASSES - FIF;16.844.885/0001-45;;BANRISUL FOCO IRF-M FUNDO DE INVESTIMENTO FINANCEIRO RENDA FIXA LONGO PRAZO RESP LIMITADA;2025-07-31;DERIVATIVOS;39.73
CLASSES - FIF;16.844.885/0001-45;;BANRISUL FOCO IRF-M FUNDO DE INVESTIMENTO FINANCEIRO RENDA FIXA LONGO PRAZO RESP LIMITADA;2025-07-31;OPERAÇÕES COMPROMISSADAS LASTREADAS EM TÍTULOS PÚBLICOS FEDERAIS;24.51
CLASSES - FIF;16.844.885/0001-45;;BANRISUL FOCO IRF-M FUNDO DE INVESTIMENTO FINANCEIRO RENDA FIXA LONGO PRAZO RESP LIMITADA;2025-07-31;TÍTULOS PÚBLICOS FEDERAIS;75.63
CLASSES - FIF;16.844.890/0001-58;;BANRISUL FOCO IMA-B FUNDO DE INVESTIMENTO FINANCEIRO RENDA FIXA LONGO PRAZO RESPONSABILIDADE LIMITAD;2025-07-31;OPERAÇÕES COMPROMISSADAS LASTREADAS EM TÍTULOS PÚBLICOS FEDERAIS;0.79
CLASSES - FIF;16.844.890/0001-58;;BANRISUL FOCO IMA-B FUNDO DE INVESTIMENTO FINANCEIRO RENDA FIXA LONGO PRAZO RESPONSABILIDADE LIMITAD;2025-07-31;TÍTULOS PÚBLICOS FEDERAIS;99.21
CLASSES - FIF;16.880.814/0001-06;;BRAM FUNDO DE INVESTIMENTO FINANCEIRO - CLASSE DE INVESTIMENTO AÇÕES SMALL CAPS - RESP LIMITADA;2025-07-31;Ações;93.02
CLASSES - FIF;16.880.814/0001-06;;BRAM FUNDO DE INVESTIMENTO FINANCEIRO - CLASSE DE INVESTIMENTO AÇÕES SMALL CAPS - RESP LIMITADA;2025-07-31;Operações compromissadas lastreadas em títulos públicos federais;3.80
CLASSES - FIF;16.892.122/0001-70;;SULAMÉRICA SELECTION FUNDO DE INVESTIMENTO FINANCEIRO AÇÕES DE RESPONSABILIDADE LIMITADA;2025-07-31;Ações;96.07
CLASSES - FIF;16.892.122/0001-70;;SULAMÉRICA SELECTION FUNDO DE INVESTIMENTO FINANCEIRO AÇÕES DE RESPONSABILIDADE LIMITADA;2025-07-31;Cotas de Fundo;0.00
CLASSES - FIF;16.892.122/0001-70;;SULAMÉRICA SELECTION FUNDO DE INVESTIMENTO FINANCEIRO AÇÕES DE RESPONSABILIDADE LIMITADA;2025-07-31;Op. Compromissadas lastreadas em títulos públicos;3.93
CLASSES - FIF;16.892.122/0001-70;;SULAMÉRICA SELECTION FUNDO DE INVESTIMENTO FINANCEIRO AÇÕES DE RESPONSABILIDADE LIMITADA;2025-07-31;Outros;0.00
CLASSES - FIF;16.892.122/0001-70;;SULAMÉRICA SELECTION FUNDO DE INVESTIMENTO FINANCEIRO AÇÕES DE RESPONSABILIDADE LIMITADA;2025-07-31;Títulos público federais;0.00
CLASSES - FIF;16.964.091/0001-15;;BANESTES SOLIDEZ AUTOMÁTICO FIF RENDA FIXA CURTO PRAZO RESPONSABILIDADE LIMITADA;2025-07-31;Operações compromissadas lastreadas em títulos públicos federais;99.40
CLASSES - FIF;17.080.119/0001-14;;BAHIA AM MASTER FIF - CLASSE DE INVESTIMENTO MULTIMERCADO - RESP LIMITADA;2025-07-31;Derivativos;8.85
CLASSES - FIF;17.080.119/0001-14;;BAHIA AM MASTER FIF - CLASSE DE INVESTIMENTO MULTIMERCADO - RESP LIMITADA;2025-07-31;Investimento no exterior;15.77
CLASSES - FIF;17.080.119/0001-14;;BAHIA AM MASTER FIF - CLASSE DE INVESTIMENTO MULTIMERCADO - RESP LIMITADA;2025-07-31;Operações compromissadas lastreadas em títulos públicos federais;-85.39
CLASSES - FIF;17.080.119/0001-14;;BAHIA AM MASTER FIF - CLASSE DE INVESTIMENTO MULTIMERCADO - RESP LIMITADA;2025-07-31;Títulos públicos federais;167.36
CLASSES - FIF;17.087.932/0001-16;;BAHIA AM MARAÚ FIF - CLASSE DE INVESTIMENTO EM COTAS MULTIMERCADO - RESP LIMITADA;2025-07-31;Derivativos;0.06
CLASSES - FIF;17.087.932/0001-16;;BAHIA AM MARAÚ FIF - CLASSE DE INVESTIMENTO EM COTAS MULTIMERCADO - RESP LIMITADA;2025-07-31;Investimento no exterior;12.83
CLASSES - FIF;17.087.932/0001-16;;BAHIA AM MARAÚ FIF - CLASSE DE INVESTIMENTO EM COTAS MULTIMERCADO - RESP LIMITADA;2025-07-31;Operações compromissadas lastreadas em títulos públicos federais;-51.39
CLASSES - FIF;17.087.932/0001-16;;BAHIA AM MARAÚ FIF - CLASSE DE INVESTIMENTO EM COTAS MULTIMERCADO - RESP LIMITADA;2025-07-31;Títulos públicos federais;137.27
CLASSES - FIF;17.137.326/0001-68;;IBIUNA HEDGE STHG FIF- CLASSE DE INVESTIMENTO EM COTAS MULTIMERCADO - RESPONSABILIDADE LIMITADA;2025-07-31;Cotas de fundos de investimento 409;6.70
CLASSES - FIF;17.137.326/0001-68;;IBIUNA HEDGE STHG FIF- CLASSE DE INVESTIMENTO EM COTAS MULTIMERCADO - RESPONSABILIDADE LIMITADA;2025-07-31;Derivativos;1067.72
CLASSES - FIF;17.137.326/0001-68;;IBIUNA HEDGE STHG FIF- CLASSE DE INVESTIMENTO EM COTAS MULTIMERCADO - RESPONSABILIDADE LIMITADA;2025-07-31;Investimento no exterior;16.37
CLASSES - FIF;17.137.326/0001-68;;IBIUNA HEDGE STHG FIF- CLASSE DE INVESTIMENTO EM COTAS MULTIMERCADO - RESPONSABILIDADE LIMITADA;2025-07-31;Operações compromissadas lastreadas em títulos públicos federais;119.45
CLASSES - FIF;17.137.326/0001-68;;IBIUNA HEDGE STHG FIF- CLASSE DE INVESTIMENTO EM COTAS MULTIMERCADO - RESPONSABILIDADE LIMITADA;2025-07-31;Títulos públicos federais;122.94
CLASSES - FIF;17.284.948/0001-19;;BRAM H FUNDO DE INVESTIMENTO FINANCEIRO - CLASSE DE  INVESTIMENTO AÇÕES DIVIDENDOS - RESP LIMITADA;2025-07-31;Ações;94.00
CLASSES - FIF;17.284.948/0001-19;;BRAM H FUNDO DE INVESTIMENTO FINANCEIRO - CLASSE DE  INVESTIMENTO AÇÕES DIVIDENDOS - RESP LIMITADA;2025-07-31;Derivativos;-0.17
CLASSES - FIF;17.284.948/0001-19;;BRAM H FUNDO DE INVESTIMENTO FINANCEIRO - CLASSE DE  INVESTIMENTO AÇÕES DIVIDENDOS - RESP LIMITADA;2025-07-31;Operações compromissadas lastreadas em títulos públicos federais;4.18
CLASSES - FIF;17.489.019/0001-46;;BRADESCO FIF - CIC RF CRED PRIVADO EXCLUSIVO BETA - RESP LIMITADA;2025-07-31;Cotas de fundos de investimento 409;1.95
CLASSES - FIF;17.489.019/0001-46;;BRADESCO FIF - CIC RF CRED PRIVADO EXCLUSIVO BETA - RESP LIMITADA;2025-07-31;Depósitos a prazo e outros títulos de instituições financeiras;26.43
CLASSES - FIF;17.489.019/0001-46;;BRADESCO FIF - CIC RF CRED PRIVADO EXCLUSIVO BETA - RESP LIMITADA;2025-07-31;Operações compromissadas lastreadas em títulos públicos federais;44.47
CLASSES - FIF;17.489.019/0001-46;;BRADESCO FIF - CIC RF CRED PRIVADO EXCLUSIVO BETA - RESP LIMITADA;2025-07-31;Títulos de crédito privado;11.98
CLASSES - FIF;17.489.019/0001-46;;BRADESCO FIF - CIC RF CRED PRIVADO EXCLUSIVO BETA - RESP LIMITADA;2025-07-31;Títulos públicos federais;15.17
CLASSES - FIF;17.489.031/0001-50;;BAHIA AM MARAÚ A FIF - CIC MULTIM- RESPONSABILIDADE LIMITADA;2025-07-31;Derivativos;0.06
CLASSES - FIF;17.489.031/0001-50;;BAHIA AM MARAÚ A FIF - CIC MULTIM- RESPONSABILIDADE LIMITADA;2025-07-31;Investimento no exterior;12.82
CLASSES - FIF;17.489.031/0001-50;;BAHIA AM MARAÚ A FIF - CIC MULTIM- RESPONSABILIDADE LIMITADA;2025-07-31;Operações compromissadas lastreadas em títulos públicos federais;-51.36
CLASSES - FIF;17.489.031/0001-50;;BAHIA AM MARAÚ A FIF - CIC MULTIM- RESPONSABILIDADE LIMITADA;2025-07-31;Títulos públicos federais;137.17
CLASSES - FIF;17.489.100/0001-26;;BRADESCO FIF - CLASSE DE INVESTIMENTO EM AÇÕES BB SEGURIDADE - RESP LIMITADA;2025-07-31;Ações;99.54
CLASSES - FIF;17.489.100/0001-26;;BRADESCO FIF - CLASSE DE INVESTIMENTO EM AÇÕES BB SEGURIDADE - RESP LIMITADA;2025-07-31;Operações compromissadas lastreadas em títulos públicos federais;0.36
CLASSES - FIF;17.554.200/0001-99;;IBIUNA LONG BIASED FIF - CLASSE DE INVESTIMENTO EM COTAS MULTIMERCADO - RESPONSABILIDADE LIMITADA;2025-07-31;Ações;102.88
CLASSES - FIF;17.554.200/0001-99;;IBIUNA LONG BIASED FIF - CLASSE DE INVESTIMENTO EM COTAS MULTIMERCADO - RESPONSABILIDADE LIMITADA;2025-07-31;Cotas de fundos de investimento 409;0.27
CLASSES - FIF;17.554.200/0001-99;;IBIUNA LONG BIASED FIF - CLASSE DE INVESTIMENTO EM COTAS MULTIMERCADO - RESPONSABILIDADE LIMITADA;2025-07-31;Derivativos;13.92
CLASSES - FIF;17.554.200/0001-99;;IBIUNA LONG BIASED FIF - CLASSE DE INVESTIMENTO EM COTAS MULTIMERCADO - RESPONSABILIDADE LIMITADA;2025-07-31;Investimento no exterior;12.11
CLASSES - FIF;17.554.200/0001-99;;IBIUNA LONG BIASED FIF - CLASSE DE INVESTIMENTO EM COTAS MULTIMERCADO - RESPONSABILIDADE LIMITADA;2025-07-31;Operações compromissadas lastreadas em títulos públicos federais;18.72
CLASSES - FIF;17.554.210/0001-24;;IBIUNA LONG BIASED MASTER FIF - CLASSE DE INVESTIMENTO MULTIMERCADO - RESPONSABILIDADE LIMITADA;2025-07-31;Ações;101.96
CLASSES - FIF;17.554.210/0001-24;;IBIUNA LONG BIASED MASTER FIF - CLASSE DE INVESTIMENTO MULTIMERCADO - RESPONSABILIDADE LIMITADA;2025-07-31;Cotas de fundos de investimento 409;0.27
CLASSES - FIF;17.554.210/0001-24;;IBIUNA LONG BIASED MASTER FIF - CLASSE DE INVESTIMENTO MULTIMERCADO - RESPONSABILIDADE LIMITADA;2025-07-31;Derivativos;13.79
CLASSES - FIF;17.554.210/0001-24;;IBIUNA LONG BIASED MASTER FIF - CLASSE DE INVESTIMENTO MULTIMERCADO - RESPONSABILIDADE LIMITADA;2025-07-31;Investimento no exterior;12.00
CLASSES - FIF;17.554.210/0001-24;;IBIUNA LONG BIASED MASTER FIF - CLASSE DE INVESTIMENTO MULTIMERCADO - RESPONSABILIDADE LIMITADA;2025-07-31;Operações compromissadas lastreadas em títulos públicos federais;18.55
CLASSES - FIF;17.797.493/0001-35;;SULAMÉRICA APOLLO FUNDO DE INVESTIMENTO FINANCEIRO MULTIMERCADO DE RESPONSABILIDADE LIMITADA;2025-07-31;Ações;0.00
CLASSES - FIF;17.797.493/0001-35;;SULAMÉRICA APOLLO FUNDO DE INVESTIMENTO FINANCEIRO MULTIMERCADO DE RESPONSABILIDADE LIMITADA;2025-07-31;Cotas de Fundos;0.00
CLASSES - FIF;17.797.493/0001-35;;SULAMÉRICA APOLLO FUNDO DE INVESTIMENTO FINANCEIRO MULTIMERCADO DE RESPONSABILIDADE LIMITADA;2025-07-31;Op. Compromissadas lastreadas em títulos públicos;32.20
CLASSES - FIF;17.797.493/0001-35;;SULAMÉRICA APOLLO FUNDO DE INVESTIMENTO FINANCEIRO MULTIMERCADO DE RESPONSABILIDADE LIMITADA;2025-07-31;Outros;9.49
CLASSES - FIF;17.797.493/0001-35;;SULAMÉRICA APOLLO FUNDO DE INVESTIMENTO FINANCEIRO MULTIMERCADO DE RESPONSABILIDADE LIMITADA;2025-07-31;Títulos público federais;58.31
CLASSES - FIF;17.812.153/0001-36;;MÉTODO AMZ FUNDO DE INVESTIMENTO DE AÇÕES;2025-07-31;Ações;2.27
CLASSES - FIF;17.812.153/0001-36;;MÉTODO AMZ FUNDO DE INVESTIMENTO DE AÇÕES;2025-07-31;Operações Compromissadas Lastreadas em Títulos Públicos Federais;0.90
CLASSES - FIF;17.812.153/0001-36;;MÉTODO AMZ FUNDO DE INVESTIMENTO DE AÇÕES;2025-07-31;Outras Aplicações;96.65
CLASSES - FIF;17.979.906/0001-00;;FEEDER FALCON FIF - CLASSE DE INVESTIMENTO EM COTAS DE AÇÕES - RESP LIMITADA;2025-07-31;Cotas de fundos de investimento 409;98.40
CLASSES - FIF;17.979.906/0001-00;;FEEDER FALCON FIF - CLASSE DE INVESTIMENTO EM COTAS DE AÇÕES - RESP LIMITADA;2025-07-31;Operações compromissadas lastreadas em títulos públicos federais;0.42
CLASSES - FIF;17.979.906/0001-00;;FEEDER FALCON FIF - CLASSE DE INVESTIMENTO EM COTAS DE AÇÕES - RESP LIMITADA;2025-07-31;Títulos públicos federais;1.14
CLASSES - FIF;18.000.606/0001-92;;BRADESCO FIF - CIC RF IRFM ÁGORA - RESPONSABILIDAE LIMITADA;2025-07-31;Derivativos;9.84
CLASSES - FIF;18.000.606/0001-92;;BRADESCO FIF - CIC RF IRFM ÁGORA - RESPONSABILIDAE LIMITADA;2025-07-31;Operações compromissadas lastreadas em títulos públicos federais;10.10
CLASSES - FIF;18.000.606/0001-92;;BRADESCO FIF - CIC RF IRFM ÁGORA - RESPONSABILIDAE LIMITADA;2025-07-31;Títulos públicos federais;90.04
CLASSES - FIF;18.079.388/0001-23;;BRADESCO BANCOS FI FINANCEIRO - CIC RF CRED PRIV - RESP LIMITADA;2025-07-31;Depósitos a prazo e outros títulos de instituições financeiras;80.10
CLASSES - FIF;18.079.388/0001-23;;BRADESCO BANCOS FI FINANCEIRO - CIC RF CRED PRIV - RESP LIMITADA;2025-07-31;Operações compromissadas lastreadas em títulos públicos federais;17.51
CLASSES - FIF;18.079.388/0001-23;;BRADESCO BANCOS FI FINANCEIRO - CIC RF CRED PRIV - RESP LIMITADA;2025-07-31;Títulos públicos federais;2.40
CLASSES - FIF;18.079.540/0001-78;;BRADESCO S&P 500 MAIS FC - CIC MULT - RESP LIMITADA;2025-07-31;Derivativos;100.20
CLASSES - FIF;18.079.540/0001-78;;BRADESCO S&P 500 MAIS FC - CIC MULT - RESP LIMITADA;2025-07-31;Operações compromissadas lastreadas em títulos públicos federais;12.37
CLASSES - FIF;18.079.540/0001-78;;BRADESCO S&P 500 MAIS FC - CIC MULT - RESP LIMITADA;2025-07-31;Títulos públicos federais;88.41
CLASSES - FIF;18.085.876/0001-43;;BRAM INSTITUCIONAL IRF-M FI FINANCEIRO - CI RF - RESP LIMITADA;2025-07-31;Derivativos;9.59
CLASSES - FIF;18.085.876/0001-43;;BRAM INSTITUCIONAL IRF-M FI FINANCEIRO - CI RF - RESP LIMITADA;2025-07-31;Operações compromissadas lastreadas em títulos públicos federais;9.82
CLASSES - FIF;18.085.876/0001-43;;BRAM INSTITUCIONAL IRF-M FI FINANCEIRO - CI RF - RESP LIMITADA;2025-07-31;Títulos públicos federais;90.21
CLASSES - FIF;18.085.885/0001-34;;BRAM IMA-B 5+ FI FINANCEIRO - CI RF - RESP LIMITADA;2025-07-31;Derivativos;1.20
CLASSES - FIF;18.085.885/0001-34;;BRAM IMA-B 5+ FI FINANCEIRO - CI RF - RESP LIMITADA;2025-07-31;Operações compromissadas lastreadas em títulos públicos federais;1.39
CLASSES - FIF;18.085.885/0001-34;;BRAM IMA-B 5+ FI FINANCEIRO - CI RF - RESP LIMITADA;2025-07-31;Títulos públicos federais;98.61
CLASSES - FIF;18.085.891/0001-91;;BRAM IMA-B TÍTULOS PÚBLICOS FI FINANCEIRO - CI RF - RESP LIMITADA;2025-07-31;Operações compromissadas lastreadas em títulos públicos federais;0.09
CLASSES - FIF;18.085.891/0001-91;;BRAM IMA-B TÍTULOS PÚBLICOS FI FINANCEIRO - CI RF - RESP LIMITADA;2025-07-31;Títulos públicos federais;99.91
CLASSES - FIF;18.085.913/0001-13;;BRAM IMA-B FI FINANCEIRO - CI RF - RESP LIMITADA;2025-07-31;Cotas de fundos de investimento 409;9.80
CLASSES - FIF;18.085.913/0001-13;;BRAM IMA-B FI FINANCEIRO - CI RF - RESP LIMITADA;2025-07-31;Derivativos;2.75
CLASSES - FIF;18.085.913/0001-13;;BRAM IMA-B FI FINANCEIRO - CI RF - RESP LIMITADA;2025-07-31;Operações compromissadas lastreadas em títulos públicos federais;2.97
CLASSES - FIF;18.085.913/0001-13;;BRAM IMA-B FI FINANCEIRO - CI RF - RESP LIMITADA;2025-07-31;Títulos públicos federais;87.23
CLASSES - FIF;18.391.138/0001-24;;IBIUNA LONG SHORT STLS FIF - CLASSE DE INVESTIMENTO EM COTAS MULTIMERCADO - RESP LIMITADA;2025-07-31;Ações;60.99
CLASSES - FIF;18.391.138/0001-24;;IBIUNA LONG SHORT STLS FIF - CLASSE DE INVESTIMENTO EM COTAS MULTIMERCADO - RESP LIMITADA;2025-07-31;Cotas de fundos de investimento 409;0.38
CLASSES - FIF;18.391.138/0001-24;;IBIUNA LONG SHORT STLS FIF - CLASSE DE INVESTIMENTO EM COTAS MULTIMERCADO - RESP LIMITADA;2025-07-31;Investimento no exterior;16.94
CLASSES - FIF;18.391.138/0001-24;;IBIUNA LONG SHORT STLS FIF - CLASSE DE INVESTIMENTO EM COTAS MULTIMERCADO - RESP LIMITADA;2025-07-31;Operações compromissadas lastreadas em títulos públicos federais;9.27
CLASSES - FIF;18.391.138/0001-24;;IBIUNA LONG SHORT STLS FIF - CLASSE DE INVESTIMENTO EM COTAS MULTIMERCADO - RESP LIMITADA;2025-07-31;Títulos públicos federais;59.73
CLASSES - FIF;18.422.272/0001-45;;CSHG ALLOCATION ABSOLUTE VERTEX FUNDO DE INVESTIMENTO EM COTAS DE FIF MULTIMERCADO - RESP LIMITADA;2025-07-31;Outras Cotas de Fundos de Investimento;100.07
CLASSES - FIF;18.422.272/0001-45;;CSHG ALLOCATION ABSOLUTE VERTEX FUNDO DE INVESTIMENTO EM COTAS DE FIF MULTIMERCADO - RESP LIMITADA;2025-07-31;Outros;0.00
FI;18.448.137/0001-79;;GERAL DIVIDENDO FUNDO DE INVESTIMENTO EM AÇÕES - RESPONSABILIDADE LIMITADA;2025-07-31;Ações;88.11
FI;18.448.137/0001-79;;GERAL DIVIDENDO FUNDO DE INVESTIMENTO EM AÇÕES - RESPONSABILIDADE LIMITADA;2025-07-31;Operações compromissadas lastreadas em títulospúblicos federais;11.89
FI;18.448.137/0001-79;;GERAL DIVIDENDO FUNDO DE INVESTIMENTO EM AÇÕES - RESPONSABILIDADE LIMITADA;2025-07-31;Outras aplicações;0.01
CLASSES - FIF;18.466.245/0001-74;;BANRISUL FOCO IRF-M 1 FUNDO DE INVESTIMENTO FINANCEIRO RENDA FIXA RESPONSABILIDADE LIMITADA;2025-07-31;DERIVATIVOS;5.12
CLASSES - FIF;18.466.245/0001-74;;BANRISUL FOCO IRF-M 1 FUNDO DE INVESTIMENTO FINANCEIRO RENDA FIXA RESPONSABILIDADE LIMITADA;2025-07-31;OPERAÇÕES COMPROMISSADAS LASTREADAS EM TÍTULOS PÚBLICOS FEDERAIS;5.35
CLASSES - FIF;18.466.245/0001-74;;BANRISUL FOCO IRF-M 1 FUNDO DE INVESTIMENTO FINANCEIRO RENDA FIXA RESPONSABILIDADE LIMITADA;2025-07-31;TÍTULOS PÚBLICOS FEDERAIS;94.66
CLASSES - FIF;18.558.694/0001-42;;QUARTZO ESTRATÉGIA FUNDO DE INVESTIMENTO FINANCEIRO;2025-07-31;Ações;89.47
CLASSES - FIF;18.558.694/0001-42;;QUARTZO ESTRATÉGIA FUNDO DE INVESTIMENTO FINANCEIRO;2025-07-31;Cotas de Fundos de Investimento 409;6.76
CLASSES - FIF;18.558.694/0001-42;;QUARTZO ESTRATÉGIA FUNDO DE INVESTIMENTO FINANCEIRO;2025-07-31;Derivativos;1.02
CLASSES - FIF;18.558.694/0001-42;;QUARTZO ESTRATÉGIA FUNDO DE INVESTIMENTO FINANCEIRO;2025-07-31;Operações Compromissadas Lastreadas em Títulos Públicos Federais;1.15
CLASSES - FIF;18.558.694/0001-42;;QUARTZO ESTRATÉGIA FUNDO DE INVESTIMENTO FINANCEIRO;2025-07-31;Outras Aplicações;4.33
CLASSES - FIF;18.602.064/0001-28;;FL PREMIUM INSTITUCIONAL FUNDO DE INVESTIMENTO RENDA FIXA LONGO PRAZO;2025-07-31;Acões;0.00
CLASSES - FIF;18.602.064/0001-28;;FL PREMIUM INSTITUCIONAL FUNDO DE INVESTIMENTO RENDA FIXA LONGO PRAZO;2025-07-31;Cotas de Fundos de Investimento 555;0.00
CLASSES - FIF;18.602.064/0001-28;;FL PREMIUM INSTITUCIONAL FUNDO DE INVESTIMENTO RENDA FIXA LONGO PRAZO;2025-07-31;Operacões compromissadas lastreadas em títulos privados;0.00
CLASSES - FIF;18.602.064/0001-28;;FL PREMIUM INSTITUCIONAL FUNDO DE INVESTIMENTO RENDA FIXA LONGO PRAZO;2025-07-31;Operacões compromissadas lastreadas em títulos públicos federais;95.59
CLASSES - FIF;18.602.064/0001-28;;FL PREMIUM INSTITUCIONAL FUNDO DE INVESTIMENTO RENDA FIXA LONGO PRAZO;2025-07-31;Títulos Públicos federais;0.00
CLASSES - FIF;18.628.896/0001-13;;GENEBRA COVERED CALL LS FUNDO DE INVESTIMENTO FINANCEIRO;2025-07-31;Cotas de Fundos de Índice de Renda Variável;71.16
CLASSES - FIF;18.628.896/0001-13;;GENEBRA COVERED CALL LS FUNDO DE INVESTIMENTO FINANCEIRO;2025-07-31;Cotas de Fundos de Investimento 409;13.22
CLASSES - FIF;18.628.896/0001-13;;GENEBRA COVERED CALL LS FUNDO DE INVESTIMENTO FINANCEIRO;2025-07-31;Derivativos;-0.88
CLASSES - FIF;18.628.896/0001-13;;GENEBRA COVERED CALL LS FUNDO DE INVESTIMENTO FINANCEIRO;2025-07-31;Outras Aplicações;0.14
CLASSES - FIF;18.628.896/0001-13;;GENEBRA COVERED CALL LS FUNDO DE INVESTIMENTO FINANCEIRO;2025-07-31;Títulos Públicos Federais;15.94
CLASSES - FIF;18.799.585/0001-17;;MB FUNDO DE INVESTIMENTO FINANCEIRO EM AÇÕES - RESPONSABILIDADE LIMITADA;2025-07-31;Ações;83.86
CLASSES - FIF;18.799.585/0001-17;;MB FUNDO DE INVESTIMENTO FINANCEIRO EM AÇÕES - RESPONSABILIDADE LIMITADA;2025-07-31;Operações compromissadas lastreadas em títulos públicos federais;15.41
CLASSES - FIF;18.810.900/0001-60;;BRADESCO H FIF - CIC MULT  GLOBAL - RESP LIMITADA;2025-07-31;Cotas de fundos de investimento 409;1.93
CLASSES - FIF;18.810.900/0001-60;;BRADESCO H FIF - CIC MULT  GLOBAL - RESP LIMITADA;2025-07-31;Derivativos;0.97
CLASSES - FIF;18.810.900/0001-60;;BRADESCO H FIF - CIC MULT  GLOBAL - RESP LIMITADA;2025-07-31;Investimento no exterior;17.57
CLASSES - FIF;18.810.900/0001-60;;BRADESCO H FIF - CIC MULT  GLOBAL - RESP LIMITADA;2025-07-31;Operações compromissadas lastreadas em títulos públicos federais;21.24
CLASSES - FIF;18.810.900/0001-60;;BRADESCO H FIF - CIC MULT  GLOBAL - RESP LIMITADA;2025-07-31;Títulos públicos federais;58.93
CLASSES - FIF;18.820.189/0001-24;;BRADESCO H FIF - CLASSE DE INVESTIMENTO EM COTAS RF REFERENCIADA DI LP AMBAR -RESP LIMITADA;2025-07-31;Depósitos a prazo e outros títulos de instituições financeiras;3.51
CLASSES - FIF;18.820.189/0001-24;;BRADESCO H FIF - CLASSE DE INVESTIMENTO EM COTAS RF REFERENCIADA DI LP AMBAR -RESP LIMITADA;2025-07-31;Operações compromissadas lastreadas em títulos públicos federais;61.98
CLASSES - FIF;18.820.189/0001-24;;BRADESCO H FIF - CLASSE DE INVESTIMENTO EM COTAS RF REFERENCIADA DI LP AMBAR -RESP LIMITADA;2025-07-31;Títulos de crédito privado;0.02
CLASSES - FIF;18.820.189/0001-24;;BRADESCO H FIF - CLASSE DE INVESTIMENTO EM COTAS RF REFERENCIADA DI LP AMBAR -RESP LIMITADA;2025-07-31;Títulos públicos federais;34.34
CLASSES - FIF;18.956.713/0001-99;;BRADESCO PRIVATE FUND OF FUNDS LONG BIASED FI FINANCEIRO - CIC MULT - RESP LIMITADA;2025-07-31;Ações;1.08
CLASSES - FIF;18.956.713/0001-99;;BRADESCO PRIVATE FUND OF FUNDS LONG BIASED FI FINANCEIRO - CIC MULT - RESP LIMITADA;2025-07-31;Cotas de fundos de investimento 409;97.55
CLASSES - FIF;18.956.713/0001-99;;BRADESCO PRIVATE FUND OF FUNDS LONG BIASED FI FINANCEIRO - CIC MULT - RESP LIMITADA;2025-07-31;Derivativos;1.14
CLASSES - FIF;18.956.713/0001-99;;BRADESCO PRIVATE FUND OF FUNDS LONG BIASED FI FINANCEIRO - CIC MULT - RESP LIMITADA;2025-07-31;Operações compromissadas lastreadas em títulos públicos federais;1.19
CLASSES - FIF;18.956.713/0001-99;;BRADESCO PRIVATE FUND OF FUNDS LONG BIASED FI FINANCEIRO - CIC MULT - RESP LIMITADA;2025-07-31;Títulos públicos federais;1.33
CLASSES - FIF;18.956.729/0001-00;;QUARTZO HEDGE FUNDO DE INVESTIMENTO FINANCEIRO;2025-07-31;Ações;20.48
CLASSES - FIF;18.956.729/0001-00;;QUARTZO HEDGE FUNDO DE INVESTIMENTO FINANCEIRO;2025-07-31;Cotas de Fundos de Investimento 409;15.37
CLASSES - FIF;18.956.729/0001-00;;QUARTZO HEDGE FUNDO DE INVESTIMENTO FINANCEIRO;2025-07-31;Derivativos;10.72
CLASSES - FIF;18.956.729/0001-00;;QUARTZO HEDGE FUNDO DE INVESTIMENTO FINANCEIRO;2025-07-31;Operações Compromissadas Lastreadas em Títulos Públicos Federais;34.77
CLASSES - FIF;18.956.729/0001-00;;QUARTZO HEDGE FUNDO DE INVESTIMENTO FINANCEIRO;2025-07-31;Títulos Públicos Federais;38.10
CLASSES - FIF;18.959.094/0001-96;;BRADESCO BOLSA AMERICANA FI FINANCEIRO - CIC MULT - RESP LIMITADA;2025-07-31;Derivativos;99.93
CLASSES - FIF;18.959.094/0001-96;;BRADESCO BOLSA AMERICANA FI FINANCEIRO - CIC MULT - RESP LIMITADA;2025-07-31;Operações compromissadas lastreadas em títulos públicos federais;12.34
CLASSES - FIF;18.959.094/0001-96;;BRADESCO BOLSA AMERICANA FI FINANCEIRO - CIC MULT - RESP LIMITADA;2025-07-31;Títulos públicos federais;88.18
CLASSES - FIF;18.959.265/0001-87;;BRADESCO FIF - CLASSE DE INVESTIMENTO RENDA FIXA CRÉDITO PRIVADO CREDIT SELECTION - RESP LIMITADA;2025-07-31;Cotas de fundos de investimento 409;0.00
CLASSES - FIF;18.959.265/0001-87;;BRADESCO FIF - CLASSE DE INVESTIMENTO RENDA FIXA CRÉDITO PRIVADO CREDIT SELECTION - RESP LIMITADA;2025-07-31;Depósitos a prazo e outros títulos de instituições financeiras;6.11
CLASSES - FIF;18.959.265/0001-87;;BRADESCO FIF - CLASSE DE INVESTIMENTO RENDA FIXA CRÉDITO PRIVADO CREDIT SELECTION - RESP LIMITADA;2025-07-31;Operações compromissadas lastreadas em títulos públicos federais;50.60
CLASSES - FIF;18.959.265/0001-87;;BRADESCO FIF - CLASSE DE INVESTIMENTO RENDA FIXA CRÉDITO PRIVADO CREDIT SELECTION - RESP LIMITADA;2025-07-31;Títulos de crédito privado;3.64
CLASSES - FIF;18.959.265/0001-87;;BRADESCO FIF - CLASSE DE INVESTIMENTO RENDA FIXA CRÉDITO PRIVADO CREDIT SELECTION - RESP LIMITADA;2025-07-31;Títulos públicos federais;39.59
CLASSES - FIF;19.038.997/0001-05;;FINACAP FI FINANCEIRO - CI MULT CRED PRIV - RESP LIMITADA;2025-07-31;Ações;10.46
CLASSES - FIF;19.038.997/0001-05;;FINACAP FI FINANCEIRO - CI MULT CRED PRIV - RESP LIMITADA;2025-07-31;Depósitos a prazo e outros títulos de instituições financeiras;13.49
CLASSES - FIF;19.038.997/0001-05;;FINACAP FI FINANCEIRO - CI MULT CRED PRIV - RESP LIMITADA;2025-07-31;Operações compromissadas lastreadas em títulos públicos federais;11.52
CLASSES - FIF;19.038.997/0001-05;;FINACAP FI FINANCEIRO - CI MULT CRED PRIV - RESP LIMITADA;2025-07-31;Títulos de crédito privado;15.75
CLASSES - FIF;19.038.997/0001-05;;FINACAP FI FINANCEIRO - CI MULT CRED PRIV - RESP LIMITADA;2025-07-31;Títulos públicos federais;46.27
CLASSES - FIF;19.170.160/0001-07;;BANESTES VALORES FIC DE FIF RENDA FIXA REFERENCIADO DI RESPONSABILIDADE LIMITADA;2025-07-31;Cotas de fundos de investimento 555;2.24
CLASSES - FIF;19.170.160/0001-07;;BANESTES VALORES FIC DE FIF RENDA FIXA REFERENCIADO DI RESPONSABILIDADE LIMITADA;2025-07-31;Depósitos a prazo e outros títulos de instituições financeiras;12.31
CLASSES - FIF;19.170.160/0001-07;;BANESTES VALORES FIC DE FIF RENDA FIXA REFERENCIADO DI RESPONSABILIDADE LIMITADA;2025-07-31;Operações compromissadas lastreadas em títulos públicos federais;37.40
CLASSES - FIF;19.170.160/0001-07;;BANESTES VALORES FIC DE FIF RENDA FIXA REFERENCIADO DI RESPONSABILIDADE LIMITADA;2025-07-31;Títulos de crédito privado;11.62
CLASSES - FIF;19.170.160/0001-07;;BANESTES VALORES FIC DE FIF RENDA FIXA REFERENCIADO DI RESPONSABILIDADE LIMITADA;2025-07-31;Títulos públicos federais;36.44
CLASSES - FIF;19.413.587/0001-99;;IBIUNA HEDGE A FIF - CLASSE DE INVESTIMENTO EM COTAS MULTIMERCADO - RESPONSABILIDADE LIMITADA;2025-07-31;Cotas de fundos de investimento 409;4.46
CLASSES - FIF;19.413.587/0001-99;;IBIUNA HEDGE A FIF - CLASSE DE INVESTIMENTO EM COTAS MULTIMERCADO - RESPONSABILIDADE LIMITADA;2025-07-31;Derivativos;624.16
CLASSES - FIF;19.413.587/0001-99;;IBIUNA HEDGE A FIF - CLASSE DE INVESTIMENTO EM COTAS MULTIMERCADO - RESPONSABILIDADE LIMITADA;2025-07-31;Investimento no exterior;10.90
CLASSES - FIF;19.413.587/0001-99;;IBIUNA HEDGE A FIF - CLASSE DE INVESTIMENTO EM COTAS MULTIMERCADO - RESPONSABILIDADE LIMITADA;2025-07-31;Operações compromissadas lastreadas em títulos públicos federais;67.54
CLASSES - FIF;19.413.587/0001-99;;IBIUNA HEDGE A FIF - CLASSE DE INVESTIMENTO EM COTAS MULTIMERCADO - RESPONSABILIDADE LIMITADA;2025-07-31;Títulos públicos federais;13.09
CLASSES - FIF;19.418.031/0001-95;;ICATU VANGUARDA PRÉ-FIXADO FIF - CLASSE DE INVESTIMENTO RENDA FIXA LONGO PRAZO -RESP LIMITADA;2025-07-31;Derivativos;78.48
CLASSES - FIF;19.418.031/0001-95;;ICATU VANGUARDA PRÉ-FIXADO FIF - CLASSE DE INVESTIMENTO RENDA FIXA LONGO PRAZO -RESP LIMITADA;2025-07-31;Operações compromissadas lastreadas em títulos públicos federais;3.52
CLASSES - FIF;19.418.031/0001-95;;ICATU VANGUARDA PRÉ-FIXADO FIF - CLASSE DE INVESTIMENTO RENDA FIXA LONGO PRAZO -RESP LIMITADA;2025-07-31;Títulos públicos federais;97.04
CLASSES - FIF;19.719.727/0001-51;;ICATU VANGUARDA INFLAÇÃO FIF - CI RENDA FIXA CRÉD PRIV LONGO PRAZO - RESP LIMITADA;2025-07-31;Depósitos a prazo e outros títulos de instituições financeiras;29.76
CLASSES - FIF;19.719.727/0001-51;;ICATU VANGUARDA INFLAÇÃO FIF - CI RENDA FIXA CRÉD PRIV LONGO PRAZO - RESP LIMITADA;2025-07-31;Derivativos;71.14
CLASSES - FIF;19.719.727/0001-51;;ICATU VANGUARDA INFLAÇÃO FIF - CI RENDA FIXA CRÉD PRIV LONGO PRAZO - RESP LIMITADA;2025-07-31;Operações compromissadas lastreadas em títulos públicos federais;6.67
CLASSES - FIF;19.719.727/0001-51;;ICATU VANGUARDA INFLAÇÃO FIF - CI RENDA FIXA CRÉD PRIV LONGO PRAZO - RESP LIMITADA;2025-07-31;Títulos de crédito privado;53.34
CLASSES - FIF;19.719.727/0001-51;;ICATU VANGUARDA INFLAÇÃO FIF - CI RENDA FIXA CRÉD PRIV LONGO PRAZO - RESP LIMITADA;2025-07-31;Títulos públicos federais;10.70
CLASSES - FIF;19.821.760/0001-98;;FEEDER KAPITALO KAPPA FIF - CLASSE DE INVESTIMENTO EM COTAS MULTIMERCADO - RESP LIMITADA;2025-07-31;Cotas de fundos de investimento 409;99.72
CLASSES - FIF;19.821.760/0001-98;;FEEDER KAPITALO KAPPA FIF - CLASSE DE INVESTIMENTO EM COTAS MULTIMERCADO - RESP LIMITADA;2025-07-31;Operações compromissadas lastreadas em títulos públicos federais;0.02
CLASSES - FIF;19.821.760/0001-98;;FEEDER KAPITALO KAPPA FIF - CLASSE DE INVESTIMENTO EM COTAS MULTIMERCADO - RESP LIMITADA;2025-07-31;Títulos públicos federais;0.06
CLASSES - FIF;20.216.216/0001-04;;BRADESCO INSTITUCIONAL IMA-B 5 FI FINANCEIRO - CIC RF - RESP LIMITADA;2025-07-31;Derivativos;2.13
CLASSES - FIF;20.216.216/0001-04;;BRADESCO INSTITUCIONAL IMA-B 5 FI FINANCEIRO - CIC RF - RESP LIMITADA;2025-07-31;Operações compromissadas lastreadas em títulos públicos federais;2.36
CLASSES - FIF;20.216.216/0001-04;;BRADESCO INSTITUCIONAL IMA-B 5 FI FINANCEIRO - CIC RF - RESP LIMITADA;2025-07-31;Títulos públicos federais;97.67
CLASSES - FIF;20.216.279/0001-52;;BRAM LONG BIASED FIF - CLASSE DE INVESTIMENTO EM AÇÕES - RESPONSABILIDADE LIMITADA;2025-07-31;Ações;53.39
CLASSES - FIF;20.216.279/0001-52;;BRAM LONG BIASED FIF - CLASSE DE INVESTIMENTO EM AÇÕES - RESPONSABILIDADE LIMITADA;2025-07-31;Cotas de fundos de investimento 409;44.66
CLASSES - FIF;20.216.279/0001-52;;BRAM LONG BIASED FIF - CLASSE DE INVESTIMENTO EM AÇÕES - RESPONSABILIDADE LIMITADA;2025-07-31;Derivativos;7.00
CLASSES - FIF;20.216.279/0001-52;;BRAM LONG BIASED FIF - CLASSE DE INVESTIMENTO EM AÇÕES - RESPONSABILIDADE LIMITADA;2025-07-31;Operações compromissadas lastreadas em títulos públicos federais;12.14
CLASSES - FIF;20.216.279/0001-52;;BRAM LONG BIASED FIF - CLASSE DE INVESTIMENTO EM AÇÕES - RESPONSABILIDADE LIMITADA;2025-07-31;Títulos públicos federais;7.28
CLASSES - FIF;20.216.336/0001-01;;BRADESCO FIF - CIC RENDA FIXA CRÉDITO PRIVADO LP PERFORMANCE 22 - RESPONSABILIDADE LIMITADA;2025-07-31;Cotas de fundos de investimento 409;6.44
CLASSES - FIF;20.216.336/0001-01;;BRADESCO FIF - CIC RENDA FIXA CRÉDITO PRIVADO LP PERFORMANCE 22 - RESPONSABILIDADE LIMITADA;2025-07-31;Depósitos a prazo e outros títulos de instituições financeiras;26.46
CLASSES - FIF;20.216.336/0001-01;;BRADESCO FIF - CIC RENDA FIXA CRÉDITO PRIVADO LP PERFORMANCE 22 - RESPONSABILIDADE LIMITADA;2025-07-31;Operações compromissadas lastreadas em títulos públicos federais;22.89
CLASSES - FIF;20.216.336/0001-01;;BRADESCO FIF - CIC RENDA FIXA CRÉDITO PRIVADO LP PERFORMANCE 22 - RESPONSABILIDADE LIMITADA;2025-07-31;Títulos de crédito privado;43.69
CLASSES - FIF;20.216.336/0001-01;;BRADESCO FIF - CIC RENDA FIXA CRÉDITO PRIVADO LP PERFORMANCE 22 - RESPONSABILIDADE LIMITADA;2025-07-31;Títulos públicos federais;0.74
CLASSES - FIF;20.216.348/0001-28;;BRADESCO FIF - CLASSE DE INVESTIMENTO EM COTAS RENDA FIXA PODIUM II - RESPONSABILIDADE LIMITADA;2025-07-31;Cotas de fundos de investimento 409;19.78
CLASSES - FIF;20.216.348/0001-28;;BRADESCO FIF - CLASSE DE INVESTIMENTO EM COTAS RENDA FIXA PODIUM II - RESPONSABILIDADE LIMITADA;2025-07-31;Depósitos a prazo e outros títulos de instituições financeiras;22.23
CLASSES - FIF;20.216.348/0001-28;;BRADESCO FIF - CLASSE DE INVESTIMENTO EM COTAS RENDA FIXA PODIUM II - RESPONSABILIDADE LIMITADA;2025-07-31;Derivativos;-8.88
CLASSES - FIF;20.216.348/0001-28;;BRADESCO FIF - CLASSE DE INVESTIMENTO EM COTAS RENDA FIXA PODIUM II - RESPONSABILIDADE LIMITADA;2025-07-31;Operações compromissadas lastreadas em títulos públicos federais;12.73
CLASSES - FIF;20.216.348/0001-28;;BRADESCO FIF - CLASSE DE INVESTIMENTO EM COTAS RENDA FIXA PODIUM II - RESPONSABILIDADE LIMITADA;2025-07-31;Títulos públicos federais;44.56
CLASSES - FIF;20.216.799/0001-65;;BRAM AJAX FIF - CI MULTIMERCADO - RESP LIMITADA;2025-07-31;Títulos públicos federais;87.44
CLASSES - FIF;20.230.719/0001-26;;BANESTES LIQUIDEZ FIF RENDA FIXA REFERENCIADO DI RESPONSABILIDADE LIMITADA;2025-07-31;Cotas de fundos de investimento 555;2.24
CLASSES - FIF;20.230.719/0001-26;;BANESTES LIQUIDEZ FIF RENDA FIXA REFERENCIADO DI RESPONSABILIDADE LIMITADA;2025-07-31;Depósitos a prazo e outros títulos de instituições financeiras;12.31
CLASSES - FIF;20.230.719/0001-26;;BANESTES LIQUIDEZ FIF RENDA FIXA REFERENCIADO DI RESPONSABILIDADE LIMITADA;2025-07-31;Operações compromissadas lastreadas em títulos públicos federais;37.40
CLASSES - FIF;20.230.719/0001-26;;BANESTES LIQUIDEZ FIF RENDA FIXA REFERENCIADO DI RESPONSABILIDADE LIMITADA;2025-07-31;Títulos de crédito privado;11.62
CLASSES - FIF;20.230.719/0001-26;;BANESTES LIQUIDEZ FIF RENDA FIXA REFERENCIADO DI RESPONSABILIDADE LIMITADA;2025-07-31;Títulos públicos federais;36.43
CLASSES - FIF;20.628.685/0001-22;;BRADESCO FIF - CLASSE DE INVESTIMENTO EM COTAS RF REFERENCIADA DI FEDERAL OP - RESP LIMITADA;2025-07-31;Operações compromissadas lastreadas em títulos públicos federais;27.21
CLASSES - FIF;20.628.685/0001-22;;BRADESCO FIF - CLASSE DE INVESTIMENTO EM COTAS RF REFERENCIADA DI FEDERAL OP - RESP LIMITADA;2025-07-31;Títulos públicos federais;72.71
CLASSES - FIF;20.867.112/0001-51;;FEEDER SPX NIMITZ FIF - CIC MULTIMERCADO - RESP LIMITADA;2025-07-31;Cotas de fundos de investimento 409;99.49
CLASSES - FIF;20.867.112/0001-51;;FEEDER SPX NIMITZ FIF - CIC MULTIMERCADO - RESP LIMITADA;2025-07-31;Operações compromissadas lastreadas em títulos públicos federais;0.13
CLASSES - FIF;20.867.112/0001-51;;FEEDER SPX NIMITZ FIF - CIC MULTIMERCADO - RESP LIMITADA;2025-07-31;Títulos públicos federais;0.36
FI;20.879.578/0001-77;;INTER CONSERVADOR FUNDO DE INVESTIMENTO FINANCEIRO RENDA FIXA CRÉDITO PRIVADO RESP LIMITADA;2025-07-31;Cotas de Fundos de Investimento 555;1.50
FI;20.879.578/0001-77;;INTER CONSERVADOR FUNDO DE INVESTIMENTO FINANCEIRO RENDA FIXA CRÉDITO PRIVADO RESP LIMITADA;2025-07-31;Depósitos a Prazo e Outros Títulos de Instituições Financeiras;40.12
FI;20.879.578/0001-77;;INTER CONSERVADOR FUNDO DE INVESTIMENTO FINANCEIRO RENDA FIXA CRÉDITO PRIVADO RESP LIMITADA;2025-07-31;Operações Compromissadas Lastreadas em Títulos Públicos Federais;2.53
FI;20.879.578/0001-77;;INTER CONSERVADOR FUNDO DE INVESTIMENTO FINANCEIRO RENDA FIXA CRÉDITO PRIVADO RESP LIMITADA;2025-07-31;Títulos de Crédito Privado;27.39
FI;20.879.578/0001-77;;INTER CONSERVADOR FUNDO DE INVESTIMENTO FINANCEIRO RENDA FIXA CRÉDITO PRIVADO RESP LIMITADA;2025-07-31;Títulos Públicos Federais;26.25
CLASSES - FIF;21.005.667/0001-57;;BANESTES IRF-M 1 TÍTULOS PÚBLICOS FIF RENDA FIXA RESPONSABILIDADE LIMITADA;2025-07-31;Derivativos;-0.01
CLASSES - FIF;21.005.667/0001-57;;BANESTES IRF-M 1 TÍTULOS PÚBLICOS FIF RENDA FIXA RESPONSABILIDADE LIMITADA;2025-07-31;Operações compromissadas lastreadas em títulos públicos federais;40.08
CLASSES - FIF;21.005.667/0001-57;;BANESTES IRF-M 1 TÍTULOS PÚBLICOS FIF RENDA FIXA RESPONSABILIDADE LIMITADA;2025-07-31;Títulos públicos federais;59.92
CLASSES - FIF;21.007.180/0001-03;;BANRISUL FOCO IDKA IPCA 2A FUNDO DE INVESTIMENTO FINANCEIRO RENDA FIXA RESPONSABILIDADE LIMITADA;2025-07-31;OPERAÇÕES COMPROMISSADAS LASTREADAS EM TÍTULOS PÚBLICOS FEDERAIS;0.45
CLASSES - FIF;21.007.180/0001-03;;BANRISUL FOCO IDKA IPCA 2A FUNDO DE INVESTIMENTO FINANCEIRO RENDA FIXA RESPONSABILIDADE LIMITADA;2025-07-31;TÍTULOS PÚBLICOS FEDERAIS;99.55
CLASSES - FIF;21.052.962/0001-64;;KAPITALO KAPPA ÁGORA FIF - CLASSE DE INVESTIMENTO EM COTAS MULTIMERCADO - RESP LIMITADA;2025-07-31;Cotas de fundos de investimento 409;0.87
CLASSES - FIF;21.053.080/0001-13;;BRAM ALPHA SISTEMÁTICO FI FINANCEIRO - CI MULT - RESP LIMITADA;2025-07-31;Ações;2.77
CLASSES - FIF;21.053.080/0001-13;;BRAM ALPHA SISTEMÁTICO FI FINANCEIRO - CI MULT - RESP LIMITADA;2025-07-31;Operações compromissadas lastreadas em títulos públicos federais;8.11
CLASSES - FIF;21.053.080/0001-13;;BRAM ALPHA SISTEMÁTICO FI FINANCEIRO - CI MULT - RESP LIMITADA;2025-07-31;Títulos públicos federais;91.32
CLASSES - FIF;21.082.082/0001-30;;ICATU VANGUARDA DATA ALVO 2050 FIF - CLASSE DE INVESTIMENTO EM COTAS MULT CRED PRIV - RESP LIMITADA;2025-07-31;Ações;40.56
CLASSES - FIF;21.082.082/0001-30;;ICATU VANGUARDA DATA ALVO 2050 FIF - CLASSE DE INVESTIMENTO EM COTAS MULT CRED PRIV - RESP LIMITADA;2025-07-31;Cotas de fundos de investimento 409;6.59
CLASSES - FIF;21.082.082/0001-30;;ICATU VANGUARDA DATA ALVO 2050 FIF - CLASSE DE INVESTIMENTO EM COTAS MULT CRED PRIV - RESP LIMITADA;2025-07-31;Investimento no exterior;8.44
CLASSES - FIF;21.082.082/0001-30;;ICATU VANGUARDA DATA ALVO 2050 FIF - CLASSE DE INVESTIMENTO EM COTAS MULT CRED PRIV - RESP LIMITADA;2025-07-31;Títulos de crédito privado;7.19
CLASSES - FIF;21.082.082/0001-30;;ICATU VANGUARDA DATA ALVO 2050 FIF - CLASSE DE INVESTIMENTO EM COTAS MULT CRED PRIV - RESP LIMITADA;2025-07-31;Títulos públicos federais;30.33
CLASSES - FIF;21.228.297/0001-17;;BAHIA AM MARAU ÁGORA FIF - CIC MULTIMERCADO - RESP LIMITADA;2025-07-31;Cotas de fundos de investimento 409;98.30
CLASSES - FIF;21.228.297/0001-17;;BAHIA AM MARAU ÁGORA FIF - CIC MULTIMERCADO - RESP LIMITADA;2025-07-31;Operações compromissadas lastreadas em títulos públicos federais;0.44
CLASSES - FIF;21.228.297/0001-17;;BAHIA AM MARAU ÁGORA FIF - CIC MULTIMERCADO - RESP LIMITADA;2025-07-31;Títulos públicos federais;1.10
CLASSES - FIF;21.287.197/0001-61;;BRAM H OPORTUNIDADE II FI FINANCEIRO - CI MULT - RESP LIMITADA;2025-07-31;Operações compromissadas lastreadas em títulos públicos federais;20.16
CLASSES - FIF;21.287.197/0001-61;;BRAM H OPORTUNIDADE II FI FINANCEIRO - CI MULT - RESP LIMITADA;2025-07-31;Títulos públicos federais;79.70
CLASSES - FIF;21.287.264/0001-48;;BRAM MACRO INSTITUCIONAL FI FINANCEIRO - CI MULT - RESP LIMITADA;2025-07-31;Derivativos;-25.91
CLASSES - FIF;21.287.264/0001-48;;BRAM MACRO INSTITUCIONAL FI FINANCEIRO - CI MULT - RESP LIMITADA;2025-07-31;Operações compromissadas lastreadas em títulos públicos federais;6.79
CLASSES - FIF;21.287.264/0001-48;;BRAM MACRO INSTITUCIONAL FI FINANCEIRO - CI MULT - RESP LIMITADA;2025-07-31;Títulos públicos federais;92.52
CLASSES - FIF;21.287.393/0001-36;;BRADESCO H OPORTUNIDADE II FI FINANCEIRO - CIC MULT - RESP LIMITADA;2025-07-31;Operações compromissadas lastreadas em títulos públicos federais;20.14
CLASSES - FIF;21.287.393/0001-36;;BRADESCO H OPORTUNIDADE II FI FINANCEIRO - CIC MULT - RESP LIMITADA;2025-07-31;Títulos públicos federais;79.61
CLASSES - FIF;21.287.421/0001-15;;BRADESCO MACRO INSTITUCIONAL FI FINANCEIRO - CIC MULT - RESP LIMITADA;2025-07-31;Derivativos;-25.91
CLASSES - FIF;21.287.421/0001-15;;BRADESCO MACRO INSTITUCIONAL FI FINANCEIRO - CIC MULT - RESP LIMITADA;2025-07-31;Operações compromissadas lastreadas em títulos públicos federais;6.80
CLASSES - FIF;21.287.421/0001-15;;BRADESCO MACRO INSTITUCIONAL FI FINANCEIRO - CIC MULT - RESP LIMITADA;2025-07-31;Títulos públicos federais;92.54
CLASSES - FIF;21.287.436/0001-83;;ACUMULAÇÃO 157 FI FINANCEIRO - CIC EM AÇÕES - RESP LIMITADA;2025-07-31;Ações;96.71
CLASSES - FIF;21.287.436/0001-83;;ACUMULAÇÃO 157 FI FINANCEIRO - CIC EM AÇÕES - RESP LIMITADA;2025-07-31;Cotas de fundos de investimento 409;0.00
CLASSES - FIF;21.287.436/0001-83;;ACUMULAÇÃO 157 FI FINANCEIRO - CIC EM AÇÕES - RESP LIMITADA;2025-07-31;Derivativos;2.16
CLASSES - FIF;21.287.436/0001-83;;ACUMULAÇÃO 157 FI FINANCEIRO - CIC EM AÇÕES - RESP LIMITADA;2025-07-31;Operações compromissadas lastreadas em títulos públicos federais;4.61
CLASSES - FIF;21.287.464/0001-09;;IBOVESPA 157 FI FINANCEIRO - CIA - RESP LIMITADA;2025-07-31;Ações;98.20
CLASSES - FIF;21.287.464/0001-09;;IBOVESPA 157 FI FINANCEIRO - CIA - RESP LIMITADA;2025-07-31;Derivativos;1.64
CLASSES - FIF;21.287.464/0001-09;;IBOVESPA 157 FI FINANCEIRO - CIA - RESP LIMITADA;2025-07-31;Operações compromissadas lastreadas em títulos públicos federais;0.96
CLASSES - FIF;21.321.454/0001-34;;BRADESCO INSTITUCIONAL FIF - CLASSE DE INVESTIMENTO EM AÇÕES - RESPONSABILIDADE LIMITADA;2025-07-31;Ações;62.27
CLASSES - FIF;21.321.454/0001-34;;BRADESCO INSTITUCIONAL FIF - CLASSE DE INVESTIMENTO EM AÇÕES - RESPONSABILIDADE LIMITADA;2025-07-31;Cotas de fundos de investimento 409;17.95
CLASSES - FIF;21.321.454/0001-34;;BRADESCO INSTITUCIONAL FIF - CLASSE DE INVESTIMENTO EM AÇÕES - RESPONSABILIDADE LIMITADA;2025-07-31;Investimento no exterior;18.19
CLASSES - FIF;21.321.454/0001-34;;BRADESCO INSTITUCIONAL FIF - CLASSE DE INVESTIMENTO EM AÇÕES - RESPONSABILIDADE LIMITADA;2025-07-31;Operações compromissadas lastreadas em títulos públicos federais;2.19
CLASSES - FIF;21.347.683/0001-28;;BRADESCO SMART ALLOCATION FI FINANCEIRO - CIA - RESP LIMITADA;2025-07-31;Ações;95.27
CLASSES - FIF;21.347.683/0001-28;;BRADESCO SMART ALLOCATION FI FINANCEIRO - CIA - RESP LIMITADA;2025-07-31;Cotas de fundos de investimento 409;3.50
CLASSES - FIF;21.347.683/0001-28;;BRADESCO SMART ALLOCATION FI FINANCEIRO - CIA - RESP LIMITADA;2025-07-31;Operações compromissadas lastreadas em títulos públicos federais;0.48
CLASSES - FIF;21.406.387/0001-50;;BRAM QAA ALPHA FI FINANCEIRO - CI MULT - RESP LIMITADA;2025-07-31;Cotas de fundos de investimento 409;17.74
CLASSES - FIF;21.406.387/0001-50;;BRAM QAA ALPHA FI FINANCEIRO - CI MULT - RESP LIMITADA;2025-07-31;Derivativos;-22.03
CLASSES - FIF;21.406.387/0001-50;;BRAM QAA ALPHA FI FINANCEIRO - CI MULT - RESP LIMITADA;2025-07-31;Operações compromissadas lastreadas em títulos públicos federais;3.13
CLASSES - FIF;21.406.387/0001-50;;BRAM QAA ALPHA FI FINANCEIRO - CI MULT - RESP LIMITADA;2025-07-31;Títulos públicos federais;79.01
CLASSES - FIF;21.743.480/0001-50;;BANRISUL ABSOLUTO FUNDO DE INVESTIMENTO FINANCEIRO RENDA FIXA LONGO PRAZO RESPONSABILIDADE LIMITADA;2025-07-31;OPERAÇÕES COMPROMISSADAS LASTREADAS EM TÍTULOS PÚBLICOS FEDERAIS;21.77
CLASSES - FIF;21.743.480/0001-50;;BANRISUL ABSOLUTO FUNDO DE INVESTIMENTO FINANCEIRO RENDA FIXA LONGO PRAZO RESPONSABILIDADE LIMITADA;2025-07-31;TÍTULOS PÚBLICOS FEDERAIS;78.25
CLASSES - FIF;22.003.346/0001-86;;DEVANT SOLIDUS CASH FUNDO DE INVESTIMENTO FINANCEIRO;2025-07-31;Cotas de Fundos de Investimento 409;0.00
CLASSES - FIF;22.003.346/0001-86;;DEVANT SOLIDUS CASH FUNDO DE INVESTIMENTO FINANCEIRO;2025-07-31;DepÃ³sitos a Prazo e Outros TÃ­tulos de InstituiÃ§Ãµes Financeiras;0.00
CLASSES - FIF;22.003.346/0001-86;;DEVANT SOLIDUS CASH FUNDO DE INVESTIMENTO FINANCEIRO;2025-07-31;OperaÃ§Ãµes Compromissadas Lastreadas em TÃ­tulos PÃºblicos Federais;0.00
CLASSES - FIF;22.003.346/0001-86;;DEVANT SOLIDUS CASH FUNDO DE INVESTIMENTO FINANCEIRO;2025-07-31;TÃ­tulos de CrÃ©dito Privado;0.00
CLASSES - FIF;22.003.346/0001-86;;DEVANT SOLIDUS CASH FUNDO DE INVESTIMENTO FINANCEIRO;2025-07-31;TÃ­tulos PÃºblicos Federais;0.00
CLASSES - FIF;22.013.560/0001-13;;TIVIO VIVALDI FI FINANCEIRO - CIC MULT - RESP LIMITADA;2025-07-31;Operações compromissadas lastreadas em títulos públicos federais;47.30
CLASSES - FIF;22.013.560/0001-13;;TIVIO VIVALDI FI FINANCEIRO - CIC MULT - RESP LIMITADA;2025-07-31;Títulos públicos federais;49.56
CLASSES - FIF;22.150.375/0001-70;;ICATU VANGUARDA WM FIF  - CLASSE DE INVESTIMENTO RF  CRÉDITO PRIVADO - RESP  LIMITAD;2025-07-31;Depósitos a prazo e outros títulos de instituições financeiras;24.07
CLASSES - FIF;22.150.375/0001-70;;ICATU VANGUARDA WM FIF  - CLASSE DE INVESTIMENTO RF  CRÉDITO PRIVADO - RESP  LIMITAD;2025-07-31;Derivativos;-2.34
CLASSES - FIF;22.150.375/0001-70;;ICATU VANGUARDA WM FIF  - CLASSE DE INVESTIMENTO RF  CRÉDITO PRIVADO - RESP  LIMITAD;2025-07-31;Operações compromissadas lastreadas em títulos públicos federais;3.17
CLASSES - FIF;22.150.375/0001-70;;ICATU VANGUARDA WM FIF  - CLASSE DE INVESTIMENTO RF  CRÉDITO PRIVADO - RESP  LIMITAD;2025-07-31;Títulos de crédito privado;25.63
CLASSES - FIF;22.150.375/0001-70;;ICATU VANGUARDA WM FIF  - CLASSE DE INVESTIMENTO RF  CRÉDITO PRIVADO - RESP  LIMITAD;2025-07-31;Títulos públicos federais;47.18
CLASSES - FIF;22.150.587/0001-58;;FIDUC FUNDO DE INVESTIMENTO FINANCEIRO - CLASSE DE  INVESTIMENTO EM COTAS EM AÇÕES - RESP LIMITADA;2025-07-31;Ações;9.87
CLASSES - FIF;22.150.587/0001-58;;FIDUC FUNDO DE INVESTIMENTO FINANCEIRO - CLASSE DE  INVESTIMENTO EM COTAS EM AÇÕES - RESP LIMITADA;2025-07-31;Cotas de fundos de investimento 409;86.24
CLASSES - FIF;22.150.587/0001-58;;FIDUC FUNDO DE INVESTIMENTO FINANCEIRO - CLASSE DE  INVESTIMENTO EM COTAS EM AÇÕES - RESP LIMITADA;2025-07-31;Operações compromissadas lastreadas em títulos públicos federais;0.74
CLASSES - FIF;22.150.587/0001-58;;FIDUC FUNDO DE INVESTIMENTO FINANCEIRO - CLASSE DE  INVESTIMENTO EM COTAS EM AÇÕES - RESP LIMITADA;2025-07-31;Títulos públicos federais;0.91
CLASSES - FIF;22.150.600/0001-79;;FIDUC FI FINANCEIRO - CIC RF CRED PRIV LP - RESP LIMITADA;2025-07-31;Cotas de fundos de investimento 409;78.77
CLASSES - FIF;22.150.600/0001-79;;FIDUC FI FINANCEIRO - CIC RF CRED PRIV LP - RESP LIMITADA;2025-07-31;Depósitos a prazo e outros títulos de instituições financeiras;3.98
CLASSES - FIF;22.150.600/0001-79;;FIDUC FI FINANCEIRO - CIC RF CRED PRIV LP - RESP LIMITADA;2025-07-31;Operações compromissadas lastreadas em títulos públicos federais;4.35
CLASSES - FIF;22.150.600/0001-79;;FIDUC FI FINANCEIRO - CIC RF CRED PRIV LP - RESP LIMITADA;2025-07-31;Títulos de crédito privado;8.75
CLASSES - FIF;22.150.600/0001-79;;FIDUC FI FINANCEIRO - CIC RF CRED PRIV LP - RESP LIMITADA;2025-07-31;Títulos públicos federais;4.66
CLASSES - FIF;22.187.973/0001-14;;CSHG VERDE AM AGAR FUNDO DE INVESTIMENTO EM COTAS DE FIF MULTIMERCADO - RESPONSABILIDADE LIMITADA;2025-07-31;Cotas de Fundos de Investimento 555;99.96
CLASSES - FIF;22.187.973/0001-14;;CSHG VERDE AM AGAR FUNDO DE INVESTIMENTO EM COTAS DE FIF MULTIMERCADO - RESPONSABILIDADE LIMITADA;2025-07-31;Outros;0.05
CLASSES - FIF;22.188.046/0001-19;;CSHG VERDE 14 FUNDO DE INVESTIMENTO EM COTAS DE FIF MULTIMERCADO - RESPONSABILIDADE LIMITADA;2025-07-31;Cotas de Fundos de Investimento 555;99.98
CLASSES - FIF;22.188.046/0001-19;;CSHG VERDE 14 FUNDO DE INVESTIMENTO EM COTAS DE FIF MULTIMERCADO - RESPONSABILIDADE LIMITADA;2025-07-31;Outros;0.03
CLASSES - FIF;22.215.116/0001-80;;CSHG VERDE 30 FUNDO DE INVESTIMENTO EM COTAS DE FIF MULTIMERCADO - RESPONSABILIDADE LIMITADA;2025-07-31;Cotas de Fundos de Investimento 555;99.99
CLASSES - FIF;22.215.116/0001-80;;CSHG VERDE 30 FUNDO DE INVESTIMENTO EM COTAS DE FIF MULTIMERCADO - RESPONSABILIDADE LIMITADA;2025-07-31;Outros;0.02
CLASSES - FIF;22.215.215/0001-62;;CSHG VERDE 90 FUNDO DE INVESTIMENTO EM COTAS DE FIF MULTIMERCADO - RESPONSABILIDADE LIMITADA;2025-07-31;Cotas de Fundos de Investimento 555;99.90
CLASSES - FIF;22.215.215/0001-62;;CSHG VERDE 90 FUNDO DE INVESTIMENTO EM COTAS DE FIF MULTIMERCADO - RESPONSABILIDADE LIMITADA;2025-07-31;Outros;0.11
CLASSES - FIF;22.504.092/0001-80;;ICATU VANGUARDA HEDGE FUNDO DE INVESTIMENTO FINANCEIRO MULTIMERCADO -RESP LIMITADA;2025-07-31;Ações;0.07
CLASSES - FIF;22.504.092/0001-80;;ICATU VANGUARDA HEDGE FUNDO DE INVESTIMENTO FINANCEIRO MULTIMERCADO -RESP LIMITADA;2025-07-31;Cotas de fundos de investimento 409;2.74
CLASSES - FIF;22.504.092/0001-80;;ICATU VANGUARDA HEDGE FUNDO DE INVESTIMENTO FINANCEIRO MULTIMERCADO -RESP LIMITADA;2025-07-31;Derivativos;-1.11
CLASSES - FIF;22.504.092/0001-80;;ICATU VANGUARDA HEDGE FUNDO DE INVESTIMENTO FINANCEIRO MULTIMERCADO -RESP LIMITADA;2025-07-31;Operações compromissadas lastreadas em títulos públicos federais;5.85
CLASSES - FIF;22.504.092/0001-80;;ICATU VANGUARDA HEDGE FUNDO DE INVESTIMENTO FINANCEIRO MULTIMERCADO -RESP LIMITADA;2025-07-31;Títulos públicos federais;93.11
CLASSES - FIF;22.759.995/0001-01;;SULAMÉRICA INFRA FIF INCENTIVADO DE INFRAESTRUTURA RENDA FIXA DE RESPONSABILIDADE LIMITADA;2025-07-31;Cotas de Fundo;0.00
CLASSES - FIF;22.759.995/0001-01;;SULAMÉRICA INFRA FIF INCENTIVADO DE INFRAESTRUTURA RENDA FIXA DE RESPONSABILIDADE LIMITADA;2025-07-31;Op. Compromissadas;9.09
CLASSES - FIF;22.759.995/0001-01;;SULAMÉRICA INFRA FIF INCENTIVADO DE INFRAESTRUTURA RENDA FIXA DE RESPONSABILIDADE LIMITADA;2025-07-31;Outros;0.00
CLASSES - FIF;22.759.995/0001-01;;SULAMÉRICA INFRA FIF INCENTIVADO DE INFRAESTRUTURA RENDA FIXA DE RESPONSABILIDADE LIMITADA;2025-07-31;Títulos de crédito privado;90.36
CLASSES - FIF;22.759.995/0001-01;;SULAMÉRICA INFRA FIF INCENTIVADO DE INFRAESTRUTURA RENDA FIXA DE RESPONSABILIDADE LIMITADA;2025-07-31;Títulos público federais;0.56
CLASSES - FIF;23.339.998/0001-59;;PANORAMA CSHG FUNDO DE INVESTIMENTO EM COTAS DE FIF MULTIMERCADO - CREDITO PRIVADO RESP LIMITADA;2025-07-31;Cotas de Fundos de Investimento 555;99.87
CLASSES - FIF;23.339.998/0001-59;;PANORAMA CSHG FUNDO DE INVESTIMENTO EM COTAS DE FIF MULTIMERCADO - CREDITO PRIVADO RESP LIMITADA;2025-07-31;Outros;0.31
CLASSES - FIF;23.352.212/0001-33;;RESERVA GRÁFICA VERMELHO FIF - CLASSE DE INVESTIMENTO RENDA FIXA SIMPLES - RESP LIMITADA;2025-07-31;Operações compromissadas lastreadas em títulos públicos federais;5.14
CLASSES - FIF;23.352.212/0001-33;;RESERVA GRÁFICA VERMELHO FIF - CLASSE DE INVESTIMENTO RENDA FIXA SIMPLES - RESP LIMITADA;2025-07-31;Títulos públicos federais;94.76
CLASSES - FIF;23.502.654/0001-19;;SULAMÉRICA RETORNO TOTAL FUNDO DE INVESTIMENTO FINANCEIRO RENDA FIXA LONGO PRAZO DE RESPONSABILIDADE;2025-07-31;Deposito a prazo e outros títulos de instituições financeiras;0.00
CLASSES - FIF;23.502.654/0001-19;;SULAMÉRICA RETORNO TOTAL FUNDO DE INVESTIMENTO FINANCEIRO RENDA FIXA LONGO PRAZO DE RESPONSABILIDADE;2025-07-31;Op. Compromissadas lastreadas em títulos públicos;47.75
CLASSES - FIF;23.502.654/0001-19;;SULAMÉRICA RETORNO TOTAL FUNDO DE INVESTIMENTO FINANCEIRO RENDA FIXA LONGO PRAZO DE RESPONSABILIDADE;2025-07-31;Outros;0.00
CLASSES - FIF;23.502.654/0001-19;;SULAMÉRICA RETORNO TOTAL FUNDO DE INVESTIMENTO FINANCEIRO RENDA FIXA LONGO PRAZO DE RESPONSABILIDADE;2025-07-31;Títulos de crédito privado;0.00
CLASSES - FIF;23.502.654/0001-19;;SULAMÉRICA RETORNO TOTAL FUNDO DE INVESTIMENTO FINANCEIRO RENDA FIXA LONGO PRAZO DE RESPONSABILIDADE;2025-07-31;Títulos público federais;52.25
CLASSES - FIF;23.732.220/0001-05;;BAHIA AM LONG BIASED MÁSTER FIF - CLASSE DE INVESTIMENTO MULTIMERCADO - RESP LIMITADA;2025-07-31;Ações;69.42
CLASSES - FIF;23.732.220/0001-05;;BAHIA AM LONG BIASED MÁSTER FIF - CLASSE DE INVESTIMENTO MULTIMERCADO - RESP LIMITADA;2025-07-31;Derivativos;20.91
CLASSES - FIF;23.732.220/0001-05;;BAHIA AM LONG BIASED MÁSTER FIF - CLASSE DE INVESTIMENTO MULTIMERCADO - RESP LIMITADA;2025-07-31;Investimento no exterior;17.70
CLASSES - FIF;23.732.220/0001-05;;BAHIA AM LONG BIASED MÁSTER FIF - CLASSE DE INVESTIMENTO MULTIMERCADO - RESP LIMITADA;2025-07-31;Operações compromissadas lastreadas em títulos públicos federais;30.85
CLASSES - FIF;23.732.220/0001-05;;BAHIA AM LONG BIASED MÁSTER FIF - CLASSE DE INVESTIMENTO MULTIMERCADO - RESP LIMITADA;2025-07-31;Títulos públicos federais;30.00
CLASSES - FIF;23.732.231/0001-95;;BAHIA AM LONG BIASED FIF - CIC MULTIMERCADO - RESPONSABILIDADE LIMITADA;2025-07-31;Ações;69.50
CLASSES - FIF;23.732.231/0001-95;;BAHIA AM LONG BIASED FIF - CIC MULTIMERCADO - RESPONSABILIDADE LIMITADA;2025-07-31;Derivativos;20.93
CLASSES - FIF;23.732.231/0001-95;;BAHIA AM LONG BIASED FIF - CIC MULTIMERCADO - RESPONSABILIDADE LIMITADA;2025-07-31;Investimento no exterior;17.72
CLASSES - FIF;23.732.231/0001-95;;BAHIA AM LONG BIASED FIF - CIC MULTIMERCADO - RESPONSABILIDADE LIMITADA;2025-07-31;Operações compromissadas lastreadas em títulos públicos federais;30.94
CLASSES - FIF;23.732.231/0001-95;;BAHIA AM LONG BIASED FIF - CIC MULTIMERCADO - RESPONSABILIDADE LIMITADA;2025-07-31;Títulos públicos federais;30.03
CLASSES - FIF;23.863.573/0001-44;;BANRISUL RENDA FIXA SIMPLES FUNDO DE INVESTIMENTO EM COTAS DE FUNDOS DE INVESTIMENTO FINANCEIRO RESP;2025-07-31;COTAS DE FUNDOS DE INVESTIMENTO 409;98.69
CLASSES - FIF;23.863.573/0001-44;;BANRISUL RENDA FIXA SIMPLES FUNDO DE INVESTIMENTO EM COTAS DE FUNDOS DE INVESTIMENTO FINANCEIRO RESP;2025-07-31;OPERAÇÕES COMPROMISSADAS LASTREADAS EM TÍTULOS PÚBLICOS FEDERAIS;1.31
CLASSES - FIF;23.884.623/0001-70;;CSHG ALLOCATION ADAM MACRO FUNDO DE INVESTIMENTO EM COTAS DE FIF MULTIMERCADO - RESP LIMITADA;2025-07-31;Outras Cotas de Fundos de Investimento;100.01
CLASSES - FIF;23.884.623/0001-70;;CSHG ALLOCATION ADAM MACRO FUNDO DE INVESTIMENTO EM COTAS DE FIF MULTIMERCADO - RESP LIMITADA;2025-07-31;Outros;0.09
CLASSES - FIF;23.884.627/0001-58;;ADAM MACRO CSHG FUNDO DE INVESTIMENTO EM COTAS DE FIF MULTIMERCADO - RESPONSABILIDADE LIMITADA;2025-07-31;Cotas de Fundos de Investimento 555;100.04
CLASSES - FIF;23.884.627/0001-58;;ADAM MACRO CSHG FUNDO DE INVESTIMENTO EM COTAS DE FIF MULTIMERCADO - RESPONSABILIDADE LIMITADA;2025-07-31;Outros;0.09
CLASSES - FIF;23.970.201/0001-17;;OURO PRETO REAL FUNDO DE INVESTIMENTO EM COTAS DE FUNDOS DE INVESTIMENTO RENDA FIXA LONGO PRAZO;2025-07-31;Cotas de Fundos de Investimento 409;83.19
CLASSES - FIF;23.970.201/0001-17;;OURO PRETO REAL FUNDO DE INVESTIMENTO EM COTAS DE FUNDOS DE INVESTIMENTO RENDA FIXA LONGO PRAZO;2025-07-31;Operações Compromissadas Lastreadas em Títulos Públicos Federais;0.06
CLASSES - FIF;23.970.201/0001-17;;OURO PRETO REAL FUNDO DE INVESTIMENTO EM COTAS DE FUNDOS DE INVESTIMENTO RENDA FIXA LONGO PRAZO;2025-07-31;Outras Aplicações;0.01
CLASSES - FIF;23.970.201/0001-17;;OURO PRETO REAL FUNDO DE INVESTIMENTO EM COTAS DE FUNDOS DE INVESTIMENTO RENDA FIXA LONGO PRAZO;2025-07-31;Outras Cotas de Fundos de Investimento;16.85
CLASSES - FIF;23.970.201/0001-17;;OURO PRETO REAL FUNDO DE INVESTIMENTO EM COTAS DE FUNDOS DE INVESTIMENTO RENDA FIXA LONGO PRAZO;2025-07-31;Títulos Públicos Federais;0.20
CLASSES - FIF;24.022.566/0001-82;;BRADESCO IDKA PRÉ 2 FI FINANCEIRO - CI RF - RESP LIMITADA;2025-07-31;Derivativos;56.37
CLASSES - FIF;24.022.566/0001-82;;BRADESCO IDKA PRÉ 2 FI FINANCEIRO - CI RF - RESP LIMITADA;2025-07-31;Operações compromissadas lastreadas em títulos públicos federais;9.74
CLASSES - FIF;24.022.566/0001-82;;BRADESCO IDKA PRÉ 2 FI FINANCEIRO - CI RF - RESP LIMITADA;2025-07-31;Títulos públicos federais;90.44
CLASSES - FIF;24.069.611/0001-54;;SOMMA GENEBRA FI FINANCEIRO - CI RF REFERENCIADA DI - RESP LIMITADA;2025-07-31;Depósitos a prazo e outros títulos de instituições financeiras;48.36
CLASSES - FIF;24.069.611/0001-54;;SOMMA GENEBRA FI FINANCEIRO - CI RF REFERENCIADA DI - RESP LIMITADA;2025-07-31;Operações compromissadas lastreadas em títulos públicos federais;9.70
CLASSES - FIF;24.069.611/0001-54;;SOMMA GENEBRA FI FINANCEIRO - CI RF REFERENCIADA DI - RESP LIMITADA;2025-07-31;Títulos públicos federais;42.03
CLASSES - FIF;24.270.968/0001-04;;BAHIA AM ESTRATÉGIA MARAÚ FIF - CIC MULTI - RESPONSABILIDADE LIMITADA;2025-07-31;Derivativos;0.06
CLASSES - FIF;24.270.968/0001-04;;BAHIA AM ESTRATÉGIA MARAÚ FIF - CIC MULTI - RESPONSABILIDADE LIMITADA;2025-07-31;Investimento no exterior;12.83
CLASSES - FIF;24.270.968/0001-04;;BAHIA AM ESTRATÉGIA MARAÚ FIF - CIC MULTI - RESPONSABILIDADE LIMITADA;2025-07-31;Operações compromissadas lastreadas em títulos públicos federais;-51.37
CLASSES - FIF;24.270.968/0001-04;;BAHIA AM ESTRATÉGIA MARAÚ FIF - CIC MULTI - RESPONSABILIDADE LIMITADA;2025-07-31;Títulos públicos federais;137.19
CLASSES - FIF;24.300.703/0001-01;;NEW CASH STAR FIF - CLASSE DE INVESTIMENTO RF REFERENCIADA DI CRÉDITO PRIVADO - RESP LIMITADA;2025-07-31;Operações compromissadas lastreadas em títulos públicos federais;8.83
CLASSES - FIF;24.300.703/0001-01;;NEW CASH STAR FIF - CLASSE DE INVESTIMENTO RF REFERENCIADA DI CRÉDITO PRIVADO - RESP LIMITADA;2025-07-31;Títulos públicos federais;91.21
CLASSES - FIF;24.325.096/0001-26;;SUL AMÉRICA PREMIUM FIF RENDA FIXA REFERENCIADO DI CRÉD PRIV DE RESP LIMITADA;2025-07-31;Cotas de Fundo;0.00
CLASSES - FIF;24.325.096/0001-26;;SUL AMÉRICA PREMIUM FIF RENDA FIXA REFERENCIADO DI CRÉD PRIV DE RESP LIMITADA;2025-07-31;Op. Compromissadas;10.21
CLASSES - FIF;24.325.096/0001-26;;SUL AMÉRICA PREMIUM FIF RENDA FIXA REFERENCIADO DI CRÉD PRIV DE RESP LIMITADA;2025-07-31;Outros;0.13
CLASSES - FIF;24.325.096/0001-26;;SUL AMÉRICA PREMIUM FIF RENDA FIXA REFERENCIADO DI CRÉD PRIV DE RESP LIMITADA;2025-07-31;Títulos de crédito privado;76.24
CLASSES - FIF;24.325.096/0001-26;;SUL AMÉRICA PREMIUM FIF RENDA FIXA REFERENCIADO DI CRÉD PRIV DE RESP LIMITADA;2025-07-31;Títulos público federais;13.42
CLASSES - FIF;24.404.844/0001-66;;H3 VERT FIF - CIC MULTIMERCADO - RESP LIMITADA;2025-07-31;Cotas de fundos de investimento 409;99.06
CLASSES - FIF;24.404.844/0001-66;;H3 VERT FIF - CIC MULTIMERCADO - RESP LIMITADA;2025-07-31;Operações compromissadas lastreadas em títulos públicos federais;0.27
CLASSES - FIF;24.404.844/0001-66;;H3 VERT FIF - CIC MULTIMERCADO - RESP LIMITADA;2025-07-31;Títulos públicos federais;0.68
CLASSES - FIF;24.413.868/0001-81;;FIDUC FC - CIC MULT CRED PRIV - RESP LIMITADA;2025-07-31;Ações;8.33
CLASSES - FIF;24.413.868/0001-81;;FIDUC FC - CIC MULT CRED PRIV - RESP LIMITADA;2025-07-31;Cotas de fundos de investimento 409;82.58
CLASSES - FIF;24.413.868/0001-81;;FIDUC FC - CIC MULT CRED PRIV - RESP LIMITADA;2025-07-31;Investimento no exterior;2.37
CLASSES - FIF;24.413.868/0001-81;;FIDUC FC - CIC MULT CRED PRIV - RESP LIMITADA;2025-07-31;Operações compromissadas lastreadas em títulos públicos federais;4.76
CLASSES - FIF;24.413.868/0001-81;;FIDUC FC - CIC MULT CRED PRIV - RESP LIMITADA;2025-07-31;Títulos públicos federais;6.76
CLASSES - FIF;24.572.582/0001-49;;VINCI ATLAS FUNDO DE INVESTIMENTO FINANCEIRO - CIC MULTIMERCADO - RESPONSABILIDADE LIMITADA;2025-07-31;Ações;3.21
CLASSES - FIF;24.572.582/0001-49;;VINCI ATLAS FUNDO DE INVESTIMENTO FINANCEIRO - CIC MULTIMERCADO - RESPONSABILIDADE LIMITADA;2025-07-31;Cotas de fundos de investimento 409;0.76
CLASSES - FIF;24.572.582/0001-49;;VINCI ATLAS FUNDO DE INVESTIMENTO FINANCEIRO - CIC MULTIMERCADO - RESPONSABILIDADE LIMITADA;2025-07-31;Investimento no exterior;17.39
CLASSES - FIF;24.572.582/0001-49;;VINCI ATLAS FUNDO DE INVESTIMENTO FINANCEIRO - CIC MULTIMERCADO - RESPONSABILIDADE LIMITADA;2025-07-31;Operações compromissadas lastreadas em títulos públicos federais;8.97
CLASSES - FIF;24.572.582/0001-49;;VINCI ATLAS FUNDO DE INVESTIMENTO FINANCEIRO - CIC MULTIMERCADO - RESPONSABILIDADE LIMITADA;2025-07-31;Títulos públicos federais;70.04
CLASSES - FIF;24.572.601/0001-37;;VINCI ATLAS MASTER FIF - CLASSE DE INVESTIMENTO MULTIMERCADO - RESP LIMITADA;2025-07-31;Ações;3.20
CLASSES - FIF;24.572.601/0001-37;;VINCI ATLAS MASTER FIF - CLASSE DE INVESTIMENTO MULTIMERCADO - RESP LIMITADA;2025-07-31;Cotas de fundos de investimento 409;0.76
CLASSES - FIF;24.572.601/0001-37;;VINCI ATLAS MASTER FIF - CLASSE DE INVESTIMENTO MULTIMERCADO - RESP LIMITADA;2025-07-31;Investimento no exterior;17.39
CLASSES - FIF;24.572.601/0001-37;;VINCI ATLAS MASTER FIF - CLASSE DE INVESTIMENTO MULTIMERCADO - RESP LIMITADA;2025-07-31;Operações compromissadas lastreadas em títulos públicos federais;8.81
CLASSES - FIF;24.572.601/0001-37;;VINCI ATLAS MASTER FIF - CLASSE DE INVESTIMENTO MULTIMERCADO - RESP LIMITADA;2025-07-31;Títulos públicos federais;70.04
CLASSES - FIF;24.752.500/0001-48;;BRADESCO LYXOR BRIDGEWATER CORE GLOBAL MACRO FEEDER FIF - CI MULT - RESP LIMITADA;2025-07-31;Investimento no exterior;98.51
CLASSES - FIF;24.752.500/0001-48;;BRADESCO LYXOR BRIDGEWATER CORE GLOBAL MACRO FEEDER FIF - CI MULT - RESP LIMITADA;2025-07-31;Operações compromissadas lastreadas em títulos públicos federais;0.14
CLASSES - FIF;24.752.500/0001-48;;BRADESCO LYXOR BRIDGEWATER CORE GLOBAL MACRO FEEDER FIF - CI MULT - RESP LIMITADA;2025-07-31;Títulos públicos federais;1.39
CLASSES - FIF;24.752.576/0001-73;;BRAM FUNDO DE INVESTIMENTO EM AÇÕES LONG ONLY;2025-07-31;Ações;72.86
CLASSES - FIF;24.752.576/0001-73;;BRAM FUNDO DE INVESTIMENTO EM AÇÕES LONG ONLY;2025-07-31;Cotas de fundos de investimento 409;10.45
CLASSES - FIF;24.752.576/0001-73;;BRAM FUNDO DE INVESTIMENTO EM AÇÕES LONG ONLY;2025-07-31;Derivativos;1.59
CLASSES - FIF;24.752.576/0001-73;;BRAM FUNDO DE INVESTIMENTO EM AÇÕES LONG ONLY;2025-07-31;Operações compromissadas lastreadas em títulos públicos federais;13.57
CLASSES - FIF;25.246.206/0001-27;;TATICA RESEARCH FUNDO DE INVESTIMENTO FINANCEIRO;2025-07-31;Ações;81.09
CLASSES - FIF;25.246.206/0001-27;;TATICA RESEARCH FUNDO DE INVESTIMENTO FINANCEIRO;2025-07-31;Cotas de Fundos de Investimento 409;4.99
CLASSES - FIF;25.246.206/0001-27;;TATICA RESEARCH FUNDO DE INVESTIMENTO FINANCEIRO;2025-07-31;Derivativos;-0.02
CLASSES - FIF;25.246.206/0001-27;;TATICA RESEARCH FUNDO DE INVESTIMENTO FINANCEIRO;2025-07-31;Outras Aplicações;11.69
CLASSES - FIF;25.246.206/0001-27;;TATICA RESEARCH FUNDO DE INVESTIMENTO FINANCEIRO;2025-07-31;Outras Cotas de Fundos de Investimento;1.55
CLASSES - FIF;25.682.084/0001-11;;CSHG ALLOCATION VERDE AM 60 FUNDO DE INVESTIMENTO EM COTAD DE FIF MULTIMERCADO - RESP LIMITADA;2025-07-31;Outras Cotas de Fundos de Investimento;100.05
CLASSES - FIF;25.682.084/0001-11;;CSHG ALLOCATION VERDE AM 60 FUNDO DE INVESTIMENTO EM COTAD DE FIF MULTIMERCADO - RESP LIMITADA;2025-07-31;Outros;0.01
FI;26.089.666/0001-51;;INTER SELECTION DEBENT INCENT FC DE FIF INCENT DE INVEST EM INFRA RENDA FIXA CRÉD PRIV RESP LIMITADA;2025-07-31;Cotas de Fundos de Investimento 555;94.69
FI;26.089.666/0001-51;;INTER SELECTION DEBENT INCENT FC DE FIF INCENT DE INVEST EM INFRA RENDA FIXA CRÉD PRIV RESP LIMITADA;2025-07-31;Operações Compromissadas Lastreadas em Títulos Públicos Federais;1.90
FI;26.089.666/0001-51;;INTER SELECTION DEBENT INCENT FC DE FIF INCENT DE INVEST EM INFRA RENDA FIXA CRÉD PRIV RESP LIMITADA;2025-07-31;Outras Cotas de Fundos de Investimento;2.35
CLASSES - FIF;26.104.747/0001-83;;BANESTES FIC DE FIF INCENTIVADOS DE INVESTIMENTO EM INFRAESTRUTURA RF CRED PRIV RESP LIMITADA;2025-07-31;Cotas de fundos de investimento 555;99.38
CLASSES - FIF;26.104.747/0001-83;;BANESTES FIC DE FIF INCENTIVADOS DE INVESTIMENTO EM INFRAESTRUTURA RF CRED PRIV RESP LIMITADA;2025-07-31;Operações compromissadas lastreadas em títulos públicos federais;0.28
CLASSES - FIF;26.104.747/0001-83;;BANESTES FIC DE FIF INCENTIVADOS DE INVESTIMENTO EM INFRAESTRUTURA RF CRED PRIV RESP LIMITADA;2025-07-31;Títulos públicos federais;0.34
CLASSES - FIF;26.142.614/0001-00;;DAYCOVAL DEBÊNTURES INCENTIVADAS FUNDO DE INVESTIMENTO FINANCEIRO;2025-07-31;Cotas de Fundos de Investimento 409;6.04
CLASSES - FIF;26.142.614/0001-00;;DAYCOVAL DEBÊNTURES INCENTIVADAS FUNDO DE INVESTIMENTO FINANCEIRO;2025-07-31;Operações Compromissadas Lastreadas em Títulos Públicos Federais;8.05
CLASSES - FIF;26.142.614/0001-00;;DAYCOVAL DEBÊNTURES INCENTIVADAS FUNDO DE INVESTIMENTO FINANCEIRO;2025-07-31;Outras Aplicações;0.05
CLASSES - FIF;26.142.614/0001-00;;DAYCOVAL DEBÊNTURES INCENTIVADAS FUNDO DE INVESTIMENTO FINANCEIRO;2025-07-31;Títulos de Crédito Privado;85.44
CLASSES - FIF;26.142.614/0001-00;;DAYCOVAL DEBÊNTURES INCENTIVADAS FUNDO DE INVESTIMENTO FINANCEIRO;2025-07-31;Títulos Públicos Federais;0.53
CLASSES - FIF;26.190.993/0001-03;;TIVIO TOP MULTI ESTILOS FIF - CLASSE DE INVESTIMENTO EM AÇÕES - RESP LIMITADA;2025-07-31;Ações;79.50
CLASSES - FIF;26.190.993/0001-03;;TIVIO TOP MULTI ESTILOS FIF - CLASSE DE INVESTIMENTO EM AÇÕES - RESP LIMITADA;2025-07-31;Cotas de fundos de investimento 409;1.58
CLASSES - FIF;26.190.993/0001-03;;TIVIO TOP MULTI ESTILOS FIF - CLASSE DE INVESTIMENTO EM AÇÕES - RESP LIMITADA;2025-07-31;Derivativos;8.14
CLASSES - FIF;26.190.993/0001-03;;TIVIO TOP MULTI ESTILOS FIF - CLASSE DE INVESTIMENTO EM AÇÕES - RESP LIMITADA;2025-07-31;Operações compromissadas lastreadas em títulos públicos federais;22.32
CLASSES - FIF;26.315.539/0001-23;;BRADESCO ESTRATÉGIA IBOVESPA ATIVO FIF - CIC DE AÇÕES - RESP LIMITADA;2025-07-31;Ações;61.30
CLASSES - FIF;26.315.539/0001-23;;BRADESCO ESTRATÉGIA IBOVESPA ATIVO FIF - CIC DE AÇÕES - RESP LIMITADA;2025-07-31;Cotas de fundos de investimento 409;25.03
CLASSES - FIF;26.315.539/0001-23;;BRADESCO ESTRATÉGIA IBOVESPA ATIVO FIF - CIC DE AÇÕES - RESP LIMITADA;2025-07-31;Derivativos;0.93
CLASSES - FIF;26.315.539/0001-23;;BRADESCO ESTRATÉGIA IBOVESPA ATIVO FIF - CIC DE AÇÕES - RESP LIMITADA;2025-07-31;Operações compromissadas lastreadas em títulos públicos federais;11.43
CLASSES - FIF;26.315.550/0001-93;;BRADESCO PRIVATE LONG ONLY FI FINANCEIRO - CIC EM AÇÕES - RESP LIMITADA;2025-07-31;Ações;61.28
CLASSES - FIF;26.315.550/0001-93;;BRADESCO PRIVATE LONG ONLY FI FINANCEIRO - CIC EM AÇÕES - RESP LIMITADA;2025-07-31;Cotas de fundos de investimento 409;25.02
CLASSES - FIF;26.315.550/0001-93;;BRADESCO PRIVATE LONG ONLY FI FINANCEIRO - CIC EM AÇÕES - RESP LIMITADA;2025-07-31;Derivativos;0.93
CLASSES - FIF;26.315.550/0001-93;;BRADESCO PRIVATE LONG ONLY FI FINANCEIRO - CIC EM AÇÕES - RESP LIMITADA;2025-07-31;Operações compromissadas lastreadas em títulos públicos federais;11.42
CLASSES - FIF;26.559.284/0001-44;;TREND PÓS-FIXADO FUNDO DE INVESTIMENTO EM COTAS RENDA FIXA SIMPLES RESPONSABILIDADE LIMITADA;2025-07-31;Cotas de fundos de investimento 409;99.97
CLASSES - FIF;26.559.284/0001-44;;TREND PÓS-FIXADO FUNDO DE INVESTIMENTO EM COTAS RENDA FIXA SIMPLES RESPONSABILIDADE LIMITADA;2025-07-31;Cotas em Fundos a serem desmembradas;99.97
CLASSES - FIF;26.657.105/0001-01;;AURO AGAH FUNDO DE INVESTIMENTO FINANCEIRO MULTIMERCADO;2025-07-31;Ações;6.59
CLASSES - FIF;26.657.105/0001-01;;AURO AGAH FUNDO DE INVESTIMENTO FINANCEIRO MULTIMERCADO;2025-07-31;Cotas de Fundos de Investimento 409;18.80
CLASSES - FIF;26.657.105/0001-01;;AURO AGAH FUNDO DE INVESTIMENTO FINANCEIRO MULTIMERCADO;2025-07-31;Outras Aplicações;0.07
CLASSES - FIF;26.657.105/0001-01;;AURO AGAH FUNDO DE INVESTIMENTO FINANCEIRO MULTIMERCADO;2025-07-31;Outras Cotas de Fundos de Investimento;15.51
CLASSES - FIF;26.657.105/0001-01;;AURO AGAH FUNDO DE INVESTIMENTO FINANCEIRO MULTIMERCADO;2025-07-31;Títulos Públicos Federais;59.57
CLASSES - FIF;26.695.100/0001-73;;CSHG IBOVESPA INDEXADO FUNDO DE INVESTIMENTO FINANCEIRO - MULTIMERCADO RESPONSABILIDADE LIMITADA;2025-07-31;Compromissadas lastreadas em T¿los P¿blicos;37.98
CLASSES - FIF;26.695.100/0001-73;;CSHG IBOVESPA INDEXADO FUNDO DE INVESTIMENTO FINANCEIRO - MULTIMERCADO RESPONSABILIDADE LIMITADA;2025-07-31;Derivativos;0.00
CLASSES - FIF;26.695.100/0001-73;;CSHG IBOVESPA INDEXADO FUNDO DE INVESTIMENTO FINANCEIRO - MULTIMERCADO RESPONSABILIDADE LIMITADA;2025-07-31;Outros;0.52
CLASSES - FIF;26.695.100/0001-73;;CSHG IBOVESPA INDEXADO FUNDO DE INVESTIMENTO FINANCEIRO - MULTIMERCADO RESPONSABILIDADE LIMITADA;2025-07-31;T¿los P¿blicos Federais;62.55
CLASSES - FIF;26.725.138/0001-41;;KPR DIAGRAMA MACRO FIF - CIC MULTIMERCADO LIVRE - RESPONSABILIDADE LIMITADA;2025-07-31;Cotas de fundos de investimento 409;49.50
CLASSES - FIF;26.725.138/0001-41;;KPR DIAGRAMA MACRO FIF - CIC MULTIMERCADO LIVRE - RESPONSABILIDADE LIMITADA;2025-07-31;Derivativos;6.87
CLASSES - FIF;26.725.138/0001-41;;KPR DIAGRAMA MACRO FIF - CIC MULTIMERCADO LIVRE - RESPONSABILIDADE LIMITADA;2025-07-31;Operações compromissadas lastreadas em títulos públicos federais;22.33
CLASSES - FIF;26.725.138/0001-41;;KPR DIAGRAMA MACRO FIF - CIC MULTIMERCADO LIVRE - RESPONSABILIDADE LIMITADA;2025-07-31;Títulos públicos federais;35.81
CLASSES - FIF;26.725.144/0001-07;;KPR DIAGRAMA MACRO FIF - CLASSE DE INVESTIMENTO MULTIMERCADO LIVRE - RESPONSABILIDADE LIMITADA;2025-07-31;Derivativos;-38.09
CLASSES - FIF;26.725.144/0001-07;;KPR DIAGRAMA MACRO FIF - CLASSE DE INVESTIMENTO MULTIMERCADO LIVRE - RESPONSABILIDADE LIMITADA;2025-07-31;Operações compromissadas lastreadas em títulos públicos federais;25.25
CLASSES - FIF;26.725.144/0001-07;;KPR DIAGRAMA MACRO FIF - CLASSE DE INVESTIMENTO MULTIMERCADO LIVRE - RESPONSABILIDADE LIMITADA;2025-07-31;Títulos públicos federais;82.02
CLASSES - FIF;26.756.412/0001-40;;BRAM RETORNO ABSOLUTO FI FINANCEIRO - CI MULT - RESP LIMITADA;2025-07-31;Ações;1.89
CLASSES - FIF;26.756.412/0001-40;;BRAM RETORNO ABSOLUTO FI FINANCEIRO - CI MULT - RESP LIMITADA;2025-07-31;Derivativos;-13.43
CLASSES - FIF;26.756.412/0001-40;;BRAM RETORNO ABSOLUTO FI FINANCEIRO - CI MULT - RESP LIMITADA;2025-07-31;Investimento no exterior;18.71
CLASSES - FIF;26.756.412/0001-40;;BRAM RETORNO ABSOLUTO FI FINANCEIRO - CI MULT - RESP LIMITADA;2025-07-31;Operações compromissadas lastreadas em títulos públicos federais;9.45
CLASSES - FIF;26.756.412/0001-40;;BRAM RETORNO ABSOLUTO FI FINANCEIRO - CI MULT - RESP LIMITADA;2025-07-31;Títulos públicos federais;71.93
CLASSES - FIF;27.011.904/0001-79;;FUTURA ARB FUNDO DE INVESTIMENTO MULTIMERCADO LP - RESPONSABILIDADE LIMITADA;2025-07-31;Ações;20.48
CLASSES - FIF;27.011.904/0001-79;;FUTURA ARB FUNDO DE INVESTIMENTO MULTIMERCADO LP - RESPONSABILIDADE LIMITADA;2025-07-31;Cotas de fundos de investimento 555;39.84
CLASSES - FIF;27.011.904/0001-79;;FUTURA ARB FUNDO DE INVESTIMENTO MULTIMERCADO LP - RESPONSABILIDADE LIMITADA;2025-07-31;Operações compromissadas lastreadas em títulospúblicos federais;0.61
CLASSES - FIF;27.011.904/0001-79;;FUTURA ARB FUNDO DE INVESTIMENTO MULTIMERCADO LP - RESPONSABILIDADE LIMITADA;2025-07-31;Outras aplicações;-97.60
CLASSES - FIF;27.011.904/0001-79;;FUTURA ARB FUNDO DE INVESTIMENTO MULTIMERCADO LP - RESPONSABILIDADE LIMITADA;2025-07-31;Títulos públicos federais;134.86
CLASSES - FIF;27.389.566/0001-03;;TARPON GT MASTER FUNDO DE INVESTIMENTO FINANCEIRO;2025-07-31;Ações;98.49
CLASSES - FIF;27.389.566/0001-03;;TARPON GT MASTER FUNDO DE INVESTIMENTO FINANCEIRO;2025-07-31;Cotas de Fundos de Investimento 409;1.35
CLASSES - FIF;27.389.566/0001-03;;TARPON GT MASTER FUNDO DE INVESTIMENTO FINANCEIRO;2025-07-31;Outras Aplicações;0.16
CLASSES - FIF;27.389.566/0001-03;;TARPON GT MASTER FUNDO DE INVESTIMENTO FINANCEIRO;2025-07-31;Títulos Públicos Federais;0.42
CLASSES - FIF;27.825.226/0001-88;;IBIUNA HEDGE STB FIF - CLASSE DE INVESTIMENTO EM COTAS MULTIMERCADO - RESPONSABILIDADE LIMITADA;2025-07-31;Cotas de fundos de investimento 409;6.72
CLASSES - FIF;27.825.226/0001-88;;IBIUNA HEDGE STB FIF - CLASSE DE INVESTIMENTO EM COTAS MULTIMERCADO - RESPONSABILIDADE LIMITADA;2025-07-31;Derivativos;1071.73
CLASSES - FIF;27.825.226/0001-88;;IBIUNA HEDGE STB FIF - CLASSE DE INVESTIMENTO EM COTAS MULTIMERCADO - RESPONSABILIDADE LIMITADA;2025-07-31;Investimento no exterior;16.43
CLASSES - FIF;27.825.226/0001-88;;IBIUNA HEDGE STB FIF - CLASSE DE INVESTIMENTO EM COTAS MULTIMERCADO - RESPONSABILIDADE LIMITADA;2025-07-31;Operações compromissadas lastreadas em títulos públicos federais;119.90
CLASSES - FIF;27.825.226/0001-88;;IBIUNA HEDGE STB FIF - CLASSE DE INVESTIMENTO EM COTAS MULTIMERCADO - RESPONSABILIDADE LIMITADA;2025-07-31;Títulos públicos federais;123.40
FI;27.826.059/0001-90;;INTER PREMIUM FUNDO DE INVESTIMENTO FINANCEIRO RENDA FIXA CRÉDITO PRIVADO LONGO PRAZO RESP LIMITADA;2025-07-31;Cotas de Fundos de Investimento 555;1.31
FI;27.826.059/0001-90;;INTER PREMIUM FUNDO DE INVESTIMENTO FINANCEIRO RENDA FIXA CRÉDITO PRIVADO LONGO PRAZO RESP LIMITADA;2025-07-31;Depósitos a Prazo e Outros Títulos de Instituições Financeiras;37.48
FI;27.826.059/0001-90;;INTER PREMIUM FUNDO DE INVESTIMENTO FINANCEIRO RENDA FIXA CRÉDITO PRIVADO LONGO PRAZO RESP LIMITADA;2025-07-31;Operações Compromissadas Lastreadas em Títulos Públicos Federais;12.73
FI;27.826.059/0001-90;;INTER PREMIUM FUNDO DE INVESTIMENTO FINANCEIRO RENDA FIXA CRÉDITO PRIVADO LONGO PRAZO RESP LIMITADA;2025-07-31;Títulos de Crédito Privado;38.82
FI;27.826.059/0001-90;;INTER PREMIUM FUNDO DE INVESTIMENTO FINANCEIRO RENDA FIXA CRÉDITO PRIVADO LONGO PRAZO RESP LIMITADA;2025-07-31;Títulos Públicos Federais;5.62
CLASSES - FIF;27.865.070/0001-69;;BRADESCO PRIME FIF - CIC DE AÇÕES INDEX - RESP LIMITADA;2025-07-31;Ações;68.85
CLASSES - FIF;27.865.070/0001-69;;BRADESCO PRIME FIF - CIC DE AÇÕES INDEX - RESP LIMITADA;2025-07-31;Cotas de fundos de investimento 409;30.38
CLASSES - FIF;27.865.070/0001-69;;BRADESCO PRIME FIF - CIC DE AÇÕES INDEX - RESP LIMITADA;2025-07-31;Derivativos;0.74
CLASSES - FIF;27.865.070/0001-69;;BRADESCO PRIME FIF - CIC DE AÇÕES INDEX - RESP LIMITADA;2025-07-31;Operações compromissadas lastreadas em títulos públicos federais;0.21
CLASSES - FIF;28.065.429/0001-86;;RENDA LIQUIDEZ FIM CRÉDITO PRIVADO - INVESTIMENTO NO EXTERIOR;2025-07-31;Acões;0.00
CLASSES - FIF;28.065.429/0001-86;;RENDA LIQUIDEZ FIM CRÉDITO PRIVADO - INVESTIMENTO NO EXTERIOR;2025-07-31;Cotas de Fundos de Investimento 555;94.67
CLASSES - FIF;28.065.429/0001-86;;RENDA LIQUIDEZ FIM CRÉDITO PRIVADO - INVESTIMENTO NO EXTERIOR;2025-07-31;Depósito a prazo e outros títulos de instituições financeiras;5.33
CLASSES - FIF;28.065.429/0001-86;;RENDA LIQUIDEZ FIM CRÉDITO PRIVADO - INVESTIMENTO NO EXTERIOR;2025-07-31;Operacões compromissadas lastreadas em títulos privados;0.00
CLASSES - FIF;28.065.429/0001-86;;RENDA LIQUIDEZ FIM CRÉDITO PRIVADO - INVESTIMENTO NO EXTERIOR;2025-07-31;Operacões compromissadas lastreadas em títulos públicos federais;0.00
CLASSES - FIF;28.206.220/0001-95;;SOMMA TORINO FIF - CI RF CRED PRIV LP - RESP LIMITADA;2025-07-31;Cotas de fundos de investimento 409;4.64
CLASSES - FIF;28.206.220/0001-95;;SOMMA TORINO FIF - CI RF CRED PRIV LP - RESP LIMITADA;2025-07-31;Depósitos a prazo e outros títulos de instituições financeiras;28.00
CLASSES - FIF;28.206.220/0001-95;;SOMMA TORINO FIF - CI RF CRED PRIV LP - RESP LIMITADA;2025-07-31;Operações compromissadas lastreadas em títulos públicos federais;27.70
CLASSES - FIF;28.206.220/0001-95;;SOMMA TORINO FIF - CI RF CRED PRIV LP - RESP LIMITADA;2025-07-31;Títulos de crédito privado;36.35
CLASSES - FIF;28.206.220/0001-95;;SOMMA TORINO FIF - CI RF CRED PRIV LP - RESP LIMITADA;2025-07-31;Títulos públicos federais;3.36
CLASSES - FIF;28.427.984/0001-00;;BRADESCO MACRO TOP 22 FIF - CIC MULT  - RESP LIMITADA;2025-07-31;Cotas de fundos de investimento 409;99.81
CLASSES - FIF;28.427.997/0001-80;;BRADESCO MACRO 22 FIF - CIC MULT  - RESP LIMITADA;2025-07-31;Cotas de fundos de investimento 409;95.91
CLASSES - FIF;28.428.129/0001-14;;BRADESCO MULTIGESTORES PLUS FI FINANCEIRO - CIC MULT - RESP LIMITADA;2025-07-31;Cotas de fundos de investimento 409;75.86
CLASSES - FIF;28.428.129/0001-14;;BRADESCO MULTIGESTORES PLUS FI FINANCEIRO - CIC MULT - RESP LIMITADA;2025-07-31;Operações compromissadas lastreadas em títulos públicos federais;1.69
CLASSES - FIF;28.428.129/0001-14;;BRADESCO MULTIGESTORES PLUS FI FINANCEIRO - CIC MULT - RESP LIMITADA;2025-07-31;Títulos públicos federais;4.60
CLASSES - FIF;28.428.137/0001-60;;BRADESCO MULTIGESTORES BALANCEADO FI FINANCEIRO - CIC EM AÇÕES - RESP LIMITADA;2025-07-31;Ações;4.79
CLASSES - FIF;28.428.137/0001-60;;BRADESCO MULTIGESTORES BALANCEADO FI FINANCEIRO - CIC EM AÇÕES - RESP LIMITADA;2025-07-31;Cotas de fundos de investimento 409;89.52
CLASSES - FIF;28.428.137/0001-60;;BRADESCO MULTIGESTORES BALANCEADO FI FINANCEIRO - CIC EM AÇÕES - RESP LIMITADA;2025-07-31;Derivativos;5.07
CLASSES - FIF;28.428.137/0001-60;;BRADESCO MULTIGESTORES BALANCEADO FI FINANCEIRO - CIC EM AÇÕES - RESP LIMITADA;2025-07-31;Operações compromissadas lastreadas em títulos públicos federais;3.88
CLASSES - FIF;28.428.137/0001-60;;BRADESCO MULTIGESTORES BALANCEADO FI FINANCEIRO - CIC EM AÇÕES - RESP LIMITADA;2025-07-31;Títulos públicos federais;2.49
CLASSES - FIF;28.428.179/0001-00;;BRADESCO ADAM FIF - CIC MULTIMERCADO - RESP LIMITADA;2025-07-31;Cotas de fundos de investimento 409;98.79
CLASSES - FIF;28.428.179/0001-00;;BRADESCO ADAM FIF - CIC MULTIMERCADO - RESP LIMITADA;2025-07-31;Operações compromissadas lastreadas em títulos públicos federais;0.19
CLASSES - FIF;28.428.179/0001-00;;BRADESCO ADAM FIF - CIC MULTIMERCADO - RESP LIMITADA;2025-07-31;Títulos públicos federais;0.52
CLASSES - FIF;28.428.202/0001-58;;BRADESCO SPX NIMITZ FIF - CLASSE DE INVESTIMENTO EM COTAS MULTIMERCADO - RESP LIMITADA;2025-07-31;Cotas de fundos de investimento 409;99.58
CLASSES - FIF;28.428.202/0001-58;;BRADESCO SPX NIMITZ FIF - CLASSE DE INVESTIMENTO EM COTAS MULTIMERCADO - RESP LIMITADA;2025-07-31;Operações compromissadas lastreadas em títulos públicos federais;0.12
CLASSES - FIF;28.428.202/0001-58;;BRADESCO SPX NIMITZ FIF - CLASSE DE INVESTIMENTO EM COTAS MULTIMERCADO - RESP LIMITADA;2025-07-31;Títulos públicos federais;0.34
CLASSES - FIF;28.428.211/0001-49;;BRADESCO GÁVEA MACRO FIF - CIC MULTIMERCADO - RESPONSABILIDADE LIMITADA;2025-07-31;Cotas de fundos de investimento 409;99.65
CLASSES - FIF;28.428.211/0001-49;;BRADESCO GÁVEA MACRO FIF - CIC MULTIMERCADO - RESPONSABILIDADE LIMITADA;2025-07-31;Operações compromissadas lastreadas em títulos públicos federais;0.14
CLASSES - FIF;28.428.211/0001-49;;BRADESCO GÁVEA MACRO FIF - CIC MULTIMERCADO - RESPONSABILIDADE LIMITADA;2025-07-31;Títulos públicos federais;0.39
CLASSES - FIF;28.428.226/0001-07;;BRADESCO KAPITALO KAPPA FIF - CLASSE DE INVESTIMENTO EM COTAS MULTIMERCADO - RESP LIMITADA;2025-07-31;Operações compromissadas lastreadas em títulos públicos federais;0.11
CLASSES - FIF;28.428.226/0001-07;;BRADESCO KAPITALO KAPPA FIF - CLASSE DE INVESTIMENTO EM COTAS MULTIMERCADO - RESP LIMITADA;2025-07-31;Títulos públicos federais;0.31
CLASSES - FIF;28.470.587/0001-11;;VINCI MOSAICO INSTITUCIONAL FIF - CLASSE DE INVESTIMENTO EM AÇÕES - RESP LIMITADA;2025-07-31;Ações;88.23
CLASSES - FIF;28.470.587/0001-11;;VINCI MOSAICO INSTITUCIONAL FIF - CLASSE DE INVESTIMENTO EM AÇÕES - RESP LIMITADA;2025-07-31;Operações compromissadas lastreadas em títulos públicos federais;10.39
CLASSES - FIF;28.515.850/0001-41;;BRADESCO FIF - CIC RF CRED PRIVADO CAIXA CENTRAL - RESP LIMITADA;2025-07-31;Cotas de fundos de investimento 409;1.95
CLASSES - FIF;28.515.850/0001-41;;BRADESCO FIF - CIC RF CRED PRIVADO CAIXA CENTRAL - RESP LIMITADA;2025-07-31;Depósitos a prazo e outros títulos de instituições financeiras;26.43
CLASSES - FIF;28.515.850/0001-41;;BRADESCO FIF - CIC RF CRED PRIVADO CAIXA CENTRAL - RESP LIMITADA;2025-07-31;Operações compromissadas lastreadas em títulos públicos federais;44.48
CLASSES - FIF;28.515.850/0001-41;;BRADESCO FIF - CIC RF CRED PRIVADO CAIXA CENTRAL - RESP LIMITADA;2025-07-31;Títulos de crédito privado;11.98
CLASSES - FIF;28.515.850/0001-41;;BRADESCO FIF - CIC RF CRED PRIVADO CAIXA CENTRAL - RESP LIMITADA;2025-07-31;Títulos públicos federais;15.17
CLASSES - FIF;28.515.874/0001-09;;BRADESCO ALOCAÇÃO DINÂMICA FI FINANCEIRO - CIC RF - RESP LIMITADA;2025-07-31;Cotas de fundos de investimento 409;1.30
CLASSES - FIF;28.515.874/0001-09;;BRADESCO ALOCAÇÃO DINÂMICA FI FINANCEIRO - CIC RF - RESP LIMITADA;2025-07-31;Derivativos;3.17
CLASSES - FIF;28.515.874/0001-09;;BRADESCO ALOCAÇÃO DINÂMICA FI FINANCEIRO - CIC RF - RESP LIMITADA;2025-07-31;Operações compromissadas lastreadas em títulos públicos federais;22.44
CLASSES - FIF;28.515.874/0001-09;;BRADESCO ALOCAÇÃO DINÂMICA FI FINANCEIRO - CIC RF - RESP LIMITADA;2025-07-31;Títulos públicos federais;76.31
CLASSES - FIF;28.515.917/0001-48;;BRADESCO CORPORATIVO FI FINANCEIRO - CIC RF CRED PRIV - RESP LIMITADA;2025-07-31;Cotas de fundos de investimento 409;0.98
CLASSES - FIF;28.515.917/0001-48;;BRADESCO CORPORATIVO FI FINANCEIRO - CIC RF CRED PRIV - RESP LIMITADA;2025-07-31;Investimento no exterior;95.86
CLASSES - FIF;28.515.917/0001-48;;BRADESCO CORPORATIVO FI FINANCEIRO - CIC RF CRED PRIV - RESP LIMITADA;2025-07-31;Títulos públicos federais;3.12
CLASSES - FIF;28.515.969/0001-14;;BRADESCO SMALL CAPS ÁGORA FI FINANCEIRO - CIC EM AÇÕES - RESP LIMITADA;2025-07-31;Ações;92.94
CLASSES - FIF;28.515.969/0001-14;;BRADESCO SMALL CAPS ÁGORA FI FINANCEIRO - CIC EM AÇÕES - RESP LIMITADA;2025-07-31;Operações compromissadas lastreadas em títulos públicos federais;3.80
CLASSES - FIF;28.515.996/0001-97;;BRADESCO FI FINANCEIRO - CIC DE CI MULT - S&P 500 ÁGORA - RESP LIMITADA;2025-07-31;Derivativos;99.92
CLASSES - FIF;28.515.996/0001-97;;BRADESCO FI FINANCEIRO - CIC DE CI MULT - S&P 500 ÁGORA - RESP LIMITADA;2025-07-31;Operações compromissadas lastreadas em títulos públicos federais;12.34
CLASSES - FIF;28.515.996/0001-97;;BRADESCO FI FINANCEIRO - CIC DE CI MULT - S&P 500 ÁGORA - RESP LIMITADA;2025-07-31;Títulos públicos federais;88.16
CLASSES - FIF;28.516.010/0001-01;;BRAM S&P FI FINANCEIRO - CI MULT - RESP LIMITADA;2025-07-31;Derivativos;99.83
CLASSES - FIF;28.516.010/0001-01;;BRAM S&P FI FINANCEIRO - CI MULT - RESP LIMITADA;2025-07-31;Operações compromissadas lastreadas em títulos públicos federais;12.32
CLASSES - FIF;28.516.010/0001-01;;BRAM S&P FI FINANCEIRO - CI MULT - RESP LIMITADA;2025-07-31;Títulos públicos federais;88.08
CLASSES - FIF;28.516.048/0001-76;;BRADESCO IBOVESPA ÁGORA FI FINANCEIRO - CIC EM AÇÕES - RESP LIMITADA;2025-07-31;Ações;68.79
CLASSES - FIF;28.516.048/0001-76;;BRADESCO IBOVESPA ÁGORA FI FINANCEIRO - CIC EM AÇÕES - RESP LIMITADA;2025-07-31;Cotas de fundos de investimento 409;30.36
CLASSES - FIF;28.516.048/0001-76;;BRADESCO IBOVESPA ÁGORA FI FINANCEIRO - CIC EM AÇÕES - RESP LIMITADA;2025-07-31;Derivativos;0.74
CLASSES - FIF;28.516.048/0001-76;;BRADESCO IBOVESPA ÁGORA FI FINANCEIRO - CIC EM AÇÕES - RESP LIMITADA;2025-07-31;Operações compromissadas lastreadas em títulos públicos federais;0.21
CLASSES - FIF;28.516.058/0001-01;;BRADESCO FIF - CIC DE FUNDO DE INVESTIMENTO CAMBIAL ÁGORA - RESPONSABILIDADE LIMITADA;2025-07-31;Derivativos;99.85
CLASSES - FIF;28.516.058/0001-01;;BRADESCO FIF - CIC DE FUNDO DE INVESTIMENTO CAMBIAL ÁGORA - RESPONSABILIDADE LIMITADA;2025-07-31;Operações compromissadas lastreadas em títulos públicos federais;8.98
CLASSES - FIF;28.516.058/0001-01;;BRADESCO FIF - CIC DE FUNDO DE INVESTIMENTO CAMBIAL ÁGORA - RESPONSABILIDADE LIMITADA;2025-07-31;Títulos públicos federais;90.59
CLASSES - FIF;28.557.904/0001-31;;BRADESCO IMA-B ÁGORA FI FINANCEIRO - CIC RF - RESP LIMITADA;2025-07-31;Cotas de fundos de investimento 409;9.82
CLASSES - FIF;28.557.904/0001-31;;BRADESCO IMA-B ÁGORA FI FINANCEIRO - CIC RF - RESP LIMITADA;2025-07-31;Operações compromissadas lastreadas em títulos públicos federais;0.19
CLASSES - FIF;28.557.904/0001-31;;BRADESCO IMA-B ÁGORA FI FINANCEIRO - CIC RF - RESP LIMITADA;2025-07-31;Títulos públicos federais;89.98
CLASSES - FIF;28.558.221/0001-07;;GÁVEA ESTRATÉGIA MACRO FIF - CIC MULTIMERCADO - RESPONSABILIDADE LIMITADA;2025-07-31;Ações;6.12
CLASSES - FIF;28.558.221/0001-07;;GÁVEA ESTRATÉGIA MACRO FIF - CIC MULTIMERCADO - RESPONSABILIDADE LIMITADA;2025-07-31;Derivativos;10.34
CLASSES - FIF;28.558.221/0001-07;;GÁVEA ESTRATÉGIA MACRO FIF - CIC MULTIMERCADO - RESPONSABILIDADE LIMITADA;2025-07-31;Investimento no exterior;14.48
CLASSES - FIF;28.558.221/0001-07;;GÁVEA ESTRATÉGIA MACRO FIF - CIC MULTIMERCADO - RESPONSABILIDADE LIMITADA;2025-07-31;Operações compromissadas lastreadas em títulos públicos federais;24.75
CLASSES - FIF;28.558.221/0001-07;;GÁVEA ESTRATÉGIA MACRO FIF - CIC MULTIMERCADO - RESPONSABILIDADE LIMITADA;2025-07-31;Títulos públicos federais;55.53
CLASSES - FIF;28.558.276/0001-09;;AZ QUEST MULTIMANAGER BBDC FIF - CLASSE DE INVESTIMENTO MULTIMERCADO;2025-07-31;Ações;0.35
CLASSES - FIF;28.558.276/0001-09;;AZ QUEST MULTIMANAGER BBDC FIF - CLASSE DE INVESTIMENTO MULTIMERCADO;2025-07-31;Cotas de fundos de investimento 409;0.32
CLASSES - FIF;28.558.276/0001-09;;AZ QUEST MULTIMANAGER BBDC FIF - CLASSE DE INVESTIMENTO MULTIMERCADO;2025-07-31;Derivativos;60.64
CLASSES - FIF;28.558.276/0001-09;;AZ QUEST MULTIMANAGER BBDC FIF - CLASSE DE INVESTIMENTO MULTIMERCADO;2025-07-31;Operações compromissadas lastreadas em títulos públicos federais;5.19
CLASSES - FIF;28.558.276/0001-09;;AZ QUEST MULTIMANAGER BBDC FIF - CLASSE DE INVESTIMENTO MULTIMERCADO;2025-07-31;Títulos públicos federais;94.24
CLASSES - FIF;28.581.607/0001-21;;4UM FI FINANCEIRO - CI RF CRED PRIV LP - RESP LIMITADA;2025-07-31;Depósitos a prazo e outros títulos de instituições financeiras;37.26
CLASSES - FIF;28.581.607/0001-21;;4UM FI FINANCEIRO - CI RF CRED PRIV LP - RESP LIMITADA;2025-07-31;Derivativos;10.01
CLASSES - FIF;28.581.607/0001-21;;4UM FI FINANCEIRO - CI RF CRED PRIV LP - RESP LIMITADA;2025-07-31;Operações compromissadas lastreadas em títulos públicos federais;16.94
CLASSES - FIF;28.581.607/0001-21;;4UM FI FINANCEIRO - CI RF CRED PRIV LP - RESP LIMITADA;2025-07-31;Títulos de crédito privado;25.20
CLASSES - FIF;28.581.607/0001-21;;4UM FI FINANCEIRO - CI RF CRED PRIV LP - RESP LIMITADA;2025-07-31;Títulos públicos federais;12.71
CLASSES - FIF;28.647.981/0001-82;;IBIUNA HEDGE STS FIF - CIC MULTIMERCADO - RESPONSABILIDADE LIMITADA;2025-07-31;Cotas de fundos de investimento 409;6.70
CLASSES - FIF;28.647.981/0001-82;;IBIUNA HEDGE STS FIF - CIC MULTIMERCADO - RESPONSABILIDADE LIMITADA;2025-07-31;Derivativos;1067.55
CLASSES - FIF;28.647.981/0001-82;;IBIUNA HEDGE STS FIF - CIC MULTIMERCADO - RESPONSABILIDADE LIMITADA;2025-07-31;Investimento no exterior;16.36
CLASSES - FIF;28.647.981/0001-82;;IBIUNA HEDGE STS FIF - CIC MULTIMERCADO - RESPONSABILIDADE LIMITADA;2025-07-31;Operações compromissadas lastreadas em títulos públicos federais;119.44
CLASSES - FIF;28.647.981/0001-82;;IBIUNA HEDGE STS FIF - CIC MULTIMERCADO - RESPONSABILIDADE LIMITADA;2025-07-31;Títulos públicos federais;122.92
CLASSES - FIF;28.651.424/0001-35;;ARTEMIS FUNDO DE INVESTIMENTO FINANCEIRO;2025-07-31;Cotas de Fundos de Investimento 409;0.00
CLASSES - FIF;28.651.424/0001-35;;ARTEMIS FUNDO DE INVESTIMENTO FINANCEIRO;2025-07-31;DepÃ³sitos a Prazo e Outros TÃ­tulos de InstituiÃ§Ãµes Financeiras;0.00
CLASSES - FIF;28.651.424/0001-35;;ARTEMIS FUNDO DE INVESTIMENTO FINANCEIRO;2025-07-31;OperaÃ§Ãµes Compromissadas Lastreadas em TÃ­tulos PÃºblicos Federais;0.00
CLASSES - FIF;28.651.424/0001-35;;ARTEMIS FUNDO DE INVESTIMENTO FINANCEIRO;2025-07-31;TÃ­tulos de CrÃ©dito Privado;0.00
CLASSES - FIF;28.651.424/0001-35;;ARTEMIS FUNDO DE INVESTIMENTO FINANCEIRO;2025-07-31;TÃ­tulos PÃºblicos Federais;0.00
CLASSES - FIF;28.695.121/0001-14;;RJI WEGOS VALOR FUNDO DE INVESTIMENTO FINANCEIRO;2025-07-31;Ações;79.10
CLASSES - FIF;28.695.121/0001-14;;RJI WEGOS VALOR FUNDO DE INVESTIMENTO FINANCEIRO;2025-07-31;Cotas de Fundos de Investimento 409;7.61
CLASSES - FIF;28.695.121/0001-14;;RJI WEGOS VALOR FUNDO DE INVESTIMENTO FINANCEIRO;2025-07-31;Outras Aplicações;11.85
CLASSES - FIF;28.695.121/0001-14;;RJI WEGOS VALOR FUNDO DE INVESTIMENTO FINANCEIRO;2025-07-31;Outras Cotas de Fundos de Investimento;1.72
CLASSES - FIF;28.747.722/0001-23;;BAHIA AM MARAÚ RED FIF - CLASSE DE INVESTIMENTO EM COTAS MULTIMERCADO - RESP LIMITADA;2025-07-31;Derivativos;0.06
CLASSES - FIF;28.747.722/0001-23;;BAHIA AM MARAÚ RED FIF - CLASSE DE INVESTIMENTO EM COTAS MULTIMERCADO - RESP LIMITADA;2025-07-31;Investimento no exterior;12.83
CLASSES - FIF;28.747.722/0001-23;;BAHIA AM MARAÚ RED FIF - CLASSE DE INVESTIMENTO EM COTAS MULTIMERCADO - RESP LIMITADA;2025-07-31;Operações compromissadas lastreadas em títulos públicos federais;-51.41
CLASSES - FIF;28.747.722/0001-23;;BAHIA AM MARAÚ RED FIF - CLASSE DE INVESTIMENTO EM COTAS MULTIMERCADO - RESP LIMITADA;2025-07-31;Títulos públicos federais;137.22
CLASSES - FIF;28.747.733/0001-03;;BAHIA AM MARAÚ ADVISORY FIF - CIC MULTIMERCADO - RESPONSABILIDADE LIMITADA;2025-07-31;Derivativos;0.06
CLASSES - FIF;28.747.733/0001-03;;BAHIA AM MARAÚ ADVISORY FIF - CIC MULTIMERCADO - RESPONSABILIDADE LIMITADA;2025-07-31;Investimento no exterior;12.83
CLASSES - FIF;28.747.733/0001-03;;BAHIA AM MARAÚ ADVISORY FIF - CIC MULTIMERCADO - RESPONSABILIDADE LIMITADA;2025-07-31;Operações compromissadas lastreadas em títulos públicos federais;-51.40
CLASSES - FIF;28.747.733/0001-03;;BAHIA AM MARAÚ ADVISORY FIF - CIC MULTIMERCADO - RESPONSABILIDADE LIMITADA;2025-07-31;Títulos públicos federais;137.27
CLASSES - FIF;28.747.826/0001-38;;IBIUNA LONG SHORT B FIF - CLASSE DE INVESTIMENTO EM COTAS MULTIMERCADO - RESPONSABILIDADE LIMITADA;2025-07-31;Ações;60.93
CLASSES - FIF;28.747.826/0001-38;;IBIUNA LONG SHORT B FIF - CLASSE DE INVESTIMENTO EM COTAS MULTIMERCADO - RESPONSABILIDADE LIMITADA;2025-07-31;Cotas de fundos de investimento 409;0.38
CLASSES - FIF;28.747.826/0001-38;;IBIUNA LONG SHORT B FIF - CLASSE DE INVESTIMENTO EM COTAS MULTIMERCADO - RESPONSABILIDADE LIMITADA;2025-07-31;Investimento no exterior;16.93
CLASSES - FIF;28.747.826/0001-38;;IBIUNA LONG SHORT B FIF - CLASSE DE INVESTIMENTO EM COTAS MULTIMERCADO - RESPONSABILIDADE LIMITADA;2025-07-31;Operações compromissadas lastreadas em títulos públicos federais;9.26
CLASSES - FIF;28.747.826/0001-38;;IBIUNA LONG SHORT B FIF - CLASSE DE INVESTIMENTO EM COTAS MULTIMERCADO - RESPONSABILIDADE LIMITADA;2025-07-31;Títulos públicos federais;59.68
CLASSES - FIF;28.788.359/0001-94;;ORI CAPITAL II FIF - CIC EM AÇÕES - RESP LIMITADA;2025-07-31;Ações;86.41
CLASSES - FIF;28.788.359/0001-94;;ORI CAPITAL II FIF - CIC EM AÇÕES - RESP LIMITADA;2025-07-31;Investimento no exterior;3.48
CLASSES - FIF;28.788.359/0001-94;;ORI CAPITAL II FIF - CIC EM AÇÕES - RESP LIMITADA;2025-07-31;Operações compromissadas lastreadas em títulos públicos federais;9.69
CLASSES - FIF;28.788.359/0001-94;;ORI CAPITAL II FIF - CIC EM AÇÕES - RESP LIMITADA;2025-07-31;Títulos públicos federais;0.39
CLASSES - FIF;28.788.379/0001-65;;ORI CAPITAL II MÁSTER FI FINANCEIRO - CIA - RESP LIMITADA;2025-07-31;Ações;86.72
CLASSES - FIF;28.788.379/0001-65;;ORI CAPITAL II MÁSTER FI FINANCEIRO - CIA - RESP LIMITADA;2025-07-31;Investimento no exterior;3.49
CLASSES - FIF;28.788.379/0001-65;;ORI CAPITAL II MÁSTER FI FINANCEIRO - CIA - RESP LIMITADA;2025-07-31;Operações compromissadas lastreadas em títulos públicos federais;9.57
CLASSES - FIF;28.797.658/0001-95;;BRADESCO PIMCO INCOME - FIF - CIC MULTIMERCADO - RESPONSABILIDADE LIMITADA;2025-07-31;Cotas de fundos de investimento 409;99.84
CLASSES - FIF;28.797.658/0001-95;;BRADESCO PIMCO INCOME - FIF - CIC MULTIMERCADO - RESPONSABILIDADE LIMITADA;2025-07-31;Operações compromissadas lastreadas em títulos públicos federais;0.13
CLASSES - FIF;28.797.658/0001-95;;BRADESCO PIMCO INCOME - FIF - CIC MULTIMERCADO - RESPONSABILIDADE LIMITADA;2025-07-31;Títulos públicos federais;0.35
CLASSES - FIF;28.797.708/0001-34;;BRADESCO MULTIGESTORES ÁGORA FI FINANCEIRO - CIC EM AÇÕES - RESP LIMITADA;2025-07-31;Ações;22.34
CLASSES - FIF;28.797.708/0001-34;;BRADESCO MULTIGESTORES ÁGORA FI FINANCEIRO - CIC EM AÇÕES - RESP LIMITADA;2025-07-31;Cotas de fundos de investimento 409;53.19
CLASSES - FIF;28.797.708/0001-34;;BRADESCO MULTIGESTORES ÁGORA FI FINANCEIRO - CIC EM AÇÕES - RESP LIMITADA;2025-07-31;Derivativos;23.62
CLASSES - FIF;28.797.708/0001-34;;BRADESCO MULTIGESTORES ÁGORA FI FINANCEIRO - CIC EM AÇÕES - RESP LIMITADA;2025-07-31;Operações compromissadas lastreadas em títulos públicos federais;17.31
CLASSES - FIF;28.797.708/0001-34;;BRADESCO MULTIGESTORES ÁGORA FI FINANCEIRO - CIC EM AÇÕES - RESP LIMITADA;2025-07-31;Títulos públicos federais;9.73
CLASSES - FIF;28.797.725/0001-71;;ADAM ÁGORA FUNDO DE INVESTIMENTO FINANCEIRO - CIC MULTIMERCADO - RESP LIMITADA;2025-07-31;Cotas de fundos de investimento 409;99.94
CLASSES - FIF;28.797.748/0001-86;;GÁVEA MACRO ÁGORA FIF - CIC MULTIMERCADO - RESP LIMITADA;2025-07-31;Cotas de fundos de investimento 409;100.19
CLASSES - FIF;28.797.765/0001-13;;CONEXÃO NIMITZ FIF - CLASSE DE INVESTIMENTO EM COTAS MULTIMERCADO - RESP LIMITADA;2025-07-31;Cotas de fundos de investimento 409;100.00
CLASSES - FIF;28.819.711/0001-01;;ITABAIANA FUNDO DE INVESTIMENTO RENDA FIXA CRÉDITO PRIVADO;2025-07-31;Acões;0.00
CLASSES - FIF;28.819.711/0001-01;;ITABAIANA FUNDO DE INVESTIMENTO RENDA FIXA CRÉDITO PRIVADO;2025-07-31;Cotas de Fundos de Investimento 555;74.23
CLASSES - FIF;28.819.711/0001-01;;ITABAIANA FUNDO DE INVESTIMENTO RENDA FIXA CRÉDITO PRIVADO;2025-07-31;Operacões compromissadas lastreadas em títulos privados;0.00
CLASSES - FIF;28.819.711/0001-01;;ITABAIANA FUNDO DE INVESTIMENTO RENDA FIXA CRÉDITO PRIVADO;2025-07-31;Operacões compromissadas lastreadas em títulos públicos federais;0.00
CLASSES - FIF;28.819.711/0001-01;;ITABAIANA FUNDO DE INVESTIMENTO RENDA FIXA CRÉDITO PRIVADO;2025-07-31;Títulos de crédito privado;18.74
CLASSES - FIF;28.849.736/0001-58;;BRADESCO REFERENCIADA DI SUPREMO FIF - CIC RENDA FIXA -  RESPONSABILIDADE LIMITADA;2025-07-31;Cotas de fundos de investimento 409;1.66
CLASSES - FIF;28.849.736/0001-58;;BRADESCO REFERENCIADA DI SUPREMO FIF - CIC RENDA FIXA -  RESPONSABILIDADE LIMITADA;2025-07-31;Depósitos a prazo e outros títulos de instituições financeiras;25.39
CLASSES - FIF;28.849.736/0001-58;;BRADESCO REFERENCIADA DI SUPREMO FIF - CIC RENDA FIXA -  RESPONSABILIDADE LIMITADA;2025-07-31;Operações compromissadas lastreadas em títulos públicos federais;41.53
CLASSES - FIF;28.849.736/0001-58;;BRADESCO REFERENCIADA DI SUPREMO FIF - CIC RENDA FIXA -  RESPONSABILIDADE LIMITADA;2025-07-31;Títulos de crédito privado;13.85
CLASSES - FIF;28.849.736/0001-58;;BRADESCO REFERENCIADA DI SUPREMO FIF - CIC RENDA FIXA -  RESPONSABILIDADE LIMITADA;2025-07-31;Títulos públicos federais;17.48
CLASSES - FIF;28.849.744/0001-02;;BRADESCO FIC DE FI FINANCEIRO RENDA  FIXA REFERENCIADA DI VIP - RESPONSABILIDADE LIMITADA;2025-07-31;Cotas de fundos de investimento 409;1.66
CLASSES - FIF;28.849.744/0001-02;;BRADESCO FIC DE FI FINANCEIRO RENDA  FIXA REFERENCIADA DI VIP - RESPONSABILIDADE LIMITADA;2025-07-31;Depósitos a prazo e outros títulos de instituições financeiras;25.39
CLASSES - FIF;28.849.744/0001-02;;BRADESCO FIC DE FI FINANCEIRO RENDA  FIXA REFERENCIADA DI VIP - RESPONSABILIDADE LIMITADA;2025-07-31;Operações compromissadas lastreadas em títulos públicos federais;41.52
CLASSES - FIF;28.849.744/0001-02;;BRADESCO FIC DE FI FINANCEIRO RENDA  FIXA REFERENCIADA DI VIP - RESPONSABILIDADE LIMITADA;2025-07-31;Títulos de crédito privado;13.85
CLASSES - FIF;28.849.744/0001-02;;BRADESCO FIC DE FI FINANCEIRO RENDA  FIXA REFERENCIADA DI VIP - RESPONSABILIDADE LIMITADA;2025-07-31;Títulos públicos federais;17.48
CLASSES - FIF;28.849.751/0001-04;;BRADESCO FIF - CIC MULT  ABSOLUTO TOP 42 - RESP LIMITADA;2025-07-31;Cotas de fundos de investimento 409;99.29
CLASSES - FIF;28.856.743/0001-87;;CONSTÂNCIA ABSOLUTO FIF - CLASSE DE INVESTIMENTO MULMERCADO - RESPONSABILIDADE LIMITADA;2025-07-31;Ações;77.47
CLASSES - FIF;28.856.743/0001-87;;CONSTÂNCIA ABSOLUTO FIF - CLASSE DE INVESTIMENTO MULMERCADO - RESPONSABILIDADE LIMITADA;2025-07-31;Investimento no exterior;22.08
CLASSES - FIF;28.856.743/0001-87;;CONSTÂNCIA ABSOLUTO FIF - CLASSE DE INVESTIMENTO MULMERCADO - RESPONSABILIDADE LIMITADA;2025-07-31;Operações compromissadas lastreadas em títulos públicos federais;31.94
CLASSES - FIF;28.856.743/0001-87;;CONSTÂNCIA ABSOLUTO FIF - CLASSE DE INVESTIMENTO MULMERCADO - RESPONSABILIDADE LIMITADA;2025-07-31;Títulos de crédito privado;0.28
CLASSES - FIF;28.856.743/0001-87;;CONSTÂNCIA ABSOLUTO FIF - CLASSE DE INVESTIMENTO MULMERCADO - RESPONSABILIDADE LIMITADA;2025-07-31;Títulos públicos federais;31.49
CLASSES - FIF;28.858.089/0001-40;;4UM INFLAÇÃO IMA-B 5 FI FINANCEIRO - CI RF LP - RESP LIMITADA;2025-07-31;Derivativos;0.23
CLASSES - FIF;28.858.089/0001-40;;4UM INFLAÇÃO IMA-B 5 FI FINANCEIRO - CI RF LP - RESP LIMITADA;2025-07-31;Operações compromissadas lastreadas em títulos públicos federais;41.71
CLASSES - FIF;28.858.089/0001-40;;4UM INFLAÇÃO IMA-B 5 FI FINANCEIRO - CI RF LP - RESP LIMITADA;2025-07-31;Títulos públicos federais;58.32
CLASSES - FIF;28.881.120/0001-64;;IBIUNA LONG SHORT A FIF - CLASSE DE INVESTIMENTO EM COTAS MULTIMERCADO - RESPONSABILIDADE LIMITADA;2025-07-31;Ações;60.94
CLASSES - FIF;28.881.120/0001-64;;IBIUNA LONG SHORT A FIF - CLASSE DE INVESTIMENTO EM COTAS MULTIMERCADO - RESPONSABILIDADE LIMITADA;2025-07-31;Cotas de fundos de investimento 409;0.38
CLASSES - FIF;28.881.120/0001-64;;IBIUNA LONG SHORT A FIF - CLASSE DE INVESTIMENTO EM COTAS MULTIMERCADO - RESPONSABILIDADE LIMITADA;2025-07-31;Investimento no exterior;16.93
CLASSES - FIF;28.881.120/0001-64;;IBIUNA LONG SHORT A FIF - CLASSE DE INVESTIMENTO EM COTAS MULTIMERCADO - RESPONSABILIDADE LIMITADA;2025-07-31;Operações compromissadas lastreadas em títulos públicos federais;9.26
CLASSES - FIF;28.881.120/0001-64;;IBIUNA LONG SHORT A FIF - CLASSE DE INVESTIMENTO EM COTAS MULTIMERCADO - RESPONSABILIDADE LIMITADA;2025-07-31;Títulos públicos federais;59.68
CLASSES - FIF;28.951.182/0001-03;;CANVAS VECTOR S FUNDO DE INVESTIMENTO EM COTAS DE FIF MULTIMERCADO - RESPONSABILIDADE LIMITADA;2025-07-31;Cotas de Fundos de Investimento 555;100.00
CLASSES - FIF;28.951.182/0001-03;;CANVAS VECTOR S FUNDO DE INVESTIMENTO EM COTAS DE FIF MULTIMERCADO - RESPONSABILIDADE LIMITADA;2025-07-31;Outros;0.04
CLASSES - FIF;28.951.248/0001-57;;CANVAS ENDURO S FUNDO DE INVESTIMENTO EM COTAS DE FIF MULTIMERCADO - RESPONSABILIDADE LIMITADA;2025-07-31;Cotas de Fundos de Investimento 555;100.00
CLASSES - FIF;28.951.248/0001-57;;CANVAS ENDURO S FUNDO DE INVESTIMENTO EM COTAS DE FIF MULTIMERCADO - RESPONSABILIDADE LIMITADA;2025-07-31;Outros;0.02
CLASSES - FIF;29.011.235/0001-60;;ADAM MACRO STRATEGY BP II FIF - CIC MULTIMERCADO - RESPONSABILIDADE LIMITADA;2025-07-31;Cotas de fundos de investimento 409;99.89
CLASSES - FIF;29.011.240/0001-73;;BRAM  PORTFÓLIO DE RISCO FIF - CIC MULTIMERCADO - RESPONSABILIDADE LIMITADA.;2025-07-31;Cotas de fundos de investimento 409;10.91
CLASSES - FIF;29.011.240/0001-73;;BRAM  PORTFÓLIO DE RISCO FIF - CIC MULTIMERCADO - RESPONSABILIDADE LIMITADA.;2025-07-31;Derivativos;1.14
CLASSES - FIF;29.011.240/0001-73;;BRAM  PORTFÓLIO DE RISCO FIF - CIC MULTIMERCADO - RESPONSABILIDADE LIMITADA.;2025-07-31;Investimento no exterior;7.72
CLASSES - FIF;29.011.240/0001-73;;BRAM  PORTFÓLIO DE RISCO FIF - CIC MULTIMERCADO - RESPONSABILIDADE LIMITADA.;2025-07-31;Operações compromissadas lastreadas em títulos públicos federais;11.81
CLASSES - FIF;29.011.240/0001-73;;BRAM  PORTFÓLIO DE RISCO FIF - CIC MULTIMERCADO - RESPONSABILIDADE LIMITADA.;2025-07-31;Títulos públicos federais;68.82
CLASSES - FIF;29.011.243/0001-07;;BRAM IDKA PRÉ 1 FI FINANCEIRO - CI RF - RESP LIMITADA;2025-07-31;Derivativos;99.46
CLASSES - FIF;29.011.243/0001-07;;BRAM IDKA PRÉ 1 FI FINANCEIRO - CI RF - RESP LIMITADA;2025-07-31;Operações compromissadas lastreadas em títulos públicos federais;20.27
CLASSES - FIF;29.011.243/0001-07;;BRAM IDKA PRÉ 1 FI FINANCEIRO - CI RF - RESP LIMITADA;2025-07-31;Títulos públicos federais;79.71
CLASSES - FIF;29.011.250/0001-09;;BRAM IDKA PRÉ 3 FI FINANCEIRO - CI RF - RESP LIMITADA;2025-07-31;Derivativos;71.73
CLASSES - FIF;29.011.250/0001-09;;BRAM IDKA PRÉ 3 FI FINANCEIRO - CI RF - RESP LIMITADA;2025-07-31;Operações compromissadas lastreadas em títulos públicos federais;7.85
CLASSES - FIF;29.011.250/0001-09;;BRAM IDKA PRÉ 3 FI FINANCEIRO - CI RF - RESP LIMITADA;2025-07-31;Títulos públicos federais;92.44
CLASSES - FIF;29.011.254/0001-97;;BRAM IDKA PRÉ 5 FI FINANCEIRO - CI RF - RESP LIMITADA;2025-07-31;Derivativos;62.49
CLASSES - FIF;29.011.254/0001-97;;BRAM IDKA PRÉ 5 FI FINANCEIRO - CI RF - RESP LIMITADA;2025-07-31;Operações compromissadas lastreadas em títulos públicos federais;10.84
CLASSES - FIF;29.011.254/0001-97;;BRAM IDKA PRÉ 5 FI FINANCEIRO - CI RF - RESP LIMITADA;2025-07-31;Títulos públicos federais;89.52
CLASSES - FIF;29.011.266/0001-11;;BRAM IDKA IPCA 2 FI FINANCEIRO - CI RF - RESP LIMITADA;2025-07-31;Derivativos;1.55
CLASSES - FIF;29.011.266/0001-11;;BRAM IDKA IPCA 2 FI FINANCEIRO - CI RF - RESP LIMITADA;2025-07-31;Operações compromissadas lastreadas em títulos públicos federais;0.07
CLASSES - FIF;29.011.266/0001-11;;BRAM IDKA IPCA 2 FI FINANCEIRO - CI RF - RESP LIMITADA;2025-07-31;Títulos públicos federais;98.33
CLASSES - FIF;29.045.353/0001-90;;MOS INSTITUCIONAL FIF - CLASSE DE INVESTIMENTO AÇÕES - RESP LIMITADA;2025-07-31;Ações;94.66
CLASSES - FIF;29.045.353/0001-90;;MOS INSTITUCIONAL FIF - CLASSE DE INVESTIMENTO AÇÕES - RESP LIMITADA;2025-07-31;Cotas de fundos de investimento 409;1.44
CLASSES - FIF;29.045.353/0001-90;;MOS INSTITUCIONAL FIF - CLASSE DE INVESTIMENTO AÇÕES - RESP LIMITADA;2025-07-31;Depósitos a prazo e outros títulos de instituições financeiras;0.05
CLASSES - FIF;29.045.353/0001-90;;MOS INSTITUCIONAL FIF - CLASSE DE INVESTIMENTO AÇÕES - RESP LIMITADA;2025-07-31;Operações compromissadas lastreadas em títulos públicos federais;2.22
CLASSES - FIF;29.045.353/0001-90;;MOS INSTITUCIONAL FIF - CLASSE DE INVESTIMENTO AÇÕES - RESP LIMITADA;2025-07-31;Títulos públicos federais;1.16
CLASSES - FIF;29.045.451/0001-27;;BRAM IDKA IPCA 5 FI FINANCEIRO - CI RF - RESP LIMITADA;2025-07-31;Derivativos;1.33
CLASSES - FIF;29.045.451/0001-27;;BRAM IDKA IPCA 5 FI FINANCEIRO - CI RF - RESP LIMITADA;2025-07-31;Operações compromissadas lastreadas em títulos públicos federais;0.09
CLASSES - FIF;29.045.451/0001-27;;BRAM IDKA IPCA 5 FI FINANCEIRO - CI RF - RESP LIMITADA;2025-07-31;Títulos públicos federais;98.50
CLASSES - FIF;29.045.468/0001-84;;BRAM IDKA IPCA 10 FI FINANCEIRO - CI RF - RESP LIMITADA;2025-07-31;Derivativos;0.84
CLASSES - FIF;29.045.468/0001-84;;BRAM IDKA IPCA 10 FI FINANCEIRO - CI RF - RESP LIMITADA;2025-07-31;Operações compromissadas lastreadas em títulos públicos federais;0.14
CLASSES - FIF;29.045.468/0001-84;;BRAM IDKA IPCA 10 FI FINANCEIRO - CI RF - RESP LIMITADA;2025-07-31;Títulos públicos federais;98.95
CLASSES - FIF;29.045.642/0001-99;;BRAM GLOBAL FI FINANCEIRO - CI MULT - RESPONSABILIDADE LIMITADA;2025-07-31;Investimento no exterior;86.08
CLASSES - FIF;29.045.642/0001-99;;BRAM GLOBAL FI FINANCEIRO - CI MULT - RESPONSABILIDADE LIMITADA;2025-07-31;Operações compromissadas lastreadas em títulos públicos federais;7.41
CLASSES - FIF;29.045.642/0001-99;;BRAM GLOBAL FI FINANCEIRO - CI MULT - RESPONSABILIDADE LIMITADA;2025-07-31;Títulos públicos federais;6.22
CLASSES - FIF;29.085.439/0001-46;;APEX CASH I FUNDO DE INVESTIMENTO FINANCEIRO RENDA FIXA REFERENCIADO DI LONGO PRAZO;2025-07-31;Cotas de fundos de investimento 555;8.06
CLASSES - FIF;29.085.439/0001-46;;APEX CASH I FUNDO DE INVESTIMENTO FINANCEIRO RENDA FIXA REFERENCIADO DI LONGO PRAZO;2025-07-31;Operações compromissadas lastreadas em títulos públicos federais;32.19
CLASSES - FIF;29.085.439/0001-46;;APEX CASH I FUNDO DE INVESTIMENTO FINANCEIRO RENDA FIXA REFERENCIADO DI LONGO PRAZO;2025-07-31;Títulos públicos federais;59.77
CLASSES - FIF;29.236.572/0001-56;;LEGACY CAPITAL CSHG FUNDO DE INVESTIMENTO EM COTAS DE FIF MULTIMERCADO - RESP LIMITADA;2025-07-31;Cotas de Fundos de Investimento 555;100.09
CLASSES - FIF;29.236.572/0001-56;;LEGACY CAPITAL CSHG FUNDO DE INVESTIMENTO EM COTAS DE FIF MULTIMERCADO - RESP LIMITADA;2025-07-31;Outros;0.01
CLASSES - FIF;29.250.121/0001-73;;DAYCOVAL CLASSIC 30 FUNDO DE INVESTIMENTO FINANCEIRO;2025-07-31;Cotas de Fundos de Investimento 409;17.45
CLASSES - FIF;29.250.121/0001-73;;DAYCOVAL CLASSIC 30 FUNDO DE INVESTIMENTO FINANCEIRO;2025-07-31;Depósitos a Prazo e Outros Títulos de Instituições Financeiras;17.31
CLASSES - FIF;29.250.121/0001-73;;DAYCOVAL CLASSIC 30 FUNDO DE INVESTIMENTO FINANCEIRO;2025-07-31;Operações Compromissadas Lastreadas em Títulos Públicos Federais;9.09
CLASSES - FIF;29.250.121/0001-73;;DAYCOVAL CLASSIC 30 FUNDO DE INVESTIMENTO FINANCEIRO;2025-07-31;Outras Cotas de Fundos de Investimento;14.21
CLASSES - FIF;29.250.121/0001-73;;DAYCOVAL CLASSIC 30 FUNDO DE INVESTIMENTO FINANCEIRO;2025-07-31;Títulos de Crédito Privado;42.17
CLASSES - FIF;29.319.740/0001-77;;I-TRACK FUNDO DE INVESTIMENTO MULTIMERCADO;2025-07-31;Cotas de fundos de investimento 555;10.60
CLASSES - FIF;29.319.740/0001-77;;I-TRACK FUNDO DE INVESTIMENTO MULTIMERCADO;2025-07-31;Outras aplicações;-0.02
CLASSES - FIF;29.319.740/0001-77;;I-TRACK FUNDO DE INVESTIMENTO MULTIMERCADO;2025-07-31;Títulos públicos federais;80.56
CLASSES - FIF;29.577.652/0001-75;;CLASSE DE INVESTIMENTO EM AÇÕES RESP LIMITADA DO AMW BRASIL FUNDO DE INVESTIMENTO FINANCEIRO;2025-07-31;Ações;43.00
CLASSES - FIF;29.577.652/0001-75;;CLASSE DE INVESTIMENTO EM AÇÕES RESP LIMITADA DO AMW BRASIL FUNDO DE INVESTIMENTO FINANCEIRO;2025-07-31;Cotas de fundos de Investimento;8.54
CLASSES - FIF;29.577.652/0001-75;;CLASSE DE INVESTIMENTO EM AÇÕES RESP LIMITADA DO AMW BRASIL FUNDO DE INVESTIMENTO FINANCEIRO;2025-07-31;Derivativos;29.55
CLASSES - FIF;29.577.652/0001-75;;CLASSE DE INVESTIMENTO EM AÇÕES RESP LIMITADA DO AMW BRASIL FUNDO DE INVESTIMENTO FINANCEIRO;2025-07-31;Outras Aplicações;5.80
CLASSES - FIF;29.577.652/0001-75;;CLASSE DE INVESTIMENTO EM AÇÕES RESP LIMITADA DO AMW BRASIL FUNDO DE INVESTIMENTO FINANCEIRO;2025-07-31;Titulos publicos federais;14.83
CLASSES - FIF;29.577.706/0001-00;;AMW USA FUNDO DE INVESTIMENTO FINANCEIRO DE AÇÕES;2025-07-31;Ações;32.07
CLASSES - FIF;29.577.706/0001-00;;AMW USA FUNDO DE INVESTIMENTO FINANCEIRO DE AÇÕES;2025-07-31;Cotas de fundos de Investimento;0.00
CLASSES - FIF;29.577.706/0001-00;;AMW USA FUNDO DE INVESTIMENTO FINANCEIRO DE AÇÕES;2025-07-31;Outras Aplicações;7.27
CLASSES - FIF;29.577.706/0001-00;;AMW USA FUNDO DE INVESTIMENTO FINANCEIRO DE AÇÕES;2025-07-31;Titulos publicos federais;21.27
CLASSES - FIF;29.599.391/0001-94;;HARBOUR IAT FUNDO DE INVESTIMENTO FINANCEIRO EM AÇÕES - RESPONSABILIDADE LIMITADA;2025-07-31;Ações;76.31
CLASSES - FIF;29.599.391/0001-94;;HARBOUR IAT FUNDO DE INVESTIMENTO FINANCEIRO EM AÇÕES - RESPONSABILIDADE LIMITADA;2025-07-31;Cotas de Fundos de Investimento 409;0.70
CLASSES - FIF;29.599.391/0001-94;;HARBOUR IAT FUNDO DE INVESTIMENTO FINANCEIRO EM AÇÕES - RESPONSABILIDADE LIMITADA;2025-07-31;Outras Aplicações;23.78
CLASSES - FIF;29.722.466/0001-82;;SOMMA FUNDAMENTAL FI FINANCEIRO - CIA - RESP LIMITADA;2025-07-31;Ações;93.70
CLASSES - FIF;29.722.466/0001-82;;SOMMA FUNDAMENTAL FI FINANCEIRO - CIA - RESP LIMITADA;2025-07-31;Operações compromissadas lastreadas em títulos públicos federais;5.70
CLASSES - FIF;29.732.926/0001-53;;IBIUNA LONG SHORT ADVISORY FIF - CLASSE DE INVESTIMENTO EM COTAS MULTIMERCADO -RESP LIMITADA;2025-07-31;Ações;61.02
CLASSES - FIF;29.732.926/0001-53;;IBIUNA LONG SHORT ADVISORY FIF - CLASSE DE INVESTIMENTO EM COTAS MULTIMERCADO -RESP LIMITADA;2025-07-31;Cotas de fundos de investimento 409;0.38
CLASSES - FIF;29.732.926/0001-53;;IBIUNA LONG SHORT ADVISORY FIF - CLASSE DE INVESTIMENTO EM COTAS MULTIMERCADO -RESP LIMITADA;2025-07-31;Investimento no exterior;16.95
CLASSES - FIF;29.732.926/0001-53;;IBIUNA LONG SHORT ADVISORY FIF - CLASSE DE INVESTIMENTO EM COTAS MULTIMERCADO -RESP LIMITADA;2025-07-31;Operações compromissadas lastreadas em títulos públicos federais;9.28
CLASSES - FIF;29.732.926/0001-53;;IBIUNA LONG SHORT ADVISORY FIF - CLASSE DE INVESTIMENTO EM COTAS MULTIMERCADO -RESP LIMITADA;2025-07-31;Títulos públicos federais;59.77
CLASSES - FIF;29.733.842/0001-34;;BAHIA AM MARAÚ FEEDER BOCOM BBM FIF - CLASSE DE INVESTIMENTO EM COTAS MULTIMERCADO - RESP LIMITADA;2025-07-31;Derivativos;0.06
CLASSES - FIF;29.733.842/0001-34;;BAHIA AM MARAÚ FEEDER BOCOM BBM FIF - CLASSE DE INVESTIMENTO EM COTAS MULTIMERCADO - RESP LIMITADA;2025-07-31;Investimento no exterior;12.83
CLASSES - FIF;29.733.842/0001-34;;BAHIA AM MARAÚ FEEDER BOCOM BBM FIF - CLASSE DE INVESTIMENTO EM COTAS MULTIMERCADO - RESP LIMITADA;2025-07-31;Operações compromissadas lastreadas em títulos públicos federais;-51.39
CLASSES - FIF;29.733.842/0001-34;;BAHIA AM MARAÚ FEEDER BOCOM BBM FIF - CLASSE DE INVESTIMENTO EM COTAS MULTIMERCADO - RESP LIMITADA;2025-07-31;Títulos públicos federais;137.27
CLASSES - FIF;29.733.915/0001-98;;BAHIA AM MARAÚ BB FIF - CIC MULTIMERCADO - - RESPONSABILIDADE LIMITADA;2025-07-31;Derivativos;0.06
CLASSES - FIF;29.733.915/0001-98;;BAHIA AM MARAÚ BB FIF - CIC MULTIMERCADO - - RESPONSABILIDADE LIMITADA;2025-07-31;Investimento no exterior;12.82
CLASSES - FIF;29.733.915/0001-98;;BAHIA AM MARAÚ BB FIF - CIC MULTIMERCADO - - RESPONSABILIDADE LIMITADA;2025-07-31;Operações compromissadas lastreadas em títulos públicos federais;-51.36
CLASSES - FIF;29.733.915/0001-98;;BAHIA AM MARAÚ BB FIF - CIC MULTIMERCADO - - RESPONSABILIDADE LIMITADA;2025-07-31;Títulos públicos federais;137.18
CLASSES - FIF;30.271.177/0001-93;;AMW FUNDO DE INVESTIMENTO FINANCEIRO;2025-07-31;Cotas de Fundos de Investimento 409;47.44
CLASSES - FIF;30.271.177/0001-93;;AMW FUNDO DE INVESTIMENTO FINANCEIRO;2025-07-31;Depósitos a Prazo e Outros Títulos de Instituições Financeiras;24.65
CLASSES - FIF;30.271.177/0001-93;;AMW FUNDO DE INVESTIMENTO FINANCEIRO;2025-07-31;Operações Compromissadas Lastreadas em Títulos Públicos Federais;4.15
CLASSES - FIF;30.271.177/0001-93;;AMW FUNDO DE INVESTIMENTO FINANCEIRO;2025-07-31;Outras Cotas de Fundos de Investimento;11.57
CLASSES - FIF;30.271.177/0001-93;;AMW FUNDO DE INVESTIMENTO FINANCEIRO;2025-07-31;Títulos de Crédito Privado;8.96
CLASSES - FIF;30.378.445/0001-70;;BANESTES ESTRATÉGIA FIC DE FIF RENDA FIXA RESPONSABILIDADE LIMITADA;2025-07-31;Cotas de fundos de investimento 555;1.91
CLASSES - FIF;30.378.445/0001-70;;BANESTES ESTRATÉGIA FIC DE FIF RENDA FIXA RESPONSABILIDADE LIMITADA;2025-07-31;Depósitos a prazo e outros títulos de instituições financeiras;10.50
CLASSES - FIF;30.378.445/0001-70;;BANESTES ESTRATÉGIA FIC DE FIF RENDA FIXA RESPONSABILIDADE LIMITADA;2025-07-31;Operações compromissadas lastreadas em títulos públicos federais;33.74
CLASSES - FIF;30.378.445/0001-70;;BANESTES ESTRATÉGIA FIC DE FIF RENDA FIXA RESPONSABILIDADE LIMITADA;2025-07-31;Títulos de crédito privado;10.05
CLASSES - FIF;30.378.445/0001-70;;BANESTES ESTRATÉGIA FIC DE FIF RENDA FIXA RESPONSABILIDADE LIMITADA;2025-07-31;Títulos públicos federais;43.81
CLASSES - FIF;30.378.490/0001-25;;SULAMÉRICA CAPITAL FIF RENDA FIXA LONGO PRAZO - RESPONSABILIDADE LIMITADA;2025-07-31;Depósitos a prazo e outros títulos de instituições financeiras;32.52
CLASSES - FIF;30.378.490/0001-25;;SULAMÉRICA CAPITAL FIF RENDA FIXA LONGO PRAZO - RESPONSABILIDADE LIMITADA;2025-07-31;Derivativos;2.61
CLASSES - FIF;30.378.490/0001-25;;SULAMÉRICA CAPITAL FIF RENDA FIXA LONGO PRAZO - RESPONSABILIDADE LIMITADA;2025-07-31;Operações compromissadas lastreadas em títulos públicos federais;30.22
CLASSES - FIF;30.378.490/0001-25;;SULAMÉRICA CAPITAL FIF RENDA FIXA LONGO PRAZO - RESPONSABILIDADE LIMITADA;2025-07-31;Outras aplicações;0.03
CLASSES - FIF;30.378.490/0001-25;;SULAMÉRICA CAPITAL FIF RENDA FIXA LONGO PRAZO - RESPONSABILIDADE LIMITADA;2025-07-31;Títulos públicos federais;37.46
CLASSES - FIF;30.378.522/0001-92;;BRADESCO BAHIA AM MARAÚ FIF - CIC MULTIMERCADO - RESPONSABILIDADE LIMITADA;2025-07-31;Cotas de fundos de investimento 409;99.61
CLASSES - FIF;30.378.522/0001-92;;BRADESCO BAHIA AM MARAÚ FIF - CIC MULTIMERCADO - RESPONSABILIDADE LIMITADA;2025-07-31;Operações compromissadas lastreadas em títulos públicos federais;0.17
CLASSES - FIF;30.378.522/0001-92;;BRADESCO BAHIA AM MARAÚ FIF - CIC MULTIMERCADO - RESPONSABILIDADE LIMITADA;2025-07-31;Títulos públicos federais;0.34
CLASSES - FIF;30.378.569/0001-56;;VERDE ESTRATÉGIA AM B60 FIF - CLASSE DE INVESTIMENTO EM COTAS MULTIMERCADO - RESP LIMITADA;2025-07-31;Cotas de fundos de investimento 409;99.99
CLASSES - FIF;30.378.610/0001-94;;BRAM QAA HEDGE FI FINANCEIRO - CI MULT - RESP LIMITADA;2025-07-31;Ações;1.33
CLASSES - FIF;30.378.610/0001-94;;BRAM QAA HEDGE FI FINANCEIRO - CI MULT - RESP LIMITADA;2025-07-31;Derivativos;-88.05
CLASSES - FIF;30.378.610/0001-94;;BRAM QAA HEDGE FI FINANCEIRO - CI MULT - RESP LIMITADA;2025-07-31;Investimento no exterior;18.84
CLASSES - FIF;30.378.610/0001-94;;BRAM QAA HEDGE FI FINANCEIRO - CI MULT - RESP LIMITADA;2025-07-31;Operações compromissadas lastreadas em títulos públicos federais;23.34
CLASSES - FIF;30.378.610/0001-94;;BRAM QAA HEDGE FI FINANCEIRO - CI MULT - RESP LIMITADA;2025-07-31;Títulos públicos federais;58.99
CLASSES - FIF;30.378.631/0001-00;;BRAM PORTFÓLIO DE RISCO FI FINANCEIRO - CI MULT - RESP LIMITADA;2025-07-31;Derivativos;-15.38
CLASSES - FIF;30.378.631/0001-00;;BRAM PORTFÓLIO DE RISCO FI FINANCEIRO - CI MULT - RESP LIMITADA;2025-07-31;Investimento no exterior;4.17
CLASSES - FIF;30.378.631/0001-00;;BRAM PORTFÓLIO DE RISCO FI FINANCEIRO - CI MULT - RESP LIMITADA;2025-07-31;Operações compromissadas lastreadas em títulos públicos federais;19.96
CLASSES - FIF;30.378.631/0001-00;;BRAM PORTFÓLIO DE RISCO FI FINANCEIRO - CI MULT - RESP LIMITADA;2025-07-31;Títulos públicos federais;75.73
CLASSES - FIF;30.378.646/0001-78;;BRADESCO VERDE AM 60 FIF - CLASSE DE INVESTIMENTO EM COTAS MULTIMERCADO - RESP LIMITADA;2025-07-31;Cotas de fundos de investimento 409;99.40
CLASSES - FIF;30.378.646/0001-78;;BRADESCO VERDE AM 60 FIF - CLASSE DE INVESTIMENTO EM COTAS MULTIMERCADO - RESP LIMITADA;2025-07-31;Operações compromissadas lastreadas em títulos públicos federais;0.16
CLASSES - FIF;30.378.646/0001-78;;BRADESCO VERDE AM 60 FIF - CLASSE DE INVESTIMENTO EM COTAS MULTIMERCADO - RESP LIMITADA;2025-07-31;Títulos públicos federais;0.42
CLASSES - FIF;30.378.660/0001-71;;CONEXÃO VERDE AM 60 FIF - CLASSE DE INVESTIMENTO EM COTAS MULTIMERCADO - RESP LIMITADA;2025-07-31;Cotas de fundos de investimento 409;99.98
CLASSES - FIF;30.447.352/0001-50;;BRAM INSTITUCIONAL FI FINANCEIRO - CIA - RESP LIMITADA;2025-07-31;Ações;70.38
CLASSES - FIF;30.447.352/0001-50;;BRAM INSTITUCIONAL FI FINANCEIRO - CIA - RESP LIMITADA;2025-07-31;Cotas de fundos de investimento 409;12.07
CLASSES - FIF;30.447.352/0001-50;;BRAM INSTITUCIONAL FI FINANCEIRO - CIA - RESP LIMITADA;2025-07-31;Derivativos;3.97
CLASSES - FIF;30.447.352/0001-50;;BRAM INSTITUCIONAL FI FINANCEIRO - CIA - RESP LIMITADA;2025-07-31;Operações compromissadas lastreadas em títulos públicos federais;13.06
CLASSES - FIF;30.493.304/0001-07;;BAHIA AM MARAÚ S FIF - CLASSE DE INVESTIMENTO EM COTAS MULTIMERCADO - RESP LIMITADA;2025-07-31;Derivativos;0.06
CLASSES - FIF;30.493.304/0001-07;;BAHIA AM MARAÚ S FIF - CLASSE DE INVESTIMENTO EM COTAS MULTIMERCADO - RESP LIMITADA;2025-07-31;Investimento no exterior;12.83
CLASSES - FIF;30.493.304/0001-07;;BAHIA AM MARAÚ S FIF - CLASSE DE INVESTIMENTO EM COTAS MULTIMERCADO - RESP LIMITADA;2025-07-31;Operações compromissadas lastreadas em títulos públicos federais;-51.38
CLASSES - FIF;30.493.304/0001-07;;BAHIA AM MARAÚ S FIF - CLASSE DE INVESTIMENTO EM COTAS MULTIMERCADO - RESP LIMITADA;2025-07-31;Títulos públicos federais;137.22
CLASSES - FIF;30.493.327/0001-03;;IBIUNA HEDGE STSF FIF - CLASSE DE INVESTIMENTO EM COTAS MULTIMERCADO - RESPONSABILIDADE LIMITADA;2025-07-31;Cotas de fundos de investimento 409;6.71
CLASSES - FIF;30.493.327/0001-03;;IBIUNA HEDGE STSF FIF - CLASSE DE INVESTIMENTO EM COTAS MULTIMERCADO - RESPONSABILIDADE LIMITADA;2025-07-31;Derivativos;1069.51
CLASSES - FIF;30.493.327/0001-03;;IBIUNA HEDGE STSF FIF - CLASSE DE INVESTIMENTO EM COTAS MULTIMERCADO - RESPONSABILIDADE LIMITADA;2025-07-31;Investimento no exterior;16.39
CLASSES - FIF;30.493.327/0001-03;;IBIUNA HEDGE STSF FIF - CLASSE DE INVESTIMENTO EM COTAS MULTIMERCADO - RESPONSABILIDADE LIMITADA;2025-07-31;Operações compromissadas lastreadas em títulos públicos federais;119.65
CLASSES - FIF;30.493.327/0001-03;;IBIUNA HEDGE STSF FIF - CLASSE DE INVESTIMENTO EM COTAS MULTIMERCADO - RESPONSABILIDADE LIMITADA;2025-07-31;Títulos públicos federais;123.14
CLASSES - FIF;30.493.349/0001-73;;IBIUNA HEDGE ST ADVISORY FIF - CLASSE DE INVESTIMENTO EM COTAS MULTIMERCADO - RESP LIMITADA;2025-07-31;Cotas de fundos de investimento 409;6.71
CLASSES - FIF;30.493.349/0001-73;;IBIUNA HEDGE ST ADVISORY FIF - CLASSE DE INVESTIMENTO EM COTAS MULTIMERCADO - RESP LIMITADA;2025-07-31;Derivativos;1069.01
CLASSES - FIF;30.493.349/0001-73;;IBIUNA HEDGE ST ADVISORY FIF - CLASSE DE INVESTIMENTO EM COTAS MULTIMERCADO - RESP LIMITADA;2025-07-31;Investimento no exterior;16.39
CLASSES - FIF;30.493.349/0001-73;;IBIUNA HEDGE ST ADVISORY FIF - CLASSE DE INVESTIMENTO EM COTAS MULTIMERCADO - RESP LIMITADA;2025-07-31;Operações compromissadas lastreadas em títulos públicos federais;119.60
CLASSES - FIF;30.493.349/0001-73;;IBIUNA HEDGE ST ADVISORY FIF - CLASSE DE INVESTIMENTO EM COTAS MULTIMERCADO - RESP LIMITADA;2025-07-31;Títulos públicos federais;123.09
CLASSES - FIF;30.556.797/0001-79;;PWM V FIF - CLASSE DE INVESTIMENTO EM COTAS MULTIMERCADO CRÉDITO PRIVADO - RESP LIMITADA;2025-07-31;Cotas de fundos de investimento 409;98.22
CLASSES - FIF;30.556.797/0001-79;;PWM V FIF - CLASSE DE INVESTIMENTO EM COTAS MULTIMERCADO CRÉDITO PRIVADO - RESP LIMITADA;2025-07-31;Operações compromissadas lastreadas em títulos públicos federais;0.51
CLASSES - FIF;30.556.797/0001-79;;PWM V FIF - CLASSE DE INVESTIMENTO EM COTAS MULTIMERCADO CRÉDITO PRIVADO - RESP LIMITADA;2025-07-31;Títulos públicos federais;1.30
CLASSES - FIF;30.756.847/0001-61;;CSHG VERDE 60 FUNDO DE INVESTIMENTO EM COTAS DE FIF MULTIMERCADO - RESPONSABILDADE LIMITADA;2025-07-31;Cotas de Fundos de Investimento 555;99.93
CLASSES - FIF;30.756.847/0001-61;;CSHG VERDE 60 FUNDO DE INVESTIMENTO EM COTAS DE FIF MULTIMERCADO - RESPONSABILDADE LIMITADA;2025-07-31;Outros;0.07
CLASSES - FIF;30.877.528/0001-04;;INTER HEDGE FIF INCENTIVADO DE INVESTIMENTO EM INFRA RENDA FIXA RESPONSABILIDADE LIMITADA;2025-07-31;Depósitos a Prazo e Outros Títulos de Instituições Financeiras;5.79
CLASSES - FIF;30.877.528/0001-04;;INTER HEDGE FIF INCENTIVADO DE INVESTIMENTO EM INFRA RENDA FIXA RESPONSABILIDADE LIMITADA;2025-07-31;Operações Compromissadas Lastreadas em Títulos Públicos Federais;7.63
CLASSES - FIF;30.877.528/0001-04;;INTER HEDGE FIF INCENTIVADO DE INVESTIMENTO EM INFRA RENDA FIXA RESPONSABILIDADE LIMITADA;2025-07-31;Títulos de Crédito Privado;86.57
CLASSES - FIF;31.031.064/0001-83;;CONEXÃO OAKTREE GLOBAL CREDIT FIF - CIC MULTIMERCADO - RESPONSABILIDADE LIMITADA;2025-07-31;Cotas de fundos de investimento 409;99.60
CLASSES - FIF;31.031.064/0001-83;;CONEXÃO OAKTREE GLOBAL CREDIT FIF - CIC MULTIMERCADO - RESPONSABILIDADE LIMITADA;2025-07-31;Operações compromissadas lastreadas em títulos públicos federais;0.46
CLASSES - FIF;31.031.274/0001-71;;NEXT FIF - CIC DE AÇÕES IBOVESPA - RESP LIMITADA;2025-07-31;Ações;68.86
CLASSES - FIF;31.031.274/0001-71;;NEXT FIF - CIC DE AÇÕES IBOVESPA - RESP LIMITADA;2025-07-31;Cotas de fundos de investimento 409;30.39
CLASSES - FIF;31.031.274/0001-71;;NEXT FIF - CIC DE AÇÕES IBOVESPA - RESP LIMITADA;2025-07-31;Derivativos;0.74
CLASSES - FIF;31.031.274/0001-71;;NEXT FIF - CIC DE AÇÕES IBOVESPA - RESP LIMITADA;2025-07-31;Operações compromissadas lastreadas em títulos públicos federais;0.21
CLASSES - FIF;31.031.288/0001-95;;BRADESCO GLOBAL INSTITUCIONAL FI FINANCEIRO - CIC EM AÇÕES - RESP LIMITADA;2025-07-31;Investimento no exterior;99.46
CLASSES - FIF;31.031.288/0001-95;;BRADESCO GLOBAL INSTITUCIONAL FI FINANCEIRO - CIC EM AÇÕES - RESP LIMITADA;2025-07-31;Operações compromissadas lastreadas em títulos públicos federais;0.14
CLASSES - FIF;31.031.288/0001-95;;BRADESCO GLOBAL INSTITUCIONAL FI FINANCEIRO - CIC EM AÇÕES - RESP LIMITADA;2025-07-31;Títulos públicos federais;0.39
CLASSES - FIF;31.057.597/0001-34;;FEEDER VERDE FIF  - CLASSE DE  INVESTIMENTO EM COTAS MULTIMERCADO - RESPONSABILIDADE LIMITADA;2025-07-31;Cotas de fundos de investimento 409;99.86
CLASSES - FIF;31.057.597/0001-34;;FEEDER VERDE FIF  - CLASSE DE  INVESTIMENTO EM COTAS MULTIMERCADO - RESPONSABILIDADE LIMITADA;2025-07-31;Operações compromissadas lastreadas em títulos públicos federais;0.03
CLASSES - FIF;31.057.597/0001-34;;FEEDER VERDE FIF  - CLASSE DE  INVESTIMENTO EM COTAS MULTIMERCADO - RESPONSABILIDADE LIMITADA;2025-07-31;Títulos públicos federais;0.08
CLASSES - FIF;31.145.833/0001-74;;TREND INFLAÇÃO CURTA FUNDO DE INVESTIMENTO EM RENDA FIXA RESPONSABILIDADE LIMITADA;2025-07-31;Operações compromissadas lastreadas em títulos públicos federais;0.18
CLASSES - FIF;31.145.833/0001-74;;TREND INFLAÇÃO CURTA FUNDO DE INVESTIMENTO EM RENDA FIXA RESPONSABILIDADE LIMITADA;2025-07-31;Títulos públicos federais;99.96
CLASSES - FIF;31.248.238/0001-64;;SAPHIRA FIF - CI MULT CRÉDITO PRIVADO - RESP LIMITADA;2025-07-31;Ações;0.34
CLASSES - FIF;31.248.238/0001-64;;SAPHIRA FIF - CI MULT CRÉDITO PRIVADO - RESP LIMITADA;2025-07-31;Cotas de fundos de investimento 409;31.82
CLASSES - FIF;31.248.238/0001-64;;SAPHIRA FIF - CI MULT CRÉDITO PRIVADO - RESP LIMITADA;2025-07-31;Operações compromissadas lastreadas em títulos públicos federais;33.08
CLASSES - FIF;31.248.238/0001-64;;SAPHIRA FIF - CI MULT CRÉDITO PRIVADO - RESP LIMITADA;2025-07-31;Títulos de crédito privado;0.08
CLASSES - FIF;31.248.238/0001-64;;SAPHIRA FIF - CI MULT CRÉDITO PRIVADO - RESP LIMITADA;2025-07-31;Títulos públicos federais;37.34
CLASSES - FIF;31.339.342/0001-64;;SICOOB AÇÕES FUNDO DE INVESTIMENTO FINANCEIRO;2025-07-31;Ações;86.33
CLASSES - FIF;31.339.342/0001-64;;SICOOB AÇÕES FUNDO DE INVESTIMENTO FINANCEIRO;2025-07-31;Operações compromissadas lastreadas em títulos públicos federais;2.09
CLASSES - FIF;31.339.342/0001-64;;SICOOB AÇÕES FUNDO DE INVESTIMENTO FINANCEIRO;2025-07-31;Outras cotas de fundos de investimento;11.58
CLASSES - FIF;31.551.438/0001-91;;BOOT FUNDO DE INVESTIMENTO EM COTAS DE FUNDOS DE INVESTIMENTO MULTIMERCADO CP-RESP. LTDA;2025-07-31;Acões;0.00
CLASSES - FIF;31.551.438/0001-91;;BOOT FUNDO DE INVESTIMENTO EM COTAS DE FUNDOS DE INVESTIMENTO MULTIMERCADO CP-RESP. LTDA;2025-07-31;Cotas de Fundos de Investimento 555;100.00
CLASSES - FIF;31.551.438/0001-91;;BOOT FUNDO DE INVESTIMENTO EM COTAS DE FUNDOS DE INVESTIMENTO MULTIMERCADO CP-RESP. LTDA;2025-07-31;Depósito a prazo e outros títulos de instituições financeiras;0.00
CLASSES - FIF;31.551.438/0001-91;;BOOT FUNDO DE INVESTIMENTO EM COTAS DE FUNDOS DE INVESTIMENTO MULTIMERCADO CP-RESP. LTDA;2025-07-31;Operacões compromissadas lastreadas em títulos privados;0.00
CLASSES - FIF;31.551.438/0001-91;;BOOT FUNDO DE INVESTIMENTO EM COTAS DE FUNDOS DE INVESTIMENTO MULTIMERCADO CP-RESP. LTDA;2025-07-31;Operacões compromissadas lastreadas em títulos públicos federais;0.00
CLASSES - FIF;31.552.311/0001-97;;CSHG MASTER DIRECIONAL IMA-B 5 FUNDO DE INVESTIMENTO FINANCEIRO RENDA FIXA RESPONSABILIDADE LIMITADA;2025-07-31;Compromissadas lastreadas em T¿los P¿blicos;1.47
CLASSES - FIF;31.552.311/0001-97;;CSHG MASTER DIRECIONAL IMA-B 5 FUNDO DE INVESTIMENTO FINANCEIRO RENDA FIXA RESPONSABILIDADE LIMITADA;2025-07-31;Derivativos;0.00
CLASSES - FIF;31.552.311/0001-97;;CSHG MASTER DIRECIONAL IMA-B 5 FUNDO DE INVESTIMENTO FINANCEIRO RENDA FIXA RESPONSABILIDADE LIMITADA;2025-07-31;Outros;0.01
CLASSES - FIF;31.552.311/0001-97;;CSHG MASTER DIRECIONAL IMA-B 5 FUNDO DE INVESTIMENTO FINANCEIRO RENDA FIXA RESPONSABILIDADE LIMITADA;2025-07-31;T¿los P¿blicos Federais;98.53
CLASSES - FIF;31.552.352/0001-83;;CSHG MASTER DIRECIONAL IMA-B RENDA FIXA FUNDO DE INVESTIMENTO FINANCEIRO - RESPONSABILIDADE LIMITADA;2025-07-31;Compromissadas lastreadas em T¿los P¿blicos;10.47
CLASSES - FIF;31.552.352/0001-83;;CSHG MASTER DIRECIONAL IMA-B RENDA FIXA FUNDO DE INVESTIMENTO FINANCEIRO - RESPONSABILIDADE LIMITADA;2025-07-31;Derivativos;0.00
CLASSES - FIF;31.552.352/0001-83;;CSHG MASTER DIRECIONAL IMA-B RENDA FIXA FUNDO DE INVESTIMENTO FINANCEIRO - RESPONSABILIDADE LIMITADA;2025-07-31;Outros;0.01
CLASSES - FIF;31.552.352/0001-83;;CSHG MASTER DIRECIONAL IMA-B RENDA FIXA FUNDO DE INVESTIMENTO FINANCEIRO - RESPONSABILIDADE LIMITADA;2025-07-31;T¿los P¿blicos Federais;89.54
CLASSES - FIF;31.594.549/0001-85;;CS EVOLUTION DI PLUS PRIVATE FUNDO DE INVESTIMENTO EM COTAS DE FIF RENDA FIXA REF - RESP LIMITADA;2025-07-31;Outras Cotas de Fundos de Investimento;100.04
CLASSES - FIF;31.594.549/0001-85;;CS EVOLUTION DI PLUS PRIVATE FUNDO DE INVESTIMENTO EM COTAS DE FIF RENDA FIXA REF - RESP LIMITADA;2025-07-31;Outros;0.00
CLASSES - FIF;31.690.733/0001-29;;CSHG MASTER IBOVESPA PLUS FUNDO DE INVESTIMENTO FINANCEIRO EM AÇÕES - RESPONSABILIDADE LIMITADA;2025-07-31;A¿s;76.32
CLASSES - FIF;31.690.733/0001-29;;CSHG MASTER IBOVESPA PLUS FUNDO DE INVESTIMENTO FINANCEIRO EM AÇÕES - RESPONSABILIDADE LIMITADA;2025-07-31;Compromissadas lastreadas em T¿los P¿blicos;13.96
CLASSES - FIF;31.690.733/0001-29;;CSHG MASTER IBOVESPA PLUS FUNDO DE INVESTIMENTO FINANCEIRO EM AÇÕES - RESPONSABILIDADE LIMITADA;2025-07-31;Derivativos;0.00
CLASSES - FIF;31.690.733/0001-29;;CSHG MASTER IBOVESPA PLUS FUNDO DE INVESTIMENTO FINANCEIRO EM AÇÕES - RESPONSABILIDADE LIMITADA;2025-07-31;Outras Cotas de Fundos de Investimento;16.22
CLASSES - FIF;31.690.733/0001-29;;CSHG MASTER IBOVESPA PLUS FUNDO DE INVESTIMENTO FINANCEIRO EM AÇÕES - RESPONSABILIDADE LIMITADA;2025-07-31;Outros;0.27
CLASSES - FIF;31.713.958/0001-53;;AXSP FUNDO DE INVESTIMENTO EM COTAS DE FUNDOS DE INVESTIMENTO MULTIMERCADO CP - RESP LTDA;2025-07-31;Acões;0.00
CLASSES - FIF;31.713.958/0001-53;;AXSP FUNDO DE INVESTIMENTO EM COTAS DE FUNDOS DE INVESTIMENTO MULTIMERCADO CP - RESP LTDA;2025-07-31;Cotas de Fundos de Investimento 555;100.00
CLASSES - FIF;31.713.958/0001-53;;AXSP FUNDO DE INVESTIMENTO EM COTAS DE FUNDOS DE INVESTIMENTO MULTIMERCADO CP - RESP LTDA;2025-07-31;Depósito a prazo e outros títulos de instituições financeiras;0.00
CLASSES - FIF;31.713.958/0001-53;;AXSP FUNDO DE INVESTIMENTO EM COTAS DE FUNDOS DE INVESTIMENTO MULTIMERCADO CP - RESP LTDA;2025-07-31;Operacões compromissadas lastreadas em títulos privados;0.00
CLASSES - FIF;31.713.958/0001-53;;AXSP FUNDO DE INVESTIMENTO EM COTAS DE FUNDOS DE INVESTIMENTO MULTIMERCADO CP - RESP LTDA;2025-07-31;Operacões compromissadas lastreadas em títulos públicos federais;0.00
CLASSES - FIF;31.848.238/0001-03;;ÁFIRA VALOR FUNDO DE INVESTIMENTO FINANCEIRO;2025-07-31;Ações;75.40
CLASSES - FIF;31.848.238/0001-03;;ÁFIRA VALOR FUNDO DE INVESTIMENTO FINANCEIRO;2025-07-31;Derivativos;0.71
CLASSES - FIF;31.848.238/0001-03;;ÁFIRA VALOR FUNDO DE INVESTIMENTO FINANCEIRO;2025-07-31;Operações Compromissadas Lastreadas em Títulos Públicos Federais;16.22
CLASSES - FIF;31.848.238/0001-03;;ÁFIRA VALOR FUNDO DE INVESTIMENTO FINANCEIRO;2025-07-31;Outras Aplicações;2.73
CLASSES - FIF;31.963.396/0001-04;;DEVANT MAGNA FUNDO DE INVESTIMENTO FINANCEIRO RESPONSABILIDADE LIMITADA;2025-07-31;Derivativos;0.04
CLASSES - FIF;31.963.396/0001-04;;DEVANT MAGNA FUNDO DE INVESTIMENTO FINANCEIRO RESPONSABILIDADE LIMITADA;2025-07-31;Operações Compromissadas Lastreadas em Títulos Públicos Federais;18.66
CLASSES - FIF;31.963.396/0001-04;;DEVANT MAGNA FUNDO DE INVESTIMENTO FINANCEIRO RESPONSABILIDADE LIMITADA;2025-07-31;Outras Aplicações;11.27
CLASSES - FIF;31.963.396/0001-04;;DEVANT MAGNA FUNDO DE INVESTIMENTO FINANCEIRO RESPONSABILIDADE LIMITADA;2025-07-31;Títulos de Crédito Privado;44.70
CLASSES - FIF;31.963.396/0001-04;;DEVANT MAGNA FUNDO DE INVESTIMENTO FINANCEIRO RESPONSABILIDADE LIMITADA;2025-07-31;Títulos Públicos Federais;25.58
CLASSES - FIF;32.138.793/0001-04;;NAVI COMPASS FIF - CLASSE DE INVESTIMENTO EM COTAS MULTIMERCADO - RESP LIMITADA;2025-07-31;Ações;61.47
CLASSES - FIF;32.138.793/0001-04;;NAVI COMPASS FIF - CLASSE DE INVESTIMENTO EM COTAS MULTIMERCADO - RESP LIMITADA;2025-07-31;Cotas de fundos de investimento 409;0.49
CLASSES - FIF;32.138.793/0001-04;;NAVI COMPASS FIF - CLASSE DE INVESTIMENTO EM COTAS MULTIMERCADO - RESP LIMITADA;2025-07-31;Investimento no exterior;6.21
CLASSES - FIF;32.138.793/0001-04;;NAVI COMPASS FIF - CLASSE DE INVESTIMENTO EM COTAS MULTIMERCADO - RESP LIMITADA;2025-07-31;Operações compromissadas lastreadas em títulos públicos federais;44.87
CLASSES - FIF;32.138.793/0001-04;;NAVI COMPASS FIF - CLASSE DE INVESTIMENTO EM COTAS MULTIMERCADO - RESP LIMITADA;2025-07-31;Títulos públicos federais;20.46
CLASSES - FIF;32.158.393/0001-52;;IBIUNA LONG SHORT SF FIF - CLASSE DE INVESTIMENTO EM COTAS MULTIMERCADO - RESPONSABILIDADE  LIMITADA;2025-07-31;Ações;61.30
CLASSES - FIF;32.158.393/0001-52;;IBIUNA LONG SHORT SF FIF - CLASSE DE INVESTIMENTO EM COTAS MULTIMERCADO - RESPONSABILIDADE  LIMITADA;2025-07-31;Cotas de fundos de investimento 409;0.38
CLASSES - FIF;32.158.393/0001-52;;IBIUNA LONG SHORT SF FIF - CLASSE DE INVESTIMENTO EM COTAS MULTIMERCADO - RESPONSABILIDADE  LIMITADA;2025-07-31;Investimento no exterior;17.03
CLASSES - FIF;32.158.393/0001-52;;IBIUNA LONG SHORT SF FIF - CLASSE DE INVESTIMENTO EM COTAS MULTIMERCADO - RESPONSABILIDADE  LIMITADA;2025-07-31;Operações compromissadas lastreadas em títulos públicos federais;9.32
CLASSES - FIF;32.158.393/0001-52;;IBIUNA LONG SHORT SF FIF - CLASSE DE INVESTIMENTO EM COTAS MULTIMERCADO - RESPONSABILIDADE  LIMITADA;2025-07-31;Títulos públicos federais;60.03
CLASSES - FIF;32.158.410/0001-51;;BRADESCO ASSET FIF - CLASSE DE INVESTIMENTO EM COTAS RENDA FIXA REFERENCIADA DI - RESP LIMITADA;2025-07-31;Cotas de fundos de investimento 409;1.95
CLASSES - FIF;32.158.410/0001-51;;BRADESCO ASSET FIF - CLASSE DE INVESTIMENTO EM COTAS RENDA FIXA REFERENCIADA DI - RESP LIMITADA;2025-07-31;Depósitos a prazo e outros títulos de instituições financeiras;26.44
CLASSES - FIF;32.158.410/0001-51;;BRADESCO ASSET FIF - CLASSE DE INVESTIMENTO EM COTAS RENDA FIXA REFERENCIADA DI - RESP LIMITADA;2025-07-31;Operações compromissadas lastreadas em títulos públicos federais;44.48
CLASSES - FIF;32.158.410/0001-51;;BRADESCO ASSET FIF - CLASSE DE INVESTIMENTO EM COTAS RENDA FIXA REFERENCIADA DI - RESP LIMITADA;2025-07-31;Títulos de crédito privado;11.98
CLASSES - FIF;32.158.410/0001-51;;BRADESCO ASSET FIF - CLASSE DE INVESTIMENTO EM COTAS RENDA FIXA REFERENCIADA DI - RESP LIMITADA;2025-07-31;Títulos públicos federais;15.17
CLASSES - FIF;32.158.424/0001-75;;BRADESCO ASSET ALOCAÇÃO ARROJADA FI FINANCEIRO - CIC MULT - RESP LIMITADA;2025-07-31;Cotas de fundos de investimento 409;79.15
CLASSES - FIF;32.158.424/0001-75;;BRADESCO ASSET ALOCAÇÃO ARROJADA FI FINANCEIRO - CIC MULT - RESP LIMITADA;2025-07-31;Operações compromissadas lastreadas em títulos públicos federais;6.10
CLASSES - FIF;32.158.424/0001-75;;BRADESCO ASSET ALOCAÇÃO ARROJADA FI FINANCEIRO - CIC MULT - RESP LIMITADA;2025-07-31;Títulos públicos federais;14.78
CLASSES - FIF;32.158.430/0001-22;;BRADESCO CENTURION DIVIDENDOS FIF - CLASSE DE INVESTIMENTO EM COTAS DE AÇÕES - RESP LIMITADA;2025-07-31;Ações;94.09
CLASSES - FIF;32.158.430/0001-22;;BRADESCO CENTURION DIVIDENDOS FIF - CLASSE DE INVESTIMENTO EM COTAS DE AÇÕES - RESP LIMITADA;2025-07-31;Derivativos;-0.17
CLASSES - FIF;32.158.430/0001-22;;BRADESCO CENTURION DIVIDENDOS FIF - CLASSE DE INVESTIMENTO EM COTAS DE AÇÕES - RESP LIMITADA;2025-07-31;Operações compromissadas lastreadas em títulos públicos federais;4.19
CLASSES - FIF;32.158.441/0001-02;;BRADESCO ASSET LONG ONLY FI FINANCEIRO - CIC EM AÇÕES - RESP LIMITADA;2025-07-31;Ações;61.20
CLASSES - FIF;32.158.441/0001-02;;BRADESCO ASSET LONG ONLY FI FINANCEIRO - CIC EM AÇÕES - RESP LIMITADA;2025-07-31;Cotas de fundos de investimento 409;24.99
CLASSES - FIF;32.158.441/0001-02;;BRADESCO ASSET LONG ONLY FI FINANCEIRO - CIC EM AÇÕES - RESP LIMITADA;2025-07-31;Derivativos;0.93
CLASSES - FIF;32.158.441/0001-02;;BRADESCO ASSET LONG ONLY FI FINANCEIRO - CIC EM AÇÕES - RESP LIMITADA;2025-07-31;Operações compromissadas lastreadas em títulos públicos federais;11.41
CLASSES - FIF;32.240.613/0001-92;;GÁVEA MACRO BB FIF - CIC MULTIMERCADO - RESP LIMITADA;2025-07-31;Ações;6.12
CLASSES - FIF;32.240.613/0001-92;;GÁVEA MACRO BB FIF - CIC MULTIMERCADO - RESP LIMITADA;2025-07-31;Derivativos;10.35
CLASSES - FIF;32.240.613/0001-92;;GÁVEA MACRO BB FIF - CIC MULTIMERCADO - RESP LIMITADA;2025-07-31;Investimento no exterior;14.49
CLASSES - FIF;32.240.613/0001-92;;GÁVEA MACRO BB FIF - CIC MULTIMERCADO - RESP LIMITADA;2025-07-31;Operações compromissadas lastreadas em títulos públicos federais;24.75
CLASSES - FIF;32.240.613/0001-92;;GÁVEA MACRO BB FIF - CIC MULTIMERCADO - RESP LIMITADA;2025-07-31;Títulos públicos federais;55.54
CLASSES - FIF;32.240.637/0001-41;;GÁVEA MACRO ADVISORY FIF - CLASSE DE INVESTIMENTO EM COTAS MULTIMERCADO - RESP LIMITADA;2025-07-31;Ações;6.12
CLASSES - FIF;32.240.637/0001-41;;GÁVEA MACRO ADVISORY FIF - CLASSE DE INVESTIMENTO EM COTAS MULTIMERCADO - RESP LIMITADA;2025-07-31;Derivativos;10.35
CLASSES - FIF;32.240.637/0001-41;;GÁVEA MACRO ADVISORY FIF - CLASSE DE INVESTIMENTO EM COTAS MULTIMERCADO - RESP LIMITADA;2025-07-31;Investimento no exterior;14.49
CLASSES - FIF;32.240.637/0001-41;;GÁVEA MACRO ADVISORY FIF - CLASSE DE INVESTIMENTO EM COTAS MULTIMERCADO - RESP LIMITADA;2025-07-31;Operações compromissadas lastreadas em títulos públicos federais;24.77
CLASSES - FIF;32.240.637/0001-41;;GÁVEA MACRO ADVISORY FIF - CLASSE DE INVESTIMENTO EM COTAS MULTIMERCADO - RESP LIMITADA;2025-07-31;Títulos públicos federais;55.58
CLASSES - FIF;32.273.497/0001-08;;BRAM FIF - CLASSE DE INVESTIMENTO RF REFERENCIADA DI FEDERAL III - RESP LIMITADA;2025-07-31;Operações compromissadas lastreadas em títulos públicos federais;27.23
CLASSES - FIF;32.273.497/0001-08;;BRAM FIF - CLASSE DE INVESTIMENTO RF REFERENCIADA DI FEDERAL III - RESP LIMITADA;2025-07-31;Títulos públicos federais;72.77
CLASSES - FIF;32.273.503/0001-27;;BRADESCO IBIUNA HEDGE STH FIF - CIC MULTIMERCADO - RESPONSABILIDADE LIMITADA;2025-07-31;Cotas de fundos de investimento 409;100.16
CLASSES - FIF;32.273.503/0001-27;;BRADESCO IBIUNA HEDGE STH FIF - CIC MULTIMERCADO - RESPONSABILIDADE LIMITADA;2025-07-31;Operações compromissadas lastreadas em títulos públicos federais;0.11
CLASSES - FIF;32.273.503/0001-27;;BRADESCO IBIUNA HEDGE STH FIF - CIC MULTIMERCADO - RESPONSABILIDADE LIMITADA;2025-07-31;Títulos públicos federais;0.30
CLASSES - FIF;32.273.507/0001-05;;BRADESCO VERDE MULTIESTRATÉGIA FIF - CLASSE DE INVESTIMENTO EM COTAS MULTIMERCADO - RESP LIMITADA;2025-07-31;Cotas de fundos de investimento 409;99.48
CLASSES - FIF;32.273.507/0001-05;;BRADESCO VERDE MULTIESTRATÉGIA FIF - CLASSE DE INVESTIMENTO EM COTAS MULTIMERCADO - RESP LIMITADA;2025-07-31;Operações compromissadas lastreadas em títulos públicos federais;0.14
CLASSES - FIF;32.273.507/0001-05;;BRADESCO VERDE MULTIESTRATÉGIA FIF - CLASSE DE INVESTIMENTO EM COTAS MULTIMERCADO - RESP LIMITADA;2025-07-31;Títulos públicos federais;0.39
CLASSES - FIF;32.273.514/0001-07;;BRADESCO RPS EQUITY HEDGE FIF - CLASSE DE INVESTIMENTO EM COTAS MULTIMERCADO - RESP LIMITADA;2025-07-31;Cotas de fundos de investimento 409;98.38
CLASSES - FIF;32.273.514/0001-07;;BRADESCO RPS EQUITY HEDGE FIF - CLASSE DE INVESTIMENTO EM COTAS MULTIMERCADO - RESP LIMITADA;2025-07-31;Operações compromissadas lastreadas em títulos públicos federais;0.39
CLASSES - FIF;32.273.514/0001-07;;BRADESCO RPS EQUITY HEDGE FIF - CLASSE DE INVESTIMENTO EM COTAS MULTIMERCADO - RESP LIMITADA;2025-07-31;Títulos públicos federais;1.07
CLASSES - FIF;32.273.523/0001-06;;BRADESCO LONG BIASED APEX INFINITY FIF - CIC AÇÕES - RESPONSABILIDADE LIMITADA;2025-07-31;Cotas de fundos de investimento 409;99.56
CLASSES - FIF;32.273.523/0001-06;;BRADESCO LONG BIASED APEX INFINITY FIF - CIC AÇÕES - RESPONSABILIDADE LIMITADA;2025-07-31;Operações compromissadas lastreadas em títulos públicos federais;0.13
CLASSES - FIF;32.273.523/0001-06;;BRADESCO LONG BIASED APEX INFINITY FIF - CIC AÇÕES - RESPONSABILIDADE LIMITADA;2025-07-31;Títulos públicos federais;0.32
CLASSES - FIF;32.273.528/0001-20;;BRADESCO TRUXT I LONG SHORT FIF - CIC MULTIMERCADO - RESP LIMITADA;2025-07-31;Cotas de fundos de investimento 409;100.05
CLASSES - FIF;32.273.536/0001-77;;BRADESCO JGP STRATEGY FIF - CLASSE DE INVESTIMENTO EM COTAS MULTIMERCADO - RESP LIMITADA;2025-07-31;Cotas de fundos de investimento 409;99.54
CLASSES - FIF;32.273.536/0001-77;;BRADESCO JGP STRATEGY FIF - CLASSE DE INVESTIMENTO EM COTAS MULTIMERCADO - RESP LIMITADA;2025-07-31;Operações compromissadas lastreadas em títulos públicos federais;0.13
CLASSES - FIF;32.273.536/0001-77;;BRADESCO JGP STRATEGY FIF - CLASSE DE INVESTIMENTO EM COTAS MULTIMERCADO - RESP LIMITADA;2025-07-31;Títulos públicos federais;0.34
CLASSES - FIF;32.273.540/0001-35;;JGP STRATEGY FIF - CLASSE DE INVESTIMENTO EM COTAS MULTIMERCADO- RESPONSABILIDADE LIMITADA;2025-07-31;Cotas de fundos de investimento 409;99.98
CLASSES - FIF;32.273.549/0001-46;;BRADESCO VERDE MULTIESTRATÉGIA ÁGORA FIF - CLASSE DE INVESTIMENTO EM COTAS MULT - RESP LIMITADA;2025-07-31;Cotas de fundos de investimento 409;100.02
CLASSES - FIF;32.273.554/0001-59;;IBIUNA HEDGE STH IMERCADO ÁGORA FIF - CLASSE DE INVESTIMENTO EM COTAS MULTIMERCADO - RESP LIMITADA;2025-07-31;Cotas de fundos de investimento 409;100.06
CLASSES - FIF;32.273.554/0001-59;;IBIUNA HEDGE STH IMERCADO ÁGORA FIF - CLASSE DE INVESTIMENTO EM COTAS MULTIMERCADO - RESP LIMITADA;2025-07-31;Operações compromissadas lastreadas em títulos públicos federais;0.13
CLASSES - FIF;32.273.554/0001-59;;IBIUNA HEDGE STH IMERCADO ÁGORA FIF - CLASSE DE INVESTIMENTO EM COTAS MULTIMERCADO - RESP LIMITADA;2025-07-31;Títulos públicos federais;0.37
CLASSES - FIF;32.287.553/0001-63;;FEEDER OCEANA SELECTION FIF - CLASSE DE INVESTIMENTO EM COTAS DE AÇÕES - RESP LIMITADA;2025-07-31;Cotas de fundos de investimento 409;98.94
CLASSES - FIF;32.287.553/0001-63;;FEEDER OCEANA SELECTION FIF - CLASSE DE INVESTIMENTO EM COTAS DE AÇÕES - RESP LIMITADA;2025-07-31;Operações compromissadas lastreadas em títulos públicos federais;0.23
CLASSES - FIF;32.287.553/0001-63;;FEEDER OCEANA SELECTION FIF - CLASSE DE INVESTIMENTO EM COTAS DE AÇÕES - RESP LIMITADA;2025-07-31;Títulos públicos federais;0.62
CLASSES - FIF;32.287.561/0001-00;;FEEDER ATMOS FIF - CLASSE DE  INVESTIMENTO EM COTAS AÇÕES - RESPONSABILIDADE LIMITADA;2025-07-31;Cotas de fundos de investimento 409;96.80
CLASSES - FIF;32.287.561/0001-00;;FEEDER ATMOS FIF - CLASSE DE  INVESTIMENTO EM COTAS AÇÕES - RESPONSABILIDADE LIMITADA;2025-07-31;Operações compromissadas lastreadas em títulos públicos federais;0.85
CLASSES - FIF;32.287.561/0001-00;;FEEDER ATMOS FIF - CLASSE DE  INVESTIMENTO EM COTAS AÇÕES - RESPONSABILIDADE LIMITADA;2025-07-31;Títulos públicos federais;2.31
CLASSES - FIF;32.287.581/0001-80;;FEEDER ABSOLUTE VERTEX FIF - CLASSE DE INVESTIMENTO EM COTAS MULTIMERCADO - RESP LIMITADA;2025-07-31;Cotas de fundos de investimento 409;99.49
CLASSES - FIF;32.287.581/0001-80;;FEEDER ABSOLUTE VERTEX FIF - CLASSE DE INVESTIMENTO EM COTAS MULTIMERCADO - RESP LIMITADA;2025-07-31;Operações compromissadas lastreadas em títulos públicos federais;0.14
CLASSES - FIF;32.287.581/0001-80;;FEEDER ABSOLUTE VERTEX FIF - CLASSE DE INVESTIMENTO EM COTAS MULTIMERCADO - RESP LIMITADA;2025-07-31;Títulos públicos federais;0.38
CLASSES - FIF;32.291.850/0001-82;;TRUXT I LONG SHORT ÁGORA FIF - CIC MULTIMERCADO - RESPONSABILIDADE LIMITADA;2025-07-31;Cotas de fundos de investimento 409;99.87
CLASSES - FIF;32.291.899/0001-35;;RPS EQUITY HEDGE BP FIF - CLASSE DE INVESTIMENTO EM COTAS MULTIMERCADO - RESP LIMITADA;2025-07-31;Cotas de fundos de investimento 409;99.98
CLASSES - FIF;32.291.910/0001-67;;ABSOLUTE VERTEX BP FIF - CLASSE DE INVESTIMENTO EM COTAS MULTIMERCADO - RESP LIMITADA;2025-07-31;Cotas de fundos de investimento 409;99.83
CLASSES - FIF;32.291.910/0001-67;;ABSOLUTE VERTEX BP FIF - CLASSE DE INVESTIMENTO EM COTAS MULTIMERCADO - RESP LIMITADA;2025-07-31;Operações compromissadas lastreadas em títulos públicos federais;0.06
CLASSES - FIF;32.291.910/0001-67;;ABSOLUTE VERTEX BP FIF - CLASSE DE INVESTIMENTO EM COTAS MULTIMERCADO - RESP LIMITADA;2025-07-31;Títulos públicos federais;0.16
CLASSES - FIF;32.291.936/0001-05;;ABSOLUTE VERTEX ÁGORA FIF - CLASSE DE INVESTIMENTO EM COTAS MULTIMERCADO - RESPONSABILIDADE LIMITADA;2025-07-31;Cotas de fundos de investimento 409;99.20
CLASSES - FIF;32.291.936/0001-05;;ABSOLUTE VERTEX ÁGORA FIF - CLASSE DE INVESTIMENTO EM COTAS MULTIMERCADO - RESPONSABILIDADE LIMITADA;2025-07-31;Operações compromissadas lastreadas em títulos públicos federais;0.22
CLASSES - FIF;32.291.936/0001-05;;ABSOLUTE VERTEX ÁGORA FIF - CLASSE DE INVESTIMENTO EM COTAS MULTIMERCADO - RESPONSABILIDADE LIMITADA;2025-07-31;Títulos públicos federais;0.61
CLASSES - FIF;32.291.944/0001-51;;AZ QUEST MULTI MAX ÁGORA FIF - CIC MULTIMERCADO - RESPONSABILIDADE LIMITADA;2025-07-31;Cotas de fundos de investimento 409;99.50
CLASSES - FIF;32.291.944/0001-51;;AZ QUEST MULTI MAX ÁGORA FIF - CIC MULTIMERCADO - RESPONSABILIDADE LIMITADA;2025-07-31;Operações compromissadas lastreadas em títulos públicos federais;0.25
CLASSES - FIF;32.291.956/0001-86;;CONEXÃO MOAT CAPITAL FIF - CLASSE DE INVESTIMENTO EM COTAS DE AÇÕES - RESP LIMITADA;2025-07-31;Cotas de fundos de investimento 409;99.70
CLASSES - FIF;32.300.880/0001-08;;SMARTQUANT TRE FUNDO DE INVESTIMENTO MULTIMERCADO;2025-07-31;Ações;5.81
CLASSES - FIF;32.300.880/0001-08;;SMARTQUANT TRE FUNDO DE INVESTIMENTO MULTIMERCADO;2025-07-31;Operações compromissadas lastreadas em títulospúblicos federais;7.66
CLASSES - FIF;32.300.880/0001-08;;SMARTQUANT TRE FUNDO DE INVESTIMENTO MULTIMERCADO;2025-07-31;Outras aplicações;-0.08
CLASSES - FIF;32.300.880/0001-08;;SMARTQUANT TRE FUNDO DE INVESTIMENTO MULTIMERCADO;2025-07-31;Títulos públicos federais;86.61
CLASSES - FIF;32.308.852/0001-37;;BAHIA AM VALUATION A FIF - CI EM COTAS DE AÇÕES - RESPONSABILIDADE LIMITADA;2025-07-31;Ações;81.83
CLASSES - FIF;32.308.852/0001-37;;BAHIA AM VALUATION A FIF - CI EM COTAS DE AÇÕES - RESPONSABILIDADE LIMITADA;2025-07-31;Cotas de fundos de investimento 409;1.99
CLASSES - FIF;32.308.852/0001-37;;BAHIA AM VALUATION A FIF - CI EM COTAS DE AÇÕES - RESPONSABILIDADE LIMITADA;2025-07-31;Derivativos;6.98
CLASSES - FIF;32.308.852/0001-37;;BAHIA AM VALUATION A FIF - CI EM COTAS DE AÇÕES - RESPONSABILIDADE LIMITADA;2025-07-31;Operações compromissadas lastreadas em títulos públicos federais;28.84
CLASSES - FIF;32.312.071/0001-16;;BRADESCO ESTRATÉGIA DIVIDENDOS FI FINANCEIRO - CIC EM AÇÕES - RESP LIMITADA;2025-07-31;Ações;94.12
CLASSES - FIF;32.312.071/0001-16;;BRADESCO ESTRATÉGIA DIVIDENDOS FI FINANCEIRO - CIC EM AÇÕES - RESP LIMITADA;2025-07-31;Derivativos;-0.17
CLASSES - FIF;32.312.071/0001-16;;BRADESCO ESTRATÉGIA DIVIDENDOS FI FINANCEIRO - CIC EM AÇÕES - RESP LIMITADA;2025-07-31;Operações compromissadas lastreadas em títulos públicos federais;4.19
CLASSES - FIF;32.312.090/0001-42;;LEGACY CAPITAL ÁGORA FIF - CLASSE DE INVESTIMENTO EM COTAS MULTIMERCADO - RESP LIMITADA;2025-07-31;Cotas de fundos de investimento 409;98.90
CLASSES - FIF;32.312.090/0001-42;;LEGACY CAPITAL ÁGORA FIF - CLASSE DE INVESTIMENTO EM COTAS MULTIMERCADO - RESP LIMITADA;2025-07-31;Operações compromissadas lastreadas em títulos públicos federais;0.11
CLASSES - FIF;32.312.090/0001-42;;LEGACY CAPITAL ÁGORA FIF - CLASSE DE INVESTIMENTO EM COTAS MULTIMERCADO - RESP LIMITADA;2025-07-31;Títulos públicos federais;0.29
CLASSES - FIF;32.312.094/0001-20;;CONEXÃO LEGACY CAPITAL FIF - CLASSE DE INVESTIMENTO EM COTAS MULTIMERCADO - RESP LIMITADA;2025-07-31;Cotas de fundos de investimento 409;99.70
CLASSES - FIF;32.312.094/0001-20;;CONEXÃO LEGACY CAPITAL FIF - CLASSE DE INVESTIMENTO EM COTAS MULTIMERCADO - RESP LIMITADA;2025-07-31;Operações compromissadas lastreadas em títulos públicos federais;0.09
CLASSES - FIF;32.312.094/0001-20;;CONEXÃO LEGACY CAPITAL FIF - CLASSE DE INVESTIMENTO EM COTAS MULTIMERCADO - RESP LIMITADA;2025-07-31;Títulos públicos federais;0.25
CLASSES - FIF;32.312.120/0001-10;;BRAM CORAL II FIF - CLASSE DE INVESTIMENTO RENDA FIXA REFERENCIADA DI - RESP LIMITADA;2025-07-31;Cotas de fundos de investimento 409;1.14
CLASSES - FIF;32.312.120/0001-10;;BRAM CORAL II FIF - CLASSE DE INVESTIMENTO RENDA FIXA REFERENCIADA DI - RESP LIMITADA;2025-07-31;Depósitos a prazo e outros títulos de instituições financeiras;26.43
CLASSES - FIF;32.312.120/0001-10;;BRAM CORAL II FIF - CLASSE DE INVESTIMENTO RENDA FIXA REFERENCIADA DI - RESP LIMITADA;2025-07-31;Operações compromissadas lastreadas em títulos públicos federais;44.47
CLASSES - FIF;32.312.120/0001-10;;BRAM CORAL II FIF - CLASSE DE INVESTIMENTO RENDA FIXA REFERENCIADA DI - RESP LIMITADA;2025-07-31;Títulos de crédito privado;11.98
CLASSES - FIF;32.312.120/0001-10;;BRAM CORAL II FIF - CLASSE DE INVESTIMENTO RENDA FIXA REFERENCIADA DI - RESP LIMITADA;2025-07-31;Títulos públicos federais;15.17
CLASSES - FIF;32.312.124/0001-07;;BRADESCO FIF - CIC RENDA FIXA REFERENCIADA DI MAX - RESP LIMITADA;2025-07-31;Cotas de fundos de investimento 409;1.95
CLASSES - FIF;32.312.124/0001-07;;BRADESCO FIF - CIC RENDA FIXA REFERENCIADA DI MAX - RESP LIMITADA;2025-07-31;Depósitos a prazo e outros títulos de instituições financeiras;26.44
CLASSES - FIF;32.312.124/0001-07;;BRADESCO FIF - CIC RENDA FIXA REFERENCIADA DI MAX - RESP LIMITADA;2025-07-31;Operações compromissadas lastreadas em títulos públicos federais;44.48
CLASSES - FIF;32.312.124/0001-07;;BRADESCO FIF - CIC RENDA FIXA REFERENCIADA DI MAX - RESP LIMITADA;2025-07-31;Títulos de crédito privado;11.98
CLASSES - FIF;32.312.124/0001-07;;BRADESCO FIF - CIC RENDA FIXA REFERENCIADA DI MAX - RESP LIMITADA;2025-07-31;Títulos públicos federais;15.18
CLASSES - FIF;32.387.924/0001-89;;BRADESCO FIF - CIC RENDA FIXA CRÉDITO PRIVADO PLUS - RESP LIMITADA;2025-07-31;Cotas de fundos de investimento 409;5.45
CLASSES - FIF;32.387.924/0001-89;;BRADESCO FIF - CIC RENDA FIXA CRÉDITO PRIVADO PLUS - RESP LIMITADA;2025-07-31;Depósitos a prazo e outros títulos de instituições financeiras;30.96
CLASSES - FIF;32.387.924/0001-89;;BRADESCO FIF - CIC RENDA FIXA CRÉDITO PRIVADO PLUS - RESP LIMITADA;2025-07-31;Operações compromissadas lastreadas em títulos públicos federais;23.71
CLASSES - FIF;32.387.924/0001-89;;BRADESCO FIF - CIC RENDA FIXA CRÉDITO PRIVADO PLUS - RESP LIMITADA;2025-07-31;Títulos de crédito privado;39.36
CLASSES - FIF;32.387.924/0001-89;;BRADESCO FIF - CIC RENDA FIXA CRÉDITO PRIVADO PLUS - RESP LIMITADA;2025-07-31;Títulos públicos federais;0.84
CLASSES - FIF;32.387.966/0001-10;;BRADESCO FIF - CIC DE AÇÕES IBOVESPA - RESP LIMITADA;2025-07-31;Ações;68.46
CLASSES - FIF;32.387.966/0001-10;;BRADESCO FIF - CIC DE AÇÕES IBOVESPA - RESP LIMITADA;2025-07-31;Cotas de fundos de investimento 409;30.21
CLASSES - FIF;32.387.966/0001-10;;BRADESCO FIF - CIC DE AÇÕES IBOVESPA - RESP LIMITADA;2025-07-31;Derivativos;0.73
CLASSES - FIF;32.387.966/0001-10;;BRADESCO FIF - CIC DE AÇÕES IBOVESPA - RESP LIMITADA;2025-07-31;Operações compromissadas lastreadas em títulos públicos federais;0.21
CLASSES - FIF;32.387.983/0001-57;;BRADESCO ESTRATÉGIA SMALL CAPS FI FINANCEIRO - CIC EM AÇÕES - RESP LIMITADA;2025-07-31;Ações;93.25
CLASSES - FIF;32.387.983/0001-57;;BRADESCO ESTRATÉGIA SMALL CAPS FI FINANCEIRO - CIC EM AÇÕES - RESP LIMITADA;2025-07-31;Operações compromissadas lastreadas em títulos públicos federais;3.81
CLASSES - FIF;32.388.002/0001-96;;BRADESCO OAKTREE GLOBAL CREDIT FIF - CIC MULTIMERCADO - RESP LIMITADA;2025-07-31;Cotas de fundos de investimento 409;99.69
CLASSES - FIF;32.388.002/0001-96;;BRADESCO OAKTREE GLOBAL CREDIT FIF - CIC MULTIMERCADO - RESP LIMITADA;2025-07-31;Operações compromissadas lastreadas em títulos públicos federais;0.13
CLASSES - FIF;32.388.002/0001-96;;BRADESCO OAKTREE GLOBAL CREDIT FIF - CIC MULTIMERCADO - RESP LIMITADA;2025-07-31;Títulos públicos federais;0.34
CLASSES - FIF;32.388.007/0001-19;;BRADESCO FIF - CIC RF REFERENCIADA DI PLUS;2025-07-31;Cotas de fundos de investimento 409;1.95
CLASSES - FIF;32.388.007/0001-19;;BRADESCO FIF - CIC RF REFERENCIADA DI PLUS;2025-07-31;Depósitos a prazo e outros títulos de instituições financeiras;26.44
CLASSES - FIF;32.388.007/0001-19;;BRADESCO FIF - CIC RF REFERENCIADA DI PLUS;2025-07-31;Operações compromissadas lastreadas em títulos públicos federais;44.49
CLASSES - FIF;32.388.007/0001-19;;BRADESCO FIF - CIC RF REFERENCIADA DI PLUS;2025-07-31;Títulos de crédito privado;11.99
CLASSES - FIF;32.388.007/0001-19;;BRADESCO FIF - CIC RF REFERENCIADA DI PLUS;2025-07-31;Títulos públicos federais;15.18
CLASSES - FIF;32.388.012/0001-21;;BRADESCO DEBÊNTURES INCENTIVADAS CDI INFRA FIF - CIC INCENTIVADA DE INV EM INFRA RF - RESP LIMITADA;2025-07-31;Cotas de fundos de investimento 409;0.07
CLASSES - FIF;32.388.012/0001-21;;BRADESCO DEBÊNTURES INCENTIVADAS CDI INFRA FIF - CIC INCENTIVADA DE INV EM INFRA RF - RESP LIMITADA;2025-07-31;Depósitos a prazo e outros títulos de instituições financeiras;1.45
CLASSES - FIF;32.388.012/0001-21;;BRADESCO DEBÊNTURES INCENTIVADAS CDI INFRA FIF - CIC INCENTIVADA DE INV EM INFRA RF - RESP LIMITADA;2025-07-31;Operações compromissadas lastreadas em títulos públicos federais;9.89
CLASSES - FIF;32.388.012/0001-21;;BRADESCO DEBÊNTURES INCENTIVADAS CDI INFRA FIF - CIC INCENTIVADA DE INV EM INFRA RF - RESP LIMITADA;2025-07-31;Títulos de crédito privado;79.38
CLASSES - FIF;32.388.012/0001-21;;BRADESCO DEBÊNTURES INCENTIVADAS CDI INFRA FIF - CIC INCENTIVADA DE INV EM INFRA RF - RESP LIMITADA;2025-07-31;Títulos públicos federais;8.94
CLASSES - FIF;32.388.028/0001-34;;BRAM DEBENTURES INCENTIVADAS CDI FI FINANCEIRO - CI EM INFRA RF - RESP LIMITADA;2025-07-31;Derivativos;-73.57
CLASSES - FIF;32.388.028/0001-34;;BRAM DEBENTURES INCENTIVADAS CDI FI FINANCEIRO - CI EM INFRA RF - RESP LIMITADA;2025-07-31;Operações compromissadas lastreadas em títulos públicos federais;2.43
CLASSES - FIF;32.388.028/0001-34;;BRAM DEBENTURES INCENTIVADAS CDI FI FINANCEIRO - CI EM INFRA RF - RESP LIMITADA;2025-07-31;Títulos de crédito privado;88.27
CLASSES - FIF;32.388.028/0001-34;;BRAM DEBENTURES INCENTIVADAS CDI FI FINANCEIRO - CI EM INFRA RF - RESP LIMITADA;2025-07-31;Títulos públicos federais;8.93
CLASSES - FIF;32.388.052/0001-73;;BRADESCO FIF - CIC RF PREFIXADO LONGO - RESP LIMITADA;2025-07-31;Derivativos;62.51
CLASSES - FIF;32.388.052/0001-73;;BRADESCO FIF - CIC RF PREFIXADO LONGO - RESP LIMITADA;2025-07-31;Operações compromissadas lastreadas em títulos públicos federais;10.84
CLASSES - FIF;32.388.052/0001-73;;BRADESCO FIF - CIC RF PREFIXADO LONGO - RESP LIMITADA;2025-07-31;Títulos públicos federais;89.56
CLASSES - FIF;32.388.055/0001-07;;BRAM FUNDO DE INVESTIMENTO FINANCEIRO - CLASSE DE INVESTIMENTO RENDA FIXA SIMPLES - RESP LIMITADA;2025-07-31;Depósitos a prazo e outros títulos de instituições financeiras;0.00
CLASSES - FIF;32.388.055/0001-07;;BRAM FUNDO DE INVESTIMENTO FINANCEIRO - CLASSE DE INVESTIMENTO RENDA FIXA SIMPLES - RESP LIMITADA;2025-07-31;Operações compromissadas lastreadas em títulos públicos federais;33.78
CLASSES - FIF;32.388.055/0001-07;;BRAM FUNDO DE INVESTIMENTO FINANCEIRO - CLASSE DE INVESTIMENTO RENDA FIXA SIMPLES - RESP LIMITADA;2025-07-31;Títulos públicos federais;63.25
CLASSES - FIF;32.388.058/0001-40;;BRADESCO FIF - CIC RF SIMPLES - RESP LIMITADA;2025-07-31;Depósitos a prazo e outros títulos de instituições financeiras;0.00
CLASSES - FIF;32.388.058/0001-40;;BRADESCO FIF - CIC RF SIMPLES - RESP LIMITADA;2025-07-31;Operações compromissadas lastreadas em títulos públicos federais;33.81
CLASSES - FIF;32.388.058/0001-40;;BRADESCO FIF - CIC RF SIMPLES - RESP LIMITADA;2025-07-31;Títulos públicos federais;63.30
CLASSES - FIF;32.388.077/0001-77;;BRAM CAPITAL II FIF - CLASSE DE INVESTIMENTO RENDA FIXA CRÉDITO PRIVADO - RESP LIMITADA;2025-07-31;Cotas de fundos de investimento 409;3.74
CLASSES - FIF;32.388.077/0001-77;;BRAM CAPITAL II FIF - CLASSE DE INVESTIMENTO RENDA FIXA CRÉDITO PRIVADO - RESP LIMITADA;2025-07-31;Depósitos a prazo e outros títulos de instituições financeiras;30.91
CLASSES - FIF;32.388.077/0001-77;;BRAM CAPITAL II FIF - CLASSE DE INVESTIMENTO RENDA FIXA CRÉDITO PRIVADO - RESP LIMITADA;2025-07-31;Operações compromissadas lastreadas em títulos públicos federais;23.68
CLASSES - FIF;32.388.077/0001-77;;BRAM CAPITAL II FIF - CLASSE DE INVESTIMENTO RENDA FIXA CRÉDITO PRIVADO - RESP LIMITADA;2025-07-31;Outras aplicações;1.57
CLASSES - FIF;32.388.077/0001-77;;BRAM CAPITAL II FIF - CLASSE DE INVESTIMENTO RENDA FIXA CRÉDITO PRIVADO - RESP LIMITADA;2025-07-31;Títulos de crédito privado;39.30
CLASSES - FIF;32.471.624/0001-83;;TIVIO USD SHORT FUNDO DE INVESTIMENTO FINANCEIRO - CIC CAMBIAL - RESP LIMITADA;2025-07-31;Derivativos;-98.12
CLASSES - FIF;32.471.624/0001-83;;TIVIO USD SHORT FUNDO DE INVESTIMENTO FINANCEIRO - CIC CAMBIAL - RESP LIMITADA;2025-07-31;Operações compromissadas lastreadas em títulos públicos federais;12.36
CLASSES - FIF;32.471.624/0001-83;;TIVIO USD SHORT FUNDO DE INVESTIMENTO FINANCEIRO - CIC CAMBIAL - RESP LIMITADA;2025-07-31;Títulos públicos federais;88.09
CLASSES - FIF;32.485.590/0001-86;;TIVIO PLUS FIF - CI RENDA FIXA INCENTIVADO INVESTIMENTO EM INFRAESTRUTURA - RESP LIMITADA;2025-07-31;Operações compromissadas lastreadas em títulos públicos federais;5.94
CLASSES - FIF;32.485.590/0001-86;;TIVIO PLUS FIF - CI RENDA FIXA INCENTIVADO INVESTIMENTO EM INFRAESTRUTURA - RESP LIMITADA;2025-07-31;Títulos de crédito privado;91.02
CLASSES - FIF;32.485.590/0001-86;;TIVIO PLUS FIF - CI RENDA FIXA INCENTIVADO INVESTIMENTO EM INFRAESTRUTURA - RESP LIMITADA;2025-07-31;Títulos públicos federais;3.11
CLASSES - FIF;32.485.602/0001-72;;TIVIO ALOCAÇÃO USD SHORT FIF - CLASSE DE INVESTIMENTO CAMBIAL - RESP LIMITADA;2025-07-31;Derivativos;-98.20
CLASSES - FIF;32.485.602/0001-72;;TIVIO ALOCAÇÃO USD SHORT FIF - CLASSE DE INVESTIMENTO CAMBIAL - RESP LIMITADA;2025-07-31;Operações compromissadas lastreadas em títulos públicos federais;12.37
CLASSES - FIF;32.485.602/0001-72;;TIVIO ALOCAÇÃO USD SHORT FIF - CLASSE DE INVESTIMENTO CAMBIAL - RESP LIMITADA;2025-07-31;Títulos públicos federais;88.15
CLASSES - FIF;32.655.641/0001-70;;TIVIO EQUITY LONG TERM FI FINANCEIRO - CIA - RESP LIMITADA;2025-07-31;Ações;78.55
CLASSES - FIF;32.655.641/0001-70;;TIVIO EQUITY LONG TERM FI FINANCEIRO - CIA - RESP LIMITADA;2025-07-31;Derivativos;9.47
CLASSES - FIF;32.655.641/0001-70;;TIVIO EQUITY LONG TERM FI FINANCEIRO - CIA - RESP LIMITADA;2025-07-31;Operações compromissadas lastreadas em títulos públicos federais;20.57
CLASSES - FIF;32.704.998/0001-00;;AMW OMAHA FUNDO DE INVESTIMENTO FINANCEIRO;2025-07-31;Cotas de Fundos de Investimento 409;102.05
CLASSES - FIF;32.704.998/0001-00;;AMW OMAHA FUNDO DE INVESTIMENTO FINANCEIRO;2025-07-31;Outras Aplicações;-1.95
CLASSES - FIF;32.710.503/0001-47;;CSHG ALLOCATION SHARP IBOVESPA ATIVO FUNDO DE INVESTIMENTO EM COTAS DE FIF AÇÕES - RESP LIMITADA;2025-07-31;Outras Cotas de Fundos de Investimento;100.00
CLASSES - FIF;32.710.503/0001-47;;CSHG ALLOCATION SHARP IBOVESPA ATIVO FUNDO DE INVESTIMENTO EM COTAS DE FIF AÇÕES - RESP LIMITADA;2025-07-31;Outros;0.13
CLASSES - FIF;32.742.225/0001-00;;BRADESCO PORTFÓLIO INFLAÇÃO FI FINANCEIRO - CIC RF - RESP LIMITADA;2025-07-31;Cotas de fundos de investimento 409;3.94
CLASSES - FIF;32.742.225/0001-00;;BRADESCO PORTFÓLIO INFLAÇÃO FI FINANCEIRO - CIC RF - RESP LIMITADA;2025-07-31;Derivativos;0.71
CLASSES - FIF;32.742.225/0001-00;;BRADESCO PORTFÓLIO INFLAÇÃO FI FINANCEIRO - CIC RF - RESP LIMITADA;2025-07-31;Operações compromissadas lastreadas em títulos públicos federais;1.04
CLASSES - FIF;32.742.225/0001-00;;BRADESCO PORTFÓLIO INFLAÇÃO FI FINANCEIRO - CIC RF - RESP LIMITADA;2025-07-31;Títulos públicos federais;95.05
CLASSES - FIF;32.742.493/0001-21;;KADIMA ÁGORA FIF - CLASSE DE INVESTIMENTO EM COTAS MULTIMERCADO - RESP LIMITADA;2025-07-31;Cotas de fundos de investimento 409;96.96
CLASSES - FIF;32.742.493/0001-21;;KADIMA ÁGORA FIF - CLASSE DE INVESTIMENTO EM COTAS MULTIMERCADO - RESP LIMITADA;2025-07-31;Operações compromissadas lastreadas em títulos públicos federais;0.69
CLASSES - FIF;32.742.493/0001-21;;KADIMA ÁGORA FIF - CLASSE DE INVESTIMENTO EM COTAS MULTIMERCADO - RESP LIMITADA;2025-07-31;Títulos públicos federais;1.87
CLASSES - FIF;32.742.599/0001-25;;BRAM INDEX IMA-B FI FINANCEIRO - CI RF - RESP LIMITADA;2025-07-31;Cotas de fundos de investimento 409;9.83
CLASSES - FIF;32.742.599/0001-25;;BRAM INDEX IMA-B FI FINANCEIRO - CI RF - RESP LIMITADA;2025-07-31;Operações compromissadas lastreadas em títulos públicos federais;0.19
CLASSES - FIF;32.742.599/0001-25;;BRAM INDEX IMA-B FI FINANCEIRO - CI RF - RESP LIMITADA;2025-07-31;Títulos públicos federais;90.03
CLASSES - FIF;32.742.636/0001-03;;BRAM INDEX IMA-B5 FI FINANCEIRO - CI RF - RESP LIMITADA;2025-07-31;Derivativos;0.48
CLASSES - FIF;32.742.636/0001-03;;BRAM INDEX IMA-B5 FI FINANCEIRO - CI RF - RESP LIMITADA;2025-07-31;Operações compromissadas lastreadas em títulos públicos federais;0.64
CLASSES - FIF;32.742.636/0001-03;;BRAM INDEX IMA-B5 FI FINANCEIRO - CI RF - RESP LIMITADA;2025-07-31;Títulos públicos federais;99.44
CLASSES - FIF;32.742.742/0001-89;;BRADESCO FIF - CIC RENDA FIXA INFLAÇÃO CURTA - RESPONSABILIDADE LIMITADA;2025-07-31;Derivativos;0.48
CLASSES - FIF;32.742.742/0001-89;;BRADESCO FIF - CIC RENDA FIXA INFLAÇÃO CURTA - RESPONSABILIDADE LIMITADA;2025-07-31;Operações compromissadas lastreadas em títulos públicos federais;0.64
CLASSES - FIF;32.742.742/0001-89;;BRADESCO FIF - CIC RENDA FIXA INFLAÇÃO CURTA - RESPONSABILIDADE LIMITADA;2025-07-31;Títulos públicos federais;99.47
CLASSES - FIF;32.742.869/0001-06;;BRAM BOND II FI FINANCEIRO - CI RF LP - RESP LIMITADA;2025-07-31;Cotas de fundos de investimento 409;1.28
CLASSES - FIF;32.742.869/0001-06;;BRAM BOND II FI FINANCEIRO - CI RF LP - RESP LIMITADA;2025-07-31;Depósitos a prazo e outros títulos de instituições financeiras;13.49
CLASSES - FIF;32.742.869/0001-06;;BRAM BOND II FI FINANCEIRO - CI RF LP - RESP LIMITADA;2025-07-31;Operações compromissadas lastreadas em títulos públicos federais;42.73
CLASSES - FIF;32.742.869/0001-06;;BRAM BOND II FI FINANCEIRO - CI RF LP - RESP LIMITADA;2025-07-31;Títulos de crédito privado;10.19
CLASSES - FIF;32.742.869/0001-06;;BRAM BOND II FI FINANCEIRO - CI RF LP - RESP LIMITADA;2025-07-31;Títulos públicos federais;32.81
CLASSES - FIF;32.743.313/0001-26;;BRADESCO FIF - CIC RENDA FIXA LONGO PRAZO MULTI-ÍNDICES MAX - RESP LIMITADA;2025-07-31;Cotas de fundos de investimento 409;11.85
CLASSES - FIF;32.743.313/0001-26;;BRADESCO FIF - CIC RENDA FIXA LONGO PRAZO MULTI-ÍNDICES MAX - RESP LIMITADA;2025-07-31;Depósitos a prazo e outros títulos de instituições financeiras;6.41
CLASSES - FIF;32.743.313/0001-26;;BRADESCO FIF - CIC RENDA FIXA LONGO PRAZO MULTI-ÍNDICES MAX - RESP LIMITADA;2025-07-31;Derivativos;-3.92
CLASSES - FIF;32.743.313/0001-26;;BRADESCO FIF - CIC RENDA FIXA LONGO PRAZO MULTI-ÍNDICES MAX - RESP LIMITADA;2025-07-31;Operações compromissadas lastreadas em títulos públicos federais;40.35
CLASSES - FIF;32.743.313/0001-26;;BRADESCO FIF - CIC RENDA FIXA LONGO PRAZO MULTI-ÍNDICES MAX - RESP LIMITADA;2025-07-31;Títulos públicos federais;41.73
CLASSES - FIF;32.743.384/0001-29;;BRADESCO MULTIGESTORES MAX FI FINANCEIRO - CIC MULT CRED PRIV - RESP LIMITADA;2025-07-31;Cotas de fundos de investimento 409;95.41
CLASSES - FIF;32.743.483/0001-00;;BRADESCO MULTIGESTORES FI FINANCEIRO - CIC EM AÇÕES - RESP LIMITADA;2025-07-31;Ações;16.22
CLASSES - FIF;32.743.483/0001-00;;BRADESCO MULTIGESTORES FI FINANCEIRO - CIC EM AÇÕES - RESP LIMITADA;2025-07-31;Cotas de fundos de investimento 409;65.94
CLASSES - FIF;32.743.483/0001-00;;BRADESCO MULTIGESTORES FI FINANCEIRO - CIC EM AÇÕES - RESP LIMITADA;2025-07-31;Derivativos;17.15
CLASSES - FIF;32.743.483/0001-00;;BRADESCO MULTIGESTORES FI FINANCEIRO - CIC EM AÇÕES - RESP LIMITADA;2025-07-31;Operações compromissadas lastreadas em títulos públicos federais;12.63
CLASSES - FIF;32.743.483/0001-00;;BRADESCO MULTIGESTORES FI FINANCEIRO - CIC EM AÇÕES - RESP LIMITADA;2025-07-31;Títulos públicos federais;7.22
CLASSES - FIF;32.745.001/0001-51;;GAVEA MACRO A FUNDO DE INVESTIMENTO EM COTAS DE FIF MULTIMERCADO - RESP LIMITADA;2025-07-31;Ações;6.12
CLASSES - FIF;32.745.001/0001-51;;GAVEA MACRO A FUNDO DE INVESTIMENTO EM COTAS DE FIF MULTIMERCADO - RESP LIMITADA;2025-07-31;Derivativos;10.35
CLASSES - FIF;32.745.001/0001-51;;GAVEA MACRO A FUNDO DE INVESTIMENTO EM COTAS DE FIF MULTIMERCADO - RESP LIMITADA;2025-07-31;Investimento no exterior;14.49
CLASSES - FIF;32.745.001/0001-51;;GAVEA MACRO A FUNDO DE INVESTIMENTO EM COTAS DE FIF MULTIMERCADO - RESP LIMITADA;2025-07-31;Operações compromissadas lastreadas em títulos públicos federais;24.75
CLASSES - FIF;32.745.001/0001-51;;GAVEA MACRO A FUNDO DE INVESTIMENTO EM COTAS DE FIF MULTIMERCADO - RESP LIMITADA;2025-07-31;Títulos públicos federais;55.52
CLASSES - FIF;32.760.072/0001-23;;ICATU VANGUARDA CREDIT PLUS MASTER FIF - CLASSE DE INVESTIMENTO RF CRED PRIV - RESP LIMITADA;2025-07-31;Cotas de fundos de investimento 409;18.87
CLASSES - FIF;32.760.072/0001-23;;ICATU VANGUARDA CREDIT PLUS MASTER FIF - CLASSE DE INVESTIMENTO RF CRED PRIV - RESP LIMITADA;2025-07-31;Depósitos a prazo e outros títulos de instituições financeiras;16.35
CLASSES - FIF;32.760.072/0001-23;;ICATU VANGUARDA CREDIT PLUS MASTER FIF - CLASSE DE INVESTIMENTO RF CRED PRIV - RESP LIMITADA;2025-07-31;Operações compromissadas lastreadas em títulos públicos federais;6.52
CLASSES - FIF;32.760.072/0001-23;;ICATU VANGUARDA CREDIT PLUS MASTER FIF - CLASSE DE INVESTIMENTO RF CRED PRIV - RESP LIMITADA;2025-07-31;Títulos de crédito privado;53.73
CLASSES - FIF;32.760.072/0001-23;;ICATU VANGUARDA CREDIT PLUS MASTER FIF - CLASSE DE INVESTIMENTO RF CRED PRIV - RESP LIMITADA;2025-07-31;Títulos públicos federais;1.61
CLASSES - FIF;32.760.138/0001-85;;IBOVESPA ALOCAÇÃO FIF - CLASSE DE INVESTIMENTO EM AÇÕES - RESP LIMITADA;2025-07-31;Cotas de fundos de investimento 409;79.20
CLASSES - FIF;32.760.138/0001-85;;IBOVESPA ALOCAÇÃO FIF - CLASSE DE INVESTIMENTO EM AÇÕES - RESP LIMITADA;2025-07-31;Operações compromissadas lastreadas em títulos públicos federais;0.67
CLASSES - FIF;32.760.138/0001-85;;IBOVESPA ALOCAÇÃO FIF - CLASSE DE INVESTIMENTO EM AÇÕES - RESP LIMITADA;2025-07-31;Títulos públicos federais;1.69
CLASSES - FIF;32.773.560/0001-75;;SULAMÉRICA LONG BIASED FUNDO DE INVESTIMENTO FINANCEIRO MULTIMERCADO DE RESPONSABILIDADE LIMITADA;2025-07-31;Ações;73.82
CLASSES - FIF;32.773.560/0001-75;;SULAMÉRICA LONG BIASED FUNDO DE INVESTIMENTO FINANCEIRO MULTIMERCADO DE RESPONSABILIDADE LIMITADA;2025-07-31;Op. Compromissadas lastreadas em títulos públicos;26.13
CLASSES - FIF;32.773.560/0001-75;;SULAMÉRICA LONG BIASED FUNDO DE INVESTIMENTO FINANCEIRO MULTIMERCADO DE RESPONSABILIDADE LIMITADA;2025-07-31;Outros;0.00
CLASSES - FIF;32.773.560/0001-75;;SULAMÉRICA LONG BIASED FUNDO DE INVESTIMENTO FINANCEIRO MULTIMERCADO DE RESPONSABILIDADE LIMITADA;2025-07-31;Títulos de crédito privado;0.00
CLASSES - FIF;32.773.560/0001-75;;SULAMÉRICA LONG BIASED FUNDO DE INVESTIMENTO FINANCEIRO MULTIMERCADO DE RESPONSABILIDADE LIMITADA;2025-07-31;Títulos público federais;5.02
CLASSES - FIF;32.812.291/0001-09;;NAVI INSTITUCIONAL MASTER FIF  - CLASSE DE INVESTIMENTO EM AÇÕES - RESP  LIMITADA;2025-07-31;Ações;89.82
CLASSES - FIF;32.812.291/0001-09;;NAVI INSTITUCIONAL MASTER FIF  - CLASSE DE INVESTIMENTO EM AÇÕES - RESP  LIMITADA;2025-07-31;Derivativos;1.70
CLASSES - FIF;32.812.291/0001-09;;NAVI INSTITUCIONAL MASTER FIF  - CLASSE DE INVESTIMENTO EM AÇÕES - RESP  LIMITADA;2025-07-31;Operações compromissadas lastreadas em títulos públicos federais;9.94
CLASSES - FIF;32.812.338/0001-34;;NAVI LONG SHORT MASTER FIF - CLASSE DE INVESTIMENTO MULT - RESP LIMITADA;2025-07-31;Ações;61.46
CLASSES - FIF;32.812.338/0001-34;;NAVI LONG SHORT MASTER FIF - CLASSE DE INVESTIMENTO MULT - RESP LIMITADA;2025-07-31;Cotas de fundos de investimento 409;0.49
CLASSES - FIF;32.812.338/0001-34;;NAVI LONG SHORT MASTER FIF - CLASSE DE INVESTIMENTO MULT - RESP LIMITADA;2025-07-31;Investimento no exterior;6.20
CLASSES - FIF;32.812.338/0001-34;;NAVI LONG SHORT MASTER FIF - CLASSE DE INVESTIMENTO MULT - RESP LIMITADA;2025-07-31;Operações compromissadas lastreadas em títulos públicos federais;44.68
CLASSES - FIF;32.812.338/0001-34;;NAVI LONG SHORT MASTER FIF - CLASSE DE INVESTIMENTO MULT - RESP LIMITADA;2025-07-31;Títulos públicos federais;20.46
CLASSES - FIF;32.862.354/0001-31;;BAHIA AM ADVISORY FIF - CLASSE DE INVESTIMENTO EM COTAS MULTIMERCADO - RESP LIMITADA;2025-07-31;Derivativos;0.04
CLASSES - FIF;32.862.354/0001-31;;BAHIA AM ADVISORY FIF - CLASSE DE INVESTIMENTO EM COTAS MULTIMERCADO - RESP LIMITADA;2025-07-31;Investimento no exterior;7.69
CLASSES - FIF;32.862.354/0001-31;;BAHIA AM ADVISORY FIF - CLASSE DE INVESTIMENTO EM COTAS MULTIMERCADO - RESP LIMITADA;2025-07-31;Operações compromissadas lastreadas em títulos públicos federais;-22.54
CLASSES - FIF;32.862.354/0001-31;;BAHIA AM ADVISORY FIF - CLASSE DE INVESTIMENTO EM COTAS MULTIMERCADO - RESP LIMITADA;2025-07-31;Títulos públicos federais;114.10
CLASSES - FIF;32.892.326/0001-67;;TREND PÓS-FIXADO MASTER FUNDO DE INVESTIMENTO EM RENDA FIXA SIMPLES RESPONSABILIDADE LIMITADA;2025-07-31;Cotas de fundos de investimento 409;2.68
CLASSES - FIF;32.892.326/0001-67;;TREND PÓS-FIXADO MASTER FUNDO DE INVESTIMENTO EM RENDA FIXA SIMPLES RESPONSABILIDADE LIMITADA;2025-07-31;Cotas em Fundos a serem desmembradas;2.68
CLASSES - FIF;32.892.326/0001-67;;TREND PÓS-FIXADO MASTER FUNDO DE INVESTIMENTO EM RENDA FIXA SIMPLES RESPONSABILIDADE LIMITADA;2025-07-31;Operações compromissadas lastreadas em títulos públicos federais;12.38
CLASSES - FIF;32.892.326/0001-67;;TREND PÓS-FIXADO MASTER FUNDO DE INVESTIMENTO EM RENDA FIXA SIMPLES RESPONSABILIDADE LIMITADA;2025-07-31;Títulos públicos federais;84.95
CLASSES - FIF;32.893.503/0001-20;;TREND DI SIMPLES FUNDO DE INVESTIMENTO EM RENDA FIXA SIMPLES RESPONSABILIDADE LIMITADA;2025-07-31;Operações compromissadas lastreadas em títulos públicos federais;18.15
CLASSES - FIF;32.893.503/0001-20;;TREND DI SIMPLES FUNDO DE INVESTIMENTO EM RENDA FIXA SIMPLES RESPONSABILIDADE LIMITADA;2025-07-31;Títulos públicos federais;81.85
CLASSES - FIF;33.269.833/0001-01;;MAJORA ALLOCATION FUNDO DE INVESTIMENTO EM COTAS DE FUNDO DE INVESTIMENTO FINANCEIRO;2025-07-31;Ações;17.04
CLASSES - FIF;33.269.833/0001-01;;MAJORA ALLOCATION FUNDO DE INVESTIMENTO EM COTAS DE FUNDO DE INVESTIMENTO FINANCEIRO;2025-07-31;Cotas de Fundos de Investimento 409;63.21
CLASSES - FIF;33.269.833/0001-01;;MAJORA ALLOCATION FUNDO DE INVESTIMENTO EM COTAS DE FUNDO DE INVESTIMENTO FINANCEIRO;2025-07-31;Outras Aplicações;1.26
CLASSES - FIF;33.269.833/0001-01;;MAJORA ALLOCATION FUNDO DE INVESTIMENTO EM COTAS DE FUNDO DE INVESTIMENTO FINANCEIRO;2025-07-31;Outras Cotas de Fundos de Investimento;16.72
CLASSES - FIF;33.269.833/0001-01;;MAJORA ALLOCATION FUNDO DE INVESTIMENTO EM COTAS DE FUNDO DE INVESTIMENTO FINANCEIRO;2025-07-31;Títulos Públicos Federais;1.64
CLASSES - FIF;33.270.025/0001-64;;SIMÉTRICA BR FUNDO DE INVESTIMENTO FINANCEIRO;2025-07-31;Ações;54.38
CLASSES - FIF;33.270.025/0001-64;;SIMÉTRICA BR FUNDO DE INVESTIMENTO FINANCEIRO;2025-07-31;Cotas de Fundos de Investimento 409;0.22
CLASSES - FIF;33.270.025/0001-64;;SIMÉTRICA BR FUNDO DE INVESTIMENTO FINANCEIRO;2025-07-31;Outras Aplicações;7.31
CLASSES - FIF;33.289.660/0001-93;;VANQUISH LONG BIAS FIC FIM;2025-07-31;Acões;0.00
CLASSES - FIF;33.289.660/0001-93;;VANQUISH LONG BIAS FIC FIM;2025-07-31;Cotas de Fundos de Investimento 555;100.46
CLASSES - FIF;33.289.660/0001-93;;VANQUISH LONG BIAS FIC FIM;2025-07-31;Operacões compromissadas lastreadas em títulos privados;0.00
CLASSES - FIF;33.289.660/0001-93;;VANQUISH LONG BIAS FIC FIM;2025-07-31;Operacões compromissadas lastreadas em títulos públicos federais;0.00
CLASSES - FIF;33.289.660/0001-93;;VANQUISH LONG BIAS FIC FIM;2025-07-31;Títulos Públicos federais;0.00
CLASSES - FIF;33.289.698/0001-66;;VANQUISH IPÊ FIC FIA;2025-07-31;Acões;0.00
CLASSES - FIF;33.289.698/0001-66;;VANQUISH IPÊ FIC FIA;2025-07-31;Cotas de Fundos de Investimento 555;100.02
CLASSES - FIF;33.289.698/0001-66;;VANQUISH IPÊ FIC FIA;2025-07-31;Operacões compromissadas lastreadas em títulos privados;0.00
CLASSES - FIF;33.289.698/0001-66;;VANQUISH IPÊ FIC FIA;2025-07-31;Operacões compromissadas lastreadas em títulos públicos federais;0.00
CLASSES - FIF;33.289.698/0001-66;;VANQUISH IPÊ FIC FIA;2025-07-31;Títulos Públicos federais;0.00
CLASSES - FIF;33.341.984/0001-23;;VANQUISH AÇÕES IPÊ MASTER FIA;2025-07-31;Acões;84.31
CLASSES - FIF;33.341.984/0001-23;;VANQUISH AÇÕES IPÊ MASTER FIA;2025-07-31;Cotas de Fundos de Investimento 555;9.39
CLASSES - FIF;33.341.984/0001-23;;VANQUISH AÇÕES IPÊ MASTER FIA;2025-07-31;Depósito a prazo e outros títulos de instituições financeiras;0.74
CLASSES - FIF;33.341.984/0001-23;;VANQUISH AÇÕES IPÊ MASTER FIA;2025-07-31;Operacões compromissadas lastreadas em títulos privados;0.00
CLASSES - FIF;33.341.984/0001-23;;VANQUISH AÇÕES IPÊ MASTER FIA;2025-07-31;Títulos Públicos federais;5.56
CLASSES - FIF;33.624.201/0001-19;;4UM VALOR INSTITUCIONAL FIF - CLASSE DE INVESTIMENTO EM AÇÕES - RESPONSABILIDADE LIMITADA;2025-07-31;Ações;91.34
CLASSES - FIF;33.624.201/0001-19;;4UM VALOR INSTITUCIONAL FIF - CLASSE DE INVESTIMENTO EM AÇÕES - RESPONSABILIDADE LIMITADA;2025-07-31;Operações compromissadas lastreadas em títulos públicos federais;8.03
CLASSES - FIF;33.769.079/0001-79;;NAVI INSTITUCIONAL A FIF - CLASSE DE INVESTIMENTO EM COTAS DE AÇÕES - RESP LIMITADA;2025-07-31;Ações;89.83
CLASSES - FIF;33.769.079/0001-79;;NAVI INSTITUCIONAL A FIF - CLASSE DE INVESTIMENTO EM COTAS DE AÇÕES - RESP LIMITADA;2025-07-31;Derivativos;1.70
CLASSES - FIF;33.769.079/0001-79;;NAVI INSTITUCIONAL A FIF - CLASSE DE INVESTIMENTO EM COTAS DE AÇÕES - RESP LIMITADA;2025-07-31;Operações compromissadas lastreadas em títulos públicos federais;10.10
CLASSES - FIF;33.786.226/0001-19;;AMARIL FRANKLIN FUNDO DE INVESTIMENTO FINANCEIRO  MULTIMERCADO - CRÉDITO PRIVADO - RESP LIMITADA;2025-07-31;Depósitos a prazo e outros títulos de instituições financeiras;64.71
CLASSES - FIF;33.786.226/0001-19;;AMARIL FRANKLIN FUNDO DE INVESTIMENTO FINANCEIRO  MULTIMERCADO - CRÉDITO PRIVADO - RESP LIMITADA;2025-07-31;Operações compromissadas lastreadas em títulos públicos federais;9.98
CLASSES - FIF;33.786.226/0001-19;;AMARIL FRANKLIN FUNDO DE INVESTIMENTO FINANCEIRO  MULTIMERCADO - CRÉDITO PRIVADO - RESP LIMITADA;2025-07-31;Títulos públicos federais;25.37
CLASSES - FIF;33.863.652/0001-09;;BANRISUL MULTIMERCADO LIVRE FUNDO DE INVESTIMENTO FINANCEIRO LONGO PRAZO RESPONSABILIDADE LIMITADA;2025-07-31;AÇÕES;6.62
CLASSES - FIF;33.863.652/0001-09;;BANRISUL MULTIMERCADO LIVRE FUNDO DE INVESTIMENTO FINANCEIRO LONGO PRAZO RESPONSABILIDADE LIMITADA;2025-07-31;COTAS DE FUNDOS DE INVESTIMENTO 409;8.46
CLASSES - FIF;33.863.652/0001-09;;BANRISUL MULTIMERCADO LIVRE FUNDO DE INVESTIMENTO FINANCEIRO LONGO PRAZO RESPONSABILIDADE LIMITADA;2025-07-31;DERIVATIVOS;-13.25
CLASSES - FIF;33.863.652/0001-09;;BANRISUL MULTIMERCADO LIVRE FUNDO DE INVESTIMENTO FINANCEIRO LONGO PRAZO RESPONSABILIDADE LIMITADA;2025-07-31;OPERAÇÕES COMPROMISSADAS LASTREADAS EM TÍTULOS PÚBLICOS FEDERAIS;16.73
CLASSES - FIF;33.863.652/0001-09;;BANRISUL MULTIMERCADO LIVRE FUNDO DE INVESTIMENTO FINANCEIRO LONGO PRAZO RESPONSABILIDADE LIMITADA;2025-07-31;TÍTULOS PÚBLICOS FEDERAIS;66.59
CLASSES - FIF;34.028.054/0001-87;;BRADESCO FIF - CLASSE DE INVESTIMENTO EM RF LP MULTI-ÍNDICES PLUS - RESP LIMITADA;2025-07-31;Cotas de fundos de investimento 409;12.69
CLASSES - FIF;34.028.054/0001-87;;BRADESCO FIF - CLASSE DE INVESTIMENTO EM RF LP MULTI-ÍNDICES PLUS - RESP LIMITADA;2025-07-31;Depósitos a prazo e outros títulos de instituições financeiras;6.89
CLASSES - FIF;34.028.054/0001-87;;BRADESCO FIF - CLASSE DE INVESTIMENTO EM RF LP MULTI-ÍNDICES PLUS - RESP LIMITADA;2025-07-31;Derivativos;-2.26
CLASSES - FIF;34.028.054/0001-87;;BRADESCO FIF - CLASSE DE INVESTIMENTO EM RF LP MULTI-ÍNDICES PLUS - RESP LIMITADA;2025-07-31;Operações compromissadas lastreadas em títulos públicos federais;35.53
CLASSES - FIF;34.028.054/0001-87;;BRADESCO FIF - CLASSE DE INVESTIMENTO EM RF LP MULTI-ÍNDICES PLUS - RESP LIMITADA;2025-07-31;Títulos públicos federais;45.26
CLASSES - FIF;34.028.082/0001-02;;BRADESCO FIF - CIC DE AÇÕES BDR NÍVEL I PLUS - RESP LIMITADA;2025-07-31;Ações;66.49
CLASSES - FIF;34.028.082/0001-02;;BRADESCO FIF - CIC DE AÇÕES BDR NÍVEL I PLUS - RESP LIMITADA;2025-07-31;Cotas de fundos de investimento 409;15.82
CLASSES - FIF;34.028.082/0001-02;;BRADESCO FIF - CIC DE AÇÕES BDR NÍVEL I PLUS - RESP LIMITADA;2025-07-31;Investimento no exterior;16.39
CLASSES - FIF;34.028.082/0001-02;;BRADESCO FIF - CIC DE AÇÕES BDR NÍVEL I PLUS - RESP LIMITADA;2025-07-31;Operações compromissadas lastreadas em títulos públicos federais;1.19
CLASSES - FIF;34.054.867/0001-41;;BRADESCO ASSET SMALL CAPS FI FINANCEIRO - CIC EM AÇÕES - RESP LIMITADA;2025-07-31;Ações;93.09
CLASSES - FIF;34.054.867/0001-41;;BRADESCO ASSET SMALL CAPS FI FINANCEIRO - CIC EM AÇÕES - RESP LIMITADA;2025-07-31;Operações compromissadas lastreadas em títulos públicos federais;3.81
CLASSES - FIF;34.054.876/0001-32;;BRADESCO KADIMA FIF - CLASSE DE INVESTIMENTO EM COTAS MULTIMERCADO - RESP LIMITADA;2025-07-31;Cotas de fundos de investimento 409;99.22
CLASSES - FIF;34.054.876/0001-32;;BRADESCO KADIMA FIF - CLASSE DE INVESTIMENTO EM COTAS MULTIMERCADO - RESP LIMITADA;2025-07-31;Operações compromissadas lastreadas em títulos públicos federais;0.22
CLASSES - FIF;34.054.876/0001-32;;BRADESCO KADIMA FIF - CLASSE DE INVESTIMENTO EM COTAS MULTIMERCADO - RESP LIMITADA;2025-07-31;Títulos públicos federais;0.59
CLASSES - FIF;34.054.886/0001-78;;BRADESCO BNP PARIBAS FIF - CIC RF INCENTIVADO DE INVESTIMENTO EM INFRAESTRUTURA - RESP LIMITADA;2025-07-31;Cotas de fundos de investimento 409;99.57
CLASSES - FIF;34.054.886/0001-78;;BRADESCO BNP PARIBAS FIF - CIC RF INCENTIVADO DE INVESTIMENTO EM INFRAESTRUTURA - RESP LIMITADA;2025-07-31;Operações compromissadas lastreadas em títulos públicos federais;0.12
CLASSES - FIF;34.054.886/0001-78;;BRADESCO BNP PARIBAS FIF - CIC RF INCENTIVADO DE INVESTIMENTO EM INFRAESTRUTURA - RESP LIMITADA;2025-07-31;Títulos públicos federais;0.33
CLASSES - FIF;34.054.934/0001-28;;BRADESCO CORPORATE FUNDO DE INVESTIMENTO EM COTAS FIF RF REFERENCIADA DI MAX - RESP LIMITADA;2025-07-31;Cotas de fundos de investimento 409;1.94
CLASSES - FIF;34.054.934/0001-28;;BRADESCO CORPORATE FUNDO DE INVESTIMENTO EM COTAS FIF RF REFERENCIADA DI MAX - RESP LIMITADA;2025-07-31;Depósitos a prazo e outros títulos de instituições financeiras;26.38
CLASSES - FIF;34.054.934/0001-28;;BRADESCO CORPORATE FUNDO DE INVESTIMENTO EM COTAS FIF RF REFERENCIADA DI MAX - RESP LIMITADA;2025-07-31;Operações compromissadas lastreadas em títulos públicos federais;44.52
CLASSES - FIF;34.054.934/0001-28;;BRADESCO CORPORATE FUNDO DE INVESTIMENTO EM COTAS FIF RF REFERENCIADA DI MAX - RESP LIMITADA;2025-07-31;Títulos de crédito privado;11.96
CLASSES - FIF;34.054.934/0001-28;;BRADESCO CORPORATE FUNDO DE INVESTIMENTO EM COTAS FIF RF REFERENCIADA DI MAX - RESP LIMITADA;2025-07-31;Títulos públicos federais;15.22
CLASSES - FIF;34.080.987/0001-13;;BRADESCO FIF DEDICADO ANS - CLASSE DE INVESTIMENTO RENDA FIXA CRÉDITO PRIVADO - RESP LIMITADA;2025-07-31;Depósitos a prazo e outros títulos de instituições financeiras;23.44
CLASSES - FIF;34.080.987/0001-13;;BRADESCO FIF DEDICADO ANS - CLASSE DE INVESTIMENTO RENDA FIXA CRÉDITO PRIVADO - RESP LIMITADA;2025-07-31;Derivativos;3.31
CLASSES - FIF;34.080.987/0001-13;;BRADESCO FIF DEDICADO ANS - CLASSE DE INVESTIMENTO RENDA FIXA CRÉDITO PRIVADO - RESP LIMITADA;2025-07-31;Operações compromissadas lastreadas em títulos públicos federais;14.67
CLASSES - FIF;34.080.987/0001-13;;BRADESCO FIF DEDICADO ANS - CLASSE DE INVESTIMENTO RENDA FIXA CRÉDITO PRIVADO - RESP LIMITADA;2025-07-31;Títulos de crédito privado;42.58
CLASSES - FIF;34.080.987/0001-13;;BRADESCO FIF DEDICADO ANS - CLASSE DE INVESTIMENTO RENDA FIXA CRÉDITO PRIVADO - RESP LIMITADA;2025-07-31;Títulos públicos federais;17.21
CLASSES - FIF;34.081.002/0001-74;;CONEXÃO GARIN FIF - CLASSE DE INVESTIMENTO EM COTAS MULTIMERCADO - RESP LIMITADA;2025-07-31;Cotas de fundos de investimento 409;99.67
CLASSES - FIF;34.081.012/0001-00;;CONEXÃO CANVAS VECTOR FIF - CIC MULTIMERCADO - RESPONSABILIDADE LIMITADA;2025-07-31;Cotas de fundos de investimento 409;99.74
CLASSES - FIF;34.081.012/0001-00;;CONEXÃO CANVAS VECTOR FIF - CIC MULTIMERCADO - RESPONSABILIDADE LIMITADA;2025-07-31;Operações compromissadas lastreadas em títulos públicos federais;0.08
CLASSES - FIF;34.081.012/0001-00;;CONEXÃO CANVAS VECTOR FIF - CIC MULTIMERCADO - RESPONSABILIDADE LIMITADA;2025-07-31;Títulos públicos federais;0.22
CLASSES - FIF;34.081.022/0001-45;;BNP PARIBAS RUBI ÁGORA FIF - CIC RF CRÉDITO PRIVADO - RESP LIMITADA;2025-07-31;Cotas de fundos de investimento 409;99.47
CLASSES - FIF;34.081.022/0001-45;;BNP PARIBAS RUBI ÁGORA FIF - CIC RF CRÉDITO PRIVADO - RESP LIMITADA;2025-07-31;Operações compromissadas lastreadas em títulos públicos federais;0.14
CLASSES - FIF;34.081.022/0001-45;;BNP PARIBAS RUBI ÁGORA FIF - CIC RF CRÉDITO PRIVADO - RESP LIMITADA;2025-07-31;Títulos públicos federais;0.39
CLASSES - FIF;34.081.031/0001-36;;CANVAS VECTOR ÁGORA FIF - CLASSE DE INVESTIMENTO EM COTAS MULTIMERCADO - RESP LIMITADA;2025-07-31;Cotas de fundos de investimento 409;99.39
CLASSES - FIF;34.081.031/0001-36;;CANVAS VECTOR ÁGORA FIF - CLASSE DE INVESTIMENTO EM COTAS MULTIMERCADO - RESP LIMITADA;2025-07-31;Operações compromissadas lastreadas em títulos públicos federais;0.12
CLASSES - FIF;34.081.031/0001-36;;CANVAS VECTOR ÁGORA FIF - CLASSE DE INVESTIMENTO EM COTAS MULTIMERCADO - RESP LIMITADA;2025-07-31;Títulos públicos federais;0.29
CLASSES - FIF;34.081.041/0001-71;;BRADESCO CORPORATE FIC DE FIF RENDA FIXA REFERENCIADA DI PLUS - RESPONSABILIDADE LIMITADA;2025-07-31;Cotas de fundos de investimento 409;1.95
CLASSES - FIF;34.081.041/0001-71;;BRADESCO CORPORATE FIC DE FIF RENDA FIXA REFERENCIADA DI PLUS - RESPONSABILIDADE LIMITADA;2025-07-31;Depósitos a prazo e outros títulos de instituições financeiras;26.44
CLASSES - FIF;34.081.041/0001-71;;BRADESCO CORPORATE FIC DE FIF RENDA FIXA REFERENCIADA DI PLUS - RESPONSABILIDADE LIMITADA;2025-07-31;Operações compromissadas lastreadas em títulos públicos federais;44.48
CLASSES - FIF;34.081.041/0001-71;;BRADESCO CORPORATE FIC DE FIF RENDA FIXA REFERENCIADA DI PLUS - RESPONSABILIDADE LIMITADA;2025-07-31;Títulos de crédito privado;11.98
CLASSES - FIF;34.081.041/0001-71;;BRADESCO CORPORATE FIC DE FIF RENDA FIXA REFERENCIADA DI PLUS - RESPONSABILIDADE LIMITADA;2025-07-31;Títulos públicos federais;15.18
CLASSES - FIF;34.081.049/0001-38;;BRADESCO CORPORATE FIF -CLASSE DE INVESTIMENTO EM COTAS RENDA FIXA SIMPLES - RESP LIMITADA;2025-07-31;Depósitos a prazo e outros títulos de instituições financeiras;0.00
CLASSES - FIF;34.081.049/0001-38;;BRADESCO CORPORATE FIF -CLASSE DE INVESTIMENTO EM COTAS RENDA FIXA SIMPLES - RESP LIMITADA;2025-07-31;Operações compromissadas lastreadas em títulos públicos federais;33.78
CLASSES - FIF;34.081.049/0001-38;;BRADESCO CORPORATE FIF -CLASSE DE INVESTIMENTO EM COTAS RENDA FIXA SIMPLES - RESP LIMITADA;2025-07-31;Títulos públicos federais;63.25
CLASSES - FIF;34.081.135/0001-40;;NAVI ESTRATÉGIA LS FUNDO DE INVESTIMENTO FINANCEIRO - CIC MULTIMERCADO - RESP LIMITADA;2025-07-31;Ações;61.46
CLASSES - FIF;34.081.135/0001-40;;NAVI ESTRATÉGIA LS FUNDO DE INVESTIMENTO FINANCEIRO - CIC MULTIMERCADO - RESP LIMITADA;2025-07-31;Cotas de fundos de investimento 409;0.49
CLASSES - FIF;34.081.135/0001-40;;NAVI ESTRATÉGIA LS FUNDO DE INVESTIMENTO FINANCEIRO - CIC MULTIMERCADO - RESP LIMITADA;2025-07-31;Investimento no exterior;6.21
CLASSES - FIF;34.081.135/0001-40;;NAVI ESTRATÉGIA LS FUNDO DE INVESTIMENTO FINANCEIRO - CIC MULTIMERCADO - RESP LIMITADA;2025-07-31;Operações compromissadas lastreadas em títulos públicos federais;44.87
CLASSES - FIF;34.081.135/0001-40;;NAVI ESTRATÉGIA LS FUNDO DE INVESTIMENTO FINANCEIRO - CIC MULTIMERCADO - RESP LIMITADA;2025-07-31;Títulos públicos federais;20.46
CLASSES - FIF;34.081.162/0001-13;;NAVI LS RED FIF - CLASSE DE INVESTIMENTO EM COTAS MULTIMERCADO - RESP LIMITADA;2025-07-31;Ações;61.43
CLASSES - FIF;34.081.162/0001-13;;NAVI LS RED FIF - CLASSE DE INVESTIMENTO EM COTAS MULTIMERCADO - RESP LIMITADA;2025-07-31;Cotas de fundos de investimento 409;0.49
CLASSES - FIF;34.081.162/0001-13;;NAVI LS RED FIF - CLASSE DE INVESTIMENTO EM COTAS MULTIMERCADO - RESP LIMITADA;2025-07-31;Investimento no exterior;6.20
CLASSES - FIF;34.081.162/0001-13;;NAVI LS RED FIF - CLASSE DE INVESTIMENTO EM COTAS MULTIMERCADO - RESP LIMITADA;2025-07-31;Operações compromissadas lastreadas em títulos públicos federais;44.92
CLASSES - FIF;34.081.162/0001-13;;NAVI LS RED FIF - CLASSE DE INVESTIMENTO EM COTAS MULTIMERCADO - RESP LIMITADA;2025-07-31;Títulos públicos federais;20.45
CLASSES - FIF;34.081.172/0001-59;;NAVI LS BB FUNDO DE INVESTIMENTO FINANCEIRO - CIC MULTIMERCADO - RESP LIMITADA;2025-07-31;Ações;61.47
CLASSES - FIF;34.081.172/0001-59;;NAVI LS BB FUNDO DE INVESTIMENTO FINANCEIRO - CIC MULTIMERCADO - RESP LIMITADA;2025-07-31;Cotas de fundos de investimento 409;0.49
CLASSES - FIF;34.081.172/0001-59;;NAVI LS BB FUNDO DE INVESTIMENTO FINANCEIRO - CIC MULTIMERCADO - RESP LIMITADA;2025-07-31;Investimento no exterior;6.21
CLASSES - FIF;34.081.172/0001-59;;NAVI LS BB FUNDO DE INVESTIMENTO FINANCEIRO - CIC MULTIMERCADO - RESP LIMITADA;2025-07-31;Operações compromissadas lastreadas em títulos públicos federais;44.78
CLASSES - FIF;34.081.172/0001-59;;NAVI LS BB FUNDO DE INVESTIMENTO FINANCEIRO - CIC MULTIMERCADO - RESP LIMITADA;2025-07-31;Títulos públicos federais;20.46
CLASSES - FIF;34.081.223/0001-42;;IBIUNA LONG SHORT RED FIF - CIC MULTIMERCADO - RESPONSABILIDADE LIMITADA;2025-07-31;Ações;60.92
CLASSES - FIF;34.081.223/0001-42;;IBIUNA LONG SHORT RED FIF - CIC MULTIMERCADO - RESPONSABILIDADE LIMITADA;2025-07-31;Cotas de fundos de investimento 409;0.38
CLASSES - FIF;34.081.223/0001-42;;IBIUNA LONG SHORT RED FIF - CIC MULTIMERCADO - RESPONSABILIDADE LIMITADA;2025-07-31;Investimento no exterior;16.93
CLASSES - FIF;34.081.223/0001-42;;IBIUNA LONG SHORT RED FIF - CIC MULTIMERCADO - RESPONSABILIDADE LIMITADA;2025-07-31;Operações compromissadas lastreadas em títulos públicos federais;9.26
CLASSES - FIF;34.081.223/0001-42;;IBIUNA LONG SHORT RED FIF - CIC MULTIMERCADO - RESPONSABILIDADE LIMITADA;2025-07-31;Títulos públicos federais;59.67
CLASSES - FIF;34.081.230/0001-44;;BAHIA AM LONG BIASED E FIF - CIC MULTIMERCADO - RESPONSABILIDADE LIMITADA;2025-07-31;Ações;69.36
CLASSES - FIF;34.081.230/0001-44;;BAHIA AM LONG BIASED E FIF - CIC MULTIMERCADO - RESPONSABILIDADE LIMITADA;2025-07-31;Derivativos;20.89
CLASSES - FIF;34.081.230/0001-44;;BAHIA AM LONG BIASED E FIF - CIC MULTIMERCADO - RESPONSABILIDADE LIMITADA;2025-07-31;Investimento no exterior;17.69
CLASSES - FIF;34.081.230/0001-44;;BAHIA AM LONG BIASED E FIF - CIC MULTIMERCADO - RESPONSABILIDADE LIMITADA;2025-07-31;Operações compromissadas lastreadas em títulos públicos federais;30.90
CLASSES - FIF;34.081.230/0001-44;;BAHIA AM LONG BIASED E FIF - CIC MULTIMERCADO - RESPONSABILIDADE LIMITADA;2025-07-31;Títulos públicos federais;29.97
CLASSES - FIF;34.081.246/0001-57;;BAHIA AM LONG BIASED RED FIF - CIC MULTIMERCADO - RESPONSABILIDADE LIMITADA;2025-07-31;Ações;69.51
CLASSES - FIF;34.081.246/0001-57;;BAHIA AM LONG BIASED RED FIF - CIC MULTIMERCADO - RESPONSABILIDADE LIMITADA;2025-07-31;Derivativos;20.94
CLASSES - FIF;34.081.246/0001-57;;BAHIA AM LONG BIASED RED FIF - CIC MULTIMERCADO - RESPONSABILIDADE LIMITADA;2025-07-31;Investimento no exterior;17.73
CLASSES - FIF;34.081.246/0001-57;;BAHIA AM LONG BIASED RED FIF - CIC MULTIMERCADO - RESPONSABILIDADE LIMITADA;2025-07-31;Operações compromissadas lastreadas em títulos públicos federais;30.89
CLASSES - FIF;34.081.246/0001-57;;BAHIA AM LONG BIASED RED FIF - CIC MULTIMERCADO - RESPONSABILIDADE LIMITADA;2025-07-31;Títulos públicos federais;30.04
CLASSES - FIF;34.109.613/0001-83;;BRADESCO ALOCAÇÃO ARROJADA ÁGORA FC - CIC MULT - RESP LIMITADA;2025-07-31;Cotas de fundos de investimento 409;79.36
CLASSES - FIF;34.109.613/0001-83;;BRADESCO ALOCAÇÃO ARROJADA ÁGORA FC - CIC MULT - RESP LIMITADA;2025-07-31;Operações compromissadas lastreadas em títulos públicos federais;6.00
CLASSES - FIF;34.109.613/0001-83;;BRADESCO ALOCAÇÃO ARROJADA ÁGORA FC - CIC MULT - RESP LIMITADA;2025-07-31;Títulos públicos federais;14.55
CLASSES - FIF;34.109.625/0001-08;;BRADESCO ÁGORA BDR NÍVEL I - FIF -  CIC EM AÇÕES - RESPONSABILIDADE LIMITADA.;2025-07-31;Ações;65.57
CLASSES - FIF;34.109.625/0001-08;;BRADESCO ÁGORA BDR NÍVEL I - FIF -  CIC EM AÇÕES - RESPONSABILIDADE LIMITADA.;2025-07-31;Cotas de fundos de investimento 409;16.85
CLASSES - FIF;34.109.625/0001-08;;BRADESCO ÁGORA BDR NÍVEL I - FIF -  CIC EM AÇÕES - RESPONSABILIDADE LIMITADA.;2025-07-31;Investimento no exterior;16.66
CLASSES - FIF;34.109.625/0001-08;;BRADESCO ÁGORA BDR NÍVEL I - FIF -  CIC EM AÇÕES - RESPONSABILIDADE LIMITADA.;2025-07-31;Operações compromissadas lastreadas em títulos públicos federais;1.15
CLASSES - FIF;34.109.636/0001-98;;BRADESCO ALOCAÇÃO MODERADA ÁGORA FC - CIC MULT - RESP LIMITADA;2025-07-31;Cotas de fundos de investimento 409;7.04
CLASSES - FIF;34.109.636/0001-98;;BRADESCO ALOCAÇÃO MODERADA ÁGORA FC - CIC MULT - RESP LIMITADA;2025-07-31;Derivativos;13.29
CLASSES - FIF;34.109.636/0001-98;;BRADESCO ALOCAÇÃO MODERADA ÁGORA FC - CIC MULT - RESP LIMITADA;2025-07-31;Operações compromissadas lastreadas em títulos públicos federais;21.70
CLASSES - FIF;34.109.636/0001-98;;BRADESCO ALOCAÇÃO MODERADA ÁGORA FC - CIC MULT - RESP LIMITADA;2025-07-31;Títulos públicos federais;71.09
CLASSES - FIF;34.109.644/0001-34;;BRADESCO ALOCAÇÃO DINÂMICA ÁGORA FIF -  CIC MULTIMERCADO - RESPONSABILIDADE LIMITADA;2025-07-31;Cotas de fundos de investimento 409;66.95
CLASSES - FIF;34.109.644/0001-34;;BRADESCO ALOCAÇÃO DINÂMICA ÁGORA FIF -  CIC MULTIMERCADO - RESPONSABILIDADE LIMITADA;2025-07-31;Operações compromissadas lastreadas em títulos públicos federais;9.66
CLASSES - FIF;34.109.644/0001-34;;BRADESCO ALOCAÇÃO DINÂMICA ÁGORA FIF -  CIC MULTIMERCADO - RESPONSABILIDADE LIMITADA;2025-07-31;Títulos públicos federais;23.42
CLASSES - FIF;34.109.663/0001-60;;ÁGORA DIVIDENDOS INDEX FIF - CLASSE DE INVESTIMENTO EM AÇÕES - RESP LIMITADA;2025-07-31;Ações;97.49
CLASSES - FIF;34.109.663/0001-60;;ÁGORA DIVIDENDOS INDEX FIF - CLASSE DE INVESTIMENTO EM AÇÕES - RESP LIMITADA;2025-07-31;Derivativos;2.41
CLASSES - FIF;34.109.663/0001-60;;ÁGORA DIVIDENDOS INDEX FIF - CLASSE DE INVESTIMENTO EM AÇÕES - RESP LIMITADA;2025-07-31;Operações compromissadas lastreadas em títulos públicos federais;0.50
CLASSES - FIF;34.109.668/0001-93;;ÁGORA TOP 10 INDEX FIF - CLASSE DE INVESTIMENTO AÇÕES - RESPONSABILIDADE LIMITADA;2025-07-31;Ações;98.81
CLASSES - FIF;34.109.668/0001-93;;ÁGORA TOP 10 INDEX FIF - CLASSE DE INVESTIMENTO AÇÕES - RESPONSABILIDADE LIMITADA;2025-07-31;Derivativos;1.10
CLASSES - FIF;34.109.668/0001-93;;ÁGORA TOP 10 INDEX FIF - CLASSE DE INVESTIMENTO AÇÕES - RESPONSABILIDADE LIMITADA;2025-07-31;Operações compromissadas lastreadas em títulos públicos federais;0.37
CLASSES - FIF;34.109.677/0001-84;;ÁGORA SMALL CAPS INDEX FIF - CLASSE DE INVESTIMENTO AÇÕES - RESPONSABILIDADE LIMITADA;2025-07-31;Ações;98.90
CLASSES - FIF;34.109.677/0001-84;;ÁGORA SMALL CAPS INDEX FIF - CLASSE DE INVESTIMENTO AÇÕES - RESPONSABILIDADE LIMITADA;2025-07-31;Derivativos;1.03
CLASSES - FIF;34.109.677/0001-84;;ÁGORA SMALL CAPS INDEX FIF - CLASSE DE INVESTIMENTO AÇÕES - RESPONSABILIDADE LIMITADA;2025-07-31;Operações compromissadas lastreadas em títulos públicos federais;0.46
CLASSES - FIF;34.109.690/0001-33;;ÁGORA ARROJADA INDEX FIF -CLASSE DE INVESTIMENTO AÇÕES - RESPONSABILIDADE LIMITADA;2025-07-31;Ações;98.92
CLASSES - FIF;34.109.690/0001-33;;ÁGORA ARROJADA INDEX FIF -CLASSE DE INVESTIMENTO AÇÕES - RESPONSABILIDADE LIMITADA;2025-07-31;Derivativos;1.02
CLASSES - FIF;34.109.690/0001-33;;ÁGORA ARROJADA INDEX FIF -CLASSE DE INVESTIMENTO AÇÕES - RESPONSABILIDADE LIMITADA;2025-07-31;Operações compromissadas lastreadas em títulos públicos federais;0.37
CLASSES - FIF;34.109.756/0001-95;;CONEXÃO AZ QUEST ALTRO FIF - CLASSE DE INVESTIMENTO EM COTAS MULT CRÉDITO PRIVADO - RESP LIMITADA;2025-07-31;Cotas de fundos de investimento 409;99.78
CLASSES - FIF;34.109.756/0001-95;;CONEXÃO AZ QUEST ALTRO FIF - CLASSE DE INVESTIMENTO EM COTAS MULT CRÉDITO PRIVADO - RESP LIMITADA;2025-07-31;Operações compromissadas lastreadas em títulos públicos federais;0.15
CLASSES - FIF;34.109.756/0001-95;;CONEXÃO AZ QUEST ALTRO FIF - CLASSE DE INVESTIMENTO EM COTAS MULT CRÉDITO PRIVADO - RESP LIMITADA;2025-07-31;Títulos públicos federais;0.42
CLASSES - FIF;34.109.764/0001-31;;CONEXÃO AZ QUEST TOP LONG BIASED FIF - CIC AÇÕES - RESPONSABILIDADE LIMITADA;2025-07-31;Cotas de fundos de investimento 409;98.39
CLASSES - FIF;34.109.764/0001-31;;CONEXÃO AZ QUEST TOP LONG BIASED FIF - CIC AÇÕES - RESPONSABILIDADE LIMITADA;2025-07-31;Operações compromissadas lastreadas em títulos públicos federais;0.23
CLASSES - FIF;34.109.764/0001-31;;CONEXÃO AZ QUEST TOP LONG BIASED FIF - CIC AÇÕES - RESPONSABILIDADE LIMITADA;2025-07-31;Títulos públicos federais;0.63
CLASSES - FIF;34.109.771/0001-33;;BRADESCO AZ QUEST TOP LONG BIASED FIF - CLASSE DE INVESTIMENTO EM COTAS DE AÇÕES - RESP LIMITADA;2025-07-31;Cotas de fundos de investimento 409;99.68
CLASSES - FIF;34.109.771/0001-33;;BRADESCO AZ QUEST TOP LONG BIASED FIF - CLASSE DE INVESTIMENTO EM COTAS DE AÇÕES - RESP LIMITADA;2025-07-31;Operações compromissadas lastreadas em títulos públicos federais;0.07
CLASSES - FIF;34.109.771/0001-33;;BRADESCO AZ QUEST TOP LONG BIASED FIF - CLASSE DE INVESTIMENTO EM COTAS DE AÇÕES - RESP LIMITADA;2025-07-31;Títulos públicos federais;0.20
CLASSES - FIF;34.109.794/0001-48;;CONEXÃO GLOBAL STOCK INDEX FIF - CIC DE AÇÕES - RESPONSABILIDADE LIMITADA;2025-07-31;Investimento no exterior;99.83
CLASSES - FIF;34.109.809/0001-78;;BRADESCO ZUPO FI FINANCEIRO - CIC RF CRED PRIV LP - RESP LIMITADA;2025-07-31;Cotas de fundos de investimento 409;5.44
CLASSES - FIF;34.109.809/0001-78;;BRADESCO ZUPO FI FINANCEIRO - CIC RF CRED PRIV LP - RESP LIMITADA;2025-07-31;Depósitos a prazo e outros títulos de instituições financeiras;30.92
CLASSES - FIF;34.109.809/0001-78;;BRADESCO ZUPO FI FINANCEIRO - CIC RF CRED PRIV LP - RESP LIMITADA;2025-07-31;Operações compromissadas lastreadas em títulos públicos federais;23.69
CLASSES - FIF;34.109.809/0001-78;;BRADESCO ZUPO FI FINANCEIRO - CIC RF CRED PRIV LP - RESP LIMITADA;2025-07-31;Títulos de crédito privado;39.32
CLASSES - FIF;34.109.809/0001-78;;BRADESCO ZUPO FI FINANCEIRO - CIC RF CRED PRIV LP - RESP LIMITADA;2025-07-31;Títulos públicos federais;0.84
CLASSES - FIF;34.109.825/0001-60;;BRADESCO EMPRESARIAL PLUS FI FINANCEIRO - CIC RF CRED PRIV - RESP LIMITADA;2025-07-31;Cotas de fundos de investimento 409;100.02
CLASSES - FIF;34.109.838/0001-30;;BRASIL CAPITAL 30 ÁGORA FIF - CLASSE DE INVESTIMENTO EM COTAS DE AÇÕES - RESP LIMITADA;2025-07-31;Cotas de fundos de investimento 409;99.28
CLASSES - FIF;34.109.838/0001-30;;BRASIL CAPITAL 30 ÁGORA FIF - CLASSE DE INVESTIMENTO EM COTAS DE AÇÕES - RESP LIMITADA;2025-07-31;Operações compromissadas lastreadas em títulos públicos federais;0.12
CLASSES - FIF;34.109.838/0001-30;;BRASIL CAPITAL 30 ÁGORA FIF - CLASSE DE INVESTIMENTO EM COTAS DE AÇÕES - RESP LIMITADA;2025-07-31;Títulos públicos federais;0.32
CLASSES - FIF;34.109.840/0001-09;;BRADESCO BRASIL CAPITAL 30 FIF - CLASSE DE INVESTIMENTO EM COTAS AÇÕES - RESP LIMITADA;2025-07-31;Cotas de fundos de investimento 409;99.39
CLASSES - FIF;34.109.840/0001-09;;BRADESCO BRASIL CAPITAL 30 FIF - CLASSE DE INVESTIMENTO EM COTAS AÇÕES - RESP LIMITADA;2025-07-31;Operações compromissadas lastreadas em títulos públicos federais;0.14
CLASSES - FIF;34.109.840/0001-09;;BRADESCO BRASIL CAPITAL 30 FIF - CLASSE DE INVESTIMENTO EM COTAS AÇÕES - RESP LIMITADA;2025-07-31;Títulos públicos federais;0.37
CLASSES - FIF;34.109.912/0001-18;;BRADESCO EQUITAS SELECTION FIF - CLASSE DE INVESTIMENTO EM COTAS DE AÇÕES - RESP LIMITADA;2025-07-31;Cotas de fundos de investimento 409;99.44
CLASSES - FIF;34.109.912/0001-18;;BRADESCO EQUITAS SELECTION FIF - CLASSE DE INVESTIMENTO EM COTAS DE AÇÕES - RESP LIMITADA;2025-07-31;Operações compromissadas lastreadas em títulos públicos federais;0.15
CLASSES - FIF;34.109.912/0001-18;;BRADESCO EQUITAS SELECTION FIF - CLASSE DE INVESTIMENTO EM COTAS DE AÇÕES - RESP LIMITADA;2025-07-31;Títulos públicos federais;0.40
CLASSES - FIF;34.109.921/0001-09;;CONEXÃO EQUITAS SELECTION FIF - CLASSE DE INVESTIMENTO EM COTAS DE AÇÕES - RESP LIMITADA;2025-07-31;Cotas de fundos de investimento 409;99.52
CLASSES - FIF;34.109.921/0001-09;;CONEXÃO EQUITAS SELECTION FIF - CLASSE DE INVESTIMENTO EM COTAS DE AÇÕES - RESP LIMITADA;2025-07-31;Operações compromissadas lastreadas em títulos públicos federais;0.09
CLASSES - FIF;34.109.921/0001-09;;CONEXÃO EQUITAS SELECTION FIF - CLASSE DE INVESTIMENTO EM COTAS DE AÇÕES - RESP LIMITADA;2025-07-31;Títulos públicos federais;0.25
CLASSES - FIF;34.109.945/0001-68;;BRADESCO CONSTELLATION FIF - CIC DE AÇÕES - RESPONSABILIDADE LIMITADA;2025-07-31;Cotas de fundos de investimento 409;100.14
CLASSES - FIF;34.109.945/0001-68;;BRADESCO CONSTELLATION FIF - CIC DE AÇÕES - RESPONSABILIDADE LIMITADA;2025-07-31;Operações compromissadas lastreadas em títulos públicos federais;0.26
CLASSES - FIF;34.109.945/0001-68;;BRADESCO CONSTELLATION FIF - CIC DE AÇÕES - RESPONSABILIDADE LIMITADA;2025-07-31;Títulos públicos federais;0.71
CLASSES - FIF;34.109.948/0001-00;;CONEXÃO CONSTELLATION FIF - CLASSE DE INVESTIMENTO EM COTAS DE AÇÕES - RESP LIMITADA;2025-07-31;Cotas de fundos de investimento 409;99.58
CLASSES - FIF;34.109.948/0001-00;;CONEXÃO CONSTELLATION FIF - CLASSE DE INVESTIMENTO EM COTAS DE AÇÕES - RESP LIMITADA;2025-07-31;Operações compromissadas lastreadas em títulos públicos federais;0.10
CLASSES - FIF;34.109.948/0001-00;;CONEXÃO CONSTELLATION FIF - CLASSE DE INVESTIMENTO EM COTAS DE AÇÕES - RESP LIMITADA;2025-07-31;Títulos públicos federais;0.25
CLASSES - FIF;34.109.961/0001-50;;BRADESCO BLACKROCK GLOBAL BOND INCOME FIF - CIC MULTIMERCADO - RESP LIMITADA;2025-07-31;Cotas de fundos de investimento 409;99.13
CLASSES - FIF;34.109.961/0001-50;;BRADESCO BLACKROCK GLOBAL BOND INCOME FIF - CIC MULTIMERCADO - RESP LIMITADA;2025-07-31;Operações compromissadas lastreadas em títulos públicos federais;0.10
CLASSES - FIF;34.109.961/0001-50;;BRADESCO BLACKROCK GLOBAL BOND INCOME FIF - CIC MULTIMERCADO - RESP LIMITADA;2025-07-31;Títulos públicos federais;0.27
CLASSES - FIF;34.123.524/0001-91;;BRADESCO KIRON FIF - CLASSE DE INVESTIMENTO EM COTAS AÇÕES - RESP LIMITADA;2025-07-31;Cotas de fundos de investimento 409;98.73
CLASSES - FIF;34.123.524/0001-91;;BRADESCO KIRON FIF - CLASSE DE INVESTIMENTO EM COTAS AÇÕES - RESP LIMITADA;2025-07-31;Operações compromissadas lastreadas em títulos públicos federais;0.21
CLASSES - FIF;34.123.524/0001-91;;BRADESCO KIRON FIF - CLASSE DE INVESTIMENTO EM COTAS AÇÕES - RESP LIMITADA;2025-07-31;Títulos públicos federais;0.56
CLASSES - FIF;34.123.529/0001-14;;BRADESCO ESTRATÉGIA CRESCIMENTO FIF - CLASSE DE INVESTIMENTO EM COTAS AÇÕES - RESP LIMITADA;2025-07-31;Ações;88.53
CLASSES - FIF;34.123.529/0001-14;;BRADESCO ESTRATÉGIA CRESCIMENTO FIF - CLASSE DE INVESTIMENTO EM COTAS AÇÕES - RESP LIMITADA;2025-07-31;Derivativos;0.09
CLASSES - FIF;34.123.529/0001-14;;BRADESCO ESTRATÉGIA CRESCIMENTO FIF - CLASSE DE INVESTIMENTO EM COTAS AÇÕES - RESP LIMITADA;2025-07-31;Operações compromissadas lastreadas em títulos públicos federais;10.42
CLASSES - FIF;34.123.534/0001-27;;BRADESCO SEQUOIA SELEÇÃO FIF - CLASSE DE INVESTIMENTO EM COTAS AÇÕES - RESP LIMITADA;2025-07-31;Ações;88.57
CLASSES - FIF;34.123.534/0001-27;;BRADESCO SEQUOIA SELEÇÃO FIF - CLASSE DE INVESTIMENTO EM COTAS AÇÕES - RESP LIMITADA;2025-07-31;Derivativos;0.09
CLASSES - FIF;34.123.534/0001-27;;BRADESCO SEQUOIA SELEÇÃO FIF - CLASSE DE INVESTIMENTO EM COTAS AÇÕES - RESP LIMITADA;2025-07-31;Operações compromissadas lastreadas em títulos públicos federais;10.42
CLASSES - FIF;34.475.217/0001-70;;BRASIL CAPITAL STB FIF - CLASSE DE INVESTIMENTO EM COTAS DE AÇÕES - RESP LIMITADA;2025-07-31;Ações;93.21
CLASSES - FIF;34.475.217/0001-70;;BRASIL CAPITAL STB FIF - CLASSE DE INVESTIMENTO EM COTAS DE AÇÕES - RESP LIMITADA;2025-07-31;Cotas de fundos de investimento 409;1.32
CLASSES - FIF;34.475.217/0001-70;;BRASIL CAPITAL STB FIF - CLASSE DE INVESTIMENTO EM COTAS DE AÇÕES - RESP LIMITADA;2025-07-31;Derivativos;-1.28
CLASSES - FIF;34.475.217/0001-70;;BRASIL CAPITAL STB FIF - CLASSE DE INVESTIMENTO EM COTAS DE AÇÕES - RESP LIMITADA;2025-07-31;Investimento no exterior;5.03
CLASSES - FIF;34.475.217/0001-70;;BRASIL CAPITAL STB FIF - CLASSE DE INVESTIMENTO EM COTAS DE AÇÕES - RESP LIMITADA;2025-07-31;Operações compromissadas lastreadas em títulos públicos federais;0.73
CLASSES - FIF;34.475.424/0001-24;;TREND INFLAÇÃO GERAL FUNDO DE INVESTIMENTO EM RENDA FIXA RESPONSABILIDADE LIMITADA;2025-07-31;Derivativos;0.01
CLASSES - FIF;34.475.424/0001-24;;TREND INFLAÇÃO GERAL FUNDO DE INVESTIMENTO EM RENDA FIXA RESPONSABILIDADE LIMITADA;2025-07-31;Operações compromissadas lastreadas em títulos públicos federais;0.32
CLASSES - FIF;34.475.424/0001-24;;TREND INFLAÇÃO GERAL FUNDO DE INVESTIMENTO EM RENDA FIXA RESPONSABILIDADE LIMITADA;2025-07-31;Títulos públicos federais;99.75
CLASSES - FIF;34.525.051/0001-59;;SULAMÉRICA CRÉDITO INSTITUCIONAL ESG FIF RF CRED PRIV LONGO PRAZO IS - RESP LIMITADA;2025-07-31;Cotas de fundos de investimento 409;3.73
CLASSES - FIF;34.525.051/0001-59;;SULAMÉRICA CRÉDITO INSTITUCIONAL ESG FIF RF CRED PRIV LONGO PRAZO IS - RESP LIMITADA;2025-07-31;Depósitos a prazo e outros títulos de instituições financeiras;40.26
CLASSES - FIF;34.525.051/0001-59;;SULAMÉRICA CRÉDITO INSTITUCIONAL ESG FIF RF CRED PRIV LONGO PRAZO IS - RESP LIMITADA;2025-07-31;Operações compromissadas lastreadas em títulos públicos federais;18.18
CLASSES - FIF;34.525.051/0001-59;;SULAMÉRICA CRÉDITO INSTITUCIONAL ESG FIF RF CRED PRIV LONGO PRAZO IS - RESP LIMITADA;2025-07-31;Outras aplicações;0.06
CLASSES - FIF;34.525.051/0001-59;;SULAMÉRICA CRÉDITO INSTITUCIONAL ESG FIF RF CRED PRIV LONGO PRAZO IS - RESP LIMITADA;2025-07-31;Títulos de crédito privado;37.84
CLASSES - FIF;34.525.068/0001-06;;SUL AMÉRICA SELECTION FIF - CLASSE DE INVESTIMENTO EM COTAS EM AÇÕES - RESP LIMITADA;2025-07-31;Ações;94.85
CLASSES - FIF;34.525.068/0001-06;;SUL AMÉRICA SELECTION FIF - CLASSE DE INVESTIMENTO EM COTAS EM AÇÕES - RESP LIMITADA;2025-07-31;Operações compromissadas lastreadas em títulos públicos federais;7.79
FI;34.617.291/0001-83;;INTER SELECTION MACRO FUNDO DE INVESTIMENTO FINANCEIRO RENDA FIXA RESPONSABILIDADE LIMITADA;2025-07-31;Cotas de Fundos de Investimento 555;96.99
FI;34.617.291/0001-83;;INTER SELECTION MACRO FUNDO DE INVESTIMENTO FINANCEIRO RENDA FIXA RESPONSABILIDADE LIMITADA;2025-07-31;Operações Compromissadas Lastreadas em Títulos Públicos Federais;3.14
CLASSES - FIF;34.626.178/0001-64;;ENTERCAPITAL TURING FI FINANCEIRO - CI MULT - RESP LIMITADA;2025-07-31;Ações;26.69
CLASSES - FIF;34.626.178/0001-64;;ENTERCAPITAL TURING FI FINANCEIRO - CI MULT - RESP LIMITADA;2025-07-31;Cotas de fundos de investimento 409;2.14
CLASSES - FIF;34.626.178/0001-64;;ENTERCAPITAL TURING FI FINANCEIRO - CI MULT - RESP LIMITADA;2025-07-31;Derivativos;-289.82
CLASSES - FIF;34.626.178/0001-64;;ENTERCAPITAL TURING FI FINANCEIRO - CI MULT - RESP LIMITADA;2025-07-31;Operações compromissadas lastreadas em títulos públicos federais;37.17
CLASSES - FIF;34.626.178/0001-64;;ENTERCAPITAL TURING FI FINANCEIRO - CI MULT - RESP LIMITADA;2025-07-31;Títulos públicos federais;54.96
CLASSES - FIF;34.626.199/0001-80;;ENTERCAPITAL TURING FI FINANCEIRO - CIC MULT - RESP LIMITADA;2025-07-31;Ações;26.46
CLASSES - FIF;34.626.199/0001-80;;ENTERCAPITAL TURING FI FINANCEIRO - CIC MULT - RESP LIMITADA;2025-07-31;Cotas de fundos de investimento 409;2.12
CLASSES - FIF;34.626.199/0001-80;;ENTERCAPITAL TURING FI FINANCEIRO - CIC MULT - RESP LIMITADA;2025-07-31;Derivativos;-287.28
CLASSES - FIF;34.626.199/0001-80;;ENTERCAPITAL TURING FI FINANCEIRO - CIC MULT - RESP LIMITADA;2025-07-31;Operações compromissadas lastreadas em títulos públicos federais;38.27
CLASSES - FIF;34.626.199/0001-80;;ENTERCAPITAL TURING FI FINANCEIRO - CIC MULT - RESP LIMITADA;2025-07-31;Títulos públicos federais;54.48
CLASSES - FIF;34.633.357/0001-29;;BRAM MULTI-ÍNDICES II FI FINANCEIRO - CI RF LP - RESP LIMITADA;2025-07-31;Derivativos;0.86
CLASSES - FIF;34.633.357/0001-29;;BRAM MULTI-ÍNDICES II FI FINANCEIRO - CI RF LP - RESP LIMITADA;2025-07-31;Operações compromissadas lastreadas em títulos públicos federais;28.27
CLASSES - FIF;34.633.357/0001-29;;BRAM MULTI-ÍNDICES II FI FINANCEIRO - CI RF LP - RESP LIMITADA;2025-07-31;Títulos públicos federais;71.59
CLASSES - FIF;34.644.314/0001-49;;INDIE FIFE PREVIDÊNCIA FI FINANCEIRO - CI MULT - RESP LIMITADA;2025-07-31;Ações;97.61
CLASSES - FIF;34.644.314/0001-49;;INDIE FIFE PREVIDÊNCIA FI FINANCEIRO - CI MULT - RESP LIMITADA;2025-07-31;Operações compromissadas lastreadas em títulos públicos federais;1.75
CLASSES - FIF;34.658.753/0001-00;;DAYCOVAL BOLSA AMERICANA USD BDR-AÇÕES FUNDO DE  INVESTIMENTO FINANCEIRO;2025-07-31;Derivativos;0.02
CLASSES - FIF;34.658.753/0001-00;;DAYCOVAL BOLSA AMERICANA USD BDR-AÇÕES FUNDO DE  INVESTIMENTO FINANCEIRO;2025-07-31;Operações Compromissadas Lastreadas em Títulos Públicos Federais;1.60
CLASSES - FIF;34.658.753/0001-00;;DAYCOVAL BOLSA AMERICANA USD BDR-AÇÕES FUNDO DE  INVESTIMENTO FINANCEIRO;2025-07-31;Outras Aplicações;0.26
CLASSES - FIF;34.658.753/0001-00;;DAYCOVAL BOLSA AMERICANA USD BDR-AÇÕES FUNDO DE  INVESTIMENTO FINANCEIRO;2025-07-31;Outras Cotas de Fundos de Investimento;9.99
CLASSES - FIF;34.658.789/0001-94;;DAYCOVAL TÍTULOS PUBLICOS I FUNDO DE INVESTIMENTO FINANCEIRO;2025-07-31;Operações Compromissadas Lastreadas em Títulos Públicos Federais;26.32
CLASSES - FIF;34.658.789/0001-94;;DAYCOVAL TÍTULOS PUBLICOS I FUNDO DE INVESTIMENTO FINANCEIRO;2025-07-31;Outras Aplicações;0.00
CLASSES - FIF;34.658.789/0001-94;;DAYCOVAL TÍTULOS PUBLICOS I FUNDO DE INVESTIMENTO FINANCEIRO;2025-07-31;Títulos Públicos Federais;73.69
CLASSES - FIF;34.658.859/0001-04;;DAYCOVAL TITULOS PUBLICOS II FUNDO DE INVESTIMENTO FINANCEIRO;2025-07-31;Operações Compromissadas Lastreadas em Títulos Públicos Federais;30.20
CLASSES - FIF;34.658.859/0001-04;;DAYCOVAL TITULOS PUBLICOS II FUNDO DE INVESTIMENTO FINANCEIRO;2025-07-31;Outras Aplicações;0.00
CLASSES - FIF;34.658.859/0001-04;;DAYCOVAL TITULOS PUBLICOS II FUNDO DE INVESTIMENTO FINANCEIRO;2025-07-31;Títulos Públicos Federais;69.80
CLASSES - FIF;34.659.901/0001-01;;NAVI INSTITUCIONAL II FI FINANCEIRO - CIC EM AÇÕES - RESP LIMITADA;2025-07-31;Ações;89.83
CLASSES - FIF;34.659.901/0001-01;;NAVI INSTITUCIONAL II FI FINANCEIRO - CIC EM AÇÕES - RESP LIMITADA;2025-07-31;Derivativos;1.70
CLASSES - FIF;34.659.901/0001-01;;NAVI INSTITUCIONAL II FI FINANCEIRO - CIC EM AÇÕES - RESP LIMITADA;2025-07-31;Operações compromissadas lastreadas em títulos públicos federais;10.13
CLASSES - FIF;34.691.579/0001-06;;TUCHE ONE FUNDO DE INVESTIMENTO MULTIMERCADO CRÉDITO PRIVADO;2025-07-31;Acões;17.79
CLASSES - FIF;34.691.579/0001-06;;TUCHE ONE FUNDO DE INVESTIMENTO MULTIMERCADO CRÉDITO PRIVADO;2025-07-31;Cotas de Fundos de Investimento 555;0.00
CLASSES - FIF;34.691.579/0001-06;;TUCHE ONE FUNDO DE INVESTIMENTO MULTIMERCADO CRÉDITO PRIVADO;2025-07-31;Depósito a prazo e outros títulos de instituições financeiras;7.61
CLASSES - FIF;34.691.579/0001-06;;TUCHE ONE FUNDO DE INVESTIMENTO MULTIMERCADO CRÉDITO PRIVADO;2025-07-31;Operacões compromissadas lastreadas em títulos privados;0.00
CLASSES - FIF;34.691.579/0001-06;;TUCHE ONE FUNDO DE INVESTIMENTO MULTIMERCADO CRÉDITO PRIVADO;2025-07-31;Títulos Públicos federais;74.60
CLASSES - FIF;34.713.026/0001-07;;TARPON INTERSECTION FUNDO DE INVESTIMENTO FINANCEIRO;2025-07-31;Ações;78.71
CLASSES - FIF;34.713.026/0001-07;;TARPON INTERSECTION FUNDO DE INVESTIMENTO FINANCEIRO;2025-07-31;Cotas de Fundos de Investimento 409;6.23
CLASSES - FIF;34.713.026/0001-07;;TARPON INTERSECTION FUNDO DE INVESTIMENTO FINANCEIRO;2025-07-31;Outras Aplicações;0.44
CLASSES - FIF;34.713.026/0001-07;;TARPON INTERSECTION FUNDO DE INVESTIMENTO FINANCEIRO;2025-07-31;Outras Cotas de Fundos de Investimento;16.14
CLASSES - FIF;34.713.026/0001-07;;TARPON INTERSECTION FUNDO DE INVESTIMENTO FINANCEIRO;2025-07-31;Títulos Públicos Federais;0.00
CLASSES - FIF;34.790.765/0001-94;;NAVI CRUISE MÉTODO FI FINANCEIRO - CIC EM AÇÕES - RESP LIMITADA;2025-07-31;Ações;83.22
CLASSES - FIF;34.790.765/0001-94;;NAVI CRUISE MÉTODO FI FINANCEIRO - CIC EM AÇÕES - RESP LIMITADA;2025-07-31;Derivativos;1.60
CLASSES - FIF;34.790.765/0001-94;;NAVI CRUISE MÉTODO FI FINANCEIRO - CIC EM AÇÕES - RESP LIMITADA;2025-07-31;Investimento no exterior;6.70
CLASSES - FIF;34.790.765/0001-94;;NAVI CRUISE MÉTODO FI FINANCEIRO - CIC EM AÇÕES - RESP LIMITADA;2025-07-31;Operações compromissadas lastreadas em títulos públicos federais;9.71
CLASSES - FIF;34.790.765/0001-94;;NAVI CRUISE MÉTODO FI FINANCEIRO - CIC EM AÇÕES - RESP LIMITADA;2025-07-31;Títulos públicos federais;0.06
CLASSES - FIF;34.791.421/0001-08;;NAVI CRUISE MASTER FI FINANCEIRO - CIA - RESP LIMITADA;2025-07-31;Ações;83.22
CLASSES - FIF;34.791.421/0001-08;;NAVI CRUISE MASTER FI FINANCEIRO - CIA - RESP LIMITADA;2025-07-31;Derivativos;1.60
CLASSES - FIF;34.791.421/0001-08;;NAVI CRUISE MASTER FI FINANCEIRO - CIA - RESP LIMITADA;2025-07-31;Investimento no exterior;6.70
CLASSES - FIF;34.791.421/0001-08;;NAVI CRUISE MASTER FI FINANCEIRO - CIA - RESP LIMITADA;2025-07-31;Operações compromissadas lastreadas em títulos públicos federais;9.47
CLASSES - FIF;34.791.421/0001-08;;NAVI CRUISE MASTER FI FINANCEIRO - CIA - RESP LIMITADA;2025-07-31;Títulos públicos federais;0.06
CLASSES - FIF;34.791.444/0001-04;;NAVI CRUISE FI FINANCEIRO - CIC EM AÇÕES - RESP LIMITADA;2025-07-31;Ações;83.23
CLASSES - FIF;34.791.444/0001-04;;NAVI CRUISE FI FINANCEIRO - CIC EM AÇÕES - RESP LIMITADA;2025-07-31;Derivativos;1.60
CLASSES - FIF;34.791.444/0001-04;;NAVI CRUISE FI FINANCEIRO - CIC EM AÇÕES - RESP LIMITADA;2025-07-31;Investimento no exterior;6.70
CLASSES - FIF;34.791.444/0001-04;;NAVI CRUISE FI FINANCEIRO - CIC EM AÇÕES - RESP LIMITADA;2025-07-31;Operações compromissadas lastreadas em títulos públicos federais;10.25
CLASSES - FIF;34.791.444/0001-04;;NAVI CRUISE FI FINANCEIRO - CIC EM AÇÕES - RESP LIMITADA;2025-07-31;Títulos públicos federais;0.06
CLASSES - FIF;34.791.820/0001-60;;BRAM CRESCIMENTO FI FINANCEIRO - CIA - RESP LIMITADA;2025-07-31;Ações;88.46
CLASSES - FIF;34.791.820/0001-60;;BRAM CRESCIMENTO FI FINANCEIRO - CIA - RESP LIMITADA;2025-07-31;Derivativos;0.09
CLASSES - FIF;34.791.820/0001-60;;BRAM CRESCIMENTO FI FINANCEIRO - CIA - RESP LIMITADA;2025-07-31;Operações compromissadas lastreadas em títulos públicos federais;10.41
CLASSES - FIF;34.792.842/0001-45;;ÁGORA ESMERALDA FI FINANCEIRO - CI MULT - RESP LIMITADA;2025-07-31;Ações;7.85
CLASSES - FIF;34.792.842/0001-45;;ÁGORA ESMERALDA FI FINANCEIRO - CI MULT - RESP LIMITADA;2025-07-31;Cotas de fundos de investimento 409;77.42
CLASSES - FIF;34.792.842/0001-45;;ÁGORA ESMERALDA FI FINANCEIRO - CI MULT - RESP LIMITADA;2025-07-31;Derivativos;-78.94
CLASSES - FIF;34.792.842/0001-45;;ÁGORA ESMERALDA FI FINANCEIRO - CI MULT - RESP LIMITADA;2025-07-31;Operações compromissadas lastreadas em títulos públicos federais;13.96
CLASSES - FIF;34.792.842/0001-45;;ÁGORA ESMERALDA FI FINANCEIRO - CI MULT - RESP LIMITADA;2025-07-31;Títulos públicos federais;0.67
CLASSES - FIF;34.793.078/0001-22;;NAVI CRUISE ADVISORY FC - CIC EM AÇÕES - RESP LIMITADA;2025-07-31;Ações;83.04
CLASSES - FIF;34.793.078/0001-22;;NAVI CRUISE ADVISORY FC - CIC EM AÇÕES - RESP LIMITADA;2025-07-31;Derivativos;1.60
CLASSES - FIF;34.793.078/0001-22;;NAVI CRUISE ADVISORY FC - CIC EM AÇÕES - RESP LIMITADA;2025-07-31;Investimento no exterior;6.68
CLASSES - FIF;34.793.078/0001-22;;NAVI CRUISE ADVISORY FC - CIC EM AÇÕES - RESP LIMITADA;2025-07-31;Operações compromissadas lastreadas em títulos públicos federais;9.65
CLASSES - FIF;34.793.078/0001-22;;NAVI CRUISE ADVISORY FC - CIC EM AÇÕES - RESP LIMITADA;2025-07-31;Títulos públicos federais;0.06
CLASSES - FIF;34.793.093/0001-70;;NAVI CRUISE A FIF - CLASSE DE COTAS DE INVESTIMENTO EM AÇÕES - RESP LIMITADA;2025-07-31;Ações;83.24
CLASSES - FIF;34.793.093/0001-70;;NAVI CRUISE A FIF - CLASSE DE COTAS DE INVESTIMENTO EM AÇÕES - RESP LIMITADA;2025-07-31;Derivativos;1.60
CLASSES - FIF;34.793.093/0001-70;;NAVI CRUISE A FIF - CLASSE DE COTAS DE INVESTIMENTO EM AÇÕES - RESP LIMITADA;2025-07-31;Investimento no exterior;6.70
CLASSES - FIF;34.793.093/0001-70;;NAVI CRUISE A FIF - CLASSE DE COTAS DE INVESTIMENTO EM AÇÕES - RESP LIMITADA;2025-07-31;Operações compromissadas lastreadas em títulos públicos federais;9.57
CLASSES - FIF;34.793.093/0001-70;;NAVI CRUISE A FIF - CLASSE DE COTAS DE INVESTIMENTO EM AÇÕES - RESP LIMITADA;2025-07-31;Títulos públicos federais;0.06
CLASSES - FIF;34.799.162/0001-53;;BOCOM BBM CORPORATE CREDIT FIF - CLASSE DE INVESTIMENTO RF CRED PRIV - RESP LIMITADA;2025-07-31;Cotas de fundos de investimento 409;1.62
CLASSES - FIF;34.799.162/0001-53;;BOCOM BBM CORPORATE CREDIT FIF - CLASSE DE INVESTIMENTO RF CRED PRIV - RESP LIMITADA;2025-07-31;Depósitos a prazo e outros títulos de instituições financeiras;38.31
CLASSES - FIF;34.799.162/0001-53;;BOCOM BBM CORPORATE CREDIT FIF - CLASSE DE INVESTIMENTO RF CRED PRIV - RESP LIMITADA;2025-07-31;Investimento no exterior;1.82
CLASSES - FIF;34.799.162/0001-53;;BOCOM BBM CORPORATE CREDIT FIF - CLASSE DE INVESTIMENTO RF CRED PRIV - RESP LIMITADA;2025-07-31;Operações compromissadas lastreadas em títulos públicos federais;15.54
CLASSES - FIF;34.799.162/0001-53;;BOCOM BBM CORPORATE CREDIT FIF - CLASSE DE INVESTIMENTO RF CRED PRIV - RESP LIMITADA;2025-07-31;Títulos de crédito privado;40.87
CLASSES - FIF;34.799.186/0001-02;;BOCOM BBM CORPORATE CREDIT FIF - CIC RF CRED PRIV - RESP LIMITADA;2025-07-31;Cotas de fundos de investimento 409;4.89
CLASSES - FIF;34.799.186/0001-02;;BOCOM BBM CORPORATE CREDIT FIF - CIC RF CRED PRIV - RESP LIMITADA;2025-07-31;Depósitos a prazo e outros títulos de instituições financeiras;38.33
CLASSES - FIF;34.799.186/0001-02;;BOCOM BBM CORPORATE CREDIT FIF - CIC RF CRED PRIV - RESP LIMITADA;2025-07-31;Operações compromissadas lastreadas em títulos públicos federais;15.29
CLASSES - FIF;34.799.186/0001-02;;BOCOM BBM CORPORATE CREDIT FIF - CIC RF CRED PRIV - RESP LIMITADA;2025-07-31;Títulos de crédito privado;40.89
CLASSES - FIF;34.799.186/0001-02;;BOCOM BBM CORPORATE CREDIT FIF - CIC RF CRED PRIV - RESP LIMITADA;2025-07-31;Títulos públicos federais;0.60
CLASSES - FIF;34.831.200/0001-08;;CSHG PORTFOLIO IBOVESPA PLUS FUNDO DE INVESTIMENTO EM COTAS DE FIF AÇÕES - RESPONSABILIDADE LIMITADA;2025-07-31;Outras Cotas de Fundos de Investimento;100.01
CLASSES - FIF;34.831.200/0001-08;;CSHG PORTFOLIO IBOVESPA PLUS FUNDO DE INVESTIMENTO EM COTAS DE FIF AÇÕES - RESPONSABILIDADE LIMITADA;2025-07-31;Outros;0.07
CLASSES - FIF;35.167.346/0001-63;;FUNDO DE INVESTIMENTO DE AÇÕES AUDAX;2025-07-31;Acões;70.45
CLASSES - FIF;35.167.346/0001-63;;FUNDO DE INVESTIMENTO DE AÇÕES AUDAX;2025-07-31;Derivativos;9.51
CLASSES - FIF;35.167.346/0001-63;;FUNDO DE INVESTIMENTO DE AÇÕES AUDAX;2025-07-31;Operacões compromissadas lastreadas em títulos privados;0.00
CLASSES - FIF;35.167.346/0001-63;;FUNDO DE INVESTIMENTO DE AÇÕES AUDAX;2025-07-31;Operacões compromissadas lastreadas em títulos públicos federais;19.67
CLASSES - FIF;35.167.346/0001-63;;FUNDO DE INVESTIMENTO DE AÇÕES AUDAX;2025-07-31;Outras Cotas de Fundos de Investimento;0.99
CLASSES - FIF;35.502.496/0001-86;;ESH PROSPERA FUNDO DE INVESTIMENTO EM AÇÕES;2025-07-31;Acões;98.51
CLASSES - FIF;35.502.496/0001-86;;ESH PROSPERA FUNDO DE INVESTIMENTO EM AÇÕES;2025-07-31;Depósito a prazo e outros títulos de instituições financeiras;0.23
CLASSES - FIF;35.502.496/0001-86;;ESH PROSPERA FUNDO DE INVESTIMENTO EM AÇÕES;2025-07-31;Operacões compromissadas lastreadas em títulos privados;0.00
CLASSES - FIF;35.502.496/0001-86;;ESH PROSPERA FUNDO DE INVESTIMENTO EM AÇÕES;2025-07-31;Operacões compromissadas lastreadas em títulos públicos federais;1.26
CLASSES - FIF;35.502.496/0001-86;;ESH PROSPERA FUNDO DE INVESTIMENTO EM AÇÕES;2025-07-31;Títulos Públicos federais;0.00
CLASSES - FIF;35.587.562/0001-68;;SUL AMÉRICA SELECTION MASTER I FIF - CLASSE DE INVESTIMENTO EM AÇÕES - RESP LIMITADA;2025-07-31;Ações;97.03
CLASSES - FIF;35.587.562/0001-68;;SUL AMÉRICA SELECTION MASTER I FIF - CLASSE DE INVESTIMENTO EM AÇÕES - RESP LIMITADA;2025-07-31;Operações compromissadas lastreadas em títulos públicos federais;5.41
CLASSES - FIF;35.600.780/0001-95;;VINCI ATLAS INSTITUCIONAL FIF - CIC MULTIMERCADO -  RESPONSABILIDADE LIMITADA;2025-07-31;Ações;3.20
CLASSES - FIF;35.600.780/0001-95;;VINCI ATLAS INSTITUCIONAL FIF - CIC MULTIMERCADO -  RESPONSABILIDADE LIMITADA;2025-07-31;Cotas de fundos de investimento 409;0.76
CLASSES - FIF;35.600.780/0001-95;;VINCI ATLAS INSTITUCIONAL FIF - CIC MULTIMERCADO -  RESPONSABILIDADE LIMITADA;2025-07-31;Investimento no exterior;17.37
CLASSES - FIF;35.600.780/0001-95;;VINCI ATLAS INSTITUCIONAL FIF - CIC MULTIMERCADO -  RESPONSABILIDADE LIMITADA;2025-07-31;Operações compromissadas lastreadas em títulos públicos federais;9.01
CLASSES - FIF;35.600.780/0001-95;;VINCI ATLAS INSTITUCIONAL FIF - CIC MULTIMERCADO -  RESPONSABILIDADE LIMITADA;2025-07-31;Títulos públicos federais;69.95
CLASSES - FIF;35.636.871/0001-80;;VINCI TOTAL RETURN FIF - CLASSE DE INVESTIMENTO MULTIMERCADO - RESPONSABILIDADE LIMITADA;2025-07-31;Ações;93.01
CLASSES - FIF;35.636.871/0001-80;;VINCI TOTAL RETURN FIF - CLASSE DE INVESTIMENTO MULTIMERCADO - RESPONSABILIDADE LIMITADA;2025-07-31;Cotas de fundos de investimento 409;0.97
CLASSES - FIF;35.636.871/0001-80;;VINCI TOTAL RETURN FIF - CLASSE DE INVESTIMENTO MULTIMERCADO - RESPONSABILIDADE LIMITADA;2025-07-31;Derivativos;-10.88
CLASSES - FIF;35.636.871/0001-80;;VINCI TOTAL RETURN FIF - CLASSE DE INVESTIMENTO MULTIMERCADO - RESPONSABILIDADE LIMITADA;2025-07-31;Operações compromissadas lastreadas em títulos públicos federais;14.41
CLASSES - FIF;35.636.909/0001-15;;VINCI TOTAL RETURN FIF - CLASSE DE INVESTIMENTO EM COTAS MULTIMERCADO - RESP LIMITADA;2025-07-31;Ações;93.09
CLASSES - FIF;35.636.909/0001-15;;VINCI TOTAL RETURN FIF - CLASSE DE INVESTIMENTO EM COTAS MULTIMERCADO - RESP LIMITADA;2025-07-31;Cotas de fundos de investimento 409;0.97
CLASSES - FIF;35.636.909/0001-15;;VINCI TOTAL RETURN FIF - CLASSE DE INVESTIMENTO EM COTAS MULTIMERCADO - RESP LIMITADA;2025-07-31;Derivativos;-10.89
CLASSES - FIF;35.636.909/0001-15;;VINCI TOTAL RETURN FIF - CLASSE DE INVESTIMENTO EM COTAS MULTIMERCADO - RESP LIMITADA;2025-07-31;Operações compromissadas lastreadas em títulos públicos federais;14.51
CLASSES - FIF;35.726.741/0001-39;;TARPON GT INSTITUCIONAL I FUNDO DE INVESTIMENTO FINANCEIRO;2025-07-31;Ações;102.31
CLASSES - FIF;35.726.741/0001-39;;TARPON GT INSTITUCIONAL I FUNDO DE INVESTIMENTO FINANCEIRO;2025-07-31;Cotas de Fundos de Investimento 409;1.40
CLASSES - FIF;35.726.741/0001-39;;TARPON GT INSTITUCIONAL I FUNDO DE INVESTIMENTO FINANCEIRO;2025-07-31;Operações Compromissadas Lastreadas em Títulos Públicos Federais;0.00
CLASSES - FIF;35.726.741/0001-39;;TARPON GT INSTITUCIONAL I FUNDO DE INVESTIMENTO FINANCEIRO;2025-07-31;Outras Aplicações;0.17
CLASSES - FIF;35.726.741/0001-39;;TARPON GT INSTITUCIONAL I FUNDO DE INVESTIMENTO FINANCEIRO;2025-07-31;Títulos Públicos Federais;0.44
CLASSES - FIF;35.806.167/0001-29;;POLYFACE FUNDO DE INVESTIMENTO MULTIMERCADO;2025-07-31;Ações;0.00
CLASSES - FIF;35.806.167/0001-29;;POLYFACE FUNDO DE INVESTIMENTO MULTIMERCADO;2025-07-31;Cotas de fundos de Investimento;6.57
CLASSES - FIF;35.806.167/0001-29;;POLYFACE FUNDO DE INVESTIMENTO MULTIMERCADO;2025-07-31;Derivativos;15.20
CLASSES - FIF;35.806.167/0001-29;;POLYFACE FUNDO DE INVESTIMENTO MULTIMERCADO;2025-07-31;Outras Aplicações;0.20
CLASSES - FIF;35.806.167/0001-29;;POLYFACE FUNDO DE INVESTIMENTO MULTIMERCADO;2025-07-31;Titulos publicos federais;93.53
CLASSES - FIF;35.844.973/0001-91;;OBY LONG SHORT FIF - CLASSE DE INVESTIMENTO EM COTAS MULTIMERCADO - RESPONSABILIDADE LIMITADA;2025-07-31;Ações;48.30
CLASSES - FIF;35.844.973/0001-91;;OBY LONG SHORT FIF - CLASSE DE INVESTIMENTO EM COTAS MULTIMERCADO - RESPONSABILIDADE LIMITADA;2025-07-31;Cotas de fundos de investimento 409;9.51
CLASSES - FIF;35.844.973/0001-91;;OBY LONG SHORT FIF - CLASSE DE INVESTIMENTO EM COTAS MULTIMERCADO - RESPONSABILIDADE LIMITADA;2025-07-31;Derivativos;-27.13
CLASSES - FIF;35.844.973/0001-91;;OBY LONG SHORT FIF - CLASSE DE INVESTIMENTO EM COTAS MULTIMERCADO - RESPONSABILIDADE LIMITADA;2025-07-31;Operações compromissadas lastreadas em títulos públicos federais;11.85
CLASSES - FIF;35.844.973/0001-91;;OBY LONG SHORT FIF - CLASSE DE INVESTIMENTO EM COTAS MULTIMERCADO - RESPONSABILIDADE LIMITADA;2025-07-31;Títulos públicos federais;50.46
CLASSES - FIF;35.844.975/0001-80;;OBY LONG SHORT FIF - CLASSE DE INVESTIMENTO MULTIMERCADO - RESPONSABILIDADE LIMITADA;2025-07-31;Ações;47.53
CLASSES - FIF;35.844.975/0001-80;;OBY LONG SHORT FIF - CLASSE DE INVESTIMENTO MULTIMERCADO - RESPONSABILIDADE LIMITADA;2025-07-31;Derivativos;-26.70
CLASSES - FIF;35.844.975/0001-80;;OBY LONG SHORT FIF - CLASSE DE INVESTIMENTO MULTIMERCADO - RESPONSABILIDADE LIMITADA;2025-07-31;Operações compromissadas lastreadas em títulos públicos federais;14.30
CLASSES - FIF;35.844.975/0001-80;;OBY LONG SHORT FIF - CLASSE DE INVESTIMENTO MULTIMERCADO - RESPONSABILIDADE LIMITADA;2025-07-31;Títulos públicos federais;56.37
CLASSES - FIF;35.845.001/0001-11;;BRADESCO FOF ALOCAÇÃO FI FINANCEIRO - CIC MULT - RESP LIMITADA;2025-07-31;Cotas de fundos de investimento 409;85.35
CLASSES - FIF;35.845.001/0001-11;;BRADESCO FOF ALOCAÇÃO FI FINANCEIRO - CIC MULT - RESP LIMITADA;2025-07-31;Operações compromissadas lastreadas em títulos públicos federais;4.30
CLASSES - FIF;35.845.001/0001-11;;BRADESCO FOF ALOCAÇÃO FI FINANCEIRO - CIC MULT - RESP LIMITADA;2025-07-31;Títulos públicos federais;10.42
CLASSES - FIF;35.845.002/0001-66;;BRADESCO MULTIGESTORES SIRIUS FI FINANCEIRO - CIC MULT CRED PRIV - RESP LIMITADA;2025-07-31;Cotas de fundos de investimento 409;89.14
CLASSES - FIF;35.845.002/0001-66;;BRADESCO MULTIGESTORES SIRIUS FI FINANCEIRO - CIC MULT CRED PRIV - RESP LIMITADA;2025-07-31;Operações compromissadas lastreadas em títulos públicos federais;3.14
CLASSES - FIF;35.845.002/0001-66;;BRADESCO MULTIGESTORES SIRIUS FI FINANCEIRO - CIC MULT CRED PRIV - RESP LIMITADA;2025-07-31;Títulos públicos federais;7.62
CLASSES - FIF;35.845.044/0001-05;;CONEXÃO CLARITAS LONG SHORT FIF - CLASSE DE INVESTIMENTO EM COTAS MULTIMERCADO - RESP LIMITADA;2025-07-31;Cotas de fundos de investimento 409;98.29
CLASSES - FIF;35.845.044/0001-05;;CONEXÃO CLARITAS LONG SHORT FIF - CLASSE DE INVESTIMENTO EM COTAS MULTIMERCADO - RESP LIMITADA;2025-07-31;Operações compromissadas lastreadas em títulos públicos federais;0.45
CLASSES - FIF;35.845.044/0001-05;;CONEXÃO CLARITAS LONG SHORT FIF - CLASSE DE INVESTIMENTO EM COTAS MULTIMERCADO - RESP LIMITADA;2025-07-31;Títulos públicos federais;1.22
CLASSES - FIF;35.845.046/0001-96;;BRADESCO CLARITAS LONG SHORT FIF - CLASSE DE INVESTIMENTO EM COTAS MULTIMERCADO - RESP LIMITADA;2025-07-31;Cotas de fundos de investimento 409;99.48
CLASSES - FIF;35.845.046/0001-96;;BRADESCO CLARITAS LONG SHORT FIF - CLASSE DE INVESTIMENTO EM COTAS MULTIMERCADO - RESP LIMITADA;2025-07-31;Operações compromissadas lastreadas em títulos públicos federais;0.13
CLASSES - FIF;35.845.046/0001-96;;BRADESCO CLARITAS LONG SHORT FIF - CLASSE DE INVESTIMENTO EM COTAS MULTIMERCADO - RESP LIMITADA;2025-07-31;Títulos públicos federais;0.36
CLASSES - FIF;35.847.505/0001-70;;BRADESCO PRIVATE S&P 500 BRL FI FINANCEIRO - CIC MULT - RESP LIMITADA;2025-07-31;Derivativos;99.81
CLASSES - FIF;35.847.505/0001-70;;BRADESCO PRIVATE S&P 500 BRL FI FINANCEIRO - CIC MULT - RESP LIMITADA;2025-07-31;Operações compromissadas lastreadas em títulos públicos federais;12.32
CLASSES - FIF;35.847.505/0001-70;;BRADESCO PRIVATE S&P 500 BRL FI FINANCEIRO - CIC MULT - RESP LIMITADA;2025-07-31;Títulos públicos federais;88.07
CLASSES - FIF;35.847.901/0001-06;;BRADESCO FIF - CIC MULT  SIGMA - RESP LIMITADA;2025-07-31;Cotas de fundos de investimento 409;100.03
CLASSES - FIF;35.847.960/0001-76;;BRADESCO FIF - CIC MULTIMERCADO ÔMEGA - RESP LIMITADA;2025-07-31;Cotas de fundos de investimento 409;99.80
CLASSES - FIF;35.847.977/0001-23;;INDIE ÁGORA FIF - CLASSE DE INVESTIMENTO EM COTAS DE AÇÕES - RESP LIMITADA;2025-07-31;Cotas de fundos de investimento 409;98.54
CLASSES - FIF;35.847.977/0001-23;;INDIE ÁGORA FIF - CLASSE DE INVESTIMENTO EM COTAS DE AÇÕES - RESP LIMITADA;2025-07-31;Operações compromissadas lastreadas em títulos públicos federais;0.26
CLASSES - FIF;35.847.977/0001-23;;INDIE ÁGORA FIF - CLASSE DE INVESTIMENTO EM COTAS DE AÇÕES - RESP LIMITADA;2025-07-31;Títulos públicos federais;0.70
CLASSES - FIF;35.848.004/0001-09;;LEBLON AÇÕES II ÁGORA FIF - CLASSE DE INVESTIMENTO EM COTAS DE AÇÕES - RESP LIMITADA;2025-07-31;Cotas de fundos de investimento 409;98.39
CLASSES - FIF;35.848.004/0001-09;;LEBLON AÇÕES II ÁGORA FIF - CLASSE DE INVESTIMENTO EM COTAS DE AÇÕES - RESP LIMITADA;2025-07-31;Operações compromissadas lastreadas em títulos públicos federais;0.23
CLASSES - FIF;35.848.004/0001-09;;LEBLON AÇÕES II ÁGORA FIF - CLASSE DE INVESTIMENTO EM COTAS DE AÇÕES - RESP LIMITADA;2025-07-31;Títulos públicos federais;0.63
CLASSES - FIF;35.848.011/0001-00;;CONEXÃO ABSOLUTE PACE LONG BIASED FIF - CLASSE DE INVESTIMENTO EM COTAS DE AÇÕES - RESP LIMITADA;2025-07-31;Cotas de fundos de investimento 409;98.87
CLASSES - FIF;35.848.011/0001-00;;CONEXÃO ABSOLUTE PACE LONG BIASED FIF - CLASSE DE INVESTIMENTO EM COTAS DE AÇÕES - RESP LIMITADA;2025-07-31;Operações compromissadas lastreadas em títulos públicos federais;0.29
CLASSES - FIF;35.848.011/0001-00;;CONEXÃO ABSOLUTE PACE LONG BIASED FIF - CLASSE DE INVESTIMENTO EM COTAS DE AÇÕES - RESP LIMITADA;2025-07-31;Títulos públicos federais;0.80
CLASSES - FIF;35.848.014/0001-44;;DAHLIA TOTAL RETURN ÁGORA FIF - CIC MULTIMERCADO - RESP LIMITADA;2025-07-31;Cotas de fundos de investimento 409;99.60
CLASSES - FIF;35.848.014/0001-44;;DAHLIA TOTAL RETURN ÁGORA FIF - CIC MULTIMERCADO - RESP LIMITADA;2025-07-31;Operações compromissadas lastreadas em títulos públicos federais;0.11
CLASSES - FIF;35.848.014/0001-44;;DAHLIA TOTAL RETURN ÁGORA FIF - CIC MULTIMERCADO - RESP LIMITADA;2025-07-31;Títulos públicos federais;0.31
CLASSES - FIF;35.848.026/0001-79;;CLARITAS VALOR FIF - CLASSE DE INVESTIMENTO EM COTAS DE AÇÕES - RESP LIMITADA;2025-07-31;Cotas de fundos de investimento 409;99.00
CLASSES - FIF;35.848.026/0001-79;;CLARITAS VALOR FIF - CLASSE DE INVESTIMENTO EM COTAS DE AÇÕES - RESP LIMITADA;2025-07-31;Operações compromissadas lastreadas em títulos públicos federais;0.23
CLASSES - FIF;35.848.026/0001-79;;CLARITAS VALOR FIF - CLASSE DE INVESTIMENTO EM COTAS DE AÇÕES - RESP LIMITADA;2025-07-31;Títulos públicos federais;0.63
CLASSES - FIF;35.848.032/0001-26;;PACÍFICO ÁGORA FIF - CLASSE DE INVESTIMENTO EM COTAS DE AÇÕES - RESP LIMITADA;2025-07-31;Cotas de fundos de investimento 409;95.88
CLASSES - FIF;35.848.046/0001-40;;SHARP EQUITY VALUE INSTITUCIONAL FIF - CLASSE DE INVESTIMENTO EM COTAS DE AÇÕES - RESP LIMITADA;2025-07-31;Cotas de fundos de investimento 409;98.99
CLASSES - FIF;35.848.046/0001-40;;SHARP EQUITY VALUE INSTITUCIONAL FIF - CLASSE DE INVESTIMENTO EM COTAS DE AÇÕES - RESP LIMITADA;2025-07-31;Operações compromissadas lastreadas em títulos públicos federais;0.29
CLASSES - FIF;35.848.046/0001-40;;SHARP EQUITY VALUE INSTITUCIONAL FIF - CLASSE DE INVESTIMENTO EM COTAS DE AÇÕES - RESP LIMITADA;2025-07-31;Títulos públicos federais;0.78
CLASSES - FIF;35.848.052/0001-05;;CANVAS ENDURO ÁGORA FIF - CLASSE DE INVESTIMENTO EM COTAS MULTIMERCADO - RESP LIMITADA;2025-07-31;Cotas de fundos de investimento 409;97.50
CLASSES - FIF;35.848.052/0001-05;;CANVAS ENDURO ÁGORA FIF - CLASSE DE INVESTIMENTO EM COTAS MULTIMERCADO - RESP LIMITADA;2025-07-31;Operações compromissadas lastreadas em títulos públicos federais;0.41
CLASSES - FIF;35.848.052/0001-05;;CANVAS ENDURO ÁGORA FIF - CLASSE DE INVESTIMENTO EM COTAS MULTIMERCADO - RESP LIMITADA;2025-07-31;Títulos públicos federais;1.12
CLASSES - FIF;35.848.055/0001-30;;CONEXÃO MOAT CAPITAL LONG BIAS FIF - CLASSE DE INVESTIMENTO EM COTAS MULTIMERCADO - RESP LIMITADA;2025-07-31;Cotas de fundos de investimento 409;99.29
CLASSES - FIF;35.848.055/0001-30;;CONEXÃO MOAT CAPITAL LONG BIAS FIF - CLASSE DE INVESTIMENTO EM COTAS MULTIMERCADO - RESP LIMITADA;2025-07-31;Operações compromissadas lastreadas em títulos públicos federais;0.17
CLASSES - FIF;35.848.055/0001-30;;CONEXÃO MOAT CAPITAL LONG BIAS FIF - CLASSE DE INVESTIMENTO EM COTAS MULTIMERCADO - RESP LIMITADA;2025-07-31;Títulos públicos federais;0.46
CLASSES - FIF;35.848.058/0001-74;;CONEXÃO MOAT CAPITAL EQUITY HEDGE FIF - CLASSE DE INVESTIMENTO EM COTAS MULTIMERCADO - RESP LIMITADA;2025-07-31;Cotas de fundos de investimento 409;99.52
CLASSES - FIF;35.848.058/0001-74;;CONEXÃO MOAT CAPITAL EQUITY HEDGE FIF - CLASSE DE INVESTIMENTO EM COTAS MULTIMERCADO - RESP LIMITADA;2025-07-31;Operações compromissadas lastreadas em títulos públicos federais;0.12
CLASSES - FIF;35.848.058/0001-74;;CONEXÃO MOAT CAPITAL EQUITY HEDGE FIF - CLASSE DE INVESTIMENTO EM COTAS MULTIMERCADO - RESP LIMITADA;2025-07-31;Títulos públicos federais;0.34
CLASSES - FIF;35.848.062/0001-32;;CONEXÃO ABSOLUTE HEDGE FIF - CLASSE DE INVESTIMENTO EM COTAS MULTIMERCADO - RESP LIMITADA;2025-07-31;Cotas de fundos de investimento 409;99.47
CLASSES - FIF;35.848.062/0001-32;;CONEXÃO ABSOLUTE HEDGE FIF - CLASSE DE INVESTIMENTO EM COTAS MULTIMERCADO - RESP LIMITADA;2025-07-31;Operações compromissadas lastreadas em títulos públicos federais;0.11
CLASSES - FIF;35.848.062/0001-32;;CONEXÃO ABSOLUTE HEDGE FIF - CLASSE DE INVESTIMENTO EM COTAS MULTIMERCADO - RESP LIMITADA;2025-07-31;Títulos públicos federais;0.30
CLASSES - FIF;35.848.079/0001-90;;NEO MULTI ESTRATÉGIA 30 ÁGORA FIF - CLASSE DE INVESTIMENTO EM COTAS MULTIMERCADO - RESP LIMITADA;2025-07-31;Cotas de fundos de investimento 409;99.23
CLASSES - FIF;35.848.079/0001-90;;NEO MULTI ESTRATÉGIA 30 ÁGORA FIF - CLASSE DE INVESTIMENTO EM COTAS MULTIMERCADO - RESP LIMITADA;2025-07-31;Operações compromissadas lastreadas em títulos públicos federais;0.15
CLASSES - FIF;35.848.079/0001-90;;NEO MULTI ESTRATÉGIA 30 ÁGORA FIF - CLASSE DE INVESTIMENTO EM COTAS MULTIMERCADO - RESP LIMITADA;2025-07-31;Títulos públicos federais;0.42
CLASSES - FIF;35.868.808/0001-70;;BANESTES FUNSES FIF MULTIMERCADO RESPONSABILIDADE LIMITADA;2025-07-31;Cotas de fundos de investimento 555;2.28
CLASSES - FIF;35.868.808/0001-70;;BANESTES FUNSES FIF MULTIMERCADO RESPONSABILIDADE LIMITADA;2025-07-31;Depósitos a prazo e outros títulos de instituições financeiras;6.22
CLASSES - FIF;35.868.808/0001-70;;BANESTES FUNSES FIF MULTIMERCADO RESPONSABILIDADE LIMITADA;2025-07-31;Operações compromissadas lastreadas em títulos públicos federais;18.83
CLASSES - FIF;35.868.808/0001-70;;BANESTES FUNSES FIF MULTIMERCADO RESPONSABILIDADE LIMITADA;2025-07-31;Títulos de crédito privado;4.05
CLASSES - FIF;35.868.808/0001-70;;BANESTES FUNSES FIF MULTIMERCADO RESPONSABILIDADE LIMITADA;2025-07-31;Títulos públicos federais;68.63
CLASSES - FIF;35.998.413/0001-91;;BANESTES DIVIDENDOS FIC DE FIF DE AÇÕES RESPONSABILIDADE LIMITADA;2025-07-31;Cotas de fundos de investimento 555;98.87
CLASSES - FIF;35.998.413/0001-91;;BANESTES DIVIDENDOS FIC DE FIF DE AÇÕES RESPONSABILIDADE LIMITADA;2025-07-31;Operações compromissadas lastreadas em títulos públicos federais;0.91
CLASSES - FIF;35.998.413/0001-91;;BANESTES DIVIDENDOS FIC DE FIF DE AÇÕES RESPONSABILIDADE LIMITADA;2025-07-31;Títulos públicos federais;1.11
CLASSES - FIF;36.083.510/0001-17;;CLUBE DO VALOR MASTER FUNDO DE INVESTIMENTO FINANCEIRO EM AÇÕES;2025-07-31;Cotas de Fundos de Investimento 409;0.00
CLASSES - FIF;36.083.510/0001-17;;CLUBE DO VALOR MASTER FUNDO DE INVESTIMENTO FINANCEIRO EM AÇÕES;2025-07-31;DepÃ³sitos a Prazo e Outros TÃ­tulos de InstituiÃ§Ãµes Financeiras;0.00
CLASSES - FIF;36.083.510/0001-17;;CLUBE DO VALOR MASTER FUNDO DE INVESTIMENTO FINANCEIRO EM AÇÕES;2025-07-31;OperaÃ§Ãµes Compromissadas Lastreadas em TÃ­tulos PÃºblicos Federais;0.00
CLASSES - FIF;36.083.510/0001-17;;CLUBE DO VALOR MASTER FUNDO DE INVESTIMENTO FINANCEIRO EM AÇÕES;2025-07-31;TÃ­tulos de CrÃ©dito Privado;0.00
CLASSES - FIF;36.083.510/0001-17;;CLUBE DO VALOR MASTER FUNDO DE INVESTIMENTO FINANCEIRO EM AÇÕES;2025-07-31;TÃ­tulos PÃºblicos Federais;0.00
CLASSES - FIF;36.347.706/0001-71;;BANESTES INVEST PUBLIC AUTOMÁTICO FIF RENDA FIXA CURTO PRAZO RESPONSABILIDADE LIMITADA;2025-07-31;Operações compromissadas lastreadas em títulos públicos federais;90.96
CLASSES - FIF;36.352.662/0001-78;;ARX INCOME MASTER FIF - CLASSE DE INVESTIMENTO EM AÇÕES - RESP LIMITADA;2025-07-31;Ações;96.96
CLASSES - FIF;36.352.662/0001-78;;ARX INCOME MASTER FIF - CLASSE DE INVESTIMENTO EM AÇÕES - RESP LIMITADA;2025-07-31;Operações compromissadas lastreadas em títulos públicos federais;2.36
FI;36.443.522/0001-05;;INTER CORPORATE FUNDO DE INVESTIMENTO FINANCEIRO RENDA FIXA CRÉDITO PRIVADO RESP LIMITADA;2025-07-31;Depósitos a Prazo e Outros Títulos de Instituições Financeiras;59.69
FI;36.443.522/0001-05;;INTER CORPORATE FUNDO DE INVESTIMENTO FINANCEIRO RENDA FIXA CRÉDITO PRIVADO RESP LIMITADA;2025-07-31;Operações Compromissadas Lastreadas em Títulos Públicos Federais;1.53
FI;36.443.522/0001-05;;INTER CORPORATE FUNDO DE INVESTIMENTO FINANCEIRO RENDA FIXA CRÉDITO PRIVADO RESP LIMITADA;2025-07-31;Títulos de Crédito Privado;11.79
FI;36.443.522/0001-05;;INTER CORPORATE FUNDO DE INVESTIMENTO FINANCEIRO RENDA FIXA CRÉDITO PRIVADO RESP LIMITADA;2025-07-31;Títulos Públicos Federais;24.30
FI;36.443.587/0001-50;;INTER ACCESS LEGACY CAPITAL FUNDO DE INVESTIMENTO EM COTAS DE FUNDO DE INVESTIMENTO FINANCEIRO MULTI;2025-07-31;Cotas de Fundos de Investimento 555;97.25
FI;36.443.587/0001-50;;INTER ACCESS LEGACY CAPITAL FUNDO DE INVESTIMENTO EM COTAS DE FUNDO DE INVESTIMENTO FINANCEIRO MULTI;2025-07-31;Operações Compromissadas Lastreadas em Títulos Públicos Federais;2.85
CLASSES - FIF;36.499.392/0001-22;;TARPON US EQUITIES INSTITUCIONAL FUNDO DE INVESTIMENTO FINANCEIRO;2025-07-31;Cotas de Fundos de Investimento 409;0.53
CLASSES - FIF;36.499.392/0001-22;;TARPON US EQUITIES INSTITUCIONAL FUNDO DE INVESTIMENTO FINANCEIRO;2025-07-31;Outras Aplicações;0.02
CLASSES - FIF;36.499.392/0001-22;;TARPON US EQUITIES INSTITUCIONAL FUNDO DE INVESTIMENTO FINANCEIRO;2025-07-31;Outras Cotas de Fundos de Investimento;18.47
CLASSES - FIF;36.521.750/0001-56;;ICATU VANGUARDA CRÉDITO PRIVADO INSTITUCIONAL FIF CLASSE DE INVESTIMENTO RENDA FIXA - RESP LIMITADA;2025-07-31;Cotas de fundos de investimento 409;8.36
CLASSES - FIF;36.521.750/0001-56;;ICATU VANGUARDA CRÉDITO PRIVADO INSTITUCIONAL FIF CLASSE DE INVESTIMENTO RENDA FIXA - RESP LIMITADA;2025-07-31;Depósitos a prazo e outros títulos de instituições financeiras;25.97
CLASSES - FIF;36.521.750/0001-56;;ICATU VANGUARDA CRÉDITO PRIVADO INSTITUCIONAL FIF CLASSE DE INVESTIMENTO RENDA FIXA - RESP LIMITADA;2025-07-31;Operações compromissadas lastreadas em títulos públicos federais;10.87
CLASSES - FIF;36.521.750/0001-56;;ICATU VANGUARDA CRÉDITO PRIVADO INSTITUCIONAL FIF CLASSE DE INVESTIMENTO RENDA FIXA - RESP LIMITADA;2025-07-31;Títulos de crédito privado;49.27
CLASSES - FIF;36.521.750/0001-56;;ICATU VANGUARDA CRÉDITO PRIVADO INSTITUCIONAL FIF CLASSE DE INVESTIMENTO RENDA FIXA - RESP LIMITADA;2025-07-31;Títulos públicos federais;5.45
CLASSES - FIF;36.521.777/0001-49;;BRADESCO CEDRO LONG BIAS IQ FIF - CIC DE AÇÕES - RESP LIMITADA;2025-07-31;Ações;53.37
CLASSES - FIF;36.521.777/0001-49;;BRADESCO CEDRO LONG BIAS IQ FIF - CIC DE AÇÕES - RESP LIMITADA;2025-07-31;Cotas de fundos de investimento 409;44.64
CLASSES - FIF;36.521.777/0001-49;;BRADESCO CEDRO LONG BIAS IQ FIF - CIC DE AÇÕES - RESP LIMITADA;2025-07-31;Derivativos;7.00
CLASSES - FIF;36.521.777/0001-49;;BRADESCO CEDRO LONG BIAS IQ FIF - CIC DE AÇÕES - RESP LIMITADA;2025-07-31;Operações compromissadas lastreadas em títulos públicos federais;12.14
CLASSES - FIF;36.521.777/0001-49;;BRADESCO CEDRO LONG BIAS IQ FIF - CIC DE AÇÕES - RESP LIMITADA;2025-07-31;Títulos públicos federais;7.27
CLASSES - FIF;36.521.791/0001-42;;BRADESCO CEDRO LONG BIASED FIF - CLASSE DE INVESTIMENTO EM COTAS AÇÕES - RESP LIMITADA;2025-07-31;Ações;53.43
CLASSES - FIF;36.521.791/0001-42;;BRADESCO CEDRO LONG BIASED FIF - CLASSE DE INVESTIMENTO EM COTAS AÇÕES - RESP LIMITADA;2025-07-31;Cotas de fundos de investimento 409;44.69
CLASSES - FIF;36.521.791/0001-42;;BRADESCO CEDRO LONG BIASED FIF - CLASSE DE INVESTIMENTO EM COTAS AÇÕES - RESP LIMITADA;2025-07-31;Derivativos;7.01
CLASSES - FIF;36.521.791/0001-42;;BRADESCO CEDRO LONG BIASED FIF - CLASSE DE INVESTIMENTO EM COTAS AÇÕES - RESP LIMITADA;2025-07-31;Operações compromissadas lastreadas em títulos públicos federais;12.15
CLASSES - FIF;36.521.791/0001-42;;BRADESCO CEDRO LONG BIASED FIF - CLASSE DE INVESTIMENTO EM COTAS AÇÕES - RESP LIMITADA;2025-07-31;Títulos públicos federais;7.28
CLASSES - FIF;36.617.518/0001-16;;GÁVEA MACRO FEEDER I FI FINANCEIRO - CIC MULT - RESP LIMITADA;2025-07-31;Ações;6.08
CLASSES - FIF;36.617.518/0001-16;;GÁVEA MACRO FEEDER I FI FINANCEIRO - CIC MULT - RESP LIMITADA;2025-07-31;Derivativos;10.28
CLASSES - FIF;36.617.518/0001-16;;GÁVEA MACRO FEEDER I FI FINANCEIRO - CIC MULT - RESP LIMITADA;2025-07-31;Investimento no exterior;14.39
CLASSES - FIF;36.617.518/0001-16;;GÁVEA MACRO FEEDER I FI FINANCEIRO - CIC MULT - RESP LIMITADA;2025-07-31;Operações compromissadas lastreadas em títulos públicos federais;24.76
CLASSES - FIF;36.617.518/0001-16;;GÁVEA MACRO FEEDER I FI FINANCEIRO - CIC MULT - RESP LIMITADA;2025-07-31;Títulos públicos federais;55.62
CLASSES - FIF;36.617.669/0001-74;;CONEXÃO TRUXT LONG BIAS FIF CLASSE DE INVESTIMENTO EM COTAS MULTIMERCADO - RESP LIMITADA;2025-07-31;Cotas de fundos de investimento 409;99.05
CLASSES - FIF;36.617.669/0001-74;;CONEXÃO TRUXT LONG BIAS FIF CLASSE DE INVESTIMENTO EM COTAS MULTIMERCADO - RESP LIMITADA;2025-07-31;Operações compromissadas lastreadas em títulos públicos federais;0.08
CLASSES - FIF;36.617.669/0001-74;;CONEXÃO TRUXT LONG BIAS FIF CLASSE DE INVESTIMENTO EM COTAS MULTIMERCADO - RESP LIMITADA;2025-07-31;Títulos públicos federais;0.21
CLASSES - FIF;36.617.800/0001-01;;AZ QUEST MULTI ÁGORA FIF - CIC MULTIMERCADO - RESPONSABILIDADE LIMITADA;2025-07-31;Cotas de fundos de investimento 409;98.18
CLASSES - FIF;36.617.800/0001-01;;AZ QUEST MULTI ÁGORA FIF - CIC MULTIMERCADO - RESPONSABILIDADE LIMITADA;2025-07-31;Operações compromissadas lastreadas em títulos públicos federais;0.42
CLASSES - FIF;36.617.800/0001-01;;AZ QUEST MULTI ÁGORA FIF - CIC MULTIMERCADO - RESPONSABILIDADE LIMITADA;2025-07-31;Títulos públicos federais;1.13
CLASSES - FIF;36.619.752/0001-82;;CONEXÃO ACE CAPITAL FIF - CIC MULTIMERCADO - RESPONSABILIDADE LIMITADA;2025-07-31;Cotas de fundos de investimento 409;99.51
CLASSES - FIF;36.619.752/0001-82;;CONEXÃO ACE CAPITAL FIF - CIC MULTIMERCADO - RESPONSABILIDADE LIMITADA;2025-07-31;Operações compromissadas lastreadas em títulos públicos federais;0.17
CLASSES - FIF;36.619.752/0001-82;;CONEXÃO ACE CAPITAL FIF - CIC MULTIMERCADO - RESPONSABILIDADE LIMITADA;2025-07-31;Títulos públicos federais;0.47
CLASSES - FIF;36.619.783/0001-33;;GAP ABSOLUTO ÁGORA FIF - CIC MULTIMERCADO - RESPONSABILIDADE LIMITADA;2025-07-31;Cotas de fundos de investimento 409;99.65
CLASSES - FIF;36.619.783/0001-33;;GAP ABSOLUTO ÁGORA FIF - CIC MULTIMERCADO - RESPONSABILIDADE LIMITADA;2025-07-31;Operações compromissadas lastreadas em títulos públicos federais;0.11
CLASSES - FIF;36.619.783/0001-33;;GAP ABSOLUTO ÁGORA FIF - CIC MULTIMERCADO - RESPONSABILIDADE LIMITADA;2025-07-31;Títulos públicos federais;0.30
CLASSES - FIF;36.619.844/0001-62;;CONEXÃO TORK 60 FIF - CLASSE DE INVESTIMENTO EM COTAS DE AÇÕES - RESP LIMITADA;2025-07-31;Cotas de fundos de investimento 409;99.51
CLASSES - FIF;36.619.844/0001-62;;CONEXÃO TORK 60 FIF - CLASSE DE INVESTIMENTO EM COTAS DE AÇÕES - RESP LIMITADA;2025-07-31;Operações compromissadas lastreadas em títulos públicos federais;0.14
CLASSES - FIF;36.619.844/0001-62;;CONEXÃO TORK 60 FIF - CLASSE DE INVESTIMENTO EM COTAS DE AÇÕES - RESP LIMITADA;2025-07-31;Títulos públicos federais;0.39
CLASSES - FIF;36.619.937/0001-97;;TORK LONG ONLY INSTITUCIONAL ÁGORA FIF - CLASSE DE INVESTIMENTO EM COTAS DE AÇÕES - RESP LIMITADA;2025-07-31;Cotas de fundos de investimento 409;99.58
CLASSES - FIF;36.619.937/0001-97;;TORK LONG ONLY INSTITUCIONAL ÁGORA FIF - CLASSE DE INVESTIMENTO EM COTAS DE AÇÕES - RESP LIMITADA;2025-07-31;Operações compromissadas lastreadas em títulos públicos federais;0.12
CLASSES - FIF;36.619.937/0001-97;;TORK LONG ONLY INSTITUCIONAL ÁGORA FIF - CLASSE DE INVESTIMENTO EM COTAS DE AÇÕES - RESP LIMITADA;2025-07-31;Títulos públicos federais;0.32
CLASSES - FIF;36.620.345/0001-95;;PIMCO INCOME DÓLAR ÁGORA FIF - CLASSE DE INVESTIMENTO EM COTAS MULTIMERCADO - RESP LIMITADA;2025-07-31;Cotas de fundos de investimento 409;99.08
CLASSES - FIF;36.620.345/0001-95;;PIMCO INCOME DÓLAR ÁGORA FIF - CLASSE DE INVESTIMENTO EM COTAS MULTIMERCADO - RESP LIMITADA;2025-07-31;Operações compromissadas lastreadas em títulos públicos federais;0.25
CLASSES - FIF;36.620.345/0001-95;;PIMCO INCOME DÓLAR ÁGORA FIF - CLASSE DE INVESTIMENTO EM COTAS MULTIMERCADO - RESP LIMITADA;2025-07-31;Títulos públicos federais;0.67
CLASSES - FIF;36.620.364/0001-11;;KADIMA HIGH VOL ÁGORA FIF - CLASSE DE INVESTIMENTO EM COTAS MULTIMERCADO - RESP LIMITADA;2025-07-31;Cotas de fundos de investimento 409;99.67
CLASSES - FIF;36.620.364/0001-11;;KADIMA HIGH VOL ÁGORA FIF - CLASSE DE INVESTIMENTO EM COTAS MULTIMERCADO - RESP LIMITADA;2025-07-31;Operações compromissadas lastreadas em títulos públicos federais;0.09
CLASSES - FIF;36.620.364/0001-11;;KADIMA HIGH VOL ÁGORA FIF - CLASSE DE INVESTIMENTO EM COTAS MULTIMERCADO - RESP LIMITADA;2025-07-31;Títulos públicos federais;0.23
CLASSES - FIF;36.620.660/0001-12;;GAUSS ÁGORA FIF - CLASSE DE INVESTIMENTO EM COTAS MULTIMERCADO - RESP LIMITADA;2025-07-31;Cotas de fundos de investimento 409;99.14
CLASSES - FIF;36.620.660/0001-12;;GAUSS ÁGORA FIF - CLASSE DE INVESTIMENTO EM COTAS MULTIMERCADO - RESP LIMITADA;2025-07-31;Operações compromissadas lastreadas em títulos públicos federais;0.11
CLASSES - FIF;36.620.660/0001-12;;GAUSS ÁGORA FIF - CLASSE DE INVESTIMENTO EM COTAS MULTIMERCADO - RESP LIMITADA;2025-07-31;Títulos públicos federais;0.29
CLASSES - FIF;36.620.688/0001-50;;GÁVEA MACRO DÓLAR ÁGORA FIF - CIC MULTIMERCADO - RESPONSABILIDADE LIMITADA;2025-07-31;Cotas de fundos de investimento 409;98.42
CLASSES - FIF;36.620.688/0001-50;;GÁVEA MACRO DÓLAR ÁGORA FIF - CIC MULTIMERCADO - RESPONSABILIDADE LIMITADA;2025-07-31;Operações compromissadas lastreadas em títulos públicos federais;0.28
CLASSES - FIF;36.620.688/0001-50;;GÁVEA MACRO DÓLAR ÁGORA FIF - CIC MULTIMERCADO - RESPONSABILIDADE LIMITADA;2025-07-31;Títulos públicos federais;0.76
CLASSES - FIF;36.620.874/0001-99;;BRADESCO MOAT CAPITAL FIF - CLASSE DE INVESTIMENTO EM COTAS DE AÇÕES - RESP LIMITADA;2025-07-31;Cotas de fundos de investimento 409;99.49
CLASSES - FIF;36.620.874/0001-99;;BRADESCO MOAT CAPITAL FIF - CLASSE DE INVESTIMENTO EM COTAS DE AÇÕES - RESP LIMITADA;2025-07-31;Operações compromissadas lastreadas em títulos públicos federais;0.13
CLASSES - FIF;36.620.874/0001-99;;BRADESCO MOAT CAPITAL FIF - CLASSE DE INVESTIMENTO EM COTAS DE AÇÕES - RESP LIMITADA;2025-07-31;Títulos públicos federais;0.36
CLASSES - FIF;36.656.529/0001-05;;CSHG ALLOCATION IBIUNA HEDGE STHG II FUNDO DE INVESTIMENTO EM COTAS DE FIF MULT - RESP LTDA;2025-07-31;Outras Cotas de Fundos de Investimento;100.06
CLASSES - FIF;36.656.529/0001-05;;CSHG ALLOCATION IBIUNA HEDGE STHG II FUNDO DE INVESTIMENTO EM COTAS DE FIF MULT - RESP LTDA;2025-07-31;Outros;0.01
CLASSES - FIF;36.671.831/0001-32;;DAYCOVAL TITULOS PUBLICOS III FUNDO DE INVESTIMENTO FINANCEIRO;2025-07-31;Operações Compromissadas Lastreadas em Títulos Públicos Federais;29.02
CLASSES - FIF;36.671.831/0001-32;;DAYCOVAL TITULOS PUBLICOS III FUNDO DE INVESTIMENTO FINANCEIRO;2025-07-31;Outras Aplicações;0.00
CLASSES - FIF;36.671.831/0001-32;;DAYCOVAL TITULOS PUBLICOS III FUNDO DE INVESTIMENTO FINANCEIRO;2025-07-31;Títulos Públicos Federais;71.01
CLASSES - FIF;36.671.926/0001-56;;TRIGONO FLAGSHIP SMALL CAPS INSTITUCIONAL FIF- CIC DE AÇÕES - RESP LIMITADA;2025-07-31;Cotas de fundos de investimento 409;99.70
CLASSES - FIF;36.671.926/0001-56;;TRIGONO FLAGSHIP SMALL CAPS INSTITUCIONAL FIF- CIC DE AÇÕES - RESP LIMITADA;2025-07-31;Operações compromissadas lastreadas em títulos públicos federais;0.14
CLASSES - FIF;36.671.926/0001-56;;TRIGONO FLAGSHIP SMALL CAPS INSTITUCIONAL FIF- CIC DE AÇÕES - RESP LIMITADA;2025-07-31;Títulos públicos federais;0.35
CLASSES - FIF;36.672.171/0001-04;;ALAMOS COMPASS FUNDO DE INVESTIMENTO FINANCEIRO;2025-07-31;Cotas de Fundos de Investimento 409;5.60
CLASSES - FIF;36.672.171/0001-04;;ALAMOS COMPASS FUNDO DE INVESTIMENTO FINANCEIRO;2025-07-31;Derivativos;-0.18
CLASSES - FIF;36.672.171/0001-04;;ALAMOS COMPASS FUNDO DE INVESTIMENTO FINANCEIRO;2025-07-31;Outras Aplicações;0.01
CLASSES - FIF;36.672.171/0001-04;;ALAMOS COMPASS FUNDO DE INVESTIMENTO FINANCEIRO;2025-07-31;Títulos Públicos Federais;96.46
CLASSES - FIF;36.771.013/0001-01;;TARPON INTERSECTION MASTER FUNDO DE INVESTIMENTO FINANCEIRO;2025-07-31;Ações;78.45
CLASSES - FIF;36.771.013/0001-01;;TARPON INTERSECTION MASTER FUNDO DE INVESTIMENTO FINANCEIRO;2025-07-31;Cotas de Fundos de Investimento 409;6.21
CLASSES - FIF;36.771.013/0001-01;;TARPON INTERSECTION MASTER FUNDO DE INVESTIMENTO FINANCEIRO;2025-07-31;Outras Aplicações;0.43
CLASSES - FIF;36.771.013/0001-01;;TARPON INTERSECTION MASTER FUNDO DE INVESTIMENTO FINANCEIRO;2025-07-31;Outras Cotas de Fundos de Investimento;16.09
CLASSES - FIF;36.771.076/0001-68;;ALAMOS SELECTION FUNDO DE INVESTIMENTO FINANCEIRO;2025-07-31;Ações;23.10
CLASSES - FIF;36.771.076/0001-68;;ALAMOS SELECTION FUNDO DE INVESTIMENTO FINANCEIRO;2025-07-31;Cotas de Fundos de Índice de Renda Variável;9.51
CLASSES - FIF;36.771.076/0001-68;;ALAMOS SELECTION FUNDO DE INVESTIMENTO FINANCEIRO;2025-07-31;Cotas de Fundos de Investimento 409;49.13
CLASSES - FIF;36.771.076/0001-68;;ALAMOS SELECTION FUNDO DE INVESTIMENTO FINANCEIRO;2025-07-31;Operações Compromissadas Lastreadas em Títulos Públicos Federais;3.96
CLASSES - FIF;36.771.076/0001-68;;ALAMOS SELECTION FUNDO DE INVESTIMENTO FINANCEIRO;2025-07-31;Títulos Públicos Federais;11.08
CLASSES - FIF;36.771.600/0001-09;;AURO CARTEIRA MODERADA FUNDO DE INVESTIMENTO FINANCEIRO MULTIMERCADO;2025-07-31;Cotas de Fundos de Investimento 409;86.39
CLASSES - FIF;36.771.600/0001-09;;AURO CARTEIRA MODERADA FUNDO DE INVESTIMENTO FINANCEIRO MULTIMERCADO;2025-07-31;Outras Aplicações;0.02
CLASSES - FIF;36.771.600/0001-09;;AURO CARTEIRA MODERADA FUNDO DE INVESTIMENTO FINANCEIRO MULTIMERCADO;2025-07-31;Outras Cotas de Fundos de Investimento;1.22
CLASSES - FIF;36.771.600/0001-09;;AURO CARTEIRA MODERADA FUNDO DE INVESTIMENTO FINANCEIRO MULTIMERCADO;2025-07-31;Títulos Públicos Federais;12.55
CLASSES - FIF;36.771.728/0001-64;;DAYCOVAL TITULOS PUBLICOS IV FUNDO DE INVESTIMENTO FINANCEIRO;2025-07-31;Operações Compromissadas Lastreadas em Títulos Públicos Federais;23.05
CLASSES - FIF;36.771.728/0001-64;;DAYCOVAL TITULOS PUBLICOS IV FUNDO DE INVESTIMENTO FINANCEIRO;2025-07-31;Outras Aplicações;0.00
CLASSES - FIF;36.771.728/0001-64;;DAYCOVAL TITULOS PUBLICOS IV FUNDO DE INVESTIMENTO FINANCEIRO;2025-07-31;Títulos Públicos Federais;76.96
CLASSES - FIF;36.854.581/0001-76;;AMW VÊNUS FUNDO DE INVESTIMENTO FINANCEIRO;2025-07-31;Cotas de Fundos de Investimento 409;11.55
CLASSES - FIF;36.854.581/0001-76;;AMW VÊNUS FUNDO DE INVESTIMENTO FINANCEIRO;2025-07-31;Depósitos a Prazo e Outros Títulos de Instituições Financeiras;47.72
CLASSES - FIF;36.854.581/0001-76;;AMW VÊNUS FUNDO DE INVESTIMENTO FINANCEIRO;2025-07-31;Operações Compromissadas Lastreadas em Títulos Públicos Federais;8.98
CLASSES - FIF;36.854.581/0001-76;;AMW VÊNUS FUNDO DE INVESTIMENTO FINANCEIRO;2025-07-31;Outras Cotas de Fundos de Investimento;8.48
CLASSES - FIF;36.854.581/0001-76;;AMW VÊNUS FUNDO DE INVESTIMENTO FINANCEIRO;2025-07-31;Títulos de Crédito Privado;15.88
CLASSES - FIF;36.935.494/0001-43;;SULAMÉRICA INCOME FIF - CLASSE DE INVESTIMENTO RENDA FIXA LONGO PRAZO - RESP LIMITADA;2025-07-31;Operações compromissadas lastreadas em títulos públicos federais;0.07
CLASSES - FIF;36.935.494/0001-43;;SULAMÉRICA INCOME FIF - CLASSE DE INVESTIMENTO RENDA FIXA LONGO PRAZO - RESP LIMITADA;2025-07-31;Títulos públicos federais;99.96
CLASSES - FIF;36.954.526/0001-58;;DAYCOVAL TITULOS PUBLICOS VI FUNDO DE INVESTIMENTO FINANCEIRO CURTO PRAZO;2025-07-31;Operações Compromissadas Lastreadas em Títulos Públicos Federais;100.02
CLASSES - FIF;36.954.526/0001-58;;DAYCOVAL TITULOS PUBLICOS VI FUNDO DE INVESTIMENTO FINANCEIRO CURTO PRAZO;2025-07-31;Outras Aplicações;0.00
CLASSES - FIF;37.235.748/0001-83;;BRADESCO OURO USD FI FINANCEIRO - CIC MULT - RESP LIMITADA;2025-07-31;Derivativos;-0.78
CLASSES - FIF;37.235.748/0001-83;;BRADESCO OURO USD FI FINANCEIRO - CIC MULT - RESP LIMITADA;2025-07-31;Operações compromissadas lastreadas em títulos públicos federais;8.95
CLASSES - FIF;37.235.748/0001-83;;BRADESCO OURO USD FI FINANCEIRO - CIC MULT - RESP LIMITADA;2025-07-31;Títulos públicos federais;91.86
CLASSES - FIF;37.235.773/0001-67;;BRADESCO OURO FI FINANCEIRO - CIC MULT - RESP LIMITADA;2025-07-31;Derivativos;-0.14
CLASSES - FIF;37.235.773/0001-67;;BRADESCO OURO FI FINANCEIRO - CIC MULT - RESP LIMITADA;2025-07-31;Operações compromissadas lastreadas em títulos públicos federais;16.66
CLASSES - FIF;37.235.773/0001-67;;BRADESCO OURO FI FINANCEIRO - CIC MULT - RESP LIMITADA;2025-07-31;Títulos públicos federais;84.15
CLASSES - FIF;37.235.820/0001-72;;BRAM OURO USD FI FINANCEIRO - CI MULT - RESP LIMITADA;2025-07-31;Derivativos;-0.78
CLASSES - FIF;37.235.820/0001-72;;BRAM OURO USD FI FINANCEIRO - CI MULT - RESP LIMITADA;2025-07-31;Operações compromissadas lastreadas em títulos públicos federais;8.95
CLASSES - FIF;37.235.820/0001-72;;BRAM OURO USD FI FINANCEIRO - CI MULT - RESP LIMITADA;2025-07-31;Títulos públicos federais;91.82
CLASSES - FIF;37.235.861/0001-69;;BRAM OURO FI FINANCEIRO - CI MULT - RESP LIMITADA;2025-07-31;Derivativos;-0.14
CLASSES - FIF;37.235.861/0001-69;;BRAM OURO FI FINANCEIRO - CI MULT - RESP LIMITADA;2025-07-31;Operações compromissadas lastreadas em títulos públicos federais;16.65
CLASSES - FIF;37.235.861/0001-69;;BRAM OURO FI FINANCEIRO - CI MULT - RESP LIMITADA;2025-07-31;Títulos públicos federais;84.11
CLASSES - FIF;37.235.981/0001-66;;CONEXÃO RPS SELECTION LONG BIAS D30 FIF - CIC DE AÇÕES - RESPONSABILIDADE LIMITADA;2025-07-31;Cotas de fundos de investimento 409;97.32
CLASSES - FIF;37.235.981/0001-66;;CONEXÃO RPS SELECTION LONG BIAS D30 FIF - CIC DE AÇÕES - RESPONSABILIDADE LIMITADA;2025-07-31;Operações compromissadas lastreadas em títulos públicos federais;0.63
CLASSES - FIF;37.235.981/0001-66;;CONEXÃO RPS SELECTION LONG BIAS D30 FIF - CIC DE AÇÕES - RESPONSABILIDADE LIMITADA;2025-07-31;Títulos públicos federais;1.72
CLASSES - FIF;37.248.132/0001-47;;CONEXÃO RPS SELECTION FIF - CLASSE DE INVESTIMENTO EM COTAS DE AÇÕES - RESP LIMITADA;2025-07-31;Cotas de fundos de investimento 409;98.28
CLASSES - FIF;37.248.132/0001-47;;CONEXÃO RPS SELECTION FIF - CLASSE DE INVESTIMENTO EM COTAS DE AÇÕES - RESP LIMITADA;2025-07-31;Operações compromissadas lastreadas em títulos públicos federais;0.38
CLASSES - FIF;37.248.132/0001-47;;CONEXÃO RPS SELECTION FIF - CLASSE DE INVESTIMENTO EM COTAS DE AÇÕES - RESP LIMITADA;2025-07-31;Títulos públicos federais;1.04
CLASSES - FIF;37.265.082/0001-06;;BNP PARIBAS SMALL CAPS ÁGORA FIF - CLASSE DE INVESTIMENTO EM COTAS DE AÇÕES - RESP LIMITADA;2025-07-31;Cotas de fundos de investimento 409;96.37
CLASSES - FIF;37.265.082/0001-06;;BNP PARIBAS SMALL CAPS ÁGORA FIF - CLASSE DE INVESTIMENTO EM COTAS DE AÇÕES - RESP LIMITADA;2025-07-31;Operações compromissadas lastreadas em títulos públicos federais;0.42
CLASSES - FIF;37.265.082/0001-06;;BNP PARIBAS SMALL CAPS ÁGORA FIF - CLASSE DE INVESTIMENTO EM COTAS DE AÇÕES - RESP LIMITADA;2025-07-31;Títulos públicos federais;1.15
CLASSES - FIF;37.265.158/0001-01;;BAHIA AM ÁGORA FIF - CIC MULTIMERCADO - RESP LIMITADA;2025-07-31;Cotas de fundos de investimento 409;97.25
CLASSES - FIF;37.265.158/0001-01;;BAHIA AM ÁGORA FIF - CIC MULTIMERCADO - RESP LIMITADA;2025-07-31;Operações compromissadas lastreadas em títulos públicos federais;0.71
CLASSES - FIF;37.265.158/0001-01;;BAHIA AM ÁGORA FIF - CIC MULTIMERCADO - RESP LIMITADA;2025-07-31;Títulos públicos federais;1.72
CLASSES - FIF;37.265.183/0001-87;;BAHIA AM VALUATION ÁGORA FIF - CIC DE AÇÕES - RESPONSABILIDADE LIMITADA;2025-07-31;Cotas de fundos de investimento 409;98.04
CLASSES - FIF;37.265.183/0001-87;;BAHIA AM VALUATION ÁGORA FIF - CIC DE AÇÕES - RESPONSABILIDADE LIMITADA;2025-07-31;Operações compromissadas lastreadas em títulos públicos federais;2.11
CLASSES - FIF;37.280.124/0001-88;;AZ QUEST YIELD ÁGORA FIF - CLASSE DE INVESTIMENTO EM COTAS RF LONGO PRAZO - RESP LIMITADA;2025-07-31;Cotas de fundos de investimento 409;99.47
CLASSES - FIF;37.280.124/0001-88;;AZ QUEST YIELD ÁGORA FIF - CLASSE DE INVESTIMENTO EM COTAS RF LONGO PRAZO - RESP LIMITADA;2025-07-31;Operações compromissadas lastreadas em títulos públicos federais;0.52
CLASSES - FIF;37.280.163/0001-85;;IBIUNA LONG BIASED ÁGORA FIF - CLASSE DE INVESTIMENTO EM COTAS MULTIMERCADO - RESP LIMITADA;2025-07-31;Cotas de fundos de investimento 409;100.07
CLASSES - FIF;37.280.163/0001-85;;IBIUNA LONG BIASED ÁGORA FIF - CLASSE DE INVESTIMENTO EM COTAS MULTIMERCADO - RESP LIMITADA;2025-07-31;Operações compromissadas lastreadas em títulos públicos federais;0.53
CLASSES - FIF;37.280.206/0001-22;;IBIUNA EQUITIES 30 ÁGORA FIF - CIC DE AÇÕES - RESPONSABILIDADE LIMITADA;2025-07-31;Cotas de fundos de investimento 409;97.60
CLASSES - FIF;37.280.206/0001-22;;IBIUNA EQUITIES 30 ÁGORA FIF - CIC DE AÇÕES - RESPONSABILIDADE LIMITADA;2025-07-31;Operações compromissadas lastreadas em títulos públicos federais;0.77
CLASSES - FIF;37.280.206/0001-22;;IBIUNA EQUITIES 30 ÁGORA FIF - CIC DE AÇÕES - RESPONSABILIDADE LIMITADA;2025-07-31;Títulos públicos federais;2.10
CLASSES - FIF;37.280.235/0001-94;;AZ QUEST ÁGORA FIF - CIC DE AÇÕES - RESP LIMITADA;2025-07-31;Operações compromissadas lastreadas em títulos públicos federais;4.14
CLASSES - FIF;37.280.263/0001-01;;SUL AMÉRICA ATIVO ÁGORA FIF - CIC RF LONGO PRAZO - RESPONSABILIDADE LIMITADA;2025-07-31;Derivativos;53.85
CLASSES - FIF;37.280.263/0001-01;;SUL AMÉRICA ATIVO ÁGORA FIF - CIC RF LONGO PRAZO - RESPONSABILIDADE LIMITADA;2025-07-31;Operações compromissadas lastreadas em títulos públicos federais;48.13
CLASSES - FIF;37.280.263/0001-01;;SUL AMÉRICA ATIVO ÁGORA FIF - CIC RF LONGO PRAZO - RESPONSABILIDADE LIMITADA;2025-07-31;Títulos públicos federais;51.97
CLASSES - FIF;37.282.299/0001-24;;BTG PACTUAL ABSOLUTO LS ÁGORA FIF - CLASSE DE INVESTIMENTO EM COTAS DE AÇÕES - RESP LIMITADA;2025-07-31;Cotas de fundos de investimento 409;98.70
CLASSES - FIF;37.282.299/0001-24;;BTG PACTUAL ABSOLUTO LS ÁGORA FIF - CLASSE DE INVESTIMENTO EM COTAS DE AÇÕES - RESP LIMITADA;2025-07-31;Operações compromissadas lastreadas em títulos públicos federais;0.10
CLASSES - FIF;37.282.299/0001-24;;BTG PACTUAL ABSOLUTO LS ÁGORA FIF - CLASSE DE INVESTIMENTO EM COTAS DE AÇÕES - RESP LIMITADA;2025-07-31;Títulos públicos federais;0.27
CLASSES - FIF;37.298.928/0001-04;;BRADESCO FRANKLIN WELLINGTON TECH LONG AND SHORT FI FINANCEIRO - CIC MULT - RESP LIMITADA;2025-07-31;Operações compromissadas lastreadas em títulos públicos federais;26.52
CLASSES - FIF;37.298.928/0001-04;;BRADESCO FRANKLIN WELLINGTON TECH LONG AND SHORT FI FINANCEIRO - CIC MULT - RESP LIMITADA;2025-07-31;Títulos públicos federais;72.20
CLASSES - FIF;37.299.026/0001-92;;BRADESCO VINCI ATLAS FIF - CLASSE DE INVESTIMENTO EM COTAS MULTIMERCADO - RESP LIMITADA;2025-07-31;Cotas de fundos de investimento 409;99.05
CLASSES - FIF;37.299.026/0001-92;;BRADESCO VINCI ATLAS FIF - CLASSE DE INVESTIMENTO EM COTAS MULTIMERCADO - RESP LIMITADA;2025-07-31;Operações compromissadas lastreadas em títulos públicos federais;0.41
CLASSES - FIF;37.299.026/0001-92;;BRADESCO VINCI ATLAS FIF - CLASSE DE INVESTIMENTO EM COTAS MULTIMERCADO - RESP LIMITADA;2025-07-31;Títulos públicos federais;0.70
CLASSES - FIF;37.310.314/0001-09;;BRADESCO ALOCAÇÃO ALPHA FI FINANCEIRO - CIC MULT - RESP LIMITADA;2025-07-31;Cotas de fundos de investimento 409;27.16
CLASSES - FIF;37.310.314/0001-09;;BRADESCO ALOCAÇÃO ALPHA FI FINANCEIRO - CIC MULT - RESP LIMITADA;2025-07-31;Derivativos;50.04
CLASSES - FIF;37.310.314/0001-09;;BRADESCO ALOCAÇÃO ALPHA FI FINANCEIRO - CIC MULT - RESP LIMITADA;2025-07-31;Operações compromissadas lastreadas em títulos públicos federais;10.93
CLASSES - FIF;37.310.314/0001-09;;BRADESCO ALOCAÇÃO ALPHA FI FINANCEIRO - CIC MULT - RESP LIMITADA;2025-07-31;Títulos de crédito privado;10.40
CLASSES - FIF;37.310.314/0001-09;;BRADESCO ALOCAÇÃO ALPHA FI FINANCEIRO - CIC MULT - RESP LIMITADA;2025-07-31;Títulos públicos federais;48.25
CLASSES - FIF;37.310.657/0001-65;;IBIUNA CREDIT FIF - CLASSE DE INVESTIMENTO EM COTAS MULTIMERCADO CRÉDITO PRIVADO - RESP LIMITADA;2025-07-31;Cotas de fundos de investimento 409;6.78
CLASSES - FIF;37.310.657/0001-65;;IBIUNA CREDIT FIF - CLASSE DE INVESTIMENTO EM COTAS MULTIMERCADO CRÉDITO PRIVADO - RESP LIMITADA;2025-07-31;Depósitos a prazo e outros títulos de instituições financeiras;16.74
CLASSES - FIF;37.310.657/0001-65;;IBIUNA CREDIT FIF - CLASSE DE INVESTIMENTO EM COTAS MULTIMERCADO CRÉDITO PRIVADO - RESP LIMITADA;2025-07-31;Investimento no exterior;11.48
CLASSES - FIF;37.310.657/0001-65;;IBIUNA CREDIT FIF - CLASSE DE INVESTIMENTO EM COTAS MULTIMERCADO CRÉDITO PRIVADO - RESP LIMITADA;2025-07-31;Operações compromissadas lastreadas em títulos públicos federais;10.21
CLASSES - FIF;37.310.657/0001-65;;IBIUNA CREDIT FIF - CLASSE DE INVESTIMENTO EM COTAS MULTIMERCADO CRÉDITO PRIVADO - RESP LIMITADA;2025-07-31;Títulos de crédito privado;51.04
CLASSES - FIF;37.322.048/0001-26;;IBIUNA CREDIT FIF - CLASSE DE INVESTIMENTO MULTIMERCADO CRÉDITO PRIVADO - RESP LIMITADA;2025-07-31;Cotas de fundos de investimento 409;6.36
CLASSES - FIF;37.322.048/0001-26;;IBIUNA CREDIT FIF - CLASSE DE INVESTIMENTO MULTIMERCADO CRÉDITO PRIVADO - RESP LIMITADA;2025-07-31;Depósitos a prazo e outros títulos de instituições financeiras;16.69
CLASSES - FIF;37.322.048/0001-26;;IBIUNA CREDIT FIF - CLASSE DE INVESTIMENTO MULTIMERCADO CRÉDITO PRIVADO - RESP LIMITADA;2025-07-31;Investimento no exterior;11.45
CLASSES - FIF;37.322.048/0001-26;;IBIUNA CREDIT FIF - CLASSE DE INVESTIMENTO MULTIMERCADO CRÉDITO PRIVADO - RESP LIMITADA;2025-07-31;Operações compromissadas lastreadas em títulos públicos federais;10.18
CLASSES - FIF;37.322.048/0001-26;;IBIUNA CREDIT FIF - CLASSE DE INVESTIMENTO MULTIMERCADO CRÉDITO PRIVADO - RESP LIMITADA;2025-07-31;Títulos de crédito privado;50.91
CLASSES - FIF;37.322.097/0001-69;;PLURAL BDR FUNDO DE INVESTIMENTO FINANCEIRO - CLASSE DE INVESTIMENTO EM AÇÕES - RESP LIMITADA;2025-07-31;Ações;88.59
CLASSES - FIF;37.322.097/0001-69;;PLURAL BDR FUNDO DE INVESTIMENTO FINANCEIRO - CLASSE DE INVESTIMENTO EM AÇÕES - RESP LIMITADA;2025-07-31;Cotas de fundos de investimento 409;4.44
CLASSES - FIF;37.322.097/0001-69;;PLURAL BDR FUNDO DE INVESTIMENTO FINANCEIRO - CLASSE DE INVESTIMENTO EM AÇÕES - RESP LIMITADA;2025-07-31;Operações compromissadas lastreadas em títulos públicos federais;7.97
CLASSES - FIF;37.351.284/0001-70;;DIRECT GENOA CAPITAL RADAR FI FINANCEIRO EM COTAS DE FUNDOS DE INVESTIMENTO MULTIMERCADO;2025-07-31;Cotas de fundos de investimento 409;98.67
CLASSES - FIF;37.351.284/0001-70;;DIRECT GENOA CAPITAL RADAR FI FINANCEIRO EM COTAS DE FUNDOS DE INVESTIMENTO MULTIMERCADO;2025-07-31;Operações compromissadas lastreadas em títulos públicos federais;0.37
CLASSES - FIF;37.351.284/0001-70;;DIRECT GENOA CAPITAL RADAR FI FINANCEIRO EM COTAS DE FUNDOS DE INVESTIMENTO MULTIMERCADO;2025-07-31;Títulos públicos federais;0.95
CLASSES - FIF;37.510.387/0001-36;;ENTERCAPITAL TURING ÁGORA FIF - CLASSE DE INVESTIMENTO EM COTAS MULTIMERCADO - RESP LIMITADA;2025-07-31;Cotas de fundos de investimento 409;98.36
CLASSES - FIF;37.510.387/0001-36;;ENTERCAPITAL TURING ÁGORA FIF - CLASSE DE INVESTIMENTO EM COTAS MULTIMERCADO - RESP LIMITADA;2025-07-31;Operações compromissadas lastreadas em títulos públicos federais;1.76
CLASSES - FIF;37.510.387/0001-36;;ENTERCAPITAL TURING ÁGORA FIF - CLASSE DE INVESTIMENTO EM COTAS MULTIMERCADO - RESP LIMITADA;2025-07-31;Títulos públicos federais;0.94
CLASSES - FIF;37.510.628/0001-47;;CONEXÃO GIANT DARIUS FIF - CLASSE DE INVESTIMENTO EM COTAS MULTIMERCADO - RESP LIMITADA;2025-07-31;Cotas de fundos de investimento 409;96.72
CLASSES - FIF;37.510.628/0001-47;;CONEXÃO GIANT DARIUS FIF - CLASSE DE INVESTIMENTO EM COTAS MULTIMERCADO - RESP LIMITADA;2025-07-31;Operações compromissadas lastreadas em títulos públicos federais;0.83
CLASSES - FIF;37.510.628/0001-47;;CONEXÃO GIANT DARIUS FIF - CLASSE DE INVESTIMENTO EM COTAS MULTIMERCADO - RESP LIMITADA;2025-07-31;Títulos públicos federais;2.27
CLASSES - FIF;37.510.734/0001-20;;CONEXÃO CLARITAS TOTAL RETURN FIF - CLASSE DE INVESTIMENTO EM COTAS MULTIMERCADO - RESP LIMITADA;2025-07-31;Cotas de fundos de investimento 409;98.05
CLASSES - FIF;37.510.734/0001-20;;CONEXÃO CLARITAS TOTAL RETURN FIF - CLASSE DE INVESTIMENTO EM COTAS MULTIMERCADO - RESP LIMITADA;2025-07-31;Operações compromissadas lastreadas em títulos públicos federais;0.47
CLASSES - FIF;37.510.734/0001-20;;CONEXÃO CLARITAS TOTAL RETURN FIF - CLASSE DE INVESTIMENTO EM COTAS MULTIMERCADO - RESP LIMITADA;2025-07-31;Títulos públicos federais;1.27
CLASSES - FIF;37.511.023/0001-70;;CONEXÃO GENOA CAPITAL RADAR FIF - CLASSE DE INVESTIMENTO EM COTAS MULTIMERCADO - RESP LIMITADA;2025-07-31;Cotas de fundos de investimento 409;99.45
CLASSES - FIF;37.511.023/0001-70;;CONEXÃO GENOA CAPITAL RADAR FIF - CLASSE DE INVESTIMENTO EM COTAS MULTIMERCADO - RESP LIMITADA;2025-07-31;Operações compromissadas lastreadas em títulos públicos federais;0.16
CLASSES - FIF;37.511.023/0001-70;;CONEXÃO GENOA CAPITAL RADAR FIF - CLASSE DE INVESTIMENTO EM COTAS MULTIMERCADO - RESP LIMITADA;2025-07-31;Títulos públicos federais;0.43
CLASSES - FIF;37.511.070/0001-14;;CONEXÃO NOVUS INSTITUCIONAL FIF - CIC MULTIMERCADO - RESPONSABILIDADE LIMITADA;2025-07-31;Cotas de fundos de investimento 409;96.89
CLASSES - FIF;37.511.070/0001-14;;CONEXÃO NOVUS INSTITUCIONAL FIF - CIC MULTIMERCADO - RESPONSABILIDADE LIMITADA;2025-07-31;Operações compromissadas lastreadas em títulos públicos federais;0.96
CLASSES - FIF;37.511.070/0001-14;;CONEXÃO NOVUS INSTITUCIONAL FIF - CIC MULTIMERCADO - RESPONSABILIDADE LIMITADA;2025-07-31;Títulos públicos federais;2.61
CLASSES - FIF;37.511.173/0001-84;;CONEXÃO GARDE DARTAGNAN FIF - CLASSE DE INVESTIMENTO EM COTAS MULTIMERCADO - RESP LIMITADA;2025-07-31;Cotas de fundos de investimento 409;98.30
CLASSES - FIF;37.511.173/0001-84;;CONEXÃO GARDE DARTAGNAN FIF - CLASSE DE INVESTIMENTO EM COTAS MULTIMERCADO - RESP LIMITADA;2025-07-31;Operações compromissadas lastreadas em títulos públicos federais;0.39
CLASSES - FIF;37.511.173/0001-84;;CONEXÃO GARDE DARTAGNAN FIF - CLASSE DE INVESTIMENTO EM COTAS MULTIMERCADO - RESP LIMITADA;2025-07-31;Títulos públicos federais;1.07
CLASSES - FIF;37.526.588/0001-21;;IP PARTICIPAÇÕES IPG ÁGORA FIF - CLASSE DE INVESTIMENTO EM COTAS DE AÇÕES - RESP LIMITADA;2025-07-31;Cotas de fundos de investimento 409;99.68
CLASSES - FIF;37.526.588/0001-21;;IP PARTICIPAÇÕES IPG ÁGORA FIF - CLASSE DE INVESTIMENTO EM COTAS DE AÇÕES - RESP LIMITADA;2025-07-31;Operações compromissadas lastreadas em títulos públicos federais;0.13
CLASSES - FIF;37.526.588/0001-21;;IP PARTICIPAÇÕES IPG ÁGORA FIF - CLASSE DE INVESTIMENTO EM COTAS DE AÇÕES - RESP LIMITADA;2025-07-31;Títulos públicos federais;0.36
CLASSES - FIF;37.527.106/0001-58;;VERDE AM LONG BIAS ÁGORA FIF - CLASSE DE INVESTIMENTO EM COTAS DE AÇÕES - RESP LIMITADA;2025-07-31;Cotas de fundos de investimento 409;98.16
CLASSES - FIF;37.527.106/0001-58;;VERDE AM LONG BIAS ÁGORA FIF - CLASSE DE INVESTIMENTO EM COTAS DE AÇÕES - RESP LIMITADA;2025-07-31;Operações compromissadas lastreadas em títulos públicos federais;0.66
CLASSES - FIF;37.527.106/0001-58;;VERDE AM LONG BIAS ÁGORA FIF - CLASSE DE INVESTIMENTO EM COTAS DE AÇÕES - RESP LIMITADA;2025-07-31;Títulos públicos federais;1.79
CLASSES - FIF;37.527.569/0001-10;;BRADESCO MULTIMANAGER EQUITY USD FI FINANCEIRO - CIC AÇÕES - RESP LIMITADA;2025-07-31;Cotas de fundos de investimento 409;6.08
CLASSES - FIF;37.527.569/0001-10;;BRADESCO MULTIMANAGER EQUITY USD FI FINANCEIRO - CIC AÇÕES - RESP LIMITADA;2025-07-31;Investimento no exterior;93.94
CLASSES - FIF;37.527.569/0001-10;;BRADESCO MULTIMANAGER EQUITY USD FI FINANCEIRO - CIC AÇÕES - RESP LIMITADA;2025-07-31;Operações compromissadas lastreadas em títulos públicos federais;0.00
CLASSES - FIF;37.527.569/0001-10;;BRADESCO MULTIMANAGER EQUITY USD FI FINANCEIRO - CIC AÇÕES - RESP LIMITADA;2025-07-31;Títulos públicos federais;0.01
CLASSES - FIF;37.532.786/0001-06;;BRADESCO ULTRA FI FINANCEIRO - CIC RF CRED PRIV LP - RESP LIMITADA;2025-07-31;Cotas de fundos de investimento 409;16.64
CLASSES - FIF;37.532.786/0001-06;;BRADESCO ULTRA FI FINANCEIRO - CIC RF CRED PRIV LP - RESP LIMITADA;2025-07-31;Depósitos a prazo e outros títulos de instituições financeiras;14.34
CLASSES - FIF;37.532.786/0001-06;;BRADESCO ULTRA FI FINANCEIRO - CIC RF CRED PRIV LP - RESP LIMITADA;2025-07-31;Investimento no exterior;0.52
CLASSES - FIF;37.532.786/0001-06;;BRADESCO ULTRA FI FINANCEIRO - CIC RF CRED PRIV LP - RESP LIMITADA;2025-07-31;Operações compromissadas lastreadas em títulos públicos federais;12.78
CLASSES - FIF;37.532.786/0001-06;;BRADESCO ULTRA FI FINANCEIRO - CIC RF CRED PRIV LP - RESP LIMITADA;2025-07-31;Títulos de crédito privado;55.25
CLASSES - FIF;37.554.220/0001-77;;ABSOLUTE ALPHA GLOBAL ÁGORA FIF - CLASSE DE INVESTIMENTO EM COTAS MULTIMERCADO - RESP LIMITADA;2025-07-31;Cotas de fundos de investimento 409;98.83
CLASSES - FIF;37.554.220/0001-77;;ABSOLUTE ALPHA GLOBAL ÁGORA FIF - CLASSE DE INVESTIMENTO EM COTAS MULTIMERCADO - RESP LIMITADA;2025-07-31;Operações compromissadas lastreadas em títulos públicos federais;0.25
CLASSES - FIF;37.554.220/0001-77;;ABSOLUTE ALPHA GLOBAL ÁGORA FIF - CLASSE DE INVESTIMENTO EM COTAS MULTIMERCADO - RESP LIMITADA;2025-07-31;Títulos públicos federais;0.67
CLASSES - FIF;37.554.255/0001-06;;CONEXÃO KINEA CHRONOS FIF - CLASSE DE INVESTIMENTO EM COTAS MULTIMERCADO - RESP LIMITADA;2025-07-31;Cotas de fundos de investimento 409;98.76
CLASSES - FIF;37.554.255/0001-06;;CONEXÃO KINEA CHRONOS FIF - CLASSE DE INVESTIMENTO EM COTAS MULTIMERCADO - RESP LIMITADA;2025-07-31;Operações compromissadas lastreadas em títulos públicos federais;0.25
CLASSES - FIF;37.554.255/0001-06;;CONEXÃO KINEA CHRONOS FIF - CLASSE DE INVESTIMENTO EM COTAS MULTIMERCADO - RESP LIMITADA;2025-07-31;Títulos públicos federais;0.67
CLASSES - FIF;37.554.478/0001-73;;IBIUNA HEDGE ÁGORA FI FINANCEIRO - CIC MULT - RESP LIMITADA;2025-07-31;Cotas de fundos de investimento 409;99.66
CLASSES - FIF;37.554.478/0001-73;;IBIUNA HEDGE ÁGORA FI FINANCEIRO - CIC MULT - RESP LIMITADA;2025-07-31;Operações compromissadas lastreadas em títulos públicos federais;0.13
CLASSES - FIF;37.554.478/0001-73;;IBIUNA HEDGE ÁGORA FI FINANCEIRO - CIC MULT - RESP LIMITADA;2025-07-31;Títulos públicos federais;0.36
CLASSES - FIF;37.565.155/0001-85;;BRADESCO MULT ORION FIF - CLASSE DE INVESTIMENTO EM COTAS MULT CRÉDITO PRIVADO - RESP LIMITADA;2025-07-31;Cotas de fundos de investimento 409;67.69
CLASSES - FIF;37.565.155/0001-85;;BRADESCO MULT ORION FIF - CLASSE DE INVESTIMENTO EM COTAS MULT CRÉDITO PRIVADO - RESP LIMITADA;2025-07-31;Operações compromissadas lastreadas em títulos públicos federais;8.52
CLASSES - FIF;37.565.155/0001-85;;BRADESCO MULT ORION FIF - CLASSE DE INVESTIMENTO EM COTAS MULT CRÉDITO PRIVADO - RESP LIMITADA;2025-07-31;Títulos públicos federais;23.18
CLASSES - FIF;37.565.243/0001-87;;CONEXÃO VINLAND MACRO FIF - CIC MULTIMERCADO - RESPONSABILIDADE LIMITADA;2025-07-31;Cotas de fundos de investimento 409;99.54
CLASSES - FIF;37.565.243/0001-87;;CONEXÃO VINLAND MACRO FIF - CIC MULTIMERCADO - RESPONSABILIDADE LIMITADA;2025-07-31;Operações compromissadas lastreadas em títulos públicos federais;0.14
CLASSES - FIF;37.565.243/0001-87;;CONEXÃO VINLAND MACRO FIF - CIC MULTIMERCADO - RESPONSABILIDADE LIMITADA;2025-07-31;Títulos públicos federais;0.37
CLASSES - FIF;37.565.324/0001-87;;BRADESCO MULTIASSET USD FI FINANCEIRO - CIC MULT CRED PRIV - RESP LIMITADA;2025-07-31;Cotas de fundos de investimento 409;16.14
CLASSES - FIF;37.565.324/0001-87;;BRADESCO MULTIASSET USD FI FINANCEIRO - CIC MULT CRED PRIV - RESP LIMITADA;2025-07-31;Investimento no exterior;83.38
CLASSES - FIF;37.565.324/0001-87;;BRADESCO MULTIASSET USD FI FINANCEIRO - CIC MULT CRED PRIV - RESP LIMITADA;2025-07-31;Operações compromissadas lastreadas em títulos públicos federais;0.00
CLASSES - FIF;37.565.324/0001-87;;BRADESCO MULTIASSET USD FI FINANCEIRO - CIC MULT CRED PRIV - RESP LIMITADA;2025-07-31;Títulos públicos federais;0.53
CLASSES - FIF;37.570.154/0001-29;;CONEXÃO A1 HEDGE FIF - CLASSE DE INVESTIMENTO EM COTAS MULTIMERCADO - RESP LIMITADA;2025-07-31;Cotas de fundos de investimento 409;98.35
CLASSES - FIF;37.570.154/0001-29;;CONEXÃO A1 HEDGE FIF - CLASSE DE INVESTIMENTO EM COTAS MULTIMERCADO - RESP LIMITADA;2025-07-31;Operações compromissadas lastreadas em títulos públicos federais;0.31
CLASSES - FIF;37.570.154/0001-29;;CONEXÃO A1 HEDGE FIF - CLASSE DE INVESTIMENTO EM COTAS MULTIMERCADO - RESP LIMITADA;2025-07-31;Títulos públicos federais;0.85
CLASSES - FIF;37.577.063/0001-15;;KADIMA LT ÁGORA FIF - CLASSE DE INVESTIMENTO EM COTAS MULTIMERCADO - RESP LIMITADA;2025-07-31;Cotas de fundos de investimento 409;98.90
CLASSES - FIF;37.577.063/0001-15;;KADIMA LT ÁGORA FIF - CLASSE DE INVESTIMENTO EM COTAS MULTIMERCADO - RESP LIMITADA;2025-07-31;Operações compromissadas lastreadas em títulos públicos federais;0.37
CLASSES - FIF;37.577.063/0001-15;;KADIMA LT ÁGORA FIF - CLASSE DE INVESTIMENTO EM COTAS MULTIMERCADO - RESP LIMITADA;2025-07-31;Títulos públicos federais;1.01
CLASSES - FIF;37.577.173/0001-87;;ADAM MACRO II ÁGORA FIF - CIC MULTIMERCADO - RESPONSABILIDADE LIMITADA;2025-07-31;Cotas de fundos de investimento 409;92.64
CLASSES - FIF;37.577.173/0001-87;;ADAM MACRO II ÁGORA FIF - CIC MULTIMERCADO - RESPONSABILIDADE LIMITADA;2025-07-31;Operações compromissadas lastreadas em títulos públicos federais;2.07
CLASSES - FIF;37.577.173/0001-87;;ADAM MACRO II ÁGORA FIF - CIC MULTIMERCADO - RESPONSABILIDADE LIMITADA;2025-07-31;Títulos públicos federais;5.63
CLASSES - FIF;37.590.561/0001-06;;CONEXÃO CONSTELLATION COMPOUNDERS FIF - CIC AÇÕES - RESPONSABILIDADE LIMITADA;2025-07-31;Cotas de fundos de investimento 409;99.80
CLASSES - FIF;37.590.561/0001-06;;CONEXÃO CONSTELLATION COMPOUNDERS FIF - CIC AÇÕES - RESPONSABILIDADE LIMITADA;2025-07-31;Operações compromissadas lastreadas em títulos públicos federais;0.09
CLASSES - FIF;37.590.561/0001-06;;CONEXÃO CONSTELLATION COMPOUNDERS FIF - CIC AÇÕES - RESPONSABILIDADE LIMITADA;2025-07-31;Títulos públicos federais;0.23
CLASSES - FIF;37.591.185/0001-66;;OCEANA LONG BIASED ÁGORA FIF - CLASSE DE INVESTIMENTO EM COTAS AÇÕES - RESP LIMITADA;2025-07-31;Cotas de fundos de investimento 409;99.64
CLASSES - FIF;37.591.185/0001-66;;OCEANA LONG BIASED ÁGORA FIF - CLASSE DE INVESTIMENTO EM COTAS AÇÕES - RESP LIMITADA;2025-07-31;Operações compromissadas lastreadas em títulos públicos federais;0.11
CLASSES - FIF;37.591.185/0001-66;;OCEANA LONG BIASED ÁGORA FIF - CLASSE DE INVESTIMENTO EM COTAS AÇÕES - RESP LIMITADA;2025-07-31;Títulos públicos federais;0.30
CLASSES - FIF;37.703.536/0001-83;;WARREN MULTIGESTORES AÇÕES FUNDO DE INVESTIMENTO FINANCEIRO;2025-07-31;Ações;7.79
CLASSES - FIF;37.703.536/0001-83;;WARREN MULTIGESTORES AÇÕES FUNDO DE INVESTIMENTO FINANCEIRO;2025-07-31;Cotas de Fundos de Investimento 409;91.38
CLASSES - FIF;37.703.536/0001-83;;WARREN MULTIGESTORES AÇÕES FUNDO DE INVESTIMENTO FINANCEIRO;2025-07-31;Outras Aplicações;5.03
CLASSES - FIF;37.703.644/0001-56;;BRADESCO MULTIGESTORES GLOBAL EQUITY ESG USD IS FIF - CI SUSTENTÁVEL EM AÇÕES - RESP LIMITADA;2025-07-31;Investimento no exterior;97.13
CLASSES - FIF;37.703.644/0001-56;;BRADESCO MULTIGESTORES GLOBAL EQUITY ESG USD IS FIF - CI SUSTENTÁVEL EM AÇÕES - RESP LIMITADA;2025-07-31;Operações compromissadas lastreadas em títulos públicos federais;0.74
CLASSES - FIF;37.703.644/0001-56;;BRADESCO MULTIGESTORES GLOBAL EQUITY ESG USD IS FIF - CI SUSTENTÁVEL EM AÇÕES - RESP LIMITADA;2025-07-31;Títulos públicos federais;2.01
CLASSES - FIF;37.751.417/0001-04;;CLUBE DO VALOR AÇÕES BARATAS FUNDO DE INVESTIMENTO FINANCEIRO;2025-07-31;Ações;99.16
CLASSES - FIF;37.751.417/0001-04;;CLUBE DO VALOR AÇÕES BARATAS FUNDO DE INVESTIMENTO FINANCEIRO;2025-07-31;Cotas de Fundos de Investimento 409;0.56
CLASSES - FIF;37.751.417/0001-04;;CLUBE DO VALOR AÇÕES BARATAS FUNDO DE INVESTIMENTO FINANCEIRO;2025-07-31;Operações Compromissadas Lastreadas em Títulos Públicos Federais;0.04
CLASSES - FIF;37.751.417/0001-04;;CLUBE DO VALOR AÇÕES BARATAS FUNDO DE INVESTIMENTO FINANCEIRO;2025-07-31;Outras Aplicações;0.42
CLASSES - FIF;37.751.417/0001-04;;CLUBE DO VALOR AÇÕES BARATAS FUNDO DE INVESTIMENTO FINANCEIRO;2025-07-31;Títulos Públicos Federais;0.14
CLASSES - FIF;37.830.134/0001-40;;OBY IBOVESPA ATIVO FIF - CLASSE DE INVESTIMENTO EM AÇÕES - RESPONSABILIDADE LIMITADA;2025-07-31;Ações;98.02
CLASSES - FIF;37.830.134/0001-40;;OBY IBOVESPA ATIVO FIF - CLASSE DE INVESTIMENTO EM AÇÕES - RESPONSABILIDADE LIMITADA;2025-07-31;Derivativos;0.40
CLASSES - FIF;37.830.134/0001-40;;OBY IBOVESPA ATIVO FIF - CLASSE DE INVESTIMENTO EM AÇÕES - RESPONSABILIDADE LIMITADA;2025-07-31;Operações compromissadas lastreadas em títulos públicos federais;1.25
CLASSES - FIF;37.830.134/0001-40;;OBY IBOVESPA ATIVO FIF - CLASSE DE INVESTIMENTO EM AÇÕES - RESPONSABILIDADE LIMITADA;2025-07-31;Títulos públicos federais;3.19
CLASSES - FIF;37.830.181/0001-93;;OBY IBOVESPA ATIVO FIF - CLASSE DE INVESTIMENTO EM COTAS DE AÇÕES - RESPONSABILIDADE LIMITADA;2025-07-31;Ações;98.01
CLASSES - FIF;37.830.181/0001-93;;OBY IBOVESPA ATIVO FIF - CLASSE DE INVESTIMENTO EM COTAS DE AÇÕES - RESPONSABILIDADE LIMITADA;2025-07-31;Cotas de fundos de investimento 409;4.44
CLASSES - FIF;37.830.181/0001-93;;OBY IBOVESPA ATIVO FIF - CLASSE DE INVESTIMENTO EM COTAS DE AÇÕES - RESPONSABILIDADE LIMITADA;2025-07-31;Derivativos;0.40
CLASSES - FIF;38.027.169/0001-08;;ARX INCOME INSTITUCIONAL FIF - CLASSE DE INVESTIMENTO EM COTAS AÇÕES - RESP LIMITADA;2025-07-31;Ações;96.50
CLASSES - FIF;38.027.169/0001-08;;ARX INCOME INSTITUCIONAL FIF - CLASSE DE INVESTIMENTO EM COTAS AÇÕES - RESP LIMITADA;2025-07-31;Operações compromissadas lastreadas em títulos públicos federais;3.01
CLASSES - FIF;38.028.730/0001-73;;IBIUNA HEDGE STP FIF - CLASSE DE INVESTIMENTO EM COTAS MULTIMERCADO - RESP LIMITADA;2025-07-31;Cotas de fundos de investimento 409;6.70
CLASSES - FIF;38.028.730/0001-73;;IBIUNA HEDGE STP FIF - CLASSE DE INVESTIMENTO EM COTAS MULTIMERCADO - RESP LIMITADA;2025-07-31;Derivativos;1068.36
CLASSES - FIF;38.028.730/0001-73;;IBIUNA HEDGE STP FIF - CLASSE DE INVESTIMENTO EM COTAS MULTIMERCADO - RESP LIMITADA;2025-07-31;Investimento no exterior;16.38
CLASSES - FIF;38.028.730/0001-73;;IBIUNA HEDGE STP FIF - CLASSE DE INVESTIMENTO EM COTAS MULTIMERCADO - RESP LIMITADA;2025-07-31;Operações compromissadas lastreadas em títulos públicos federais;119.53
CLASSES - FIF;38.028.730/0001-73;;IBIUNA HEDGE STP FIF - CLASSE DE INVESTIMENTO EM COTAS MULTIMERCADO - RESP LIMITADA;2025-07-31;Títulos públicos federais;123.01
CLASSES - FIF;38.028.868/0001-72;;TARUA MASTER FI FINANCEIRO - CIA - RESP LIMITADA;2025-07-31;Ações;72.57
CLASSES - FIF;38.028.868/0001-72;;TARUA MASTER FI FINANCEIRO - CIA - RESP LIMITADA;2025-07-31;Cotas de fundos de investimento 409;21.28
CLASSES - FIF;38.028.868/0001-72;;TARUA MASTER FI FINANCEIRO - CIA - RESP LIMITADA;2025-07-31;Derivativos;0.17
CLASSES - FIF;38.028.868/0001-72;;TARUA MASTER FI FINANCEIRO - CIA - RESP LIMITADA;2025-07-31;Operações compromissadas lastreadas em títulos públicos federais;2.48
CLASSES - FIF;38.028.896/0001-90;;TARUÁ FIF - CLASSE DE INVESTIMENTO EM COTAS EM AÇÕES - RESP LIMITADA;2025-07-31;Ações;72.68
CLASSES - FIF;38.028.896/0001-90;;TARUÁ FIF - CLASSE DE INVESTIMENTO EM COTAS EM AÇÕES - RESP LIMITADA;2025-07-31;Cotas de fundos de investimento 409;21.31
CLASSES - FIF;38.028.896/0001-90;;TARUÁ FIF - CLASSE DE INVESTIMENTO EM COTAS EM AÇÕES - RESP LIMITADA;2025-07-31;Derivativos;0.17
CLASSES - FIF;38.028.896/0001-90;;TARUÁ FIF - CLASSE DE INVESTIMENTO EM COTAS EM AÇÕES - RESP LIMITADA;2025-07-31;Operações compromissadas lastreadas em títulos públicos federais;2.48
CLASSES - FIF;38.074.718/0001-03;;AURO CARTEIRA DINÂMICA FUNDO DE INVESTIMENTO FINANCEIRO MULTIMERCADO;2025-07-31;Cotas de Fundos de Índice de Renda Variável;3.80
CLASSES - FIF;38.074.718/0001-03;;AURO CARTEIRA DINÂMICA FUNDO DE INVESTIMENTO FINANCEIRO MULTIMERCADO;2025-07-31;Cotas de Fundos de Investimento 409;84.59
CLASSES - FIF;38.074.718/0001-03;;AURO CARTEIRA DINÂMICA FUNDO DE INVESTIMENTO FINANCEIRO MULTIMERCADO;2025-07-31;Outras Aplicações;0.03
CLASSES - FIF;38.074.718/0001-03;;AURO CARTEIRA DINÂMICA FUNDO DE INVESTIMENTO FINANCEIRO MULTIMERCADO;2025-07-31;Outras Cotas de Fundos de Investimento;3.55
CLASSES - FIF;38.074.718/0001-03;;AURO CARTEIRA DINÂMICA FUNDO DE INVESTIMENTO FINANCEIRO MULTIMERCADO;2025-07-31;Títulos Públicos Federais;11.82
CLASSES - FIF;38.134.833/0001-18;;GARÍN CÍCLICO LONG BIASED ÁGORA FIF - CIC MULT - RESP LIMITADA;2025-07-31;Cotas de fundos de investimento 409;106.54
CLASSES - FIF;38.134.833/0001-18;;GARÍN CÍCLICO LONG BIASED ÁGORA FIF - CIC MULT - RESP LIMITADA;2025-07-31;Operações compromissadas lastreadas em títulos públicos federais;0.09
CLASSES - FIF;38.134.833/0001-18;;GARÍN CÍCLICO LONG BIASED ÁGORA FIF - CIC MULT - RESP LIMITADA;2025-07-31;Títulos públicos federais;0.24
CLASSES - FIF;38.195.760/0001-74;;IBIUNA HEDGE STC FIF - CLASSE DE INVESTIMENTO EM COTAS MULTIMERCADO - RESP LIMITADA;2025-07-31;Cotas de fundos de investimento 409;6.71
CLASSES - FIF;38.195.760/0001-74;;IBIUNA HEDGE STC FIF - CLASSE DE INVESTIMENTO EM COTAS MULTIMERCADO - RESP LIMITADA;2025-07-31;Derivativos;1068.94
CLASSES - FIF;38.195.760/0001-74;;IBIUNA HEDGE STC FIF - CLASSE DE INVESTIMENTO EM COTAS MULTIMERCADO - RESP LIMITADA;2025-07-31;Investimento no exterior;16.39
CLASSES - FIF;38.195.760/0001-74;;IBIUNA HEDGE STC FIF - CLASSE DE INVESTIMENTO EM COTAS MULTIMERCADO - RESP LIMITADA;2025-07-31;Operações compromissadas lastreadas em títulos públicos federais;119.59
CLASSES - FIF;38.195.760/0001-74;;IBIUNA HEDGE STC FIF - CLASSE DE INVESTIMENTO EM COTAS MULTIMERCADO - RESP LIMITADA;2025-07-31;Títulos públicos federais;123.08
CLASSES - FIF;38.195.945/0001-89;;VINCI AÇÕES A FIF - CLASSE DE INVESTIMENTO EM AÇÕES - RESP LIMITADA;2025-07-31;Ações;89.03
CLASSES - FIF;38.195.945/0001-89;;VINCI AÇÕES A FIF - CLASSE DE INVESTIMENTO EM AÇÕES - RESP LIMITADA;2025-07-31;Operações compromissadas lastreadas em títulos públicos federais;10.63
CLASSES - FIF;38.280.883/0001-03;;GUEPARDO VALOR INSTITUCIONAL FUNDO DE INVESTIMENTO FINANCEIRO;2025-07-31;Cotas de Fundos de Investimento 409;100.16
CLASSES - FIF;38.280.883/0001-03;;GUEPARDO VALOR INSTITUCIONAL FUNDO DE INVESTIMENTO FINANCEIRO;2025-07-31;Outras Aplicações;0.85
CLASSES - FIF;38.306.286/0001-00;;CONEXÃO TÁVOLA ABSOLUTO II FIF- CLASSE DE INVESTIMENTO EM COTAS DE AÇÕES - RESP LIMITADA;2025-07-31;Cotas de fundos de investimento 409;97.15
CLASSES - FIF;38.306.286/0001-00;;CONEXÃO TÁVOLA ABSOLUTO II FIF- CLASSE DE INVESTIMENTO EM COTAS DE AÇÕES - RESP LIMITADA;2025-07-31;Operações compromissadas lastreadas em títulos públicos federais;0.80
CLASSES - FIF;38.306.286/0001-00;;CONEXÃO TÁVOLA ABSOLUTO II FIF- CLASSE DE INVESTIMENTO EM COTAS DE AÇÕES - RESP LIMITADA;2025-07-31;Títulos públicos federais;2.17
CLASSES - FIF;38.306.308/0001-32;;SULAMÉRICA SELECTION ÁGORA FIF - CLASSE DE INVESTIMENTO EM COTAS DE AÇÕES - RESP LIMITADA;2025-07-31;Cotas de fundos de investimento 409;97.27
CLASSES - FIF;38.306.308/0001-32;;SULAMÉRICA SELECTION ÁGORA FIF - CLASSE DE INVESTIMENTO EM COTAS DE AÇÕES - RESP LIMITADA;2025-07-31;Operações compromissadas lastreadas em títulos públicos federais;2.61
CLASSES - FIF;38.306.308/0001-32;;SULAMÉRICA SELECTION ÁGORA FIF - CLASSE DE INVESTIMENTO EM COTAS DE AÇÕES - RESP LIMITADA;2025-07-31;Títulos públicos federais;0.32
CLASSES - FIF;38.306.366/0001-66;;SULAMÉRICA INFLATIE ÁGORA FIF - CIC RF LONGO PRAZO - RESP LIMITADA;2025-07-31;Derivativos;15.34
CLASSES - FIF;38.306.366/0001-66;;SULAMÉRICA INFLATIE ÁGORA FIF - CIC RF LONGO PRAZO - RESP LIMITADA;2025-07-31;Operações compromissadas lastreadas em títulos públicos federais;12.96
CLASSES - FIF;38.306.366/0001-66;;SULAMÉRICA INFLATIE ÁGORA FIF - CIC RF LONGO PRAZO - RESP LIMITADA;2025-07-31;Títulos públicos federais;85.23
CLASSES - FIF;38.306.388/0001-26;;CONEXÃO SULAMERICA INCOME FIF - CIC RF LONGO PRAZO - RESPONSABILIDADE LIMITADA;2025-07-31;Operações compromissadas lastreadas em títulos públicos federais;0.80
CLASSES - FIF;38.306.388/0001-26;;CONEXÃO SULAMERICA INCOME FIF - CIC RF LONGO PRAZO - RESPONSABILIDADE LIMITADA;2025-07-31;Títulos públicos federais;98.69
CLASSES - FIF;38.315.700/0001-48;;NAVI LONG BIASED ÁGORA FIF - CIC MULTIMERCADO - RESPONSABILIDADE LIMITADA;2025-07-31;Cotas de fundos de investimento 409;97.37
CLASSES - FIF;38.315.700/0001-48;;NAVI LONG BIASED ÁGORA FIF - CIC MULTIMERCADO - RESPONSABILIDADE LIMITADA;2025-07-31;Operações compromissadas lastreadas em títulos públicos federais;2.54
CLASSES - FIF;38.315.700/0001-48;;NAVI LONG BIASED ÁGORA FIF - CIC MULTIMERCADO - RESPONSABILIDADE LIMITADA;2025-07-31;Títulos públicos federais;1.46
CLASSES - FIF;38.315.724/0001-05;;CONEXÃO VINLAND LONG BIAS FIF CLASSE DE INVESTIMENTO EM COTAS MULTIMERCADO - RESP LIMITADA;2025-07-31;Cotas de fundos de investimento 409;99.23
CLASSES - FIF;38.315.724/0001-05;;CONEXÃO VINLAND LONG BIAS FIF CLASSE DE INVESTIMENTO EM COTAS MULTIMERCADO - RESP LIMITADA;2025-07-31;Operações compromissadas lastreadas em títulos públicos federais;0.13
CLASSES - FIF;38.315.724/0001-05;;CONEXÃO VINLAND LONG BIAS FIF CLASSE DE INVESTIMENTO EM COTAS MULTIMERCADO - RESP LIMITADA;2025-07-31;Títulos públicos federais;0.35
CLASSES - FIF;38.315.751/0001-70;;CONEXÃO JGP HEDGE FIF - CLASSE DE INVESTIMENTO EM COTAS MULTIMERCADO - RESP LIMITADA;2025-07-31;Cotas de fundos de investimento 409;99.58
CLASSES - FIF;38.315.751/0001-70;;CONEXÃO JGP HEDGE FIF - CLASSE DE INVESTIMENTO EM COTAS MULTIMERCADO - RESP LIMITADA;2025-07-31;Operações compromissadas lastreadas em títulos públicos federais;0.13
CLASSES - FIF;38.315.751/0001-70;;CONEXÃO JGP HEDGE FIF - CLASSE DE INVESTIMENTO EM COTAS MULTIMERCADO - RESP LIMITADA;2025-07-31;Títulos públicos federais;0.36
CLASSES - FIF;38.330.383/0001-39;;DAHLIA GLOBAL ALLOCATION ÁGORA FIF - CIC MULTIMERCADO - RESPONSABILIDADE LIMITADA;2025-07-31;Cotas de fundos de investimento 409;99.34
CLASSES - FIF;38.330.383/0001-39;;DAHLIA GLOBAL ALLOCATION ÁGORA FIF - CIC MULTIMERCADO - RESPONSABILIDADE LIMITADA;2025-07-31;Operações compromissadas lastreadas em títulos públicos federais;0.14
CLASSES - FIF;38.330.383/0001-39;;DAHLIA GLOBAL ALLOCATION ÁGORA FIF - CIC MULTIMERCADO - RESPONSABILIDADE LIMITADA;2025-07-31;Títulos públicos federais;0.39
CLASSES - FIF;38.330.501/0001-09;;CONEXÃO VINCI GAS DIVIDENDOS FIF - CLASSE DE INVESTIMENTO EM COTAS DE AÇÕES - RESP LIMITADA;2025-07-31;Ações;92.59
CLASSES - FIF;38.330.501/0001-09;;CONEXÃO VINCI GAS DIVIDENDOS FIF - CLASSE DE INVESTIMENTO EM COTAS DE AÇÕES - RESP LIMITADA;2025-07-31;Operações compromissadas lastreadas em títulos públicos federais;3.76
CLASSES - FIF;38.330.501/0001-09;;CONEXÃO VINCI GAS DIVIDENDOS FIF - CLASSE DE INVESTIMENTO EM COTAS DE AÇÕES - RESP LIMITADA;2025-07-31;Títulos públicos federais;0.79
CLASSES - FIF;38.351.701/0001-48;;CONEXÃO ORI CAPITAL FIF - CLASSE DE INVESTIMENTO EM COTAS DE AÇÕES - RESP LIMITADA;2025-07-31;Cotas de fundos de investimento 409;98.70
CLASSES - FIF;38.351.701/0001-48;;CONEXÃO ORI CAPITAL FIF - CLASSE DE INVESTIMENTO EM COTAS DE AÇÕES - RESP LIMITADA;2025-07-31;Operações compromissadas lastreadas em títulos públicos federais;0.46
CLASSES - FIF;38.351.701/0001-48;;CONEXÃO ORI CAPITAL FIF - CLASSE DE INVESTIMENTO EM COTAS DE AÇÕES - RESP LIMITADA;2025-07-31;Títulos públicos federais;1.26
CLASSES - FIF;38.351.970/0001-04;;VISTA ÁGORA FIF - CLASSE DE INVESTIMENTO EM COTAS DE AÇÕES - RESPONSABILIDADE LIMITADA;2025-07-31;Cotas de fundos de investimento 409;96.80
CLASSES - FIF;38.351.970/0001-04;;VISTA ÁGORA FIF - CLASSE DE INVESTIMENTO EM COTAS DE AÇÕES - RESPONSABILIDADE LIMITADA;2025-07-31;Operações compromissadas lastreadas em títulos públicos federais;0.55
CLASSES - FIF;38.351.970/0001-04;;VISTA ÁGORA FIF - CLASSE DE INVESTIMENTO EM COTAS DE AÇÕES - RESPONSABILIDADE LIMITADA;2025-07-31;Títulos públicos federais;1.49
CLASSES - FIF;38.354.974/0001-46;;VISTA LONG BIASED ÁGORA FIF - CIC MULTIMERCADO - RESPONSABILIDADE LIMITADA;2025-07-31;Cotas de fundos de investimento 409;99.14
CLASSES - FIF;38.354.974/0001-46;;VISTA LONG BIASED ÁGORA FIF - CIC MULTIMERCADO - RESPONSABILIDADE LIMITADA;2025-07-31;Operações compromissadas lastreadas em títulos públicos federais;0.06
CLASSES - FIF;38.354.974/0001-46;;VISTA LONG BIASED ÁGORA FIF - CIC MULTIMERCADO - RESPONSABILIDADE LIMITADA;2025-07-31;Títulos públicos federais;0.16
CLASSES - FIF;38.376.759/0001-46;;BRADESCO EQUITY HEDGE FI FINANCEIRO - CIC MULT - RESP LIMITADA;2025-07-31;Ações;26.29
CLASSES - FIF;38.376.759/0001-46;;BRADESCO EQUITY HEDGE FI FINANCEIRO - CIC MULT - RESP LIMITADA;2025-07-31;Cotas de fundos de investimento 409;7.53
CLASSES - FIF;38.376.759/0001-46;;BRADESCO EQUITY HEDGE FI FINANCEIRO - CIC MULT - RESP LIMITADA;2025-07-31;Investimento no exterior;0.75
CLASSES - FIF;38.376.759/0001-46;;BRADESCO EQUITY HEDGE FI FINANCEIRO - CIC MULT - RESP LIMITADA;2025-07-31;Operações compromissadas lastreadas em títulos públicos federais;19.46
CLASSES - FIF;38.376.759/0001-46;;BRADESCO EQUITY HEDGE FI FINANCEIRO - CIC MULT - RESP LIMITADA;2025-07-31;Títulos públicos federais;63.45
CLASSES - FIF;38.388.984/0001-00;;BRAM EQUITY HEDGE FI FINANCEIRO - CI MULT - RESP LIMITADA;2025-07-31;Ações;26.32
CLASSES - FIF;38.388.984/0001-00;;BRAM EQUITY HEDGE FI FINANCEIRO - CI MULT - RESP LIMITADA;2025-07-31;Cotas de fundos de investimento 409;5.61
CLASSES - FIF;38.388.984/0001-00;;BRAM EQUITY HEDGE FI FINANCEIRO - CI MULT - RESP LIMITADA;2025-07-31;Investimento no exterior;0.74
CLASSES - FIF;38.388.984/0001-00;;BRAM EQUITY HEDGE FI FINANCEIRO - CI MULT - RESP LIMITADA;2025-07-31;Operações compromissadas lastreadas em títulos públicos federais;19.61
CLASSES - FIF;38.388.984/0001-00;;BRAM EQUITY HEDGE FI FINANCEIRO - CI MULT - RESP LIMITADA;2025-07-31;Títulos públicos federais;65.16
CLASSES - FIF;38.389.079/0001-67;;BRADESCO MULTIGESTORES GLOBAL FIXED INCOME ESG USD IS  FIF  CLASSE DE INVESTIMENTO  MULT - RESP LTDA;2025-07-31;Derivativos;12.21
CLASSES - FIF;38.389.079/0001-67;;BRADESCO MULTIGESTORES GLOBAL FIXED INCOME ESG USD IS  FIF  CLASSE DE INVESTIMENTO  MULT - RESP LTDA;2025-07-31;Investimento no exterior;87.27
CLASSES - FIF;38.389.079/0001-67;;BRADESCO MULTIGESTORES GLOBAL FIXED INCOME ESG USD IS  FIF  CLASSE DE INVESTIMENTO  MULT - RESP LTDA;2025-07-31;Operações compromissadas lastreadas em títulos públicos federais;1.52
CLASSES - FIF;38.389.079/0001-67;;BRADESCO MULTIGESTORES GLOBAL FIXED INCOME ESG USD IS  FIF  CLASSE DE INVESTIMENTO  MULT - RESP LTDA;2025-07-31;Títulos públicos federais;12.42
CLASSES - FIF;38.596.967/0001-50;;BRASIL CAPITAL MASTER 30 II FI FINANCEIRO - CIA - RESP LIMITADA;2025-07-31;Ações;93.34
CLASSES - FIF;38.596.967/0001-50;;BRASIL CAPITAL MASTER 30 II FI FINANCEIRO - CIA - RESP LIMITADA;2025-07-31;Cotas de fundos de investimento 409;1.32
CLASSES - FIF;38.596.967/0001-50;;BRASIL CAPITAL MASTER 30 II FI FINANCEIRO - CIA - RESP LIMITADA;2025-07-31;Derivativos;-1.28
CLASSES - FIF;38.596.967/0001-50;;BRASIL CAPITAL MASTER 30 II FI FINANCEIRO - CIA - RESP LIMITADA;2025-07-31;Investimento no exterior;5.03
CLASSES - FIF;38.596.967/0001-50;;BRASIL CAPITAL MASTER 30 II FI FINANCEIRO - CIA - RESP LIMITADA;2025-07-31;Operações compromissadas lastreadas em títulos públicos federais;0.74
CLASSES - FIF;38.653.966/0001-09;;CONEXÃO VINCI MULTIESTRATÉGIA FIF - CIC MULTIMERCADO - RESP LIMITADA;2025-07-31;Derivativos;-1.38
CLASSES - FIF;38.653.966/0001-09;;CONEXÃO VINCI MULTIESTRATÉGIA FIF - CIC MULTIMERCADO - RESP LIMITADA;2025-07-31;Operações compromissadas lastreadas em títulos públicos federais;8.18
CLASSES - FIF;38.653.966/0001-09;;CONEXÃO VINCI MULTIESTRATÉGIA FIF - CIC MULTIMERCADO - RESP LIMITADA;2025-07-31;Títulos públicos federais;92.03
CLASSES - FIF;38.654.019/0001-24;;CONEXÃO VINCI VALOREM FIF - CLASSE DE INVESTIMENTO EM COTAS MULTIMERCADO - RESP LIMITADA;2025-07-31;Derivativos;-65.10
CLASSES - FIF;38.654.019/0001-24;;CONEXÃO VINCI VALOREM FIF - CLASSE DE INVESTIMENTO EM COTAS MULTIMERCADO - RESP LIMITADA;2025-07-31;Operações compromissadas lastreadas em títulos públicos federais;16.84
CLASSES - FIF;38.654.019/0001-24;;CONEXÃO VINCI VALOREM FIF - CLASSE DE INVESTIMENTO EM COTAS MULTIMERCADO - RESP LIMITADA;2025-07-31;Títulos públicos federais;81.70
CLASSES - FIF;38.657.339/0001-38;;OCCAM EQUITY HEDGE ÁGORA FIF - CLASSE DE INVESTIMENTO EM COTAS MULTIMERCADO - RESP LIMITADA;2025-07-31;Cotas de fundos de investimento 409;97.82
CLASSES - FIF;38.657.339/0001-38;;OCCAM EQUITY HEDGE ÁGORA FIF - CLASSE DE INVESTIMENTO EM COTAS MULTIMERCADO - RESP LIMITADA;2025-07-31;Operações compromissadas lastreadas em títulos públicos federais;0.44
CLASSES - FIF;38.657.339/0001-38;;OCCAM EQUITY HEDGE ÁGORA FIF - CLASSE DE INVESTIMENTO EM COTAS MULTIMERCADO - RESP LIMITADA;2025-07-31;Títulos públicos federais;1.21
CLASSES - FIF;38.657.534/0001-68;;OCCAM INSTITUCIONAL II ÁGORA FIF - CLASSE DE INVESTIMENTO EM COTAS MULTIMERCADO - RESP LIMITADA;2025-07-31;Cotas de fundos de investimento 409;98.07
CLASSES - FIF;38.657.534/0001-68;;OCCAM INSTITUCIONAL II ÁGORA FIF - CLASSE DE INVESTIMENTO EM COTAS MULTIMERCADO - RESP LIMITADA;2025-07-31;Operações compromissadas lastreadas em títulos públicos federais;0.45
CLASSES - FIF;38.657.534/0001-68;;OCCAM INSTITUCIONAL II ÁGORA FIF - CLASSE DE INVESTIMENTO EM COTAS MULTIMERCADO - RESP LIMITADA;2025-07-31;Títulos públicos federais;1.23
CLASSES - FIF;38.657.612/0001-24;;CONEXÃO BLACKROCK GLOBAL EVENT DRIVEN FUNDO DE INVESTIMENTO FINANCEIRO CIC MULTIMERCADO - RESP LTDA;2025-07-31;Cotas de fundos de investimento 409;99.57
CLASSES - FIF;38.657.612/0001-24;;CONEXÃO BLACKROCK GLOBAL EVENT DRIVEN FUNDO DE INVESTIMENTO FINANCEIRO CIC MULTIMERCADO - RESP LTDA;2025-07-31;Operações compromissadas lastreadas em títulos públicos federais;0.11
CLASSES - FIF;38.657.612/0001-24;;CONEXÃO BLACKROCK GLOBAL EVENT DRIVEN FUNDO DE INVESTIMENTO FINANCEIRO CIC MULTIMERCADO - RESP LTDA;2025-07-31;Títulos públicos federais;0.31
CLASSES - FIF;38.710.731/0001-01;;BTG PACTUAL DISCOVERY ÁGORA FIF - CIC MULTIMERCADO - RESPONSABILIDADE LIMITADA;2025-07-31;Cotas de fundos de investimento 409;96.95
CLASSES - FIF;38.710.731/0001-01;;BTG PACTUAL DISCOVERY ÁGORA FIF - CIC MULTIMERCADO - RESPONSABILIDADE LIMITADA;2025-07-31;Operações compromissadas lastreadas em títulos públicos federais;0.61
CLASSES - FIF;38.710.731/0001-01;;BTG PACTUAL DISCOVERY ÁGORA FIF - CIC MULTIMERCADO - RESPONSABILIDADE LIMITADA;2025-07-31;Títulos públicos federais;1.67
CLASSES - FIF;38.710.803/0001-02;;BTGP MFS MERIDIAN PRUDENT CAPITAL ÁGORA FIF - CIC MULTIMERCADO - RESPONSABILIDADE LIMITADA;2025-07-31;Cotas de fundos de investimento 409;98.12
CLASSES - FIF;38.710.803/0001-02;;BTGP MFS MERIDIAN PRUDENT CAPITAL ÁGORA FIF - CIC MULTIMERCADO - RESPONSABILIDADE LIMITADA;2025-07-31;Operações compromissadas lastreadas em títulos públicos federais;0.48
CLASSES - FIF;38.710.803/0001-02;;BTGP MFS MERIDIAN PRUDENT CAPITAL ÁGORA FIF - CIC MULTIMERCADO - RESPONSABILIDADE LIMITADA;2025-07-31;Títulos públicos federais;1.30
CLASSES - FIF;38.715.895/0001-13;;TRUXT I VALOR ÁGORA FIF - CLASSE DE INVESTIMENTO EM COTAS DE AÇÕES - RESP LIMITADA;2025-07-31;Cotas de fundos de investimento 409;99.58
CLASSES - FIF;38.715.895/0001-13;;TRUXT I VALOR ÁGORA FIF - CLASSE DE INVESTIMENTO EM COTAS DE AÇÕES - RESP LIMITADA;2025-07-31;Operações compromissadas lastreadas em títulos públicos federais;0.10
CLASSES - FIF;38.715.895/0001-13;;TRUXT I VALOR ÁGORA FIF - CLASSE DE INVESTIMENTO EM COTAS DE AÇÕES - RESP LIMITADA;2025-07-31;Títulos públicos federais;0.27
CLASSES - FIF;38.728.990/0001-51;;UNIVERSO FUNDO DE INVESTIMENTO FINANCEIRO;2025-07-31;Ações;94.03
CLASSES - FIF;38.728.990/0001-51;;UNIVERSO FUNDO DE INVESTIMENTO FINANCEIRO;2025-07-31;Cotas de fundos de Investimento;4.34
CLASSES - FIF;38.728.990/0001-51;;UNIVERSO FUNDO DE INVESTIMENTO FINANCEIRO;2025-07-31;Outras Aplicações;-8.60
CLASSES - FIF;38.728.990/0001-51;;UNIVERSO FUNDO DE INVESTIMENTO FINANCEIRO;2025-07-31;Titulos publicos federais;23.87
CLASSES - FIF;38.860.877/0001-25;;BRADESCO ESG IS GLOBAL FIF - CLASSE DE INVESTIMENTO EM COTAS MULTIMERCADO - RESP  LIMITADA;2025-07-31;Depósitos a prazo e outros títulos de instituições financeiras;11.09
CLASSES - FIF;38.860.877/0001-25;;BRADESCO ESG IS GLOBAL FIF - CLASSE DE INVESTIMENTO EM COTAS MULTIMERCADO - RESP  LIMITADA;2025-07-31;Investimento no exterior;9.15
CLASSES - FIF;38.860.877/0001-25;;BRADESCO ESG IS GLOBAL FIF - CLASSE DE INVESTIMENTO EM COTAS MULTIMERCADO - RESP  LIMITADA;2025-07-31;Operações compromissadas lastreadas em títulos públicos federais;21.32
CLASSES - FIF;38.860.877/0001-25;;BRADESCO ESG IS GLOBAL FIF - CLASSE DE INVESTIMENTO EM COTAS MULTIMERCADO - RESP  LIMITADA;2025-07-31;Títulos de crédito privado;16.53
CLASSES - FIF;38.860.877/0001-25;;BRADESCO ESG IS GLOBAL FIF - CLASSE DE INVESTIMENTO EM COTAS MULTIMERCADO - RESP  LIMITADA;2025-07-31;Títulos públicos federais;40.99
CLASSES - FIF;38.860.913/0001-50;;BRAM FIF- CLASSE DE  INVESTIMENTO MULTIMERCADO CREDIT GREEN - RESPONSABILIDADE LIMITADA;2025-07-31;Cotas de fundos de investimento 409;0.02
CLASSES - FIF;38.860.913/0001-50;;BRAM FIF- CLASSE DE  INVESTIMENTO MULTIMERCADO CREDIT GREEN - RESPONSABILIDADE LIMITADA;2025-07-31;Investimento no exterior;18.65
CLASSES - FIF;38.860.913/0001-50;;BRAM FIF- CLASSE DE  INVESTIMENTO MULTIMERCADO CREDIT GREEN - RESPONSABILIDADE LIMITADA;2025-07-31;Operações compromissadas lastreadas em títulos públicos federais;6.34
CLASSES - FIF;38.860.913/0001-50;;BRAM FIF- CLASSE DE  INVESTIMENTO MULTIMERCADO CREDIT GREEN - RESPONSABILIDADE LIMITADA;2025-07-31;Títulos de crédito privado;0.18
CLASSES - FIF;38.860.913/0001-50;;BRAM FIF- CLASSE DE  INVESTIMENTO MULTIMERCADO CREDIT GREEN - RESPONSABILIDADE LIMITADA;2025-07-31;Títulos públicos federais;74.39
CLASSES - FIF;39.151.551/0001-91;;BRADESCO CHINA FI FINANCEIRO - CIA - RESP LIMITADA;2025-07-31;Investimento no exterior;98.34
CLASSES - FIF;39.151.551/0001-91;;BRADESCO CHINA FI FINANCEIRO - CIA - RESP LIMITADA;2025-07-31;Operações compromissadas lastreadas em títulos públicos federais;0.35
CLASSES - FIF;39.151.551/0001-91;;BRADESCO CHINA FI FINANCEIRO - CIA - RESP LIMITADA;2025-07-31;Títulos públicos federais;0.96
CLASSES - FIF;39.152.933/0001-30;;BRAM EQUITY GREEN BDR NÍVEL I IS FIF - CLASSE DE INVESTIMENTO EM AÇÕES - RESP LIMITADA;2025-07-31;Cotas de fundos de investimento 409;96.08
CLASSES - FIF;39.152.933/0001-30;;BRAM EQUITY GREEN BDR NÍVEL I IS FIF - CLASSE DE INVESTIMENTO EM AÇÕES - RESP LIMITADA;2025-07-31;Derivativos;-91.92
CLASSES - FIF;39.152.933/0001-30;;BRAM EQUITY GREEN BDR NÍVEL I IS FIF - CLASSE DE INVESTIMENTO EM AÇÕES - RESP LIMITADA;2025-07-31;Operações compromissadas lastreadas em títulos públicos federais;4.37
CLASSES - FIF;39.152.991/0001-63;;BRAM IS SUSTENTABILIDADE FIF - CLASSE DE INVESTIMENTO RF CRED PRIV - RESPONSABILIDADE LIMITADA;2025-07-31;Cotas de fundos de investimento 409;0.88
CLASSES - FIF;39.152.991/0001-63;;BRAM IS SUSTENTABILIDADE FIF - CLASSE DE INVESTIMENTO RF CRED PRIV - RESPONSABILIDADE LIMITADA;2025-07-31;Depósitos a prazo e outros títulos de instituições financeiras;21.79
CLASSES - FIF;39.152.991/0001-63;;BRAM IS SUSTENTABILIDADE FIF - CLASSE DE INVESTIMENTO RF CRED PRIV - RESPONSABILIDADE LIMITADA;2025-07-31;Operações compromissadas lastreadas em títulos públicos federais;35.78
CLASSES - FIF;39.152.991/0001-63;;BRAM IS SUSTENTABILIDADE FIF - CLASSE DE INVESTIMENTO RF CRED PRIV - RESPONSABILIDADE LIMITADA;2025-07-31;Títulos de crédito privado;32.30
CLASSES - FIF;39.152.991/0001-63;;BRAM IS SUSTENTABILIDADE FIF - CLASSE DE INVESTIMENTO RF CRED PRIV - RESPONSABILIDADE LIMITADA;2025-07-31;Títulos públicos federais;8.79
CLASSES - FIF;39.270.157/0001-72;;CONEXÃO SAFRA FERMAT FIF - CLASSE DE  INVESTIMENTO EM COTAS MULTIMERCADO - RESP LIMITADA.;2025-07-31;Cotas de fundos de investimento 409;96.90
CLASSES - FIF;39.270.157/0001-72;;CONEXÃO SAFRA FERMAT FIF - CLASSE DE  INVESTIMENTO EM COTAS MULTIMERCADO - RESP LIMITADA.;2025-07-31;Operações compromissadas lastreadas em títulos públicos federais;0.72
CLASSES - FIF;39.270.157/0001-72;;CONEXÃO SAFRA FERMAT FIF - CLASSE DE  INVESTIMENTO EM COTAS MULTIMERCADO - RESP LIMITADA.;2025-07-31;Títulos públicos federais;1.97
CLASSES - FIF;39.272.289/0001-33;;NEO NAVITAS B FIF - CLASSE DE INVESTIMENTO EM COTAS AÇÕES - RESP LIMITADA;2025-07-31;Cotas de fundos de investimento 409;98.48
CLASSES - FIF;39.272.289/0001-33;;NEO NAVITAS B FIF - CLASSE DE INVESTIMENTO EM COTAS AÇÕES - RESP LIMITADA;2025-07-31;Operações compromissadas lastreadas em títulos públicos federais;0.43
CLASSES - FIF;39.272.289/0001-33;;NEO NAVITAS B FIF - CLASSE DE INVESTIMENTO EM COTAS AÇÕES - RESP LIMITADA;2025-07-31;Títulos públicos federais;1.17
CLASSES - FIF;39.272.519/0001-64;;CONEXÃO JGP ESG IS INSTITUCIONAL FIF - CIC EM AÇÕES - RESPONSABILIDADE LIMITADA;2025-07-31;Cotas de fundos de investimento 409;97.63
CLASSES - FIF;39.272.519/0001-64;;CONEXÃO JGP ESG IS INSTITUCIONAL FIF - CIC EM AÇÕES - RESPONSABILIDADE LIMITADA;2025-07-31;Operações compromissadas lastreadas em títulos públicos federais;0.59
CLASSES - FIF;39.272.519/0001-64;;CONEXÃO JGP ESG IS INSTITUCIONAL FIF - CIC EM AÇÕES - RESPONSABILIDADE LIMITADA;2025-07-31;Títulos públicos federais;1.61
CLASSES - FIF;39.272.568/0001-05;;JGP LONG ONLY ÁGORA FIF - CLASSE DE INVESTIMENTO EM COTAS AÇÕES - RESP LIMITADA;2025-07-31;Cotas de fundos de investimento 409;97.89
CLASSES - FIF;39.272.568/0001-05;;JGP LONG ONLY ÁGORA FIF - CLASSE DE INVESTIMENTO EM COTAS AÇÕES - RESP LIMITADA;2025-07-31;Operações compromissadas lastreadas em títulos públicos federais;0.40
CLASSES - FIF;39.272.568/0001-05;;JGP LONG ONLY ÁGORA FIF - CLASSE DE INVESTIMENTO EM COTAS AÇÕES - RESP LIMITADA;2025-07-31;Títulos públicos federais;1.09
CLASSES - FIF;39.272.622/0001-04;;CONEXÃO J.SAFRA GALILEO FIF - CI EM COTAS MULTIMERCADO - RESPONSABILIDADE LIMITADA;2025-07-31;Cotas de fundos de investimento 409;99.04
CLASSES - FIF;39.272.622/0001-04;;CONEXÃO J.SAFRA GALILEO FIF - CI EM COTAS MULTIMERCADO - RESPONSABILIDADE LIMITADA;2025-07-31;Operações compromissadas lastreadas em títulos públicos federais;0.24
CLASSES - FIF;39.272.622/0001-04;;CONEXÃO J.SAFRA GALILEO FIF - CI EM COTAS MULTIMERCADO - RESPONSABILIDADE LIMITADA;2025-07-31;Títulos públicos federais;0.66
CLASSES - FIF;39.281.106/0001-46;;ÁLAMOS WEALTH SELECTION FUNDO DE INVESTIMENTO FINANCEIRO;2025-07-31;Ações;26.49
CLASSES - FIF;39.281.106/0001-46;;ÁLAMOS WEALTH SELECTION FUNDO DE INVESTIMENTO FINANCEIRO;2025-07-31;Cotas de Fundos de Investimento 409;53.64
CLASSES - FIF;39.281.106/0001-46;;ÁLAMOS WEALTH SELECTION FUNDO DE INVESTIMENTO FINANCEIRO;2025-07-31;Operações Compromissadas Lastreadas em Títulos Públicos Federais;2.88
CLASSES - FIF;39.281.106/0001-46;;ÁLAMOS WEALTH SELECTION FUNDO DE INVESTIMENTO FINANCEIRO;2025-07-31;Outras Cotas de Fundos de Investimento;2.57
CLASSES - FIF;39.281.106/0001-46;;ÁLAMOS WEALTH SELECTION FUNDO DE INVESTIMENTO FINANCEIRO;2025-07-31;Títulos Públicos Federais;14.69
CLASSES - FIF;39.285.822/0001-00;;ÁGORA DIVERSIFICAÇÃO INDEX FIF - CLASSE DE INVESTIMENTO AÇÕES - RESP LIMITADA;2025-07-31;Ações;95.35
CLASSES - FIF;39.285.822/0001-00;;ÁGORA DIVERSIFICAÇÃO INDEX FIF - CLASSE DE INVESTIMENTO AÇÕES - RESP LIMITADA;2025-07-31;Derivativos;4.59
CLASSES - FIF;39.285.822/0001-00;;ÁGORA DIVERSIFICAÇÃO INDEX FIF - CLASSE DE INVESTIMENTO AÇÕES - RESP LIMITADA;2025-07-31;Operações compromissadas lastreadas em títulos públicos federais;2.14
FI;39.344.840/0001-07;;INTER AÇÕES VALOR FUNDO DE INVESTIMENTO FINANCEIRO EM AÇÕES RESPONSABILIDADE LIMITADA;2025-07-31;Ações;85.53
FI;39.344.840/0001-07;;INTER AÇÕES VALOR FUNDO DE INVESTIMENTO FINANCEIRO EM AÇÕES RESPONSABILIDADE LIMITADA;2025-07-31;Operações Compromissadas Lastreadas em Títulos Públicos Federais;6.56
CLASSES - FIF;39.345.047/0001-22;;BRADESCO ESG GLOBAL IS BDR FUNDO DE INVESTIMENTO FINANCEIRO - CLASSE DE INVESTIMENTO COTAS EM AÇÕES;2025-07-31;Ações;65.27
CLASSES - FIF;39.345.047/0001-22;;BRADESCO ESG GLOBAL IS BDR FUNDO DE INVESTIMENTO FINANCEIRO - CLASSE DE INVESTIMENTO COTAS EM AÇÕES;2025-07-31;Cotas de fundos de investimento 409;31.39
CLASSES - FIF;39.345.047/0001-22;;BRADESCO ESG GLOBAL IS BDR FUNDO DE INVESTIMENTO FINANCEIRO - CLASSE DE INVESTIMENTO COTAS EM AÇÕES;2025-07-31;Derivativos;-30.03
CLASSES - FIF;39.345.047/0001-22;;BRADESCO ESG GLOBAL IS BDR FUNDO DE INVESTIMENTO FINANCEIRO - CLASSE DE INVESTIMENTO COTAS EM AÇÕES;2025-07-31;Operações compromissadas lastreadas em títulos públicos federais;2.78
CLASSES - FIF;39.346.123/0001-14;;TARPON GT INSTITUCIONAL FUNDO DE INVESTIMENTO FINANCEIRO;2025-07-31;Ações;102.48
CLASSES - FIF;39.346.123/0001-14;;TARPON GT INSTITUCIONAL FUNDO DE INVESTIMENTO FINANCEIRO;2025-07-31;Cotas de Fundos de Investimento 409;1.04
CLASSES - FIF;39.346.123/0001-14;;TARPON GT INSTITUCIONAL FUNDO DE INVESTIMENTO FINANCEIRO;2025-07-31;Operações Compromissadas Lastreadas em Títulos Públicos Federais;0.00
CLASSES - FIF;39.346.123/0001-14;;TARPON GT INSTITUCIONAL FUNDO DE INVESTIMENTO FINANCEIRO;2025-07-31;Outras Aplicações;0.37
CLASSES - FIF;39.346.123/0001-14;;TARPON GT INSTITUCIONAL FUNDO DE INVESTIMENTO FINANCEIRO;2025-07-31;Títulos Públicos Federais;0.01
FI;39.540.780/0001-06;;INTER ACCESS VERDE FUNDO DE INVESTIMENTO EM COTAS DE FUNDO DE INVESTIMENTO FINANCEIRO MULTIMERCADO;2025-07-31;Cotas de Fundos de Investimento 555;97.61
FI;39.540.780/0001-06;;INTER ACCESS VERDE FUNDO DE INVESTIMENTO EM COTAS DE FUNDO DE INVESTIMENTO FINANCEIRO MULTIMERCADO;2025-07-31;Operações Compromissadas Lastreadas em Títulos Públicos Federais;2.40
CLASSES - FIF;39.572.895/0001-74;;AQR LONG-BIASED EQUITIES ÁGORA FIF - CIC MULTIMERCADO - RESPONSABILIDADE LIMITADA;2025-07-31;Cotas de fundos de investimento 409;99.25
CLASSES - FIF;39.572.895/0001-74;;AQR LONG-BIASED EQUITIES ÁGORA FIF - CIC MULTIMERCADO - RESPONSABILIDADE LIMITADA;2025-07-31;Operações compromissadas lastreadas em títulos públicos federais;0.22
CLASSES - FIF;39.572.895/0001-74;;AQR LONG-BIASED EQUITIES ÁGORA FIF - CIC MULTIMERCADO - RESPONSABILIDADE LIMITADA;2025-07-31;Títulos públicos federais;0.54
CLASSES - FIF;39.572.994/0001-56;;EASYNVEST TOP FUNDOS DE AÇÕES FI FINANCEIRO - CIC EM AÇÕES - RESP LIMITADA;2025-07-31;Cotas de fundos de investimento 409;76.13
CLASSES - FIF;39.572.994/0001-56;;EASYNVEST TOP FUNDOS DE AÇÕES FI FINANCEIRO - CIC EM AÇÕES - RESP LIMITADA;2025-07-31;Derivativos;8.21
CLASSES - FIF;39.572.994/0001-56;;EASYNVEST TOP FUNDOS DE AÇÕES FI FINANCEIRO - CIC EM AÇÕES - RESP LIMITADA;2025-07-31;Operações compromissadas lastreadas em títulos públicos federais;1.87
CLASSES - FIF;39.572.994/0001-56;;EASYNVEST TOP FUNDOS DE AÇÕES FI FINANCEIRO - CIC EM AÇÕES - RESP LIMITADA;2025-07-31;Títulos públicos federais;20.78
CLASSES - FIF;39.600.768/0001-31;;BRAM IS SUSTENTABILIDADE EMPRESARIAL 2 FIF - CIA - RESP LTDA;2025-07-31;Ações;96.89
CLASSES - FIF;39.600.768/0001-31;;BRAM IS SUSTENTABILIDADE EMPRESARIAL 2 FIF - CIA - RESP LTDA;2025-07-31;Operações compromissadas lastreadas em títulos públicos federais;2.01
CLASSES - FIF;39.687.606/0001-82;;ÁGORA GLOBAL SUSTAIN IS FIF - CI EM AÇÕES - RESPONSABILIDADE LIMITADA;2025-07-31;Investimento no exterior;97.66
CLASSES - FIF;39.687.606/0001-82;;ÁGORA GLOBAL SUSTAIN IS FIF - CI EM AÇÕES - RESPONSABILIDADE LIMITADA;2025-07-31;Operações compromissadas lastreadas em títulos públicos federais;0.65
CLASSES - FIF;39.687.606/0001-82;;ÁGORA GLOBAL SUSTAIN IS FIF - CI EM AÇÕES - RESPONSABILIDADE LIMITADA;2025-07-31;Títulos públicos federais;1.76
CLASSES - FIF;39.807.251/0001-18;;CONEXÃO VINLAND LONG ONLY FIF- CLASSE DE INVESTIMENTO EM COTAS DE AÇÕES - RESP LIMITADA;2025-07-31;Cotas de fundos de investimento 409;98.51
CLASSES - FIF;39.807.251/0001-18;;CONEXÃO VINLAND LONG ONLY FIF- CLASSE DE INVESTIMENTO EM COTAS DE AÇÕES - RESP LIMITADA;2025-07-31;Operações compromissadas lastreadas em títulos públicos federais;0.21
CLASSES - FIF;39.807.251/0001-18;;CONEXÃO VINLAND LONG ONLY FIF- CLASSE DE INVESTIMENTO EM COTAS DE AÇÕES - RESP LIMITADA;2025-07-31;Títulos públicos federais;0.58
CLASSES - FIF;39.807.296/0001-92;;KADIMA LONG SHORT PLUS ÁGORA FIF - CLASSE DE INVESTIMENTO EM COTAS DE AÇÕES - RESP LIMITADA;2025-07-31;Cotas de fundos de investimento 409;99.56
CLASSES - FIF;39.807.296/0001-92;;KADIMA LONG SHORT PLUS ÁGORA FIF - CLASSE DE INVESTIMENTO EM COTAS DE AÇÕES - RESP LIMITADA;2025-07-31;Operações compromissadas lastreadas em títulos públicos federais;0.12
CLASSES - FIF;39.807.296/0001-92;;KADIMA LONG SHORT PLUS ÁGORA FIF - CLASSE DE INVESTIMENTO EM COTAS DE AÇÕES - RESP LIMITADA;2025-07-31;Títulos públicos federais;0.34
CLASSES - FIF;39.807.395/0001-74;;BV EAGLE ÁGORA FIF - CLASSE DE INVESTIMENTO EM COTAS RENDA FIXA LONGO PRAZO - RESP LIMITADA;2025-07-31;Ações;0.02
CLASSES - FIF;39.807.395/0001-74;;BV EAGLE ÁGORA FIF - CLASSE DE INVESTIMENTO EM COTAS RENDA FIXA LONGO PRAZO - RESP LIMITADA;2025-07-31;Derivativos;8.49
CLASSES - FIF;39.807.395/0001-74;;BV EAGLE ÁGORA FIF - CLASSE DE INVESTIMENTO EM COTAS RENDA FIXA LONGO PRAZO - RESP LIMITADA;2025-07-31;Operações compromissadas lastreadas em títulos públicos federais;55.45
CLASSES - FIF;39.807.395/0001-74;;BV EAGLE ÁGORA FIF - CLASSE DE INVESTIMENTO EM COTAS RENDA FIXA LONGO PRAZO - RESP LIMITADA;2025-07-31;Títulos de crédito privado;0.10
CLASSES - FIF;39.807.395/0001-74;;BV EAGLE ÁGORA FIF - CLASSE DE INVESTIMENTO EM COTAS RENDA FIXA LONGO PRAZO - RESP LIMITADA;2025-07-31;Títulos públicos federais;44.19
CLASSES - FIF;39.809.279/0001-94;;VALOR CONSULTORIA FUNDO DE INVESTIMENTO FINANCEIRO MULTIMERCADO;2025-07-31;Ações;91.28
CLASSES - FIF;39.809.279/0001-94;;VALOR CONSULTORIA FUNDO DE INVESTIMENTO FINANCEIRO MULTIMERCADO;2025-07-31;Cotas de fundos de Investimento;6.78
CLASSES - FIF;39.816.705/0001-17;;WESTERN ASSET ÁGORA FIF - CLASSE DE INVESTIMENTO EM COTAS DE AÇÕES - RESP LIMITADA;2025-07-31;Cotas de fundos de investimento 409;99.53
CLASSES - FIF;39.816.705/0001-17;;WESTERN ASSET ÁGORA FIF - CLASSE DE INVESTIMENTO EM COTAS DE AÇÕES - RESP LIMITADA;2025-07-31;Operações compromissadas lastreadas em títulos públicos federais;0.12
CLASSES - FIF;39.816.705/0001-17;;WESTERN ASSET ÁGORA FIF - CLASSE DE INVESTIMENTO EM COTAS DE AÇÕES - RESP LIMITADA;2025-07-31;Títulos públicos federais;0.32
CLASSES - FIF;39.816.790/0001-13;;SQUADRA LONG BIASED ÁGORA FIF - CLASSE DE INVESTIMENTO EM COTAS DE FUNDOS DE AÇÕES - RESP LIMITADA;2025-07-31;Cotas de fundos de investimento 409;97.30
CLASSES - FIF;39.816.790/0001-13;;SQUADRA LONG BIASED ÁGORA FIF - CLASSE DE INVESTIMENTO EM COTAS DE FUNDOS DE AÇÕES - RESP LIMITADA;2025-07-31;Operações compromissadas lastreadas em títulos públicos federais;0.71
CLASSES - FIF;39.816.790/0001-13;;SQUADRA LONG BIASED ÁGORA FIF - CLASSE DE INVESTIMENTO EM COTAS DE FUNDOS DE AÇÕES - RESP LIMITADA;2025-07-31;Títulos públicos federais;1.94
CLASSES - FIF;39.816.837/0001-49;;SQUADRA LONG ONLY ÁGORA FIF - CLASSE DE INVESTIMENTO EM COTAS DE FUNDOS DE AÇÕES - RESP LIMITADA;2025-07-31;Cotas de fundos de investimento 409;99.12
CLASSES - FIF;39.816.837/0001-49;;SQUADRA LONG ONLY ÁGORA FIF - CLASSE DE INVESTIMENTO EM COTAS DE FUNDOS DE AÇÕES - RESP LIMITADA;2025-07-31;Operações compromissadas lastreadas em títulos públicos federais;0.09
CLASSES - FIF;39.816.837/0001-49;;SQUADRA LONG ONLY ÁGORA FIF - CLASSE DE INVESTIMENTO EM COTAS DE FUNDOS DE AÇÕES - RESP LIMITADA;2025-07-31;Títulos públicos federais;0.24
CLASSES - FIF;39.851.719/0001-71;;IBIUNA HEDGE ST FP FIF - CLASSE DE INVESTIMENTO EM COTAS MULTIMERCADO - RESP LIMITADA;2025-07-31;Cotas de fundos de investimento 409;6.70
CLASSES - FIF;39.851.719/0001-71;;IBIUNA HEDGE ST FP FIF - CLASSE DE INVESTIMENTO EM COTAS MULTIMERCADO - RESP LIMITADA;2025-07-31;Derivativos;1068.32
CLASSES - FIF;39.851.719/0001-71;;IBIUNA HEDGE ST FP FIF - CLASSE DE INVESTIMENTO EM COTAS MULTIMERCADO - RESP LIMITADA;2025-07-31;Investimento no exterior;16.38
CLASSES - FIF;39.851.719/0001-71;;IBIUNA HEDGE ST FP FIF - CLASSE DE INVESTIMENTO EM COTAS MULTIMERCADO - RESP LIMITADA;2025-07-31;Operações compromissadas lastreadas em títulos públicos federais;119.52
CLASSES - FIF;39.851.719/0001-71;;IBIUNA HEDGE ST FP FIF - CLASSE DE INVESTIMENTO EM COTAS MULTIMERCADO - RESP LIMITADA;2025-07-31;Títulos públicos federais;123.01
CLASSES - FIF;40.040.714/0001-48;;KAPITALO K10 ÁGORA FIF - CIC MULTIMERCADO - RESPONSABILIDADE LIMITADA;2025-07-31;Cotas de fundos de investimento 409;99.43
CLASSES - FIF;40.040.714/0001-48;;KAPITALO K10 ÁGORA FIF - CIC MULTIMERCADO - RESPONSABILIDADE LIMITADA;2025-07-31;Operações compromissadas lastreadas em títulos públicos federais;0.16
CLASSES - FIF;40.040.714/0001-48;;KAPITALO K10 ÁGORA FIF - CIC MULTIMERCADO - RESPONSABILIDADE LIMITADA;2025-07-31;Títulos públicos federais;0.44
CLASSES - FIF;40.063.576/0001-12;;VERDE MODALMAIS AM 60 FUNDO DE INVESTIMENTO EM COTAS MULTIMERCADO;2025-07-31;Cotas de fundos de investimento 409;99.03
CLASSES - FIF;40.063.576/0001-12;;VERDE MODALMAIS AM 60 FUNDO DE INVESTIMENTO EM COTAS MULTIMERCADO;2025-07-31;Operações compromissadas lastreadas em títulos públicos federais;1.03
CLASSES - FIF;40.127.685/0001-56;;VINCI RETORNO REAL FI FINANCEIRO - CI MULT - RESP LIMITADA;2025-07-31;Ações;4.66
CLASSES - FIF;40.127.685/0001-56;;VINCI RETORNO REAL FI FINANCEIRO - CI MULT - RESP LIMITADA;2025-07-31;Cotas de fundos de investimento 409;2.49
CLASSES - FIF;40.127.685/0001-56;;VINCI RETORNO REAL FI FINANCEIRO - CI MULT - RESP LIMITADA;2025-07-31;Operações compromissadas lastreadas em títulos públicos federais;27.96
CLASSES - FIF;40.127.685/0001-56;;VINCI RETORNO REAL FI FINANCEIRO - CI MULT - RESP LIMITADA;2025-07-31;Títulos de crédito privado;1.04
CLASSES - FIF;40.127.685/0001-56;;VINCI RETORNO REAL FI FINANCEIRO - CI MULT - RESP LIMITADA;2025-07-31;Títulos públicos federais;64.58
CLASSES - FIF;40.129.641/0001-65;;BRASIL CAPITAL RP INSTITUCIONAL FI FINANCEIRO - CIC DE CLASSE DE AÇÕES - RESP LIMITADA;2025-07-31;Cotas de fundos de investimento 409;99.91
CLASSES - FIF;40.141.885/0001-63;;CONEXÃO WESTERN ASSET ATIVO FIF - CLASSE DE INVESTIMENTO EM COTAS DE RENDA FIXA - RESP LIMITADA;2025-07-31;Cotas de fundos de investimento 409;98.26
CLASSES - FIF;40.141.885/0001-63;;CONEXÃO WESTERN ASSET ATIVO FIF - CLASSE DE INVESTIMENTO EM COTAS DE RENDA FIXA - RESP LIMITADA;2025-07-31;Operações compromissadas lastreadas em títulos públicos federais;0.43
CLASSES - FIF;40.141.885/0001-63;;CONEXÃO WESTERN ASSET ATIVO FIF - CLASSE DE INVESTIMENTO EM COTAS DE RENDA FIXA - RESP LIMITADA;2025-07-31;Títulos públicos federais;1.16
CLASSES - FIF;40.142.060/0001-63;;BRAM CRÉDITO INFLAÇÃO FI FINANCEIRO - CI RF CRED PRIV - RESP LIMITADA;2025-07-31;Cotas de fundos de investimento 409;3.16
CLASSES - FIF;40.142.060/0001-63;;BRAM CRÉDITO INFLAÇÃO FI FINANCEIRO - CI RF CRED PRIV - RESP LIMITADA;2025-07-31;Depósitos a prazo e outros títulos de instituições financeiras;23.02
CLASSES - FIF;40.142.060/0001-63;;BRAM CRÉDITO INFLAÇÃO FI FINANCEIRO - CI RF CRED PRIV - RESP LIMITADA;2025-07-31;Derivativos;58.58
CLASSES - FIF;40.142.060/0001-63;;BRAM CRÉDITO INFLAÇÃO FI FINANCEIRO - CI RF CRED PRIV - RESP LIMITADA;2025-07-31;Títulos de crédito privado;54.06
CLASSES - FIF;40.142.060/0001-63;;BRAM CRÉDITO INFLAÇÃO FI FINANCEIRO - CI RF CRED PRIV - RESP LIMITADA;2025-07-31;Títulos públicos federais;18.31
CLASSES - FIF;40.152.028/0001-69;;WESTERN ASSET ATIVO MAX ÁGORA FIF - CLASSE DE INVESTIMENTO EM COTAS RENDA FIXA - RESP LIMITADA;2025-07-31;Cotas de fundos de investimento 409;96.84
CLASSES - FIF;40.152.028/0001-69;;WESTERN ASSET ATIVO MAX ÁGORA FIF - CLASSE DE INVESTIMENTO EM COTAS RENDA FIXA - RESP LIMITADA;2025-07-31;Operações compromissadas lastreadas em títulos públicos federais;0.70
CLASSES - FIF;40.152.028/0001-69;;WESTERN ASSET ATIVO MAX ÁGORA FIF - CLASSE DE INVESTIMENTO EM COTAS RENDA FIXA - RESP LIMITADA;2025-07-31;Títulos públicos federais;1.89
CLASSES - FIF;40.190.534/0001-42;;4UM BDR FIF - CLASSE DE INVESTIMENTO EM AÇÕES - RESP LIMITADA;2025-07-31;Ações;91.31
CLASSES - FIF;40.190.534/0001-42;;4UM BDR FIF - CLASSE DE INVESTIMENTO EM AÇÕES - RESP LIMITADA;2025-07-31;Cotas de fundos de investimento 409;8.13
CLASSES - FIF;40.190.534/0001-42;;4UM BDR FIF - CLASSE DE INVESTIMENTO EM AÇÕES - RESP LIMITADA;2025-07-31;Operações compromissadas lastreadas em títulos públicos federais;0.29
CLASSES - FIF;40.226.010/0001-64;;VINCI TOTAL RETURN INSTITUCIONAL FIF - CLASSE DE INVESTIMENTO EM AÇÕES - RESP LIMITADA;2025-07-31;Ações;89.34
CLASSES - FIF;40.226.010/0001-64;;VINCI TOTAL RETURN INSTITUCIONAL FIF - CLASSE DE INVESTIMENTO EM AÇÕES - RESP LIMITADA;2025-07-31;Cotas de fundos de investimento 409;0.97
CLASSES - FIF;40.226.010/0001-64;;VINCI TOTAL RETURN INSTITUCIONAL FIF - CLASSE DE INVESTIMENTO EM AÇÕES - RESP LIMITADA;2025-07-31;Derivativos;-12.35
CLASSES - FIF;40.226.010/0001-64;;VINCI TOTAL RETURN INSTITUCIONAL FIF - CLASSE DE INVESTIMENTO EM AÇÕES - RESP LIMITADA;2025-07-31;Operações compromissadas lastreadas em títulos públicos federais;10.23
CLASSES - FIF;40.226.014/0001-42;;VINCI MOSAICO ADVISORY FIF - CLASSE DE INVESTIMENTO EM AÇÕES - RESP LIMITADA;2025-07-31;Ações;86.14
CLASSES - FIF;40.226.014/0001-42;;VINCI MOSAICO ADVISORY FIF - CLASSE DE INVESTIMENTO EM AÇÕES - RESP LIMITADA;2025-07-31;Operações compromissadas lastreadas em títulos públicos federais;11.89
CLASSES - FIF;40.226.014/0001-42;;VINCI MOSAICO ADVISORY FIF - CLASSE DE INVESTIMENTO EM AÇÕES - RESP LIMITADA;2025-07-31;Títulos públicos federais;1.66
CLASSES - FIF;40.226.025/0001-22;;VINCI MOSAICO FIF - CLASSE DE INVESTIMENTO EM AÇÕES - RESP LIMITADA;2025-07-31;Ações;86.71
CLASSES - FIF;40.226.025/0001-22;;VINCI MOSAICO FIF - CLASSE DE INVESTIMENTO EM AÇÕES - RESP LIMITADA;2025-07-31;Depósitos a prazo e outros títulos de instituições financeiras;0.50
CLASSES - FIF;40.226.025/0001-22;;VINCI MOSAICO FIF - CLASSE DE INVESTIMENTO EM AÇÕES - RESP LIMITADA;2025-07-31;Operações compromissadas lastreadas em títulos públicos federais;8.63
CLASSES - FIF;40.226.055/0001-39;;CONEXÃO GIANT ZARATHUSTRA FIF- CLASSE DE INVESTIMENTO EM COTAS MULTIMERCADO - RESP LIMITADA;2025-07-31;Cotas de fundos de investimento 409;99.19
CLASSES - FIF;40.226.055/0001-39;;CONEXÃO GIANT ZARATHUSTRA FIF- CLASSE DE INVESTIMENTO EM COTAS MULTIMERCADO - RESP LIMITADA;2025-07-31;Operações compromissadas lastreadas em títulos públicos federais;0.19
CLASSES - FIF;40.226.055/0001-39;;CONEXÃO GIANT ZARATHUSTRA FIF- CLASSE DE INVESTIMENTO EM COTAS MULTIMERCADO - RESP LIMITADA;2025-07-31;Títulos públicos federais;0.53
CLASSES - FIF;40.226.075/0001-00;;IBIUNA LONG SHORT FIF - CLASSE DE INVESTIMENTO EM COTAS MULTIMERCADO ÁGORA - RESP LIMITADA;2025-07-31;Cotas de fundos de investimento 409;100.02
CLASSES - FIF;40.226.075/0001-00;;IBIUNA LONG SHORT FIF - CLASSE DE INVESTIMENTO EM COTAS MULTIMERCADO ÁGORA - RESP LIMITADA;2025-07-31;Operações compromissadas lastreadas em títulos públicos federais;0.01
CLASSES - FIF;40.226.075/0001-00;;IBIUNA LONG SHORT FIF - CLASSE DE INVESTIMENTO EM COTAS MULTIMERCADO ÁGORA - RESP LIMITADA;2025-07-31;Títulos públicos federais;0.03
CLASSES - FIF;40.226.091/0001-00;;WESTERN ASSET US INDEX 500 ÁGORA FIF - CLASSE DE INVESTIMENTO EM COTAS MULTIMERCADO - RESP LIMITADA;2025-07-31;Cotas de fundos de investimento 409;99.29
CLASSES - FIF;40.226.091/0001-00;;WESTERN ASSET US INDEX 500 ÁGORA FIF - CLASSE DE INVESTIMENTO EM COTAS MULTIMERCADO - RESP LIMITADA;2025-07-31;Operações compromissadas lastreadas em títulos públicos federais;0.19
CLASSES - FIF;40.226.091/0001-00;;WESTERN ASSET US INDEX 500 ÁGORA FIF - CLASSE DE INVESTIMENTO EM COTAS MULTIMERCADO - RESP LIMITADA;2025-07-31;Títulos públicos federais;0.52
CLASSES - FIF;40.265.699/0001-36;;CALIXTO FUNDO DE INVESTIMENTO EM AÇÕES - RESPONSABILIDADE LIMITADA;2025-07-31;Ações;102.86
CLASSES - FIF;40.265.699/0001-36;;CALIXTO FUNDO DE INVESTIMENTO EM AÇÕES - RESPONSABILIDADE LIMITADA;2025-07-31;Operações compromissadas lastreadas em títulospúblicos federais;0.34
CLASSES - FIF;40.265.699/0001-36;;CALIXTO FUNDO DE INVESTIMENTO EM AÇÕES - RESPONSABILIDADE LIMITADA;2025-07-31;Outras aplicações;-3.20
CLASSES - FIF;40.413.936/0001-69;;JDV FUNDO DE INVESTIMENTO MULTIMERCADO MULTIESTRATEGIA CREDITO PRIVADO IE;2025-07-31;Acões;0.00
CLASSES - FIF;40.413.936/0001-69;;JDV FUNDO DE INVESTIMENTO MULTIMERCADO MULTIESTRATEGIA CREDITO PRIVADO IE;2025-07-31;Cotas de Fundos de Investimento 555;77.23
CLASSES - FIF;40.413.936/0001-69;;JDV FUNDO DE INVESTIMENTO MULTIMERCADO MULTIESTRATEGIA CREDITO PRIVADO IE;2025-07-31;Depósito a prazo e outros títulos de instituições financeiras;17.71
CLASSES - FIF;40.413.936/0001-69;;JDV FUNDO DE INVESTIMENTO MULTIMERCADO MULTIESTRATEGIA CREDITO PRIVADO IE;2025-07-31;Operacões compromissadas lastreadas em títulos privados;0.00
CLASSES - FIF;40.413.936/0001-69;;JDV FUNDO DE INVESTIMENTO MULTIMERCADO MULTIESTRATEGIA CREDITO PRIVADO IE;2025-07-31;Títulos de crédito privado;5.07
CLASSES - FIF;40.764.095/0001-34;;CSHG DI SPECIAL FUNDO DE INVESTIMENTO FINANCEIRO RENDA FIXA REFERENCIADO - RESPONSABILIDADE LIMITADA;2025-07-31;Dep¿os a Prazo e Outros T¿los de Institui¿s Financeiras;15.28
CLASSES - FIF;40.764.095/0001-34;;CSHG DI SPECIAL FUNDO DE INVESTIMENTO FINANCEIRO RENDA FIXA REFERENCIADO - RESPONSABILIDADE LIMITADA;2025-07-31;Outros;14.58
CLASSES - FIF;40.764.095/0001-34;;CSHG DI SPECIAL FUNDO DE INVESTIMENTO FINANCEIRO RENDA FIXA REFERENCIADO - RESPONSABILIDADE LIMITADA;2025-07-31;T¿los de Cr¿to Privado;6.28
CLASSES - FIF;40.764.095/0001-34;;CSHG DI SPECIAL FUNDO DE INVESTIMENTO FINANCEIRO RENDA FIXA REFERENCIADO - RESPONSABILIDADE LIMITADA;2025-07-31;T¿los P¿blicos Federais;63.94
CLASSES - FIF;40.897.437/0001-94;;KRATHUS FI FINANCEIRO - CI MULT CRED PRIV - RESP LIMITADA;2025-07-31;Cotas de fundos de investimento 409;67.20
CLASSES - FIF;40.897.437/0001-94;;KRATHUS FI FINANCEIRO - CI MULT CRED PRIV - RESP LIMITADA;2025-07-31;Operações compromissadas lastreadas em títulos públicos federais;1.97
CLASSES - FIF;40.897.437/0001-94;;KRATHUS FI FINANCEIRO - CI MULT CRED PRIV - RESP LIMITADA;2025-07-31;Títulos públicos federais;30.95
CLASSES - FIF;40.919.348/0001-00;;VINCI STB FUNDO DE INVESTIMENTO FINANCEIRO - CLASSE DE INVESTIMENTO EM AÇÕES - RESP LIMITADA;2025-07-31;Ações;89.30
CLASSES - FIF;40.919.348/0001-00;;VINCI STB FUNDO DE INVESTIMENTO FINANCEIRO - CLASSE DE INVESTIMENTO EM AÇÕES - RESP LIMITADA;2025-07-31;Operações compromissadas lastreadas em títulos públicos federais;10.18
FI;41.019.748/0001-13;;MAM ZC TESOURO SELIC FI RENDA FIXA SIMPLES DI SOBERANO RESPONSABILIDADE LIMITADA;2025-07-31;Renda Fixa;100.10
FI;41.036.490/0001-63;;INTER ACCESS ARBOR FC DE FI FINANCEIRO EM AÇÕES BDR NÍVEL I RESPONSABILIDADE LIMITADA;2025-07-31;Cotas de Fundos de Investimento 555;97.07
FI;41.036.490/0001-63;;INTER ACCESS ARBOR FC DE FI FINANCEIRO EM AÇÕES BDR NÍVEL I RESPONSABILIDADE LIMITADA;2025-07-31;Operações Compromissadas Lastreadas em Títulos Públicos Federais;3.16
CLASSES - FIF;41.088.110/0001-34;;LEGACY CAPITAL MFO FUNDO DE INVESTIMENTO EM COTAS DE FIF MULTIMERCADO - RESPONSABILIDADE LIMITADA;2025-07-31;Cotas de Fundos de Investimento 555;100.06
CLASSES - FIF;41.088.110/0001-34;;LEGACY CAPITAL MFO FUNDO DE INVESTIMENTO EM COTAS DE FIF MULTIMERCADO - RESPONSABILIDADE LIMITADA;2025-07-31;Outros;0.12
CLASSES - FIF;41.196.740/0001-22;;TRIGONO DELPHOS INCOME INSTITUCIONAL FIF - CLASSE DE INVESTIMENTO EM COTAS DE AÇÕES - RESP LIMITADA;2025-07-31;Cotas de fundos de investimento 409;99.60
CLASSES - FIF;41.196.740/0001-22;;TRIGONO DELPHOS INCOME INSTITUCIONAL FIF - CLASSE DE INVESTIMENTO EM COTAS DE AÇÕES - RESP LIMITADA;2025-07-31;Operações compromissadas lastreadas em títulos públicos federais;0.17
CLASSES - FIF;41.196.740/0001-22;;TRIGONO DELPHOS INCOME INSTITUCIONAL FIF - CLASSE DE INVESTIMENTO EM COTAS DE AÇÕES - RESP LIMITADA;2025-07-31;Títulos públicos federais;0.43
CLASSES - FIF;41.256.441/0001-36;;GENOA CAPITAL RADAR MFO FUNDO DE INVESTIMENTO EM COTAS DE FIF MULTIMERCADO RESPONSABILIDADE LIMITADA;2025-07-31;Outras Cotas de Fundos de Investimento;100.13
CLASSES - FIF;41.256.441/0001-36;;GENOA CAPITAL RADAR MFO FUNDO DE INVESTIMENTO EM COTAS DE FIF MULTIMERCADO RESPONSABILIDADE LIMITADA;2025-07-31;Outros;0.04
CLASSES - FIF;41.283.095/0001-85;;ÁFIRA TERMO FUNDING CASH FUNDO DE INVESTIMENTO FINANCEIRO;2025-07-31;Cotas de Fundos de Investimento 409;61.87
CLASSES - FIF;41.283.095/0001-85;;ÁFIRA TERMO FUNDING CASH FUNDO DE INVESTIMENTO FINANCEIRO;2025-07-31;Derivativos;-0.19
CLASSES - FIF;41.283.095/0001-85;;ÁFIRA TERMO FUNDING CASH FUNDO DE INVESTIMENTO FINANCEIRO;2025-07-31;Outras Aplicações;12.38
CLASSES - FIF;41.283.095/0001-85;;ÁFIRA TERMO FUNDING CASH FUNDO DE INVESTIMENTO FINANCEIRO;2025-07-31;Títulos Públicos Federais;26.07
CLASSES - FIF;41.319.909/0001-94;;CONEXÃO VINCI MOSAICO FIF - CLASSE DE INVESTIMENTO EM COTAS DE AÇÕES - RESP LIMITADA;2025-07-31;Ações;88.61
CLASSES - FIF;41.319.909/0001-94;;CONEXÃO VINCI MOSAICO FIF - CLASSE DE INVESTIMENTO EM COTAS DE AÇÕES - RESP LIMITADA;2025-07-31;Operações compromissadas lastreadas em títulos públicos federais;10.23
CLASSES - FIF;41.319.909/0001-94;;CONEXÃO VINCI MOSAICO FIF - CLASSE DE INVESTIMENTO EM COTAS DE AÇÕES - RESP LIMITADA;2025-07-31;Títulos públicos federais;0.33
CLASSES - FIF;41.333.328/0001-07;;VOKIN GBV ACONCÁGUA ÁGORA FIF - CLASSE DE INVESTIMENTO EM COTAS DE AÇÕES - RESP LIMITADA;2025-07-31;Cotas de fundos de investimento 409;98.27
CLASSES - FIF;41.333.328/0001-07;;VOKIN GBV ACONCÁGUA ÁGORA FIF - CLASSE DE INVESTIMENTO EM COTAS DE AÇÕES - RESP LIMITADA;2025-07-31;Operações compromissadas lastreadas em títulos públicos federais;0.43
CLASSES - FIF;41.333.328/0001-07;;VOKIN GBV ACONCÁGUA ÁGORA FIF - CLASSE DE INVESTIMENTO EM COTAS DE AÇÕES - RESP LIMITADA;2025-07-31;Títulos públicos federais;1.17
CLASSES - FIF;41.423.729/0001-58;;OCCAM RETORNO ABSOLUTO ÁGORA FIF - CLASSE DE INVESTIMENTO EM COTAS MULTIMERCADO - RESP LIMITADA;2025-07-31;Cotas de fundos de investimento 409;98.29
CLASSES - FIF;41.423.729/0001-58;;OCCAM RETORNO ABSOLUTO ÁGORA FIF - CLASSE DE INVESTIMENTO EM COTAS MULTIMERCADO - RESP LIMITADA;2025-07-31;Operações compromissadas lastreadas em títulos públicos federais;0.41
CLASSES - FIF;41.423.729/0001-58;;OCCAM RETORNO ABSOLUTO ÁGORA FIF - CLASSE DE INVESTIMENTO EM COTAS MULTIMERCADO - RESP LIMITADA;2025-07-31;Títulos públicos federais;1.12
CLASSES - FIF;41.517.570/0001-30;;WARREN MULTIGESTORES MULTIMERCADO FUNDO DE INVESTIMENTO FINANCEIRO;2025-07-31;Cotas de Fundos de Investimento 409;94.56
CLASSES - FIF;41.517.570/0001-30;;WARREN MULTIGESTORES MULTIMERCADO FUNDO DE INVESTIMENTO FINANCEIRO;2025-07-31;Outras Aplicações;-0.83
CLASSES - FIF;41.517.570/0001-30;;WARREN MULTIGESTORES MULTIMERCADO FUNDO DE INVESTIMENTO FINANCEIRO;2025-07-31;Outras Cotas de Fundos de Investimento;7.52
CLASSES - FIF;41.545.212/0001-31;;BRADESCO KAPITALO ZETA FIF - CLASSE DE INVESTIMENTO EM COTAS MULTIMERCADO - RESP LIMITADA;2025-07-31;Cotas de fundos de investimento 409;99.46
CLASSES - FIF;41.545.212/0001-31;;BRADESCO KAPITALO ZETA FIF - CLASSE DE INVESTIMENTO EM COTAS MULTIMERCADO - RESP LIMITADA;2025-07-31;Operações compromissadas lastreadas em títulos públicos federais;0.14
CLASSES - FIF;41.545.212/0001-31;;BRADESCO KAPITALO ZETA FIF - CLASSE DE INVESTIMENTO EM COTAS MULTIMERCADO - RESP LIMITADA;2025-07-31;Títulos públicos federais;0.37
CLASSES - FIF;41.562.564/0001-03;;CLAVE ALPHA MACRO MFO FUNDO DE INVESTIMENTO EM COTAS DE FIF MULTIMERCADO - RESPONSABILIDADE LIMITADA;2025-07-31;Outras Cotas de Fundos de Investimento;100.18
CLASSES - FIF;41.562.564/0001-03;;CLAVE ALPHA MACRO MFO FUNDO DE INVESTIMENTO EM COTAS DE FIF MULTIMERCADO - RESPONSABILIDADE LIMITADA;2025-07-31;Outros;0.03
CLASSES - FIF;41.629.514/0001-98;;ABSOLUTE VERTEX MFO FUNDO DE INVESTIMENTO EM COTAS DE FIF MULTIMERCADO - RESPONSABILIDADE LIMITADA;2025-07-31;Outras Cotas de Fundos de Investimento;100.12
CLASSES - FIF;41.629.514/0001-98;;ABSOLUTE VERTEX MFO FUNDO DE INVESTIMENTO EM COTAS DE FIF MULTIMERCADO - RESPONSABILIDADE LIMITADA;2025-07-31;Outros;0.08
CLASSES - FIF;41.629.941/0001-76;;UBS EVOLUTION MACRO STRATEGIES II FUNDO DE INVESTIMENTO EM COTAS DE FIF MULTIMERCADO - RESP LIMITADA;2025-07-31;Outras Cotas de Fundos de Investimento;100.00
CLASSES - FIF;41.629.941/0001-76;;UBS EVOLUTION MACRO STRATEGIES II FUNDO DE INVESTIMENTO EM COTAS DE FIF MULTIMERCADO - RESP LIMITADA;2025-07-31;Outros;0.00
CLASSES - FIF;41.687.144/0001-45;;MAG STRATEGY FIF - CLASSE DE INVESTIMENTO MULT  - RESP  LIMITADA;2025-07-31;Ações;1.37
CLASSES - FIF;41.687.144/0001-45;;MAG STRATEGY FIF - CLASSE DE INVESTIMENTO MULT  - RESP  LIMITADA;2025-07-31;Cotas de fundos de investimento 409;6.29
CLASSES - FIF;41.687.144/0001-45;;MAG STRATEGY FIF - CLASSE DE INVESTIMENTO MULT  - RESP  LIMITADA;2025-07-31;Derivativos;3.70
CLASSES - FIF;41.687.144/0001-45;;MAG STRATEGY FIF - CLASSE DE INVESTIMENTO MULT  - RESP  LIMITADA;2025-07-31;Operações compromissadas lastreadas em títulos públicos federais;4.91
CLASSES - FIF;41.687.144/0001-45;;MAG STRATEGY FIF - CLASSE DE INVESTIMENTO MULT  - RESP  LIMITADA;2025-07-31;Títulos públicos federais;87.39
CLASSES - FIF;41.745.501/0001-84;;BANRISUL ESPELHO VINCI MULTIESTRATÉGIA FUNDO DE INVESTIMENTO EM COTAS DE FUNDOS DE INVESTIMENTO FI;2025-07-31;COTAS DE FUNDOS DE INVESTIMENTO 409;99.21
CLASSES - FIF;41.767.134/0001-10;;BANRISUL ESPELHO OCCAM RETORNO ABSOLUTO FUNDO DE INVESTIMENTO EM COTAS DE FIF MULTIMERCADO RESP LIM;2025-07-31;COTAS DE FUNDOS DE INVESTIMENTO 409;97.32
CLASSES - FIF;41.853.494/0001-34;;VIC CLAVE ALPHA MACRO FIF - CIC MULTIMERCADO - RESP LIMITADA;2025-07-31;Cotas de fundos de investimento 409;98.77
CLASSES - FIF;41.853.494/0001-34;;VIC CLAVE ALPHA MACRO FIF - CIC MULTIMERCADO - RESP LIMITADA;2025-07-31;Operações compromissadas lastreadas em títulos públicos federais;0.35
CLASSES - FIF;41.853.494/0001-34;;VIC CLAVE ALPHA MACRO FIF - CIC MULTIMERCADO - RESP LIMITADA;2025-07-31;Títulos públicos federais;0.88
CLASSES - FIF;41.970.027/0001-94;;VERDE AM W60 WARREN FEEDER FUNDO DE INVESTIMENTO FINANCEIRO;2025-07-31;Cotas de Fundos de Investimento 409;96.57
CLASSES - FIF;41.970.027/0001-94;;VERDE AM W60 WARREN FEEDER FUNDO DE INVESTIMENTO FINANCEIRO;2025-07-31;Outras Aplicações;3.56
CLASSES - FIF;42.066.462/0001-51;;BRADESCO VIRTUS US SMALL CAPS USD FI FINANCEIRO - CIA - RESP LIMITADA;2025-07-31;Investimento no exterior;97.48
CLASSES - FIF;42.066.462/0001-51;;BRADESCO VIRTUS US SMALL CAPS USD FI FINANCEIRO - CIA - RESP LIMITADA;2025-07-31;Operações compromissadas lastreadas em títulos públicos federais;0.55
CLASSES - FIF;42.066.462/0001-51;;BRADESCO VIRTUS US SMALL CAPS USD FI FINANCEIRO - CIA - RESP LIMITADA;2025-07-31;Títulos públicos federais;1.50
CLASSES - FIF;42.084.627/0001-18;;FIDUC INTERNACIONAL FI FINANCEIRO - CIC DE AÇÕES - RESP LIMITADA;2025-07-31;Ações;4.81
CLASSES - FIF;42.084.627/0001-18;;FIDUC INTERNACIONAL FI FINANCEIRO - CIC DE AÇÕES - RESP LIMITADA;2025-07-31;Cotas de fundos de investimento 409;77.90
CLASSES - FIF;42.084.627/0001-18;;FIDUC INTERNACIONAL FI FINANCEIRO - CIC DE AÇÕES - RESP LIMITADA;2025-07-31;Derivativos;6.49
CLASSES - FIF;42.084.627/0001-18;;FIDUC INTERNACIONAL FI FINANCEIRO - CIC DE AÇÕES - RESP LIMITADA;2025-07-31;Investimento no exterior;10.49
CLASSES - FIF;42.084.627/0001-18;;FIDUC INTERNACIONAL FI FINANCEIRO - CIC DE AÇÕES - RESP LIMITADA;2025-07-31;Operações compromissadas lastreadas em títulos públicos federais;5.98
CLASSES - FIF;42.084.832/0001-83;;GÁVEA MACRO RED FIF - CIC MULTIMERCADO - RESPONSABILIDADE LIMITADA;2025-07-31;Ações;6.10
CLASSES - FIF;42.084.832/0001-83;;GÁVEA MACRO RED FIF - CIC MULTIMERCADO - RESPONSABILIDADE LIMITADA;2025-07-31;Derivativos;10.32
CLASSES - FIF;42.084.832/0001-83;;GÁVEA MACRO RED FIF - CIC MULTIMERCADO - RESPONSABILIDADE LIMITADA;2025-07-31;Investimento no exterior;14.46
CLASSES - FIF;42.084.832/0001-83;;GÁVEA MACRO RED FIF - CIC MULTIMERCADO - RESPONSABILIDADE LIMITADA;2025-07-31;Operações compromissadas lastreadas em títulos públicos federais;24.74
CLASSES - FIF;42.084.832/0001-83;;GÁVEA MACRO RED FIF - CIC MULTIMERCADO - RESPONSABILIDADE LIMITADA;2025-07-31;Títulos públicos federais;55.52
CLASSES - FIF;42.174.097/0001-07;;SMIRK FUNDO DE INVESTIMENTO MULTIMERCADO CREDITO PRIVADO-RESPONSABILIDADE LIMITADA;2025-07-31;Acões;0.00
CLASSES - FIF;42.174.097/0001-07;;SMIRK FUNDO DE INVESTIMENTO MULTIMERCADO CREDITO PRIVADO-RESPONSABILIDADE LIMITADA;2025-07-31;Cotas de Fundos de Investimento 555;99.96
CLASSES - FIF;42.174.097/0001-07;;SMIRK FUNDO DE INVESTIMENTO MULTIMERCADO CREDITO PRIVADO-RESPONSABILIDADE LIMITADA;2025-07-31;Depósito a prazo e outros títulos de instituições financeiras;0.04
CLASSES - FIF;42.174.097/0001-07;;SMIRK FUNDO DE INVESTIMENTO MULTIMERCADO CREDITO PRIVADO-RESPONSABILIDADE LIMITADA;2025-07-31;Operacões compromissadas lastreadas em títulos privados;0.00
CLASSES - FIF;42.174.097/0001-07;;SMIRK FUNDO DE INVESTIMENTO MULTIMERCADO CREDITO PRIVADO-RESPONSABILIDADE LIMITADA;2025-07-31;Operacões compromissadas lastreadas em títulos públicos federais;0.00
FI;42.315.695/0001-40;;INTER ACESS ABSOLUTE VERTEX FC DE FUNDO DE INVESTIMENTO FINANCEIRO MULTIMERCADO;2025-07-31;Cotas de Fundos de Investimento 555;96.54
FI;42.315.695/0001-40;;INTER ACESS ABSOLUTE VERTEX FC DE FUNDO DE INVESTIMENTO FINANCEIRO MULTIMERCADO;2025-07-31;Operações Compromissadas Lastreadas em Títulos Públicos Federais;3.53
CLASSES - FIF;42.449.117/0001-05;;ARX INCOME ÁGORA FIF - CLASSE DE INVESTIMENTO EM COTAS AÇÕES - RESP LIMITADA;2025-07-31;Cotas de fundos de investimento 409;99.51
CLASSES - FIF;42.449.117/0001-05;;ARX INCOME ÁGORA FIF - CLASSE DE INVESTIMENTO EM COTAS AÇÕES - RESP LIMITADA;2025-07-31;Operações compromissadas lastreadas em títulos públicos federais;0.13
CLASSES - FIF;42.449.117/0001-05;;ARX INCOME ÁGORA FIF - CLASSE DE INVESTIMENTO EM COTAS AÇÕES - RESP LIMITADA;2025-07-31;Títulos públicos federais;0.35
CLASSES - FIF;42.449.133/0001-90;;SPX FALCON ÁGORA FIF - CLASSE DE INVESTIMENTO EM COTAS DE AÇÕES - RESP LIMITADA;2025-07-31;Cotas de fundos de investimento 409;99.62
CLASSES - FIF;42.449.133/0001-90;;SPX FALCON ÁGORA FIF - CLASSE DE INVESTIMENTO EM COTAS DE AÇÕES - RESP LIMITADA;2025-07-31;Operações compromissadas lastreadas em títulos públicos federais;0.09
CLASSES - FIF;42.449.133/0001-90;;SPX FALCON ÁGORA FIF - CLASSE DE INVESTIMENTO EM COTAS DE AÇÕES - RESP LIMITADA;2025-07-31;Títulos públicos federais;0.26
CLASSES - FIF;42.449.146/0001-69;;CONEXÃO ASA HEDGE FIF - CLASSE DE INVESTIMENTO EM COTAS MULTIMERCADO - RESP LIMITADA;2025-07-31;Cotas de fundos de investimento 409;99.63
CLASSES - FIF;42.449.146/0001-69;;CONEXÃO ASA HEDGE FIF - CLASSE DE INVESTIMENTO EM COTAS MULTIMERCADO - RESP LIMITADA;2025-07-31;Operações compromissadas lastreadas em títulos públicos federais;0.09
CLASSES - FIF;42.449.146/0001-69;;CONEXÃO ASA HEDGE FIF - CLASSE DE INVESTIMENTO EM COTAS MULTIMERCADO - RESP LIMITADA;2025-07-31;Títulos públicos federais;0.25
CLASSES - FIF;42.468.330/0001-56;;BRADESCO BJ 157 FI FINANCEIRO - CIC EM AÇÕES - RESP LIMITADA;2025-07-31;Ações;67.92
CLASSES - FIF;42.468.330/0001-56;;BRADESCO BJ 157 FI FINANCEIRO - CIC EM AÇÕES - RESP LIMITADA;2025-07-31;Cotas de fundos de investimento 409;30.81
CLASSES - FIF;42.468.330/0001-56;;BRADESCO BJ 157 FI FINANCEIRO - CIC EM AÇÕES - RESP LIMITADA;2025-07-31;Derivativos;0.88
CLASSES - FIF;42.468.330/0001-56;;BRADESCO BJ 157 FI FINANCEIRO - CIC EM AÇÕES - RESP LIMITADA;2025-07-31;Operações compromissadas lastreadas em títulos públicos federais;2.31
CLASSES - FIF;42.469.023/0001-90;;BRADESCO H FIF - CLASSE DE INVESTIMENTO AÇÕES IBOVESPA - RESP LIMITADA;2025-07-31;Ações;98.78
CLASSES - FIF;42.469.023/0001-90;;BRADESCO H FIF - CLASSE DE INVESTIMENTO AÇÕES IBOVESPA - RESP LIMITADA;2025-07-31;Derivativos;1.20
CLASSES - FIF;42.469.023/0001-90;;BRADESCO H FIF - CLASSE DE INVESTIMENTO AÇÕES IBOVESPA - RESP LIMITADA;2025-07-31;Operações compromissadas lastreadas em títulos públicos federais;0.31
CLASSES - FIF;42.494.301/0001-69;;CONEXÃO CLAVE ALPHA MACRO FIF - CIC MULTIMERCADO - RESPONSABILIDADE LIMITADA;2025-07-31;Cotas de fundos de investimento 409;99.52
CLASSES - FIF;42.494.301/0001-69;;CONEXÃO CLAVE ALPHA MACRO FIF - CIC MULTIMERCADO - RESPONSABILIDADE LIMITADA;2025-07-31;Operações compromissadas lastreadas em títulos públicos federais;0.14
CLASSES - FIF;42.494.301/0001-69;;CONEXÃO CLAVE ALPHA MACRO FIF - CIC MULTIMERCADO - RESPONSABILIDADE LIMITADA;2025-07-31;Títulos públicos federais;0.38
CLASSES - FIF;42.494.899/0001-96;;MAG SELECTION FUNDO DE INVESTIMENTO FINANCEIRO CLASSE DE INVESTIMENTO EM AÇÕES  RESP LIMITADA;2025-07-31;Ações;97.08
CLASSES - FIF;42.494.899/0001-96;;MAG SELECTION FUNDO DE INVESTIMENTO FINANCEIRO CLASSE DE INVESTIMENTO EM AÇÕES  RESP LIMITADA;2025-07-31;Cotas de fundos de investimento 409;1.37
CLASSES - FIF;42.494.899/0001-96;;MAG SELECTION FUNDO DE INVESTIMENTO FINANCEIRO CLASSE DE INVESTIMENTO EM AÇÕES  RESP LIMITADA;2025-07-31;Derivativos;-7.73
CLASSES - FIF;42.494.899/0001-96;;MAG SELECTION FUNDO DE INVESTIMENTO FINANCEIRO CLASSE DE INVESTIMENTO EM AÇÕES  RESP LIMITADA;2025-07-31;Operações compromissadas lastreadas em títulos públicos federais;1.84
CLASSES - FIF;42.562.449/0001-93;;PTR III FUNDO DE INVESTIMENTO MULTIMERCADO CRÉDITO PRIVADO;2025-07-31;Acões;0.00
CLASSES - FIF;42.562.449/0001-93;;PTR III FUNDO DE INVESTIMENTO MULTIMERCADO CRÉDITO PRIVADO;2025-07-31;Cotas de Fundos de Investimento 555;99.04
CLASSES - FIF;42.562.449/0001-93;;PTR III FUNDO DE INVESTIMENTO MULTIMERCADO CRÉDITO PRIVADO;2025-07-31;Depósito a prazo e outros títulos de instituições financeiras;0.07
CLASSES - FIF;42.562.449/0001-93;;PTR III FUNDO DE INVESTIMENTO MULTIMERCADO CRÉDITO PRIVADO;2025-07-31;Operacões compromissadas lastreadas em títulos privados;0.00
CLASSES - FIF;42.562.449/0001-93;;PTR III FUNDO DE INVESTIMENTO MULTIMERCADO CRÉDITO PRIVADO;2025-07-31;Títulos Públicos federais;0.89
FI;42.656.644/0001-82;;IA CARTEIRA CRÉDITO FC DE FUNDO DE INVESTIMENTO FINANCEIRO MULT CRÉD PRIV RESPONSABILIDADE LIMITADA;2025-07-31;Cotas de Fundos de Investimento 555;94.27
FI;42.656.644/0001-82;;IA CARTEIRA CRÉDITO FC DE FUNDO DE INVESTIMENTO FINANCEIRO MULT CRÉD PRIV RESPONSABILIDADE LIMITADA;2025-07-31;Operações Compromissadas Lastreadas em Títulos Públicos Federais;4.06
FI;42.656.644/0001-82;;IA CARTEIRA CRÉDITO FC DE FUNDO DE INVESTIMENTO FINANCEIRO MULT CRÉD PRIV RESPONSABILIDADE LIMITADA;2025-07-31;Outras Cotas de Fundos de Investimento;2.17
FI;42.691.990/0001-00;;INTER DIVIDENDOS FUNDO DE INVESTIMENTO FINANCEIRO EM AÇÕES RESPONSABILIDADE LIMITADA;2025-07-31;Ações;92.98
FI;42.691.990/0001-00;;INTER DIVIDENDOS FUNDO DE INVESTIMENTO FINANCEIRO EM AÇÕES RESPONSABILIDADE LIMITADA;2025-07-31;Operações Compromissadas Lastreadas em Títulos Públicos Federais;6.24
CLASSES - FIF;42.692.128/0001-03;;IA CARTEIRA AÇÕES FUNDO DE INVESTIMENTO EM AÇÕES BDR NÍVEL 1 RESPONSABILIDADE LIMITADA;2025-07-31;Cotas de Fundos de Investimento 555;88.16
CLASSES - FIF;42.692.128/0001-03;;IA CARTEIRA AÇÕES FUNDO DE INVESTIMENTO EM AÇÕES BDR NÍVEL 1 RESPONSABILIDADE LIMITADA;2025-07-31;Operações Compromissadas Lastreadas em Títulos Públicos Federais;5.29
FI;42.754.444/0001-62;;ISTAMBUL FUNDO DE INVESTIMENTO MULTIMERCADO LONGO PRAZO INVESTIMENTO NO EXTERIOR;2025-07-31;Acões;0.00
FI;42.754.444/0001-62;;ISTAMBUL FUNDO DE INVESTIMENTO MULTIMERCADO LONGO PRAZO INVESTIMENTO NO EXTERIOR;2025-07-31;Cotas de Fundos de Investimento 555;100.24
FI;42.754.444/0001-62;;ISTAMBUL FUNDO DE INVESTIMENTO MULTIMERCADO LONGO PRAZO INVESTIMENTO NO EXTERIOR;2025-07-31;Operacões compromissadas lastreadas em títulos privados;0.00
FI;42.754.444/0001-62;;ISTAMBUL FUNDO DE INVESTIMENTO MULTIMERCADO LONGO PRAZO INVESTIMENTO NO EXTERIOR;2025-07-31;Operacões compromissadas lastreadas em títulos públicos federais;0.00
FI;42.754.444/0001-62;;ISTAMBUL FUNDO DE INVESTIMENTO MULTIMERCADO LONGO PRAZO INVESTIMENTO NO EXTERIOR;2025-07-31;Títulos Públicos federais;0.00
CLASSES - FIF;42.813.674/0001-55;;RIO BRAVO PROTEÇÃO FUNDO DE INVESTIMENTO FINANCEIRO MULTIMERCADO RESPONSABILIDADE LIMITADA;2025-07-31;Operações compromissadas lastreadas em títulos públicos federais;0.64
CLASSES - FIF;42.813.674/0001-55;;RIO BRAVO PROTEÇÃO FUNDO DE INVESTIMENTO FINANCEIRO MULTIMERCADO RESPONSABILIDADE LIMITADA;2025-07-31;Outras aplicações;12.81
CLASSES - FIF;42.813.674/0001-55;;RIO BRAVO PROTEÇÃO FUNDO DE INVESTIMENTO FINANCEIRO MULTIMERCADO RESPONSABILIDADE LIMITADA;2025-07-31;Títulos públicos federais;86.69
CLASSES - FIF;42.814.516/0001-10;;BRADESCO GLOBAL SOLUTION  MULTICLASSES BRL FIF - CIC MULTIMERCADO - RESPONSABILIDADE LIMITADA;2025-07-31;Cotas de fundos de investimento 409;98.96
CLASSES - FIF;42.814.516/0001-10;;BRADESCO GLOBAL SOLUTION  MULTICLASSES BRL FIF - CIC MULTIMERCADO - RESPONSABILIDADE LIMITADA;2025-07-31;Operações compromissadas lastreadas em títulos públicos federais;0.89
CLASSES - FIF;42.814.516/0001-10;;BRADESCO GLOBAL SOLUTION  MULTICLASSES BRL FIF - CIC MULTIMERCADO - RESPONSABILIDADE LIMITADA;2025-07-31;Títulos públicos federais;2.15
CLASSES - FIF;42.831.345/0001-37;;N V FC - CIC EM AÇÕES - RESP LIMITADA;2025-07-31;Ações;89.81
CLASSES - FIF;42.831.345/0001-37;;N V FC - CIC EM AÇÕES - RESP LIMITADA;2025-07-31;Derivativos;1.70
CLASSES - FIF;42.831.345/0001-37;;N V FC - CIC EM AÇÕES - RESP LIMITADA;2025-07-31;Operações compromissadas lastreadas em títulos públicos federais;10.17
CLASSES - FIF;42.865.719/0001-35;;SULAMÉRICA CRÉDITO INFLAÇÃO FIF - CLASSE DE INVESTIMENTO RF CRED PRIV LP - RESP LIMITADA;2025-07-31;Depósitos a prazo e outros títulos de instituições financeiras;42.31
CLASSES - FIF;42.865.719/0001-35;;SULAMÉRICA CRÉDITO INFLAÇÃO FIF - CLASSE DE INVESTIMENTO RF CRED PRIV LP - RESP LIMITADA;2025-07-31;Derivativos;47.05
CLASSES - FIF;42.865.719/0001-35;;SULAMÉRICA CRÉDITO INFLAÇÃO FIF - CLASSE DE INVESTIMENTO RF CRED PRIV LP - RESP LIMITADA;2025-07-31;Operações compromissadas lastreadas em títulos públicos federais;15.25
CLASSES - FIF;42.865.719/0001-35;;SULAMÉRICA CRÉDITO INFLAÇÃO FIF - CLASSE DE INVESTIMENTO RF CRED PRIV LP - RESP LIMITADA;2025-07-31;Títulos de crédito privado;24.79
CLASSES - FIF;42.865.719/0001-35;;SULAMÉRICA CRÉDITO INFLAÇÃO FIF - CLASSE DE INVESTIMENTO RF CRED PRIV LP - RESP LIMITADA;2025-07-31;Títulos públicos federais;17.30
CLASSES - FIF;42.867.896/0001-50;;CLAVE TOTAL RETURN  ÁGORA FIF - CIC MULTIMERCADO - RESPONSABILIDADE LIMITADA;2025-07-31;Cotas de fundos de investimento 409;98.23
CLASSES - FIF;42.867.896/0001-50;;CLAVE TOTAL RETURN  ÁGORA FIF - CIC MULTIMERCADO - RESPONSABILIDADE LIMITADA;2025-07-31;Operações compromissadas lastreadas em títulos públicos federais;0.34
CLASSES - FIF;42.867.896/0001-50;;CLAVE TOTAL RETURN  ÁGORA FIF - CIC MULTIMERCADO - RESPONSABILIDADE LIMITADA;2025-07-31;Títulos públicos federais;0.92
CLASSES - FIF;42.878.365/0001-63;;PORTO SEGURO CLÁSSICO AGORA FIF - CIC RENDA FIXA LONGO PRAZO - RESPONSABILIDADE LIMITADA;2025-07-31;Cotas de fundos de investimento 409;97.18
CLASSES - FIF;42.878.365/0001-63;;PORTO SEGURO CLÁSSICO AGORA FIF - CIC RENDA FIXA LONGO PRAZO - RESPONSABILIDADE LIMITADA;2025-07-31;Operações compromissadas lastreadas em títulos públicos federais;0.42
CLASSES - FIF;42.878.365/0001-63;;PORTO SEGURO CLÁSSICO AGORA FIF - CIC RENDA FIXA LONGO PRAZO - RESPONSABILIDADE LIMITADA;2025-07-31;Títulos públicos federais;1.15
CLASSES - FIF;42.878.556/0001-25;;BRAM JUROS MOEDAS FI FINANCEIRO - CI MULT - RESP LIMITADA;2025-07-31;Derivativos;25.66
CLASSES - FIF;42.878.556/0001-25;;BRAM JUROS MOEDAS FI FINANCEIRO - CI MULT - RESP LIMITADA;2025-07-31;Operações compromissadas lastreadas em títulos públicos federais;32.27
CLASSES - FIF;42.878.556/0001-25;;BRAM JUROS MOEDAS FI FINANCEIRO - CI MULT - RESP LIMITADA;2025-07-31;Títulos públicos federais;67.75
CLASSES - FIF;42.878.589/0001-75;;BRADESCO DANÚBIO JUROS E MOEDAS FI FINANCEIRO - CIC MULT - RESP LIMITADA;2025-07-31;Derivativos;25.69
CLASSES - FIF;42.878.589/0001-75;;BRADESCO DANÚBIO JUROS E MOEDAS FI FINANCEIRO - CIC MULT - RESP LIMITADA;2025-07-31;Operações compromissadas lastreadas em títulos públicos federais;32.30
CLASSES - FIF;42.878.589/0001-75;;BRADESCO DANÚBIO JUROS E MOEDAS FI FINANCEIRO - CIC MULT - RESP LIMITADA;2025-07-31;Títulos públicos federais;67.81
CLASSES - FIF;42.878.636/0001-80;;FEEDER LEGACY CAPITAL FIF - CLASSE DE INVESTIMENTO EM COTAS MULTIMERCADO - RESP LIMITADA;2025-07-31;Cotas de fundos de investimento 409;99.12
CLASSES - FIF;42.878.636/0001-80;;FEEDER LEGACY CAPITAL FIF - CLASSE DE INVESTIMENTO EM COTAS MULTIMERCADO - RESP LIMITADA;2025-07-31;Operações compromissadas lastreadas em títulos públicos federais;0.25
CLASSES - FIF;42.878.636/0001-80;;FEEDER LEGACY CAPITAL FIF - CLASSE DE INVESTIMENTO EM COTAS MULTIMERCADO - RESP LIMITADA;2025-07-31;Títulos públicos federais;0.69
CLASSES - FIF;42.888.378/0001-13;;VIC V SPECIAL SITUATIONS FUNDO DE INVESTIMENTO FINANCEIRO;2025-07-31;Cotas de Fundos de Investimento 409;35.04
CLASSES - FIF;42.888.378/0001-13;;VIC V SPECIAL SITUATIONS FUNDO DE INVESTIMENTO FINANCEIRO;2025-07-31;Outras Aplicações;0.02
CLASSES - FIF;42.888.378/0001-13;;VIC V SPECIAL SITUATIONS FUNDO DE INVESTIMENTO FINANCEIRO;2025-07-31;Outras Cotas de Fundos de Investimento;64.96
CLASSES - FIF;42.921.764/0001-60;;UBS EVOLUTION MACRO STRATEGIES FUNDO DE INVESTIMENTO EM COTAS DE FIF MULTIMERCADO - RESP LIMITADA;2025-07-31;Outras Cotas de Fundos de Investimento;99.99
CLASSES - FIF;42.921.764/0001-60;;UBS EVOLUTION MACRO STRATEGIES FUNDO DE INVESTIMENTO EM COTAS DE FIF MULTIMERCADO - RESP LIMITADA;2025-07-31;Outros;0.01
CLASSES - FIF;42.921.777/0001-39;;UBS EVOLUTION MACRO STRATEGIES MASTER FUNDO DE INVESTIMENTO FINANCEIRO MULTIMERCADO - RESP LIMITADA;2025-07-31;Compromissadas lastreadas em T¿los P¿blicos;8.51
CLASSES - FIF;42.921.777/0001-39;;UBS EVOLUTION MACRO STRATEGIES MASTER FUNDO DE INVESTIMENTO FINANCEIRO MULTIMERCADO - RESP LIMITADA;2025-07-31;Investimento no Exterior;6.38
CLASSES - FIF;42.921.777/0001-39;;UBS EVOLUTION MACRO STRATEGIES MASTER FUNDO DE INVESTIMENTO FINANCEIRO MULTIMERCADO - RESP LIMITADA;2025-07-31;Outras Cotas de Fundos de Investimento;8.72
CLASSES - FIF;42.921.777/0001-39;;UBS EVOLUTION MACRO STRATEGIES MASTER FUNDO DE INVESTIMENTO FINANCEIRO MULTIMERCADO - RESP LIMITADA;2025-07-31;T¿los de Cr¿to Privado;13.71
CLASSES - FIF;42.921.777/0001-39;;UBS EVOLUTION MACRO STRATEGIES MASTER FUNDO DE INVESTIMENTO FINANCEIRO MULTIMERCADO - RESP LIMITADA;2025-07-31;T¿los P¿blicos Federais;73.73
CLASSES - FIF;42.922.247/0001-05;;META 11 SMALL CAP FUNDO DE INVESTIMENTO FINANCEIRO AÇÕES RESPONSABILIDADE LIMITADA;2025-07-31;Ações;98.88
CLASSES - FIF;42.922.247/0001-05;;META 11 SMALL CAP FUNDO DE INVESTIMENTO FINANCEIRO AÇÕES RESPONSABILIDADE LIMITADA;2025-07-31;Cotas de Fundos de Investimento 409;0.79
CLASSES - FIF;42.922.247/0001-05;;META 11 SMALL CAP FUNDO DE INVESTIMENTO FINANCEIRO AÇÕES RESPONSABILIDADE LIMITADA;2025-07-31;Outras Aplicações;0.12
CLASSES - FIF;43.041.275/0001-86;;JCBS FUNDO DE INVESTIMENTO DE AÇÕES  RESPONSABILIDADE  LIMITADA;2025-07-31;Ações;127.23
CLASSES - FIF;43.041.275/0001-86;;JCBS FUNDO DE INVESTIMENTO DE AÇÕES  RESPONSABILIDADE  LIMITADA;2025-07-31;Cotas de fundos de investimento 555;4.82
CLASSES - FIF;43.041.275/0001-86;;JCBS FUNDO DE INVESTIMENTO DE AÇÕES  RESPONSABILIDADE  LIMITADA;2025-07-31;Operações compromissadas lastreadas em títulospúblicos federais;0.35
CLASSES - FIF;43.041.275/0001-86;;JCBS FUNDO DE INVESTIMENTO DE AÇÕES  RESPONSABILIDADE  LIMITADA;2025-07-31;Outras aplicações;-32.40
CLASSES - FIF;43.102.322/0001-54;;RJI CASH FUNDO DE INVESTIMENTO EM RENDA FIXA SIMPLES;2025-07-31;Acões;0.00
CLASSES - FIF;43.102.322/0001-54;;RJI CASH FUNDO DE INVESTIMENTO EM RENDA FIXA SIMPLES;2025-07-31;Depósito a prazo e outros títulos de instituições financeiras;0.09
CLASSES - FIF;43.102.322/0001-54;;RJI CASH FUNDO DE INVESTIMENTO EM RENDA FIXA SIMPLES;2025-07-31;Operacões compromissadas lastreadas em títulos privados;0.00
CLASSES - FIF;43.102.322/0001-54;;RJI CASH FUNDO DE INVESTIMENTO EM RENDA FIXA SIMPLES;2025-07-31;Operacões compromissadas lastreadas em títulos públicos federais;99.91
CLASSES - FIF;43.102.322/0001-54;;RJI CASH FUNDO DE INVESTIMENTO EM RENDA FIXA SIMPLES;2025-07-31;Títulos Públicos federais;0.00
CLASSES - FIF;43.450.518/0001-30;;AMW VÊNUS MASTER CRÉDITO FUNDO DE INVESTIMENTO FINANCEIRO MULTIMERCADO;2025-07-31;Cotas de Fundos de Investimento 409;10.79
CLASSES - FIF;43.450.518/0001-30;;AMW VÊNUS MASTER CRÉDITO FUNDO DE INVESTIMENTO FINANCEIRO MULTIMERCADO;2025-07-31;Depósitos a Prazo e Outros Títulos de Instituições Financeiras;48.12
CLASSES - FIF;43.450.518/0001-30;;AMW VÊNUS MASTER CRÉDITO FUNDO DE INVESTIMENTO FINANCEIRO MULTIMERCADO;2025-07-31;Operações Compromissadas Lastreadas em Títulos Públicos Federais;9.06
CLASSES - FIF;43.450.518/0001-30;;AMW VÊNUS MASTER CRÉDITO FUNDO DE INVESTIMENTO FINANCEIRO MULTIMERCADO;2025-07-31;Outras Cotas de Fundos de Investimento;8.55
CLASSES - FIF;43.450.518/0001-30;;AMW VÊNUS MASTER CRÉDITO FUNDO DE INVESTIMENTO FINANCEIRO MULTIMERCADO;2025-07-31;Títulos de Crédito Privado;16.01
FI;43.876.172/0001-36;;IA CARTEIRA JUROS FC DE FUNDO DE INVESTIMENTO FINANCEIRO MULT CRÉD PRIV RESPONSABILIDADE LIMITADA;2025-07-31;Cotas de Fundos de Investimento 555;97.37
FI;43.876.172/0001-36;;IA CARTEIRA JUROS FC DE FUNDO DE INVESTIMENTO FINANCEIRO MULT CRÉD PRIV RESPONSABILIDADE LIMITADA;2025-07-31;Operações Compromissadas Lastreadas em Títulos Públicos Federais;2.99
FI;43.876.638/0001-01;;IA CARTEIRA MULT FC DE FUNDO DE INVESTIMENTO FINANCEIRO MULT CRÉD PRIV RESPONSABILIDADE LIMITADA;2025-07-31;Cotas de Fundos de Investimento 555;93.13
FI;43.876.638/0001-01;;IA CARTEIRA MULT FC DE FUNDO DE INVESTIMENTO FINANCEIRO MULT CRÉD PRIV RESPONSABILIDADE LIMITADA;2025-07-31;Operações Compromissadas Lastreadas em Títulos Públicos Federais;3.11
FI;43.876.638/0001-01;;IA CARTEIRA MULT FC DE FUNDO DE INVESTIMENTO FINANCEIRO MULT CRÉD PRIV RESPONSABILIDADE LIMITADA;2025-07-31;Outras Cotas de Fundos de Investimento;3.39
CLASSES - FIF;44.028.254/0001-93;;FUTURA CASH FUNDO DE INVESTIMENTO DE RENDA FIXA RESPONSABILIDADE LIMITADA;2025-07-31;Operações compromissadas lastreadas em títulospúblicos federais;1.82
CLASSES - FIF;44.028.254/0001-93;;FUTURA CASH FUNDO DE INVESTIMENTO DE RENDA FIXA RESPONSABILIDADE LIMITADA;2025-07-31;Outras aplicações;-0.61
CLASSES - FIF;44.028.254/0001-93;;FUTURA CASH FUNDO DE INVESTIMENTO DE RENDA FIXA RESPONSABILIDADE LIMITADA;2025-07-31;Títulos públicos federais;98.79
CLASSES - FIF;44.062.725/0001-80;;IBIUNA  HEDGE STJB FIF  CLASSE DE INVESTIMENTO  EM COTAS MULTIMERCADO RESPONSABILIDADE LIMITADA;2025-07-31;Cotas de fundos de investimento 409;6.70
CLASSES - FIF;44.062.725/0001-80;;IBIUNA  HEDGE STJB FIF  CLASSE DE INVESTIMENTO  EM COTAS MULTIMERCADO RESPONSABILIDADE LIMITADA;2025-07-31;Derivativos;1067.67
CLASSES - FIF;44.062.725/0001-80;;IBIUNA  HEDGE STJB FIF  CLASSE DE INVESTIMENTO  EM COTAS MULTIMERCADO RESPONSABILIDADE LIMITADA;2025-07-31;Investimento no exterior;16.37
CLASSES - FIF;44.062.725/0001-80;;IBIUNA  HEDGE STJB FIF  CLASSE DE INVESTIMENTO  EM COTAS MULTIMERCADO RESPONSABILIDADE LIMITADA;2025-07-31;Operações compromissadas lastreadas em títulos públicos federais;119.45
CLASSES - FIF;44.062.725/0001-80;;IBIUNA  HEDGE STJB FIF  CLASSE DE INVESTIMENTO  EM COTAS MULTIMERCADO RESPONSABILIDADE LIMITADA;2025-07-31;Títulos públicos federais;122.93
CLASSES - FIF;44.100.909/0001-97;;BAHIA AM TAIPU MACRO FIF - CIC MULTIMERCADO - RESPONSABILIDADE LIMITADA;2025-07-31;Derivativos;8.86
CLASSES - FIF;44.100.909/0001-97;;BAHIA AM TAIPU MACRO FIF - CIC MULTIMERCADO - RESPONSABILIDADE LIMITADA;2025-07-31;Investimento no exterior;15.79
CLASSES - FIF;44.100.909/0001-97;;BAHIA AM TAIPU MACRO FIF - CIC MULTIMERCADO - RESPONSABILIDADE LIMITADA;2025-07-31;Operações compromissadas lastreadas em títulos públicos federais;-85.47
CLASSES - FIF;44.100.909/0001-97;;BAHIA AM TAIPU MACRO FIF - CIC MULTIMERCADO - RESPONSABILIDADE LIMITADA;2025-07-31;Títulos públicos federais;167.58
CLASSES - FIF;44.101.546/0001-04;;DIRECT IBIUNA STH FUNDO DE INVESTIMENTO FINANCEIRO;2025-07-31;Cotas de fundos de investimento 409;99.12
CLASSES - FIF;44.101.546/0001-04;;DIRECT IBIUNA STH FUNDO DE INVESTIMENTO FINANCEIRO;2025-07-31;Operações compromissadas lastreadas em títulos públicos federais;0.28
CLASSES - FIF;44.101.546/0001-04;;DIRECT IBIUNA STH FUNDO DE INVESTIMENTO FINANCEIRO;2025-07-31;Títulos públicos federais;0.72
FI;44.104.852/0001-02;;INTER INFLAÇÃO CURTA FUNDO DE INVESTIMENTO FINANCEIRO RENDA FIXA RESPONSABILIDADE LIMITADA;2025-07-31;Operações Compromissadas Lastreadas em Títulos Públicos Federais;0.47
FI;44.104.852/0001-02;;INTER INFLAÇÃO CURTA FUNDO DE INVESTIMENTO FINANCEIRO RENDA FIXA RESPONSABILIDADE LIMITADA;2025-07-31;Títulos Públicos Federais;99.83
CLASSES - FIF;44.211.851/0001-59;;MAG FIF - CLASSE DE INVESTIMENTO RF  REFERENCIADA DI PREMIUM CRÉDITO PRIVADO - RESP  LIMITADA;2025-07-31;Depósitos a prazo e outros títulos de instituições financeiras;82.43
CLASSES - FIF;44.211.851/0001-59;;MAG FIF - CLASSE DE INVESTIMENTO RF  REFERENCIADA DI PREMIUM CRÉDITO PRIVADO - RESP  LIMITADA;2025-07-31;Operações compromissadas lastreadas em títulos públicos federais;16.16
CLASSES - FIF;44.211.851/0001-59;;MAG FIF - CLASSE DE INVESTIMENTO RF  REFERENCIADA DI PREMIUM CRÉDITO PRIVADO - RESP  LIMITADA;2025-07-31;Títulos públicos federais;1.46
CLASSES - FIF;44.211.924/0001-02;;BRADESCO EXPLORER PE FIF - CIC RF REFERENCIADO DI - RESP LIMITADA;2025-07-31;Operações compromissadas lastreadas em títulos públicos federais;27.23
CLASSES - FIF;44.211.924/0001-02;;BRADESCO EXPLORER PE FIF - CIC RF REFERENCIADO DI - RESP LIMITADA;2025-07-31;Títulos públicos federais;72.76
CLASSES - FIF;44.212.301/0001-54;;ICATU VANGUARDA IPORÃ PG INFLAÇÃO FIF CLASSE DE INVESTIMENTO MULTIMERCADO CRÉD PRIV RESP LIMITADA;2025-07-31;Depósitos a prazo e outros títulos de instituições financeiras;17.29
CLASSES - FIF;44.212.301/0001-54;;ICATU VANGUARDA IPORÃ PG INFLAÇÃO FIF CLASSE DE INVESTIMENTO MULTIMERCADO CRÉD PRIV RESP LIMITADA;2025-07-31;Derivativos;60.02
CLASSES - FIF;44.212.301/0001-54;;ICATU VANGUARDA IPORÃ PG INFLAÇÃO FIF CLASSE DE INVESTIMENTO MULTIMERCADO CRÉD PRIV RESP LIMITADA;2025-07-31;Operações compromissadas lastreadas em títulos públicos federais;11.28
CLASSES - FIF;44.212.301/0001-54;;ICATU VANGUARDA IPORÃ PG INFLAÇÃO FIF CLASSE DE INVESTIMENTO MULTIMERCADO CRÉD PRIV RESP LIMITADA;2025-07-31;Títulos de crédito privado;46.51
CLASSES - FIF;44.212.301/0001-54;;ICATU VANGUARDA IPORÃ PG INFLAÇÃO FIF CLASSE DE INVESTIMENTO MULTIMERCADO CRÉD PRIV RESP LIMITADA;2025-07-31;Títulos públicos federais;21.00
CLASSES - FIF;44.212.606/0001-66;;ICATU VANGUARDA DATA ALVO 2060 FIF CIC MULTIMERCADO CRÉDITO PRIVADO - RESPONSABILIDADE LIMITADA;2025-07-31;Ações;49.19
CLASSES - FIF;44.212.606/0001-66;;ICATU VANGUARDA DATA ALVO 2060 FIF CIC MULTIMERCADO CRÉDITO PRIVADO - RESPONSABILIDADE LIMITADA;2025-07-31;Cotas de fundos de investimento 409;7.09
CLASSES - FIF;44.212.606/0001-66;;ICATU VANGUARDA DATA ALVO 2060 FIF CIC MULTIMERCADO CRÉDITO PRIVADO - RESPONSABILIDADE LIMITADA;2025-07-31;Investimento no exterior;9.31
CLASSES - FIF;44.212.606/0001-66;;ICATU VANGUARDA DATA ALVO 2060 FIF CIC MULTIMERCADO CRÉDITO PRIVADO - RESPONSABILIDADE LIMITADA;2025-07-31;Títulos de crédito privado;4.01
CLASSES - FIF;44.212.606/0001-66;;ICATU VANGUARDA DATA ALVO 2060 FIF CIC MULTIMERCADO CRÉDITO PRIVADO - RESPONSABILIDADE LIMITADA;2025-07-31;Títulos públicos federais;24.60
CLASSES - FIF;44.273.702/0001-14;;BRAM JUROS GLOBAIS FI FINANCEIRO - CI MULT - RESP LIMITADA;2025-07-31;Derivativos;-132.70
CLASSES - FIF;44.273.702/0001-14;;BRAM JUROS GLOBAIS FI FINANCEIRO - CI MULT - RESP LIMITADA;2025-07-31;Investimento no exterior;30.22
CLASSES - FIF;44.273.702/0001-14;;BRAM JUROS GLOBAIS FI FINANCEIRO - CI MULT - RESP LIMITADA;2025-07-31;Operações compromissadas lastreadas em títulos públicos federais;14.78
CLASSES - FIF;44.273.702/0001-14;;BRAM JUROS GLOBAIS FI FINANCEIRO - CI MULT - RESP LIMITADA;2025-07-31;Títulos públicos federais;54.95
CLASSES - FIF;44.273.736/0001-09;;BRAM DÓLAR II FIF - CLASSE DE INVESTIMENTO CAMBIAL - RESP LIMITADA;2025-07-31;Derivativos;99.86
CLASSES - FIF;44.273.736/0001-09;;BRAM DÓLAR II FIF - CLASSE DE INVESTIMENTO CAMBIAL - RESP LIMITADA;2025-07-31;Operações compromissadas lastreadas em títulos públicos federais;8.98
CLASSES - FIF;44.273.736/0001-09;;BRAM DÓLAR II FIF - CLASSE DE INVESTIMENTO CAMBIAL - RESP LIMITADA;2025-07-31;Títulos públicos federais;90.59
CLASSES - FIF;44.273.776/0001-50;;BRADESCO IDKA IPCA 2 FI FINANCEIRO - CIC RF - RESP LIMITADA;2025-07-31;Derivativos;1.55
CLASSES - FIF;44.273.776/0001-50;;BRADESCO IDKA IPCA 2 FI FINANCEIRO - CIC RF - RESP LIMITADA;2025-07-31;Operações compromissadas lastreadas em títulos públicos federais;0.07
CLASSES - FIF;44.273.776/0001-50;;BRADESCO IDKA IPCA 2 FI FINANCEIRO - CIC RF - RESP LIMITADA;2025-07-31;Títulos públicos federais;98.25
CLASSES - FIF;44.273.805/0001-84;;BRAM ALOCAÇÃO SISTEMÁTICA PRÊMIO DE RISCO ALTERNATIVO FI FINANCEIRO - CI MULT - RESP LIMITADA;2025-07-31;Derivativos;-8.58
CLASSES - FIF;44.273.805/0001-84;;BRAM ALOCAÇÃO SISTEMÁTICA PRÊMIO DE RISCO ALTERNATIVO FI FINANCEIRO - CI MULT - RESP LIMITADA;2025-07-31;Investimento no exterior;8.96
CLASSES - FIF;44.273.805/0001-84;;BRAM ALOCAÇÃO SISTEMÁTICA PRÊMIO DE RISCO ALTERNATIVO FI FINANCEIRO - CI MULT - RESP LIMITADA;2025-07-31;Operações compromissadas lastreadas em títulos públicos federais;28.71
CLASSES - FIF;44.273.805/0001-84;;BRAM ALOCAÇÃO SISTEMÁTICA PRÊMIO DE RISCO ALTERNATIVO FI FINANCEIRO - CI MULT - RESP LIMITADA;2025-07-31;Títulos públicos federais;62.37
CLASSES - FIF;44.273.958/0001-21;;BRAM ALOCAÇÃO SISTEMÁTICA EQUITIES GLOBAIS FI FINANCEIRO - CIA - RESP LIMITADA;2025-07-31;Cotas de fundos de investimento 409;75.91
CLASSES - FIF;44.273.958/0001-21;;BRAM ALOCAÇÃO SISTEMÁTICA EQUITIES GLOBAIS FI FINANCEIRO - CIA - RESP LIMITADA;2025-07-31;Derivativos;-33.29
CLASSES - FIF;44.273.958/0001-21;;BRAM ALOCAÇÃO SISTEMÁTICA EQUITIES GLOBAIS FI FINANCEIRO - CIA - RESP LIMITADA;2025-07-31;Operações compromissadas lastreadas em títulos públicos federais;2.77
CLASSES - FIF;44.273.958/0001-21;;BRAM ALOCAÇÃO SISTEMÁTICA EQUITIES GLOBAIS FI FINANCEIRO - CIA - RESP LIMITADA;2025-07-31;Títulos públicos federais;21.81
CLASSES - FIF;44.274.006/0001-22;;BRADESCO MASTER PORTFOLIO DE RISCO SISTEMÁTICO FI FINANCEIRO - CIC MULT - RESP LIMITADA;2025-07-31;Ações;0.33
CLASSES - FIF;44.274.006/0001-22;;BRADESCO MASTER PORTFOLIO DE RISCO SISTEMÁTICO FI FINANCEIRO - CIC MULT - RESP LIMITADA;2025-07-31;Cotas de fundos de investimento 409;15.36
CLASSES - FIF;44.274.006/0001-22;;BRADESCO MASTER PORTFOLIO DE RISCO SISTEMÁTICO FI FINANCEIRO - CIC MULT - RESP LIMITADA;2025-07-31;Investimento no exterior;7.57
CLASSES - FIF;44.274.006/0001-22;;BRADESCO MASTER PORTFOLIO DE RISCO SISTEMÁTICO FI FINANCEIRO - CIC MULT - RESP LIMITADA;2025-07-31;Operações compromissadas lastreadas em títulos públicos federais;17.54
CLASSES - FIF;44.274.006/0001-22;;BRADESCO MASTER PORTFOLIO DE RISCO SISTEMÁTICO FI FINANCEIRO - CIC MULT - RESP LIMITADA;2025-07-31;Títulos públicos federais;58.92
CLASSES - FIF;44.283.966/0001-59;;WARREN FO TÁTICO RF1 FUNDO DE INVESTIMENTO MULTIMERCADO CRÉDITO PRIVADO;2025-07-31;Depósitos a Prazo e Outros Títulos de Instituições Financeiras;38.51
CLASSES - FIF;44.283.966/0001-59;;WARREN FO TÁTICO RF1 FUNDO DE INVESTIMENTO MULTIMERCADO CRÉDITO PRIVADO;2025-07-31;Derivativos;10.64
CLASSES - FIF;44.283.966/0001-59;;WARREN FO TÁTICO RF1 FUNDO DE INVESTIMENTO MULTIMERCADO CRÉDITO PRIVADO;2025-07-31;Operações Compromissadas Lastreadas em Títulos Públicos Federais;5.51
CLASSES - FIF;44.283.966/0001-59;;WARREN FO TÁTICO RF1 FUNDO DE INVESTIMENTO MULTIMERCADO CRÉDITO PRIVADO;2025-07-31;Títulos de Crédito Privado;6.29
CLASSES - FIF;44.283.966/0001-59;;WARREN FO TÁTICO RF1 FUNDO DE INVESTIMENTO MULTIMERCADO CRÉDITO PRIVADO;2025-07-31;Títulos Públicos Federais;26.44
CLASSES - FIF;44.302.238/0001-47;;BRADESCO CARTEIRA ARROJADA FIF - CIC DE CI MULT - RESP LIMITADA;2025-07-31;Cotas de fundos de investimento 409;40.33
CLASSES - FIF;44.302.238/0001-47;;BRADESCO CARTEIRA ARROJADA FIF - CIC DE CI MULT - RESP LIMITADA;2025-07-31;Derivativos;9.94
CLASSES - FIF;44.302.238/0001-47;;BRADESCO CARTEIRA ARROJADA FIF - CIC DE CI MULT - RESP LIMITADA;2025-07-31;Operações compromissadas lastreadas em títulos públicos federais;8.54
CLASSES - FIF;44.302.238/0001-47;;BRADESCO CARTEIRA ARROJADA FIF - CIC DE CI MULT - RESP LIMITADA;2025-07-31;Títulos públicos federais;50.91
CLASSES - FIF;44.302.264/0001-75;;BRADESCO CARTEIRA DINÂMICA FI FINANCEIRO - CIC DE CI MULT - RESP LIMITADA;2025-07-31;Cotas de fundos de investimento 409;33.45
CLASSES - FIF;44.302.264/0001-75;;BRADESCO CARTEIRA DINÂMICA FI FINANCEIRO - CIC DE CI MULT - RESP LIMITADA;2025-07-31;Derivativos;9.11
CLASSES - FIF;44.302.264/0001-75;;BRADESCO CARTEIRA DINÂMICA FI FINANCEIRO - CIC DE CI MULT - RESP LIMITADA;2025-07-31;Operações compromissadas lastreadas em títulos públicos federais;10.91
CLASSES - FIF;44.302.264/0001-75;;BRADESCO CARTEIRA DINÂMICA FI FINANCEIRO - CIC DE CI MULT - RESP LIMITADA;2025-07-31;Títulos públicos federais;55.37
CLASSES - FIF;44.302.283/0001-00;;BRADESCO CARTEIRA MODERADA FIF - CLASSE  DE INVESTIMENTO EM COTAS MULT - RESPONSABILIDADE LIMITADA;2025-07-31;Cotas de fundos de investimento 409;23.50
CLASSES - FIF;44.302.283/0001-00;;BRADESCO CARTEIRA MODERADA FIF - CLASSE  DE INVESTIMENTO EM COTAS MULT - RESPONSABILIDADE LIMITADA;2025-07-31;Derivativos;7.69
CLASSES - FIF;44.302.283/0001-00;;BRADESCO CARTEIRA MODERADA FIF - CLASSE  DE INVESTIMENTO EM COTAS MULT - RESPONSABILIDADE LIMITADA;2025-07-31;Operações compromissadas lastreadas em títulos públicos federais;15.20
CLASSES - FIF;44.302.283/0001-00;;BRADESCO CARTEIRA MODERADA FIF - CLASSE  DE INVESTIMENTO EM COTAS MULT - RESPONSABILIDADE LIMITADA;2025-07-31;Títulos públicos federais;61.08
CLASSES - FIF;44.315.818/0001-79;;BRAM ALOCAÇÃO SISTEMÁTICA BRASIL FI FINANCEIRO - CIA - RESP LIMITADA;2025-07-31;Ações;23.19
CLASSES - FIF;44.315.818/0001-79;;BRAM ALOCAÇÃO SISTEMÁTICA BRASIL FI FINANCEIRO - CIA - RESP LIMITADA;2025-07-31;Cotas de fundos de investimento 409;64.23
CLASSES - FIF;44.315.818/0001-79;;BRAM ALOCAÇÃO SISTEMÁTICA BRASIL FI FINANCEIRO - CIA - RESP LIMITADA;2025-07-31;Derivativos;8.73
CLASSES - FIF;44.315.818/0001-79;;BRAM ALOCAÇÃO SISTEMÁTICA BRASIL FI FINANCEIRO - CIA - RESP LIMITADA;2025-07-31;Operações compromissadas lastreadas em títulos públicos federais;1.68
CLASSES - FIF;44.315.818/0001-79;;BRAM ALOCAÇÃO SISTEMÁTICA BRASIL FI FINANCEIRO - CIA - RESP LIMITADA;2025-07-31;Títulos públicos federais;11.31
CLASSES - FIF;44.315.830/0001-83;;BRAM ALOCAÇÃO SISTEMÁTICA BRASIL FI FINANCEIRO - CI RF - RESP LIMITADA;2025-07-31;Derivativos;-53.68
CLASSES - FIF;44.315.830/0001-83;;BRAM ALOCAÇÃO SISTEMÁTICA BRASIL FI FINANCEIRO - CI RF - RESP LIMITADA;2025-07-31;Operações compromissadas lastreadas em títulos públicos federais;3.30
CLASSES - FIF;44.315.830/0001-83;;BRAM ALOCAÇÃO SISTEMÁTICA BRASIL FI FINANCEIRO - CI RF - RESP LIMITADA;2025-07-31;Títulos públicos federais;96.68
CLASSES - FIF;44.315.842/0001-08;;BRADESCO MULTIGESTORES CRÉDITO PRIVADO FC DE FIF MULTIMERCADO;2025-07-31;Cotas de fundos de investimento 409;100.01
CLASSES - FIF;44.315.854/0001-32;;BRADESCO INFLAÇÃO FI FINANCEIRO - CIC RF CRED PRIV LP - RESP LIMITADA;2025-07-31;Cotas de fundos de investimento 409;3.49
CLASSES - FIF;44.315.854/0001-32;;BRADESCO INFLAÇÃO FI FINANCEIRO - CIC RF CRED PRIV LP - RESP LIMITADA;2025-07-31;Depósitos a prazo e outros títulos de instituições financeiras;22.85
CLASSES - FIF;44.315.854/0001-32;;BRADESCO INFLAÇÃO FI FINANCEIRO - CIC RF CRED PRIV LP - RESP LIMITADA;2025-07-31;Derivativos;58.15
CLASSES - FIF;44.315.854/0001-32;;BRADESCO INFLAÇÃO FI FINANCEIRO - CIC RF CRED PRIV LP - RESP LIMITADA;2025-07-31;Títulos de crédito privado;53.67
CLASSES - FIF;44.315.854/0001-32;;BRADESCO INFLAÇÃO FI FINANCEIRO - CIC RF CRED PRIV LP - RESP LIMITADA;2025-07-31;Títulos públicos federais;18.17
CLASSES - FIF;44.315.861/0001-34;;BRADESCO DEB INCENTIVADAS INFLAÇÃO FIF - CIC INCENTIVADA DE INVESTIMENTO EM INFRA  RF LP - RESP LTDA;2025-07-31;Depósitos a prazo e outros títulos de instituições financeiras;3.03
CLASSES - FIF;44.315.861/0001-34;;BRADESCO DEB INCENTIVADAS INFLAÇÃO FIF - CIC INCENTIVADA DE INVESTIMENTO EM INFRA  RF LP - RESP LTDA;2025-07-31;Derivativos;18.01
CLASSES - FIF;44.315.861/0001-34;;BRADESCO DEB INCENTIVADAS INFLAÇÃO FIF - CIC INCENTIVADA DE INVESTIMENTO EM INFRA  RF LP - RESP LTDA;2025-07-31;Operações compromissadas lastreadas em títulos públicos federais;4.78
CLASSES - FIF;44.315.861/0001-34;;BRADESCO DEB INCENTIVADAS INFLAÇÃO FIF - CIC INCENTIVADA DE INVESTIMENTO EM INFRA  RF LP - RESP LTDA;2025-07-31;Títulos de crédito privado;89.14
CLASSES - FIF;44.315.861/0001-34;;BRADESCO DEB INCENTIVADAS INFLAÇÃO FIF - CIC INCENTIVADA DE INVESTIMENTO EM INFRA  RF LP - RESP LTDA;2025-07-31;Títulos públicos federais;3.04
CLASSES - FIF;44.315.864/0001-78;;BRAM DEBÊNTURES INCENT INFLAÇÃO INFRA FIF - CI INCENT DE INV EM INFRA RF LP - RESP LIMITADA;2025-07-31;Depósitos a prazo e outros títulos de instituições financeiras;3.03
CLASSES - FIF;44.315.864/0001-78;;BRAM DEBÊNTURES INCENT INFLAÇÃO INFRA FIF - CI INCENT DE INV EM INFRA RF LP - RESP LIMITADA;2025-07-31;Derivativos;17.99
CLASSES - FIF;44.315.864/0001-78;;BRAM DEBÊNTURES INCENT INFLAÇÃO INFRA FIF - CI INCENT DE INV EM INFRA RF LP - RESP LIMITADA;2025-07-31;Operações compromissadas lastreadas em títulos públicos federais;4.78
CLASSES - FIF;44.315.864/0001-78;;BRAM DEBÊNTURES INCENT INFLAÇÃO INFRA FIF - CI INCENT DE INV EM INFRA RF LP - RESP LIMITADA;2025-07-31;Títulos de crédito privado;89.04
CLASSES - FIF;44.315.864/0001-78;;BRAM DEBÊNTURES INCENT INFLAÇÃO INFRA FIF - CI INCENT DE INV EM INFRA RF LP - RESP LIMITADA;2025-07-31;Títulos públicos federais;3.03
CLASSES - FIF;44.315.872/0001-14;;BRADESCO EXPLORER HIGH YIELD FIF - CIC DE CLASSE DE INVESTIMENTO MULT CRED PRIV - RESP LIMITADA;2025-07-31;Cotas de fundos de investimento 409;96.39
CLASSES - FIF;44.315.872/0001-14;;BRADESCO EXPLORER HIGH YIELD FIF - CIC DE CLASSE DE INVESTIMENTO MULT CRED PRIV - RESP LIMITADA;2025-07-31;Operações compromissadas lastreadas em títulos públicos federais;0.80
CLASSES - FIF;44.315.872/0001-14;;BRADESCO EXPLORER HIGH YIELD FIF - CIC DE CLASSE DE INVESTIMENTO MULT CRED PRIV - RESP LIMITADA;2025-07-31;Títulos públicos federais;1.94
CLASSES - FIF;44.315.875/0001-58;;BRADESCO QUANT INSTITUCIONAL GLOBAL USD FI FINANCEIRO - CIA - RESP LIMITADA;2025-07-31;Ações;3.66
CLASSES - FIF;44.315.875/0001-58;;BRADESCO QUANT INSTITUCIONAL GLOBAL USD FI FINANCEIRO - CIA - RESP LIMITADA;2025-07-31;Cotas de fundos de investimento 409;93.65
CLASSES - FIF;44.315.875/0001-58;;BRADESCO QUANT INSTITUCIONAL GLOBAL USD FI FINANCEIRO - CIA - RESP LIMITADA;2025-07-31;Derivativos;2.63
CLASSES - FIF;44.315.875/0001-58;;BRADESCO QUANT INSTITUCIONAL GLOBAL USD FI FINANCEIRO - CIA - RESP LIMITADA;2025-07-31;Operações compromissadas lastreadas em títulos públicos federais;2.72
CLASSES - FIF;44.315.882/0001-50;;VERDE AM MUNDI GLOBAIS ÁGORA FIF - CLASSE DE INVESTIMENTO EM COTAS DE AÇÕES - RESP LIMITADA;2025-07-31;Cotas de fundos de investimento 409;100.13
CLASSES - FIF;44.315.882/0001-50;;VERDE AM MUNDI GLOBAIS ÁGORA FIF - CLASSE DE INVESTIMENTO EM COTAS DE AÇÕES - RESP LIMITADA;2025-07-31;Operações compromissadas lastreadas em títulos públicos federais;0.28
CLASSES - FIF;44.315.882/0001-50;;VERDE AM MUNDI GLOBAIS ÁGORA FIF - CLASSE DE INVESTIMENTO EM COTAS DE AÇÕES - RESP LIMITADA;2025-07-31;Títulos públicos federais;0.75
CLASSES - FIF;44.340.069/0001-30;;BRAM CARTEIRA MULTIGESTORES FI FINANCEIRO - CIC DE CI MULT - RESP LIMITADA;2025-07-31;Cotas de fundos de investimento 409;83.87
CLASSES - FIF;44.340.069/0001-30;;BRAM CARTEIRA MULTIGESTORES FI FINANCEIRO - CIC DE CI MULT - RESP LIMITADA;2025-07-31;Operações compromissadas lastreadas em títulos públicos federais;4.72
CLASSES - FIF;44.340.069/0001-30;;BRAM CARTEIRA MULTIGESTORES FI FINANCEIRO - CIC DE CI MULT - RESP LIMITADA;2025-07-31;Títulos públicos federais;11.43
CLASSES - FIF;44.340.091/0001-80;;BRAM CARTEIRA MULTIGESTORES FI FINANCEIRO - CIC EM AÇÕES - RESP LIMITADA;2025-07-31;Ações;14.14
CLASSES - FIF;44.340.091/0001-80;;BRAM CARTEIRA MULTIGESTORES FI FINANCEIRO - CIC EM AÇÕES - RESP LIMITADA;2025-07-31;Cotas de fundos de investimento 409;68.72
CLASSES - FIF;44.340.091/0001-80;;BRAM CARTEIRA MULTIGESTORES FI FINANCEIRO - CIC EM AÇÕES - RESP LIMITADA;2025-07-31;Derivativos;14.95
CLASSES - FIF;44.340.091/0001-80;;BRAM CARTEIRA MULTIGESTORES FI FINANCEIRO - CIC EM AÇÕES - RESP LIMITADA;2025-07-31;Operações compromissadas lastreadas em títulos públicos federais;11.33
CLASSES - FIF;44.340.091/0001-80;;BRAM CARTEIRA MULTIGESTORES FI FINANCEIRO - CIC EM AÇÕES - RESP LIMITADA;2025-07-31;Títulos públicos federais;7.08
CLASSES - FIF;44.360.639/0001-53;;BRAM ALOCAÇÃO SISTEMÁTICA ALPHA GLOBAL FI FINANCEIRO - CI MULT - RESP LIMITADA;2025-07-31;Derivativos;4.83
CLASSES - FIF;44.360.639/0001-53;;BRAM ALOCAÇÃO SISTEMÁTICA ALPHA GLOBAL FI FINANCEIRO - CI MULT - RESP LIMITADA;2025-07-31;Operações compromissadas lastreadas em títulos públicos federais;24.19
CLASSES - FIF;44.360.639/0001-53;;BRAM ALOCAÇÃO SISTEMÁTICA ALPHA GLOBAL FI FINANCEIRO - CI MULT - RESP LIMITADA;2025-07-31;Títulos públicos federais;75.82
CLASSES - FIF;44.371.598/0001-09;;CS EVOLUTION DI BR PLUS PRIVATE FUNDO DE INVESTIMENTO EM COTAS DE FIF RENDA FIXA REF RESP LIMITADA;2025-07-31;Outras Cotas de Fundos de Investimento;100.01
CLASSES - FIF;44.371.598/0001-09;;CS EVOLUTION DI BR PLUS PRIVATE FUNDO DE INVESTIMENTO EM COTAS DE FIF RENDA FIXA REF RESP LIMITADA;2025-07-31;Outros;0.04
CLASSES - FIF;44.371.692/0001-50;;CS EVOLUTION DI BR PRIVATE FUNDO DE INVESTIMENTO EM COTAS DE FI RENDA FIXA REF - RESP LIMITADA;2025-07-31;Outras Cotas de Fundos de Investimento;99.99
CLASSES - FIF;44.371.692/0001-50;;CS EVOLUTION DI BR PRIVATE FUNDO DE INVESTIMENTO EM COTAS DE FI RENDA FIXA REF - RESP LIMITADA;2025-07-31;Outros;0.02
CLASSES - FIF;44.371.942/0001-51;;CS EVOLUTION DI BR MASTER FUNDO DE INVESTIMENTO RENDA FIXA REFERENCIADO - RESPONSABILIDADE LIMITADA;2025-07-31;Dep¿os a Prazo e Outros T¿los de Institui¿s Financeiras;19.16
CLASSES - FIF;44.371.942/0001-51;;CS EVOLUTION DI BR MASTER FUNDO DE INVESTIMENTO RENDA FIXA REFERENCIADO - RESPONSABILIDADE LIMITADA;2025-07-31;Outras Cotas de Fundos de Investimento;0.41
CLASSES - FIF;44.371.942/0001-51;;CS EVOLUTION DI BR MASTER FUNDO DE INVESTIMENTO RENDA FIXA REFERENCIADO - RESPONSABILIDADE LIMITADA;2025-07-31;Outros;8.54
CLASSES - FIF;44.371.942/0001-51;;CS EVOLUTION DI BR MASTER FUNDO DE INVESTIMENTO RENDA FIXA REFERENCIADO - RESPONSABILIDADE LIMITADA;2025-07-31;T¿los de Cr¿to Privado;20.66
CLASSES - FIF;44.371.942/0001-51;;CS EVOLUTION DI BR MASTER FUNDO DE INVESTIMENTO RENDA FIXA REFERENCIADO - RESPONSABILIDADE LIMITADA;2025-07-31;T¿los P¿blicos Federais;51.23
CLASSES - FIF;44.371.977/0001-90;;CS EVOLUTION DI BR MAX PRIVATE FUNDO DE INVESTIMENTO EM COTAS DE FIF RF REFERENCIADO - RESP LIMITADA;2025-07-31;Outras Cotas de Fundos de Investimento;100.00
CLASSES - FIF;44.371.977/0001-90;;CS EVOLUTION DI BR MAX PRIVATE FUNDO DE INVESTIMENTO EM COTAS DE FIF RF REFERENCIADO - RESP LIMITADA;2025-07-31;Outros;0.00
CLASSES - FIF;44.544.152/0001-20;;CONEXÃO VISTA HEDGE FIF - CLASSE DE INVESTIMENTO EM COTAS MULTIMERCADO - RESP LIMITADA;2025-07-31;Cotas de fundos de investimento 409;99.52
CLASSES - FIF;44.544.152/0001-20;;CONEXÃO VISTA HEDGE FIF - CLASSE DE INVESTIMENTO EM COTAS MULTIMERCADO - RESP LIMITADA;2025-07-31;Operações compromissadas lastreadas em títulos públicos federais;0.14
CLASSES - FIF;44.544.152/0001-20;;CONEXÃO VISTA HEDGE FIF - CLASSE DE INVESTIMENTO EM COTAS MULTIMERCADO - RESP LIMITADA;2025-07-31;Títulos públicos federais;0.39
CLASSES - FIF;44.703.520/0001-36;;BRAM CARTEIRA MULTIGESTORES GLOBAL FI FINANCEIRO - CIC MULT - RESP LIMITADA;2025-07-31;Cotas de fundos de investimento 409;49.42
CLASSES - FIF;44.703.520/0001-36;;BRAM CARTEIRA MULTIGESTORES GLOBAL FI FINANCEIRO - CIC MULT - RESP LIMITADA;2025-07-31;Investimento no exterior;46.02
CLASSES - FIF;44.703.520/0001-36;;BRAM CARTEIRA MULTIGESTORES GLOBAL FI FINANCEIRO - CIC MULT - RESP LIMITADA;2025-07-31;Operações compromissadas lastreadas em títulos públicos federais;0.93
CLASSES - FIF;44.703.520/0001-36;;BRAM CARTEIRA MULTIGESTORES GLOBAL FI FINANCEIRO - CIC MULT - RESP LIMITADA;2025-07-31;Títulos públicos federais;3.65
CLASSES - FIF;44.704.779/0001-00;;BRAM GLOBAL FI FINANCEIRO - CI MULT - RESP LIMITADA;2025-07-31;Derivativos;-12.10
CLASSES - FIF;44.704.779/0001-00;;BRAM GLOBAL FI FINANCEIRO - CI MULT - RESP LIMITADA;2025-07-31;Investimento no exterior;12.53
CLASSES - FIF;44.704.779/0001-00;;BRAM GLOBAL FI FINANCEIRO - CI MULT - RESP LIMITADA;2025-07-31;Operações compromissadas lastreadas em títulos públicos federais;23.97
CLASSES - FIF;44.704.779/0001-00;;BRAM GLOBAL FI FINANCEIRO - CI MULT - RESP LIMITADA;2025-07-31;Títulos públicos federais;63.55
CLASSES - FIF;44.704.904/0001-73;;BRAM MACRO CENTRALIZADORA FI FINANCEIRO - CIC MULT - RESP LIMITADA;2025-07-31;Ações;4.01
CLASSES - FIF;44.704.904/0001-73;;BRAM MACRO CENTRALIZADORA FI FINANCEIRO - CIC MULT - RESP LIMITADA;2025-07-31;Cotas de fundos de investimento 409;3.76
CLASSES - FIF;44.704.904/0001-73;;BRAM MACRO CENTRALIZADORA FI FINANCEIRO - CIC MULT - RESP LIMITADA;2025-07-31;Investimento no exterior;7.55
CLASSES - FIF;44.704.904/0001-73;;BRAM MACRO CENTRALIZADORA FI FINANCEIRO - CIC MULT - RESP LIMITADA;2025-07-31;Operações compromissadas lastreadas em títulos públicos federais;22.55
CLASSES - FIF;44.704.904/0001-73;;BRAM MACRO CENTRALIZADORA FI FINANCEIRO - CIC MULT - RESP LIMITADA;2025-07-31;Títulos públicos federais;64.82
CLASSES - FIF;44.704.993/0001-58;;BRADESCO EXPLORER HORIZON FI FINANCEIRO - CIC EM AÇÕES - RESP LIMITADA;2025-07-31;Ações;1.85
CLASSES - FIF;44.704.993/0001-58;;BRADESCO EXPLORER HORIZON FI FINANCEIRO - CIC EM AÇÕES - RESP LIMITADA;2025-07-31;Cotas de fundos de investimento 409;94.96
CLASSES - FIF;44.704.993/0001-58;;BRADESCO EXPLORER HORIZON FI FINANCEIRO - CIC EM AÇÕES - RESP LIMITADA;2025-07-31;Derivativos;1.96
CLASSES - FIF;44.704.993/0001-58;;BRADESCO EXPLORER HORIZON FI FINANCEIRO - CIC EM AÇÕES - RESP LIMITADA;2025-07-31;Operações compromissadas lastreadas em títulos públicos federais;1.57
CLASSES - FIF;44.704.993/0001-58;;BRADESCO EXPLORER HORIZON FI FINANCEIRO - CIC EM AÇÕES - RESP LIMITADA;2025-07-31;Títulos públicos federais;1.17
CLASSES - FIF;44.705.026/0001-00;;FEEDER SHARP LS 2X FIF - CIC MULTIMERCADO - RESPONSABILIDADE LIMITADA;2025-07-31;Cotas de fundos de investimento 409;99.73
CLASSES - FIF;44.705.026/0001-00;;FEEDER SHARP LS 2X FIF - CIC MULTIMERCADO - RESPONSABILIDADE LIMITADA;2025-07-31;Operações compromissadas lastreadas em títulos públicos federais;0.07
CLASSES - FIF;44.705.026/0001-00;;FEEDER SHARP LS 2X FIF - CIC MULTIMERCADO - RESPONSABILIDADE LIMITADA;2025-07-31;Títulos públicos federais;0.19
CLASSES - FIF;44.705.082/0001-45;;CONEXÃO LORD ABBETT HIGH INCOME BRL FUNDO DE INVESTIMENTO EM COTAS DE FIF MULT - RESP LIMITADA;2025-07-31;Cotas de fundos de investimento 409;99.06
CLASSES - FIF;44.705.082/0001-45;;CONEXÃO LORD ABBETT HIGH INCOME BRL FUNDO DE INVESTIMENTO EM COTAS DE FIF MULT - RESP LIMITADA;2025-07-31;Operações compromissadas lastreadas em títulos públicos federais;0.21
CLASSES - FIF;44.705.082/0001-45;;CONEXÃO LORD ABBETT HIGH INCOME BRL FUNDO DE INVESTIMENTO EM COTAS DE FIF MULT - RESP LIMITADA;2025-07-31;Títulos públicos federais;0.57
CLASSES - FIF;44.705.104/0001-77;;MERAKI EQUITY HEDGE ÁGORA FIF - CLASSE DE INVESTIMENTO EM COTAS MULTIMERCADO - RESP LIMITADA;2025-07-31;Cotas de fundos de investimento 409;98.49
CLASSES - FIF;44.705.104/0001-77;;MERAKI EQUITY HEDGE ÁGORA FIF - CLASSE DE INVESTIMENTO EM COTAS MULTIMERCADO - RESP LIMITADA;2025-07-31;Operações compromissadas lastreadas em títulos públicos federais;0.39
CLASSES - FIF;44.705.104/0001-77;;MERAKI EQUITY HEDGE ÁGORA FIF - CLASSE DE INVESTIMENTO EM COTAS MULTIMERCADO - RESP LIMITADA;2025-07-31;Títulos públicos federais;1.06
CLASSES - FIF;44.748.856/0001-15;;AMW GLOBAL FUNDO DE INVESTIMENTO EM COTAS DE FUNDO DE INVESTIMENTO EM AÇÕES-BDR NÍVEL I;2025-07-31;Cotas de Fundos de Investimento 409;97.80
CLASSES - FIF;44.748.856/0001-15;;AMW GLOBAL FUNDO DE INVESTIMENTO EM COTAS DE FUNDO DE INVESTIMENTO EM AÇÕES-BDR NÍVEL I;2025-07-31;Operações Compromissadas Lastreadas em Títulos Privados;0.00
CLASSES - FIF;44.748.856/0001-15;;AMW GLOBAL FUNDO DE INVESTIMENTO EM COTAS DE FUNDO DE INVESTIMENTO EM AÇÕES-BDR NÍVEL I;2025-07-31;Outras Aplicações;4.38
CLASSES - FIF;44.760.740/0001-00;;AMW GLOBAL MASTER  FUNDO DE INVESTIMENTO FINANCEIRO;2025-07-31;Ações;69.99
CLASSES - FIF;44.760.740/0001-00;;AMW GLOBAL MASTER  FUNDO DE INVESTIMENTO FINANCEIRO;2025-07-31;Cotas de fundos de Investimento;4.89
CLASSES - FIF;44.760.740/0001-00;;AMW GLOBAL MASTER  FUNDO DE INVESTIMENTO FINANCEIRO;2025-07-31;Derivativos;7.03
CLASSES - FIF;44.760.740/0001-00;;AMW GLOBAL MASTER  FUNDO DE INVESTIMENTO FINANCEIRO;2025-07-31;Titulos publicos federais;20.67
CLASSES - FIF;44.761.636/0001-21;;WARREN  MULTIGESTORES CRÉDITO FUNDO DE INVESTIMENTO FINANCEIRO;2025-07-31;Cotas de Fundos de Investimento 409;82.78
CLASSES - FIF;44.761.636/0001-21;;WARREN  MULTIGESTORES CRÉDITO FUNDO DE INVESTIMENTO FINANCEIRO;2025-07-31;Outras Aplicações;-0.03
CLASSES - FIF;44.761.636/0001-21;;WARREN  MULTIGESTORES CRÉDITO FUNDO DE INVESTIMENTO FINANCEIRO;2025-07-31;Outras Cotas de Fundos de Investimento;17.28
CLASSES - FIF;44.763.378/0001-12;;WARREN FO TÁTICO RV FUNDO DE INVESTIMENTO MULTIMERCADO CRÉDITO PRIVADO;2025-07-31;Ações;78.51
CLASSES - FIF;44.763.378/0001-12;;WARREN FO TÁTICO RV FUNDO DE INVESTIMENTO MULTIMERCADO CRÉDITO PRIVADO;2025-07-31;Cotas de fundos de Investimento;4.81
CLASSES - FIF;44.764.166/0001-50;;XVI CAPITAL RENDA FIXA FUNDO DE INVESTIMENTO FINANCEIRO;2025-07-31;Depósitos a Prazo e Outros Títulos de Instituições Financeiras;24.17
CLASSES - FIF;44.764.166/0001-50;;XVI CAPITAL RENDA FIXA FUNDO DE INVESTIMENTO FINANCEIRO;2025-07-31;Operações Compromissadas Lastreadas em Títulos Públicos Federais;1.09
CLASSES - FIF;44.764.166/0001-50;;XVI CAPITAL RENDA FIXA FUNDO DE INVESTIMENTO FINANCEIRO;2025-07-31;Outras Cotas de Fundos de Investimento;18.94
CLASSES - FIF;44.764.166/0001-50;;XVI CAPITAL RENDA FIXA FUNDO DE INVESTIMENTO FINANCEIRO;2025-07-31;Títulos de Crédito Privado;36.43
CLASSES - FIF;44.764.166/0001-50;;XVI CAPITAL RENDA FIXA FUNDO DE INVESTIMENTO FINANCEIRO;2025-07-31;Títulos Públicos Federais;19.47
CLASSES - FIF;44.933.162/0001-58;;STONEX ÁGATA CASH FIF - CI RENDA FIXA - RESPONSABILIDADE LIMITADA;2025-07-31;Depósitos a prazo e outros títulos de instituições financeiras;1.44
CLASSES - FIF;44.933.162/0001-58;;STONEX ÁGATA CASH FIF - CI RENDA FIXA - RESPONSABILIDADE LIMITADA;2025-07-31;Derivativos;0.02
CLASSES - FIF;44.933.162/0001-58;;STONEX ÁGATA CASH FIF - CI RENDA FIXA - RESPONSABILIDADE LIMITADA;2025-07-31;Operações compromissadas lastreadas em títulos públicos federais;0.19
CLASSES - FIF;44.933.162/0001-58;;STONEX ÁGATA CASH FIF - CI RENDA FIXA - RESPONSABILIDADE LIMITADA;2025-07-31;Títulos públicos federais;97.00
CLASSES - FIF;44.960.766/0001-93;;RIO BRAVO CRÉDITO INCENT INFLAÇÃO FIF - CI INCENTIVADA DE INV EM INFRA RF CRED PRIV - RESP LIMITADA;2025-07-31;Ações;0.00
CLASSES - FIF;44.960.766/0001-93;;RIO BRAVO CRÉDITO INCENT INFLAÇÃO FIF - CI INCENTIVADA DE INV EM INFRA RF CRED PRIV - RESP LIMITADA;2025-07-31;Cotas de fundos de investimento 409;17.39
CLASSES - FIF;44.960.766/0001-93;;RIO BRAVO CRÉDITO INCENT INFLAÇÃO FIF - CI INCENTIVADA DE INV EM INFRA RF CRED PRIV - RESP LIMITADA;2025-07-31;Operações compromissadas lastreadas em títulos públicos federais;1.97
CLASSES - FIF;44.960.766/0001-93;;RIO BRAVO CRÉDITO INCENT INFLAÇÃO FIF - CI INCENTIVADA DE INV EM INFRA RF CRED PRIV - RESP LIMITADA;2025-07-31;Títulos de crédito privado;80.77
CLASSES - FIF;44.961.198/0001-45;;BRADESCO PERFORMANCE INSTITUCIONAL FI FINANCEIRO - CIC RF CRED PRIV LP - RESP LIMITADA;2025-07-31;Cotas de fundos de investimento 409;2.89
CLASSES - FIF;44.961.198/0001-45;;BRADESCO PERFORMANCE INSTITUCIONAL FI FINANCEIRO - CIC RF CRED PRIV LP - RESP LIMITADA;2025-07-31;Depósitos a prazo e outros títulos de instituições financeiras;28.46
CLASSES - FIF;44.961.198/0001-45;;BRADESCO PERFORMANCE INSTITUCIONAL FI FINANCEIRO - CIC RF CRED PRIV LP - RESP LIMITADA;2025-07-31;Operações compromissadas lastreadas em títulos públicos federais;35.89
CLASSES - FIF;44.961.198/0001-45;;BRADESCO PERFORMANCE INSTITUCIONAL FI FINANCEIRO - CIC RF CRED PRIV LP - RESP LIMITADA;2025-07-31;Títulos de crédito privado;30.99
CLASSES - FIF;44.961.198/0001-45;;BRADESCO PERFORMANCE INSTITUCIONAL FI FINANCEIRO - CIC RF CRED PRIV LP - RESP LIMITADA;2025-07-31;Títulos públicos federais;1.52
CLASSES - FIF;44.981.897/0001-57;;BRADESCO ALOCAÇÃO SISTEMÁTICA BRASIL FI FINANCEIRO - CIC RF - RESP LIMITADA;2025-07-31;Derivativos;-53.62
CLASSES - FIF;44.981.897/0001-57;;BRADESCO ALOCAÇÃO SISTEMÁTICA BRASIL FI FINANCEIRO - CIC RF - RESP LIMITADA;2025-07-31;Operações compromissadas lastreadas em títulos públicos federais;3.30
CLASSES - FIF;44.981.897/0001-57;;BRADESCO ALOCAÇÃO SISTEMÁTICA BRASIL FI FINANCEIRO - CIC RF - RESP LIMITADA;2025-07-31;Títulos públicos federais;96.58
CLASSES - FIF;45.121.114/0001-28;;BLUEMETRIX FUNDO DE INVESTIMENTO FINANCEIRO;2025-07-31;Depósitos a Prazo e Outros Títulos de Instituições Financeiras;22.32
CLASSES - FIF;45.121.114/0001-28;;BLUEMETRIX FUNDO DE INVESTIMENTO FINANCEIRO;2025-07-31;Operações Compromissadas Lastreadas em Títulos Públicos Federais;21.42
CLASSES - FIF;45.121.114/0001-28;;BLUEMETRIX FUNDO DE INVESTIMENTO FINANCEIRO;2025-07-31;Outras Aplicações;7.09
CLASSES - FIF;45.121.114/0001-28;;BLUEMETRIX FUNDO DE INVESTIMENTO FINANCEIRO;2025-07-31;Outras Cotas de Fundos de Investimento;4.65
CLASSES - FIF;45.121.114/0001-28;;BLUEMETRIX FUNDO DE INVESTIMENTO FINANCEIRO;2025-07-31;Títulos Públicos Federais;41.10
CLASSES - FIF;45.121.833/0001-49;;ALPHA SEEKER FUNDO DE INVESTIMENTO MULTIMERCADO;2025-07-31;Derivativos;-0.01
CLASSES - FIF;45.121.833/0001-49;;ALPHA SEEKER FUNDO DE INVESTIMENTO MULTIMERCADO;2025-07-31;Operações Compromissadas Lastreadas em Títulos Públicos Federais;0.07
CLASSES - FIF;45.121.833/0001-49;;ALPHA SEEKER FUNDO DE INVESTIMENTO MULTIMERCADO;2025-07-31;Outras Aplicações;0.02
CLASSES - FIF;45.121.833/0001-49;;ALPHA SEEKER FUNDO DE INVESTIMENTO MULTIMERCADO;2025-07-31;Outras Cotas de Fundos de Investimento;0.19
CLASSES - FIF;45.121.833/0001-49;;ALPHA SEEKER FUNDO DE INVESTIMENTO MULTIMERCADO;2025-07-31;Títulos Públicos Federais;99.95
CLASSES - FIF;45.218.073/0001-92;;COPACABANA QUANTITATIVO FUNDO DE INVESTIMENTO MULTIMERCADO;2025-07-31;Renda Fixa;100.73
CLASSES - FIF;45.278.833/0001-57;;TREND DI FUNDO DE INVESTIMENTO EM COTAS RENDA FIXA SIMPLES RESPONSABILIDADE LIMITADA;2025-07-31;Cotas de fundos de investimento 409;99.91
CLASSES - FIF;45.278.833/0001-57;;TREND DI FUNDO DE INVESTIMENTO EM COTAS RENDA FIXA SIMPLES RESPONSABILIDADE LIMITADA;2025-07-31;Cotas em Fundos a serem desmembradas;99.91
CLASSES - FIF;45.302.181/0001-49;;GÁVEA MACRO VT FIF - CLASSE DE INVESTIMENTO EM COTAS MULTIMERCADO - RESP LIMITADA;2025-07-31;Ações;6.06
CLASSES - FIF;45.302.181/0001-49;;GÁVEA MACRO VT FIF - CLASSE DE INVESTIMENTO EM COTAS MULTIMERCADO - RESP LIMITADA;2025-07-31;Derivativos;10.25
CLASSES - FIF;45.302.181/0001-49;;GÁVEA MACRO VT FIF - CLASSE DE INVESTIMENTO EM COTAS MULTIMERCADO - RESP LIMITADA;2025-07-31;Investimento no exterior;14.35
CLASSES - FIF;45.302.181/0001-49;;GÁVEA MACRO VT FIF - CLASSE DE INVESTIMENTO EM COTAS MULTIMERCADO - RESP LIMITADA;2025-07-31;Operações compromissadas lastreadas em títulos públicos federais;24.88
CLASSES - FIF;45.302.181/0001-49;;GÁVEA MACRO VT FIF - CLASSE DE INVESTIMENTO EM COTAS MULTIMERCADO - RESP LIMITADA;2025-07-31;Títulos públicos federais;55.93
CLASSES - FIF;45.302.303/0001-05;;BRADESCO CENTURION DIVIDENDOS INSTITUCIONAL FI FINANCEIRO - CIC EM AÇÕES - RESP LIMITADA;2025-07-31;Ações;94.03
CLASSES - FIF;45.302.303/0001-05;;BRADESCO CENTURION DIVIDENDOS INSTITUCIONAL FI FINANCEIRO - CIC EM AÇÕES - RESP LIMITADA;2025-07-31;Derivativos;-0.17
CLASSES - FIF;45.302.303/0001-05;;BRADESCO CENTURION DIVIDENDOS INSTITUCIONAL FI FINANCEIRO - CIC EM AÇÕES - RESP LIMITADA;2025-07-31;Operações compromissadas lastreadas em títulos públicos federais;4.18
CLASSES - FIF;45.320.230/0001-76;;CONEXÃO NORTE LONG BIAS FIF - CIC MULTIMERCADO - RESPONSABILIDADE LIMITADA;2025-07-31;Cotas de fundos de investimento 409;99.51
CLASSES - FIF;45.320.230/0001-76;;CONEXÃO NORTE LONG BIAS FIF - CIC MULTIMERCADO - RESPONSABILIDADE LIMITADA;2025-07-31;Operações compromissadas lastreadas em títulos públicos federais;0.13
CLASSES - FIF;45.320.230/0001-76;;CONEXÃO NORTE LONG BIAS FIF - CIC MULTIMERCADO - RESPONSABILIDADE LIMITADA;2025-07-31;Títulos públicos federais;0.35
CLASSES - FIF;45.360.957/0001-87;;RIO BRAVO ALOCAÇÃO FI FINANCEIRO - CIA - RESP LIMITADA;2025-07-31;Ações;5.75
CLASSES - FIF;45.360.957/0001-87;;RIO BRAVO ALOCAÇÃO FI FINANCEIRO - CIA - RESP LIMITADA;2025-07-31;Cotas de fundos de investimento 409;88.42
CLASSES - FIF;45.360.957/0001-87;;RIO BRAVO ALOCAÇÃO FI FINANCEIRO - CIA - RESP LIMITADA;2025-07-31;Derivativos;7.77
CLASSES - FIF;45.360.957/0001-87;;RIO BRAVO ALOCAÇÃO FI FINANCEIRO - CIA - RESP LIMITADA;2025-07-31;Operações compromissadas lastreadas em títulos públicos federais;6.21
CLASSES - FIF;45.511.206/0001-14;;SOMMA FIRENZE FI FINANCEIRO - CI RF CRED PRIV LP - RESP LIMITADA;2025-07-31;Cotas de fundos de investimento 409;8.84
CLASSES - FIF;45.511.206/0001-14;;SOMMA FIRENZE FI FINANCEIRO - CI RF CRED PRIV LP - RESP LIMITADA;2025-07-31;Depósitos a prazo e outros títulos de instituições financeiras;29.56
CLASSES - FIF;45.511.206/0001-14;;SOMMA FIRENZE FI FINANCEIRO - CI RF CRED PRIV LP - RESP LIMITADA;2025-07-31;Operações compromissadas lastreadas em títulos públicos federais;13.65
CLASSES - FIF;45.511.206/0001-14;;SOMMA FIRENZE FI FINANCEIRO - CI RF CRED PRIV LP - RESP LIMITADA;2025-07-31;Títulos de crédito privado;47.42
CLASSES - FIF;45.511.206/0001-14;;SOMMA FIRENZE FI FINANCEIRO - CI RF CRED PRIV LP - RESP LIMITADA;2025-07-31;Títulos públicos federais;0.61
CLASSES - FIF;45.621.900/0001-94;;VINCI PIPE FIF - CLASSE DE INVESTIMENTO EM AÇÕES - RESP LIMITADA;2025-07-31;Ações;85.25
CLASSES - FIF;45.621.900/0001-94;;VINCI PIPE FIF - CLASSE DE INVESTIMENTO EM AÇÕES - RESP LIMITADA;2025-07-31;Cotas de fundos de investimento 409;3.15
CLASSES - FIF;45.621.900/0001-94;;VINCI PIPE FIF - CLASSE DE INVESTIMENTO EM AÇÕES - RESP LIMITADA;2025-07-31;Operações compromissadas lastreadas em títulos públicos federais;10.26
CLASSES - FIF;46.171.664/0001-14;;NAVI P LS FUNDO DE INVESTIMENTO FINANCEIRO - CIC MULTIMERCADO - RESP LIMITADA;2025-07-31;Ações;61.38
CLASSES - FIF;46.171.664/0001-14;;NAVI P LS FUNDO DE INVESTIMENTO FINANCEIRO - CIC MULTIMERCADO - RESP LIMITADA;2025-07-31;Cotas de fundos de investimento 409;0.49
CLASSES - FIF;46.171.664/0001-14;;NAVI P LS FUNDO DE INVESTIMENTO FINANCEIRO - CIC MULTIMERCADO - RESP LIMITADA;2025-07-31;Investimento no exterior;6.20
CLASSES - FIF;46.171.664/0001-14;;NAVI P LS FUNDO DE INVESTIMENTO FINANCEIRO - CIC MULTIMERCADO - RESP LIMITADA;2025-07-31;Operações compromissadas lastreadas em títulos públicos federais;46.46
CLASSES - FIF;46.171.664/0001-14;;NAVI P LS FUNDO DE INVESTIMENTO FINANCEIRO - CIC MULTIMERCADO - RESP LIMITADA;2025-07-31;Títulos públicos federais;20.43
CLASSES - FIF;46.171.852/0001-42;;PERFIN FORESIGHT II MASTER FIF - CLASSE DE INVESTIMENTO EM AÇÕES - RESP LIMITADA;2025-07-31;Ações;104.82
CLASSES - FIF;46.171.852/0001-42;;PERFIN FORESIGHT II MASTER FIF - CLASSE DE INVESTIMENTO EM AÇÕES - RESP LIMITADA;2025-07-31;Operações compromissadas lastreadas em títulos públicos federais;3.23
CLASSES - FIF;46.373.095/0001-90;;MOS LONG BIASED FUNDO DE  INVESTIMENTO FINANCEIRO CLASSE DE INVESTIMENTO  MULTIMERCADO - RESP LTDA;2025-07-31;Ações;65.09
CLASSES - FIF;46.373.095/0001-90;;MOS LONG BIASED FUNDO DE  INVESTIMENTO FINANCEIRO CLASSE DE INVESTIMENTO  MULTIMERCADO - RESP LTDA;2025-07-31;Cotas de fundos de investimento 409;8.64
CLASSES - FIF;46.373.095/0001-90;;MOS LONG BIASED FUNDO DE  INVESTIMENTO FINANCEIRO CLASSE DE INVESTIMENTO  MULTIMERCADO - RESP LTDA;2025-07-31;Depósitos a prazo e outros títulos de instituições financeiras;0.61
CLASSES - FIF;46.373.095/0001-90;;MOS LONG BIASED FUNDO DE  INVESTIMENTO FINANCEIRO CLASSE DE INVESTIMENTO  MULTIMERCADO - RESP LTDA;2025-07-31;Operações compromissadas lastreadas em títulos públicos federais;11.12
CLASSES - FIF;46.373.095/0001-90;;MOS LONG BIASED FUNDO DE  INVESTIMENTO FINANCEIRO CLASSE DE INVESTIMENTO  MULTIMERCADO - RESP LTDA;2025-07-31;Títulos públicos federais;14.31
CLASSES - FIF;46.405.570/0001-62;;QUARTER AZIMOV FUNDO DE INVESTIMENTO FINANCEIRO;2025-07-31;Ações;107.50
CLASSES - FIF;46.405.570/0001-62;;QUARTER AZIMOV FUNDO DE INVESTIMENTO FINANCEIRO;2025-07-31;Cotas de Fundos de Investimento 409;5.33
CLASSES - FIF;46.405.570/0001-62;;QUARTER AZIMOV FUNDO DE INVESTIMENTO FINANCEIRO;2025-07-31;Outras Aplicações;-97.49
CLASSES - FIF;46.405.570/0001-62;;QUARTER AZIMOV FUNDO DE INVESTIMENTO FINANCEIRO;2025-07-31;Outras Cotas de Fundos de Investimento;2.99
CLASSES - FIF;46.405.570/0001-62;;QUARTER AZIMOV FUNDO DE INVESTIMENTO FINANCEIRO;2025-07-31;Títulos Públicos Federais;93.77
CLASSES - FIF;46.423.681/0001-00;;NIKOS INFRA MASTER FUNDO DE INVESTIMENTO FINANCEIRO;2025-07-31;Derivativos;0.33
CLASSES - FIF;46.423.681/0001-00;;NIKOS INFRA MASTER FUNDO DE INVESTIMENTO FINANCEIRO;2025-07-31;Operações Compromissadas Lastreadas em Títulos Públicos Federais;-5.09
CLASSES - FIF;46.423.681/0001-00;;NIKOS INFRA MASTER FUNDO DE INVESTIMENTO FINANCEIRO;2025-07-31;Outras Aplicações;1.23
CLASSES - FIF;46.423.681/0001-00;;NIKOS INFRA MASTER FUNDO DE INVESTIMENTO FINANCEIRO;2025-07-31;Títulos de Crédito Privado;96.54
CLASSES - FIF;46.423.681/0001-00;;NIKOS INFRA MASTER FUNDO DE INVESTIMENTO FINANCEIRO;2025-07-31;Títulos Públicos Federais;7.07
CLASSES - FIF;46.469.978/0001-06;;STRIVO YIELD RF4 FUNDO DE INVESTIMENTO FINANCEIRO;2025-07-31;Cotas de Fundos de Investimento 409;38.32
CLASSES - FIF;46.469.978/0001-06;;STRIVO YIELD RF4 FUNDO DE INVESTIMENTO FINANCEIRO;2025-07-31;Operações Compromissadas Lastreadas em Títulos Públicos Federais;1.13
CLASSES - FIF;46.469.978/0001-06;;STRIVO YIELD RF4 FUNDO DE INVESTIMENTO FINANCEIRO;2025-07-31;Outras Aplicações;4.74
CLASSES - FIF;46.469.978/0001-06;;STRIVO YIELD RF4 FUNDO DE INVESTIMENTO FINANCEIRO;2025-07-31;Títulos Públicos Federais;56.19
CLASSES - FIF;46.503.110/0001-77;;VIC MOAT EH FIF - CIC MULTIMERCADO - RESP LIMITADA;2025-07-31;Cotas de fundos de investimento 409;98.59
CLASSES - FIF;46.503.110/0001-77;;VIC MOAT EH FIF - CIC MULTIMERCADO - RESP LIMITADA;2025-07-31;Operações compromissadas lastreadas em títulos públicos federais;0.39
CLASSES - FIF;46.503.110/0001-77;;VIC MOAT EH FIF - CIC MULTIMERCADO - RESP LIMITADA;2025-07-31;Títulos públicos federais;0.98
CLASSES - FIF;46.648.912/0001-75;;AMW OMAHA MASTER FUNDO DE INVESTIMENTO FINANCEIRO;2025-07-31;Ações;20.26
CLASSES - FIF;46.648.912/0001-75;;AMW OMAHA MASTER FUNDO DE INVESTIMENTO FINANCEIRO;2025-07-31;Cotas de fundos de Investimento;14.45
CLASSES - FIF;46.648.912/0001-75;;AMW OMAHA MASTER FUNDO DE INVESTIMENTO FINANCEIRO;2025-07-31;Depósitos a prazo e outros títulos de instituições financeiras;15.52
CLASSES - FIF;46.648.912/0001-75;;AMW OMAHA MASTER FUNDO DE INVESTIMENTO FINANCEIRO;2025-07-31;Derivativos;52.11
CLASSES - FIF;46.648.912/0001-75;;AMW OMAHA MASTER FUNDO DE INVESTIMENTO FINANCEIRO;2025-07-31;Titulos publicos federais;23.70
CLASSES - FIF;46.649.069/0001-41;;AXIOM INFINITY FUNDO DE INVESTIMENTO MULTIMERCADO;2025-07-31;Ações;7.05
CLASSES - FIF;46.649.069/0001-41;;AXIOM INFINITY FUNDO DE INVESTIMENTO MULTIMERCADO;2025-07-31;Cotas de fundos de investimento 555;29.22
CLASSES - FIF;46.649.069/0001-41;;AXIOM INFINITY FUNDO DE INVESTIMENTO MULTIMERCADO;2025-07-31;Operações compromissadas lastreadas em títulospúblicos federais;37.94
CLASSES - FIF;46.649.069/0001-41;;AXIOM INFINITY FUNDO DE INVESTIMENTO MULTIMERCADO;2025-07-31;Outras aplicações;2.68
CLASSES - FIF;46.649.069/0001-41;;AXIOM INFINITY FUNDO DE INVESTIMENTO MULTIMERCADO;2025-07-31;Títulos públicos federais;23.11
CLASSES - FIF;46.655.127/0001-40;;BANRISUL RPPS II FUNDO DE INVESTIMENTO FINANCEIRO RENDA FIXA RESPONSABILIDADE LIMITADA;2025-07-31;OPERAÇÕES COMPROMISSADAS LASTREADAS EM TÍTULOS PÚBLICOS FEDERAIS;0.26
CLASSES - FIF;46.655.127/0001-40;;BANRISUL RPPS II FUNDO DE INVESTIMENTO FINANCEIRO RENDA FIXA RESPONSABILIDADE LIMITADA;2025-07-31;TÍTULOS PÚBLICOS FEDERAIS;99.74
CLASSES - FIF;46.700.301/0001-29;;SANTA FÉ AGRO HEDGE FIF - CI MULTIMERCADO - RESPONSABILIDADE LIMITADA;2025-07-31;Ações;49.22
CLASSES - FIF;46.700.301/0001-29;;SANTA FÉ AGRO HEDGE FIF - CI MULTIMERCADO - RESPONSABILIDADE LIMITADA;2025-07-31;Investimento no exterior;0.48
CLASSES - FIF;46.700.301/0001-29;;SANTA FÉ AGRO HEDGE FIF - CI MULTIMERCADO - RESPONSABILIDADE LIMITADA;2025-07-31;Operações compromissadas lastreadas em títulos públicos federais;12.81
CLASSES - FIF;46.700.301/0001-29;;SANTA FÉ AGRO HEDGE FIF - CI MULTIMERCADO - RESPONSABILIDADE LIMITADA;2025-07-31;Títulos públicos federais;35.15
CLASSES - FIF;46.700.337/0001-02;;SANTA FÉ AGRO HEDGE FIF - CIC MULTIMERCADO - RESPONSABILIDADE LIMITADA;2025-07-31;Ações;48.51
CLASSES - FIF;46.700.337/0001-02;;SANTA FÉ AGRO HEDGE FIF - CIC MULTIMERCADO - RESPONSABILIDADE LIMITADA;2025-07-31;Investimento no exterior;0.48
CLASSES - FIF;46.700.337/0001-02;;SANTA FÉ AGRO HEDGE FIF - CIC MULTIMERCADO - RESPONSABILIDADE LIMITADA;2025-07-31;Operações compromissadas lastreadas em títulos públicos federais;14.14
CLASSES - FIF;46.700.337/0001-02;;SANTA FÉ AGRO HEDGE FIF - CIC MULTIMERCADO - RESPONSABILIDADE LIMITADA;2025-07-31;Títulos públicos federais;34.64
FI;46.729.394/0001-14;;INTER LOVER FUNDO DE INVESTIMENTO FINANCEIRO EM AÇÕES RESPONSABILIDADE LIMITADA;2025-07-31;Ações;18.57
FI;46.729.394/0001-14;;INTER LOVER FUNDO DE INVESTIMENTO FINANCEIRO EM AÇÕES RESPONSABILIDADE LIMITADA;2025-07-31;Operações Compromissadas Lastreadas em Títulos Públicos Federais;10.46
FI;46.729.394/0001-14;;INTER LOVER FUNDO DE INVESTIMENTO FINANCEIRO EM AÇÕES RESPONSABILIDADE LIMITADA;2025-07-31;Títulos Públicos Federais;71.57
CLASSES - FIF;46.847.890/0001-72;;STRIVO GAP FUNDO DE INVESTIMENTO FINANCEIRO;2025-07-31;Cotas de Fundos de Investimento 409;6.90
CLASSES - FIF;46.847.890/0001-72;;STRIVO GAP FUNDO DE INVESTIMENTO FINANCEIRO;2025-07-31;Operações Compromissadas Lastreadas em Títulos Públicos Federais;1.84
CLASSES - FIF;46.847.890/0001-72;;STRIVO GAP FUNDO DE INVESTIMENTO FINANCEIRO;2025-07-31;Outras Aplicações;0.03
CLASSES - FIF;46.847.890/0001-72;;STRIVO GAP FUNDO DE INVESTIMENTO FINANCEIRO;2025-07-31;Títulos Públicos Federais;91.73
CLASSES - FIF;47.155.639/0001-00;;DOUBLEE FUNDO DE INVESTIMENTO FINANCEIRO;2025-07-31;Cotas de Fundos de Investimento 409;0.00
CLASSES - FIF;47.155.639/0001-00;;DOUBLEE FUNDO DE INVESTIMENTO FINANCEIRO;2025-07-31;DepÃ³sitos a Prazo e Outros TÃ­tulos de InstituiÃ§Ãµes Financeiras;0.00
CLASSES - FIF;47.155.639/0001-00;;DOUBLEE FUNDO DE INVESTIMENTO FINANCEIRO;2025-07-31;OperaÃ§Ãµes Compromissadas Lastreadas em TÃ­tulos PÃºblicos Federais;0.00
CLASSES - FIF;47.155.639/0001-00;;DOUBLEE FUNDO DE INVESTIMENTO FINANCEIRO;2025-07-31;TÃ­tulos de CrÃ©dito Privado;0.00
CLASSES - FIF;47.155.639/0001-00;;DOUBLEE FUNDO DE INVESTIMENTO FINANCEIRO;2025-07-31;TÃ­tulos PÃºblicos Federais;0.00
CLASSES - FIF;47.176.334/0001-84;;BRADESCO IV FI FINANCEIRO - CIC EM AÇÕES - RESP LIMITADA;2025-07-31;Ações;67.78
CLASSES - FIF;47.176.334/0001-84;;BRADESCO IV FI FINANCEIRO - CIC EM AÇÕES - RESP LIMITADA;2025-07-31;Cotas de fundos de investimento 409;30.75
CLASSES - FIF;47.176.334/0001-84;;BRADESCO IV FI FINANCEIRO - CIC EM AÇÕES - RESP LIMITADA;2025-07-31;Derivativos;0.88
CLASSES - FIF;47.176.334/0001-84;;BRADESCO IV FI FINANCEIRO - CIC EM AÇÕES - RESP LIMITADA;2025-07-31;Operações compromissadas lastreadas em títulos públicos federais;2.31
CLASSES - FIF;47.177.894/0001-53;;BRADESCO BA FI FINANCEIRO - CIC EM AÇÕES - RESP LIMITADA;2025-07-31;Ações;67.93
CLASSES - FIF;47.177.894/0001-53;;BRADESCO BA FI FINANCEIRO - CIC EM AÇÕES - RESP LIMITADA;2025-07-31;Cotas de fundos de investimento 409;30.81
CLASSES - FIF;47.177.894/0001-53;;BRADESCO BA FI FINANCEIRO - CIC EM AÇÕES - RESP LIMITADA;2025-07-31;Derivativos;0.88
CLASSES - FIF;47.177.894/0001-53;;BRADESCO BA FI FINANCEIRO - CIC EM AÇÕES - RESP LIMITADA;2025-07-31;Operações compromissadas lastreadas em títulos públicos federais;2.31
CLASSES - FIF;47.178.058/0001-93;;BRADESCO FI FINANCEIRO - CIC EM AÇÕES - RESP LIMITADA;2025-07-31;Ações;67.95
CLASSES - FIF;47.178.058/0001-93;;BRADESCO FI FINANCEIRO - CIC EM AÇÕES - RESP LIMITADA;2025-07-31;Cotas de fundos de investimento 409;30.82
CLASSES - FIF;47.178.058/0001-93;;BRADESCO FI FINANCEIRO - CIC EM AÇÕES - RESP LIMITADA;2025-07-31;Derivativos;0.88
CLASSES - FIF;47.178.058/0001-93;;BRADESCO FI FINANCEIRO - CIC EM AÇÕES - RESP LIMITADA;2025-07-31;Operações compromissadas lastreadas em títulos públicos federais;2.31
CLASSES - FIF;47.178.405/0001-88;;BRADESCO MAXI FI FINANCEIRO - CIC EM AÇÕES - RESP LIMITADA;2025-07-31;Ações;67.84
CLASSES - FIF;47.178.405/0001-88;;BRADESCO MAXI FI FINANCEIRO - CIC EM AÇÕES - RESP LIMITADA;2025-07-31;Cotas de fundos de investimento 409;30.77
CLASSES - FIF;47.178.405/0001-88;;BRADESCO MAXI FI FINANCEIRO - CIC EM AÇÕES - RESP LIMITADA;2025-07-31;Derivativos;0.88
CLASSES - FIF;47.178.405/0001-88;;BRADESCO MAXI FI FINANCEIRO - CIC EM AÇÕES - RESP LIMITADA;2025-07-31;Operações compromissadas lastreadas em títulos públicos federais;2.31
CLASSES - FIF;47.262.058/0001-77;;QUARTZO CASH FUNDO DE INVESTIMENTO FINANCEIRO;2025-07-31;Cotas de Fundos de Investimento 409;8.44
CLASSES - FIF;47.262.058/0001-77;;QUARTZO CASH FUNDO DE INVESTIMENTO FINANCEIRO;2025-07-31;Derivativos;0.00
CLASSES - FIF;47.262.058/0001-77;;QUARTZO CASH FUNDO DE INVESTIMENTO FINANCEIRO;2025-07-31;Operações Compromissadas Lastreadas em Títulos Públicos Federais;28.84
CLASSES - FIF;47.262.058/0001-77;;QUARTZO CASH FUNDO DE INVESTIMENTO FINANCEIRO;2025-07-31;Outras Aplicações;0.02
CLASSES - FIF;47.262.058/0001-77;;QUARTZO CASH FUNDO DE INVESTIMENTO FINANCEIRO;2025-07-31;Títulos Públicos Federais;62.80
FI;47.423.757/0001-51;;RENDA FUNDO DE INVESTIMENTO FINANCEIRO RENDA FIXA LONGO PRAZO TÍTULOS PÚBL IMA GERAL RESP LIMITADA;2025-07-31;Operações Compromissadas Lastreadas em Títulos Públicos Federais;2.07
FI;47.423.757/0001-51;;RENDA FUNDO DE INVESTIMENTO FINANCEIRO RENDA FIXA LONGO PRAZO TÍTULOS PÚBL IMA GERAL RESP LIMITADA;2025-07-31;Títulos Públicos Federais;97.97
CLASSES - FIF;47.715.703/0001-60;;SULAMÉRICA PREMIUM PLUS FUNDO DE INVESTIMENTO FINANCEIRO RENDA FIXA REFERENCIADO DI CRÉDITO PRIVADO;2025-07-31;Cotas de Fundo;0.00
CLASSES - FIF;47.715.703/0001-60;;SULAMÉRICA PREMIUM PLUS FUNDO DE INVESTIMENTO FINANCEIRO RENDA FIXA REFERENCIADO DI CRÉDITO PRIVADO;2025-07-31;Op. Compromissadas;13.92
CLASSES - FIF;47.715.703/0001-60;;SULAMÉRICA PREMIUM PLUS FUNDO DE INVESTIMENTO FINANCEIRO RENDA FIXA REFERENCIADO DI CRÉDITO PRIVADO;2025-07-31;Outros;0.08
CLASSES - FIF;47.715.703/0001-60;;SULAMÉRICA PREMIUM PLUS FUNDO DE INVESTIMENTO FINANCEIRO RENDA FIXA REFERENCIADO DI CRÉDITO PRIVADO;2025-07-31;Títulos de crédito privado;77.46
CLASSES - FIF;47.715.703/0001-60;;SULAMÉRICA PREMIUM PLUS FUNDO DE INVESTIMENTO FINANCEIRO RENDA FIXA REFERENCIADO DI CRÉDITO PRIVADO;2025-07-31;Títulos público federais;8.55
CLASSES - FIF;47.715.736/0001-00;;SULAMÉRICA EXCELLENCE MASTER FIF RENDA FIXA CRÉDITO PRIVADO DE RESPONSABILIDADE LIMITADA;2025-07-31;Cotas de Fundo;1.82
CLASSES - FIF;47.715.736/0001-00;;SULAMÉRICA EXCELLENCE MASTER FIF RENDA FIXA CRÉDITO PRIVADO DE RESPONSABILIDADE LIMITADA;2025-07-31;Op. Compromissadas lastreadas em títulos públicos;21.69
CLASSES - FIF;47.715.736/0001-00;;SULAMÉRICA EXCELLENCE MASTER FIF RENDA FIXA CRÉDITO PRIVADO DE RESPONSABILIDADE LIMITADA;2025-07-31;Outros;2.82
CLASSES - FIF;47.715.736/0001-00;;SULAMÉRICA EXCELLENCE MASTER FIF RENDA FIXA CRÉDITO PRIVADO DE RESPONSABILIDADE LIMITADA;2025-07-31;Títulos de crédito privado;76.05
CLASSES - FIF;47.715.736/0001-00;;SULAMÉRICA EXCELLENCE MASTER FIF RENDA FIXA CRÉDITO PRIVADO DE RESPONSABILIDADE LIMITADA;2025-07-31;Títulos público federais;0.42
CLASSES - FIF;47.776.676/0001-35;;ABSOLUTE VERTEX CSHG II FUNDO DE INVESTIMENTO EM COTAS DE FIF MULTIMERCADO RESPONSABILIDADE LIMITADA;2025-07-31;Outras Cotas de Fundos de Investimento;100.10
CLASSES - FIF;47.776.676/0001-35;;ABSOLUTE VERTEX CSHG II FUNDO DE INVESTIMENTO EM COTAS DE FIF MULTIMERCADO RESPONSABILIDADE LIMITADA;2025-07-31;Outros;0.00
CLASSES - FIF;47.794.909/0001-22;;CSHG MASTER DIRECIONAL IMA-B 5+ FUNDO DE INVESTIMENTO FINANCEIRO RENDA FIXA RESP LIMITADA;2025-07-31;Compromissadas lastreadas em T¿los P¿blicos;6.83
CLASSES - FIF;47.794.909/0001-22;;CSHG MASTER DIRECIONAL IMA-B 5+ FUNDO DE INVESTIMENTO FINANCEIRO RENDA FIXA RESP LIMITADA;2025-07-31;Derivativos;0.00
CLASSES - FIF;47.794.909/0001-22;;CSHG MASTER DIRECIONAL IMA-B 5+ FUNDO DE INVESTIMENTO FINANCEIRO RENDA FIXA RESP LIMITADA;2025-07-31;Outros;0.01
CLASSES - FIF;47.794.909/0001-22;;CSHG MASTER DIRECIONAL IMA-B 5+ FUNDO DE INVESTIMENTO FINANCEIRO RENDA FIXA RESP LIMITADA;2025-07-31;T¿los P¿blicos Federais;93.21
CLASSES - FIF;48.038.480/0001-06;;VANQUISH OCEAN FUNDO DE INVESTIMENTO RENDA FIXA CREDITO PRIVADO LONGO PRAZO;2025-07-31;Cotas de Fundos de Investimento 555;4.94
CLASSES - FIF;48.038.480/0001-06;;VANQUISH OCEAN FUNDO DE INVESTIMENTO RENDA FIXA CREDITO PRIVADO LONGO PRAZO;2025-07-31;Depósito a prazo e outros títulos de instituições financeiras;40.17
CLASSES - FIF;48.038.480/0001-06;;VANQUISH OCEAN FUNDO DE INVESTIMENTO RENDA FIXA CREDITO PRIVADO LONGO PRAZO;2025-07-31;Operacões compromissadas lastreadas em títulos privados;0.00
CLASSES - FIF;48.038.480/0001-06;;VANQUISH OCEAN FUNDO DE INVESTIMENTO RENDA FIXA CREDITO PRIVADO LONGO PRAZO;2025-07-31;Títulos de crédito privado;19.86
CLASSES - FIF;48.038.480/0001-06;;VANQUISH OCEAN FUNDO DE INVESTIMENTO RENDA FIXA CREDITO PRIVADO LONGO PRAZO;2025-07-31;Títulos Públicos federais;35.03
CLASSES - FIF;48.899.234/0001-49;;MAG FIF - CLASSE DE INVESTIMENTO RF  ATIVO LONGO PRAZO - RESP  LIMITADA;2025-07-31;Derivativos;0.89
CLASSES - FIF;48.899.234/0001-49;;MAG FIF - CLASSE DE INVESTIMENTO RF  ATIVO LONGO PRAZO - RESP  LIMITADA;2025-07-31;Operações compromissadas lastreadas em títulos públicos federais;11.90
CLASSES - FIF;48.899.234/0001-49;;MAG FIF - CLASSE DE INVESTIMENTO RF  ATIVO LONGO PRAZO - RESP  LIMITADA;2025-07-31;Títulos públicos federais;89.05
CLASSES - FIF;48.959.711/0001-14;;BRAM SISTEMÁTICO FRACTAL FI FINANCEIRO - CI RF - RESP LIMITADA;2025-07-31;Operações compromissadas lastreadas em títulos públicos federais;56.65
CLASSES - FIF;48.959.711/0001-14;;BRAM SISTEMÁTICO FRACTAL FI FINANCEIRO - CI RF - RESP LIMITADA;2025-07-31;Títulos públicos federais;43.34
CLASSES - FIF;48.961.358/0001-07;;BRAM ENDURANCE FI FINANCEIRO - CI MULT - RESP LIMITADA;2025-07-31;Derivativos;-0.65
CLASSES - FIF;48.961.358/0001-07;;BRAM ENDURANCE FI FINANCEIRO - CI MULT - RESP LIMITADA;2025-07-31;Operações compromissadas lastreadas em títulos públicos federais;58.03
CLASSES - FIF;48.961.358/0001-07;;BRAM ENDURANCE FI FINANCEIRO - CI MULT - RESP LIMITADA;2025-07-31;Títulos públicos federais;41.79
CLASSES - FIF;48.997.364/0001-14;;BNP PARIBAS TARGUS BP FIF- CLASSE DE INVESTIMENTO EM COTAS RENDA FIXA CRÉD PRIV - RESP LIMITADA;2025-07-31;Cotas de fundos de investimento 409;98.73
CLASSES - FIF;48.997.364/0001-14;;BNP PARIBAS TARGUS BP FIF- CLASSE DE INVESTIMENTO EM COTAS RENDA FIXA CRÉD PRIV - RESP LIMITADA;2025-07-31;Operações compromissadas lastreadas em títulos públicos federais;0.25
CLASSES - FIF;48.997.364/0001-14;;BNP PARIBAS TARGUS BP FIF- CLASSE DE INVESTIMENTO EM COTAS RENDA FIXA CRÉD PRIV - RESP LIMITADA;2025-07-31;Títulos públicos federais;0.68
CLASSES - FIF;49.033.154/0001-79;;IBIUNA CREDIT BP FIF - CLASSE DE INVESTIMENTO EM COTAS MULTIMERCADO CRÉDITO PRIVADO - RESP LIMITADA;2025-07-31;Cotas de fundos de investimento 409;99.68
CLASSES - FIF;49.033.154/0001-79;;IBIUNA CREDIT BP FIF - CLASSE DE INVESTIMENTO EM COTAS MULTIMERCADO CRÉDITO PRIVADO - RESP LIMITADA;2025-07-31;Operações compromissadas lastreadas em títulos públicos federais;0.11
CLASSES - FIF;49.033.154/0001-79;;IBIUNA CREDIT BP FIF - CLASSE DE INVESTIMENTO EM COTAS MULTIMERCADO CRÉDITO PRIVADO - RESP LIMITADA;2025-07-31;Títulos públicos federais;0.28
CLASSES - FIF;49.034.567/0001-78;;BANRISUL RPPS III FUNDO DE INVESTIMENTO FINANCEIRO RENDA FIXA RESPONSABILIDADE LIMITADA;2025-07-31;OPERAÇÕES COMPROMISSADAS LASTREADAS EM TÍTULOS PÚBLICOS FEDERAIS;0.25
CLASSES - FIF;49.034.567/0001-78;;BANRISUL RPPS III FUNDO DE INVESTIMENTO FINANCEIRO RENDA FIXA RESPONSABILIDADE LIMITADA;2025-07-31;TÍTULOS PÚBLICOS FEDERAIS;99.71
CLASSES - FIF;49.058.526/0001-11;;PHI ALPHA FUNDO DE INVESTIMENTO FINANCEIRO;2025-07-31;Ações;83.18
CLASSES - FIF;49.058.526/0001-11;;PHI ALPHA FUNDO DE INVESTIMENTO FINANCEIRO;2025-07-31;Cotas de Fundos de Investimento 409;16.17
CLASSES - FIF;49.058.526/0001-11;;PHI ALPHA FUNDO DE INVESTIMENTO FINANCEIRO;2025-07-31;Outras Aplicações;0.95
CLASSES - FIF;49.077.640/0001-99;;BRADESCO BOLSA AMERICANA INSTITUCIONAL FIF - CIC MULT - RESP LIMITADA;2025-07-31;Derivativos;99.83
CLASSES - FIF;49.077.640/0001-99;;BRADESCO BOLSA AMERICANA INSTITUCIONAL FIF - CIC MULT - RESP LIMITADA;2025-07-31;Operações compromissadas lastreadas em títulos públicos federais;12.32
CLASSES - FIF;49.077.640/0001-99;;BRADESCO BOLSA AMERICANA INSTITUCIONAL FIF - CIC MULT - RESP LIMITADA;2025-07-31;Títulos públicos federais;88.09
CLASSES - FIF;49.083.552/0001-08;;DIRECT GIANT ZARATHUSTRA FIF - CIC MULTIMERCADO - RESP LIMITADA;2025-07-31;Cotas de fundos de investimento 409;97.65
CLASSES - FIF;49.083.552/0001-08;;DIRECT GIANT ZARATHUSTRA FIF - CIC MULTIMERCADO - RESP LIMITADA;2025-07-31;Operações compromissadas lastreadas em títulos públicos federais;0.63
CLASSES - FIF;49.083.552/0001-08;;DIRECT GIANT ZARATHUSTRA FIF - CIC MULTIMERCADO - RESP LIMITADA;2025-07-31;Títulos públicos federais;1.60
CLASSES - FIF;49.106.197/0001-37;;KRATHUS FI FINANCEIRO - CIA BDR NÍVEL I - RESP LIMITADA;2025-07-31;Ações;63.40
CLASSES - FIF;49.106.197/0001-37;;KRATHUS FI FINANCEIRO - CIA BDR NÍVEL I - RESP LIMITADA;2025-07-31;Cotas de fundos de investimento 409;27.63
CLASSES - FIF;49.106.197/0001-37;;KRATHUS FI FINANCEIRO - CIA BDR NÍVEL I - RESP LIMITADA;2025-07-31;Operações compromissadas lastreadas em títulos públicos federais;7.06
CLASSES - FIF;49.106.197/0001-37;;KRATHUS FI FINANCEIRO - CIA BDR NÍVEL I - RESP LIMITADA;2025-07-31;Títulos públicos federais;2.12
CLASSES - FIF;49.173.111/0001-99;;BRADESCO IDKA IPCA 5 FI FINANCEIRO - CIC RF - RESP LIMITADA;2025-07-31;Derivativos;1.33
CLASSES - FIF;49.173.111/0001-99;;BRADESCO IDKA IPCA 5 FI FINANCEIRO - CIC RF - RESP LIMITADA;2025-07-31;Operações compromissadas lastreadas em títulos públicos federais;0.09
CLASSES - FIF;49.173.111/0001-99;;BRADESCO IDKA IPCA 5 FI FINANCEIRO - CIC RF - RESP LIMITADA;2025-07-31;Títulos públicos federais;98.29
CLASSES - FIF;49.176.765/0001-76;;BRADESCO IDKA PRÉ 5 FI FINANCEIRO - CIC RF - RESP LIMITADA;2025-07-31;Derivativos;62.35
CLASSES - FIF;49.176.765/0001-76;;BRADESCO IDKA PRÉ 5 FI FINANCEIRO - CIC RF - RESP LIMITADA;2025-07-31;Operações compromissadas lastreadas em títulos públicos federais;10.81
CLASSES - FIF;49.176.765/0001-76;;BRADESCO IDKA PRÉ 5 FI FINANCEIRO - CIC RF - RESP LIMITADA;2025-07-31;Títulos públicos federais;89.32
CLASSES - FIF;49.232.076/0001-31;;BRADESCO SOLANA LONG AND SHORT FIF - CLASSE DE INVESTIMENTO EM COTAS MULTIMERCADO - RESP LIMITADA;2025-07-31;Cotas de fundos de investimento 409;99.57
CLASSES - FIF;49.232.076/0001-31;;BRADESCO SOLANA LONG AND SHORT FIF - CLASSE DE INVESTIMENTO EM COTAS MULTIMERCADO - RESP LIMITADA;2025-07-31;Operações compromissadas lastreadas em títulos públicos federais;0.14
CLASSES - FIF;49.232.076/0001-31;;BRADESCO SOLANA LONG AND SHORT FIF - CLASSE DE INVESTIMENTO EM COTAS MULTIMERCADO - RESP LIMITADA;2025-07-31;Títulos públicos federais;0.33
CLASSES - FIF;49.447.957/0001-70;;PLANNER REDWOOD PREMIUM FUNDO DE INVESTIMENTO EM AÇÕES;2025-07-31;Ações - Mercado à Vista;65.97
CLASSES - FIF;49.447.957/0001-70;;PLANNER REDWOOD PREMIUM FUNDO DE INVESTIMENTO EM AÇÕES;2025-07-31;Cotas de Fundos;24.54
CLASSES - FIF;49.447.957/0001-70;;PLANNER REDWOOD PREMIUM FUNDO DE INVESTIMENTO EM AÇÕES;2025-07-31;Renda Fixa;8.95
CLASSES - FIF;49.571.655/0001-09;;CONEXÃO BNP PARIBAS DIVERSIFIED DYNAMIC FIF - CIC MULTI - RESPONSABILIDADE LIMITADA;2025-07-31;Cotas de fundos de investimento 409;99.79
CLASSES - FIF;49.571.655/0001-09;;CONEXÃO BNP PARIBAS DIVERSIFIED DYNAMIC FIF - CIC MULTI - RESPONSABILIDADE LIMITADA;2025-07-31;Operações compromissadas lastreadas em títulos públicos federais;0.01
CLASSES - FIF;49.571.655/0001-09;;CONEXÃO BNP PARIBAS DIVERSIFIED DYNAMIC FIF - CIC MULTI - RESPONSABILIDADE LIMITADA;2025-07-31;Títulos públicos federais;0.02
CLASSES - FIF;49.647.466/0001-72;;BRADESCO SOLARO FI FINANCEIRO - CIC RF CRED PRIV LP - RESP LIMITADA;2025-07-31;Cotas de fundos de investimento 409;8.09
CLASSES - FIF;49.647.466/0001-72;;BRADESCO SOLARO FI FINANCEIRO - CIC RF CRED PRIV LP - RESP LIMITADA;2025-07-31;Depósitos a prazo e outros títulos de instituições financeiras;19.11
CLASSES - FIF;49.647.466/0001-72;;BRADESCO SOLARO FI FINANCEIRO - CIC RF CRED PRIV LP - RESP LIMITADA;2025-07-31;Operações compromissadas lastreadas em títulos públicos federais;21.57
CLASSES - FIF;49.647.466/0001-72;;BRADESCO SOLARO FI FINANCEIRO - CIC RF CRED PRIV LP - RESP LIMITADA;2025-07-31;Títulos de crédito privado;50.89
CLASSES - FIF;49.647.466/0001-72;;BRADESCO SOLARO FI FINANCEIRO - CIC RF CRED PRIV LP - RESP LIMITADA;2025-07-31;Títulos públicos federais;0.58
CLASSES - FIF;49.776.738/0001-34;;IBIUNA LONG SHORT FP FIF - CLASSE DE INVESTIMENTO EM COTAS MULTIMERCADO - RESPONSABILIDADE  LIMITADA;2025-07-31;Ações;60.99
CLASSES - FIF;49.776.738/0001-34;;IBIUNA LONG SHORT FP FIF - CLASSE DE INVESTIMENTO EM COTAS MULTIMERCADO - RESPONSABILIDADE  LIMITADA;2025-07-31;Cotas de fundos de investimento 409;0.38
CLASSES - FIF;49.776.738/0001-34;;IBIUNA LONG SHORT FP FIF - CLASSE DE INVESTIMENTO EM COTAS MULTIMERCADO - RESPONSABILIDADE  LIMITADA;2025-07-31;Investimento no exterior;16.94
CLASSES - FIF;49.776.738/0001-34;;IBIUNA LONG SHORT FP FIF - CLASSE DE INVESTIMENTO EM COTAS MULTIMERCADO - RESPONSABILIDADE  LIMITADA;2025-07-31;Operações compromissadas lastreadas em títulos públicos federais;9.27
CLASSES - FIF;49.776.738/0001-34;;IBIUNA LONG SHORT FP FIF - CLASSE DE INVESTIMENTO EM COTAS MULTIMERCADO - RESPONSABILIDADE  LIMITADA;2025-07-31;Títulos públicos federais;59.74
CLASSES - FIF;49.801.593/0001-84;;BRADESCO EXPLORER EDGE FI FINANCEIRO - CIC MULT CRED PRIV - RESP LIMITADA;2025-07-31;Cotas de fundos de investimento 409;100.01
CLASSES - FIF;49.801.593/0001-84;;BRADESCO EXPLORER EDGE FI FINANCEIRO - CIC MULT CRED PRIV - RESP LIMITADA;2025-07-31;Operações compromissadas lastreadas em títulos públicos federais;0.18
CLASSES - FIF;49.801.593/0001-84;;BRADESCO EXPLORER EDGE FI FINANCEIRO - CIC MULT CRED PRIV - RESP LIMITADA;2025-07-31;Títulos públicos federais;0.49
CLASSES - FIF;49.887.885/0001-81;;CONNEX PREMIUM FUNDO DE INVESTIMENTO FINANCEIRO MULTIMERCADO;2025-07-31;Cotas de Fundos de Investimento 409;3.89
CLASSES - FIF;49.887.885/0001-81;;CONNEX PREMIUM FUNDO DE INVESTIMENTO FINANCEIRO MULTIMERCADO;2025-07-31;Derivativos;-1.33
CLASSES - FIF;49.887.885/0001-81;;CONNEX PREMIUM FUNDO DE INVESTIMENTO FINANCEIRO MULTIMERCADO;2025-07-31;Outras Aplicações;0.04
CLASSES - FIF;49.887.885/0001-81;;CONNEX PREMIUM FUNDO DE INVESTIMENTO FINANCEIRO MULTIMERCADO;2025-07-31;Títulos Públicos Federais;97.76
CLASSES - FIF;49.963.346/0001-84;;CONEXÃO NOVUS EXCLUSIVE FIF - CIC RENDA FIXA LONGO PRAZO - RESP LIMITADA;2025-07-31;Cotas de fundos de investimento 409;99.66
CLASSES - FIF;49.963.346/0001-84;;CONEXÃO NOVUS EXCLUSIVE FIF - CIC RENDA FIXA LONGO PRAZO - RESP LIMITADA;2025-07-31;Operações compromissadas lastreadas em títulos públicos federais;0.10
CLASSES - FIF;49.963.346/0001-84;;CONEXÃO NOVUS EXCLUSIVE FIF - CIC RENDA FIXA LONGO PRAZO - RESP LIMITADA;2025-07-31;Títulos públicos federais;0.24
CLASSES - FIF;49.977.033/0001-85;;MIRABAUD TRADITION FI FINANCEIRO - CI RF CRED PRIV - RESP LIMITADA;2025-07-31;Cotas de fundos de investimento 409;14.46
CLASSES - FIF;49.977.033/0001-85;;MIRABAUD TRADITION FI FINANCEIRO - CI RF CRED PRIV - RESP LIMITADA;2025-07-31;Depósitos a prazo e outros títulos de instituições financeiras;23.11
CLASSES - FIF;49.977.033/0001-85;;MIRABAUD TRADITION FI FINANCEIRO - CI RF CRED PRIV - RESP LIMITADA;2025-07-31;Operações compromissadas lastreadas em títulos públicos federais;18.08
CLASSES - FIF;49.977.033/0001-85;;MIRABAUD TRADITION FI FINANCEIRO - CI RF CRED PRIV - RESP LIMITADA;2025-07-31;Títulos de crédito privado;42.58
CLASSES - FIF;49.977.033/0001-85;;MIRABAUD TRADITION FI FINANCEIRO - CI RF CRED PRIV - RESP LIMITADA;2025-07-31;Títulos públicos federais;1.83
FI;49.995.610/0001-61;;INTER INSTITUIÇÕES FINANCEIRAS FUNDO DE INVESTIMENTO FINANCEIRO RENDA FIXA CRÉD PRIV RESP LIMITADA;2025-07-31;Depósitos a Prazo e Outros Títulos de Instituições Financeiras;74.08
FI;49.995.610/0001-61;;INTER INSTITUIÇÕES FINANCEIRAS FUNDO DE INVESTIMENTO FINANCEIRO RENDA FIXA CRÉD PRIV RESP LIMITADA;2025-07-31;Operações Compromissadas Lastreadas em Títulos Públicos Federais;6.29
FI;49.995.610/0001-61;;INTER INSTITUIÇÕES FINANCEIRAS FUNDO DE INVESTIMENTO FINANCEIRO RENDA FIXA CRÉD PRIV RESP LIMITADA;2025-07-31;Títulos Públicos Federais;19.66
CLASSES - FIF;49.996.302/0001-50;;BOCOM BBM CORPORATE CREDIT II FIF - CIC RFCRED PRIV - RESP LIMITADA;2025-07-31;Cotas de fundos de investimento 409;4.89
CLASSES - FIF;49.996.302/0001-50;;BOCOM BBM CORPORATE CREDIT II FIF - CIC RFCRED PRIV - RESP LIMITADA;2025-07-31;Depósitos a prazo e outros títulos de instituições financeiras;38.33
CLASSES - FIF;49.996.302/0001-50;;BOCOM BBM CORPORATE CREDIT II FIF - CIC RFCRED PRIV - RESP LIMITADA;2025-07-31;Operações compromissadas lastreadas em títulos públicos federais;15.29
CLASSES - FIF;49.996.302/0001-50;;BOCOM BBM CORPORATE CREDIT II FIF - CIC RFCRED PRIV - RESP LIMITADA;2025-07-31;Títulos de crédito privado;40.89
CLASSES - FIF;49.996.302/0001-50;;BOCOM BBM CORPORATE CREDIT II FIF - CIC RFCRED PRIV - RESP LIMITADA;2025-07-31;Títulos públicos federais;0.60
CLASSES - FIF;50.094.963/0001-70;;BOCOM BBM CASH FIF - CIC RFCRED PRIV REFERENCIADA DI - RESP LIMITADA;2025-07-31;Depósitos a prazo e outros títulos de instituições financeiras;82.86
CLASSES - FIF;50.094.963/0001-70;;BOCOM BBM CASH FIF - CIC RFCRED PRIV REFERENCIADA DI - RESP LIMITADA;2025-07-31;Derivativos;-2.24
CLASSES - FIF;50.094.963/0001-70;;BOCOM BBM CASH FIF - CIC RFCRED PRIV REFERENCIADA DI - RESP LIMITADA;2025-07-31;Operações compromissadas lastreadas em títulos públicos federais;13.80
CLASSES - FIF;50.094.963/0001-70;;BOCOM BBM CASH FIF - CIC RFCRED PRIV REFERENCIADA DI - RESP LIMITADA;2025-07-31;Títulos públicos federais;3.38
CLASSES - FIF;50.096.232/0001-63;;BOCOM BBM CASH FIF - CLASSE DE INVESTIMENTO RFCRED PRIV REFERENCIADA DI - RESP LIMITADA;2025-07-31;Depósitos a prazo e outros títulos de instituições financeiras;82.84
CLASSES - FIF;50.096.232/0001-63;;BOCOM BBM CASH FIF - CLASSE DE INVESTIMENTO RFCRED PRIV REFERENCIADA DI - RESP LIMITADA;2025-07-31;Derivativos;-2.24
CLASSES - FIF;50.096.232/0001-63;;BOCOM BBM CASH FIF - CLASSE DE INVESTIMENTO RFCRED PRIV REFERENCIADA DI - RESP LIMITADA;2025-07-31;Operações compromissadas lastreadas em títulos públicos federais;13.80
CLASSES - FIF;50.096.232/0001-63;;BOCOM BBM CASH FIF - CLASSE DE INVESTIMENTO RFCRED PRIV REFERENCIADA DI - RESP LIMITADA;2025-07-31;Títulos públicos federais;3.38
CLASSES - FIF;50.109.627/0001-53;;BOCOM BBM CASH ENHANCED FIF  - CIC RENDA FIXA CRÉDITO PRIVADO - RESPONSABILIDADE LIMITADA;2025-07-31;Depósitos a prazo e outros títulos de instituições financeiras;65.32
CLASSES - FIF;50.109.627/0001-53;;BOCOM BBM CASH ENHANCED FIF  - CIC RENDA FIXA CRÉDITO PRIVADO - RESPONSABILIDADE LIMITADA;2025-07-31;Operações compromissadas lastreadas em títulos públicos federais;19.62
CLASSES - FIF;50.109.627/0001-53;;BOCOM BBM CASH ENHANCED FIF  - CIC RENDA FIXA CRÉDITO PRIVADO - RESPONSABILIDADE LIMITADA;2025-07-31;Títulos de crédito privado;15.10
CLASSES - FIF;50.112.294/0001-11;;BOCOM BBM CASH ENHANCED FIF CLASSE DE INVESTIMENTO RFCRED PRIV - RESP LIMITADA;2025-07-31;Depósitos a prazo e outros títulos de instituições financeiras;65.30
CLASSES - FIF;50.112.294/0001-11;;BOCOM BBM CASH ENHANCED FIF CLASSE DE INVESTIMENTO RFCRED PRIV - RESP LIMITADA;2025-07-31;Operações compromissadas lastreadas em títulos públicos federais;19.61
CLASSES - FIF;50.112.294/0001-11;;BOCOM BBM CASH ENHANCED FIF CLASSE DE INVESTIMENTO RFCRED PRIV - RESP LIMITADA;2025-07-31;Títulos de crédito privado;15.10
CLASSES - FIF;50.114.259/0001-31;;SEVEN POUNDS SOBERANO FUNDO DE INVESTIMENTO FINANCEIRO;2025-07-31;Cotas de Fundos de Investimento 409;6.75
CLASSES - FIF;50.114.259/0001-31;;SEVEN POUNDS SOBERANO FUNDO DE INVESTIMENTO FINANCEIRO;2025-07-31;Outras Aplicações;0.07
CLASSES - FIF;50.114.259/0001-31;;SEVEN POUNDS SOBERANO FUNDO DE INVESTIMENTO FINANCEIRO;2025-07-31;Títulos Públicos Federais;93.34
CLASSES - FIF;50.161.436/0001-30;;IBIUNA LONG SHORT BRS FIF -CLASSE DE INVESTIMENTO EM COTAS MULTIMERCADO - RESPONSABILIDADE  LIMITADA;2025-07-31;Ações;61.09
CLASSES - FIF;50.161.436/0001-30;;IBIUNA LONG SHORT BRS FIF -CLASSE DE INVESTIMENTO EM COTAS MULTIMERCADO - RESPONSABILIDADE  LIMITADA;2025-07-31;Cotas de fundos de investimento 409;0.38
CLASSES - FIF;50.161.436/0001-30;;IBIUNA LONG SHORT BRS FIF -CLASSE DE INVESTIMENTO EM COTAS MULTIMERCADO - RESPONSABILIDADE  LIMITADA;2025-07-31;Investimento no exterior;16.97
CLASSES - FIF;50.161.436/0001-30;;IBIUNA LONG SHORT BRS FIF -CLASSE DE INVESTIMENTO EM COTAS MULTIMERCADO - RESPONSABILIDADE  LIMITADA;2025-07-31;Operações compromissadas lastreadas em títulos públicos federais;9.29
CLASSES - FIF;50.161.436/0001-30;;IBIUNA LONG SHORT BRS FIF -CLASSE DE INVESTIMENTO EM COTAS MULTIMERCADO - RESPONSABILIDADE  LIMITADA;2025-07-31;Títulos públicos federais;59.83
CLASSES - FIF;50.190.969/0001-40;;TARPON INTERSECTION I FUNDO DE INVESTIMENTO FINANCEIRO;2025-07-31;Ações;78.29
CLASSES - FIF;50.190.969/0001-40;;TARPON INTERSECTION I FUNDO DE INVESTIMENTO FINANCEIRO;2025-07-31;Cotas de Fundos de Investimento 409;6.20
CLASSES - FIF;50.190.969/0001-40;;TARPON INTERSECTION I FUNDO DE INVESTIMENTO FINANCEIRO;2025-07-31;Outras Aplicações;18.54
CLASSES - FIF;50.190.969/0001-40;;TARPON INTERSECTION I FUNDO DE INVESTIMENTO FINANCEIRO;2025-07-31;Outras Cotas de Fundos de Investimento;16.05
CLASSES - FIF;50.190.969/0001-40;;TARPON INTERSECTION I FUNDO DE INVESTIMENTO FINANCEIRO;2025-07-31;Títulos Públicos Federais;0.00
FI;50.197.313/0001-50;;INTER BB FC DE FUNDO DE INVESTIMENTO FINANCEIRO RENDA FIXA LONGO PRAZO RESP LIMITADA;2025-07-31;Cotas de Fundos de Investimento 555;96.89
FI;50.197.313/0001-50;;INTER BB FC DE FUNDO DE INVESTIMENTO FINANCEIRO RENDA FIXA LONGO PRAZO RESP LIMITADA;2025-07-31;Operações Compromissadas Lastreadas em Títulos Públicos Federais;3.36
CLASSES - FIF;50.223.269/0001-05;;MAG HIGH GRADE FIF CLASSE DE INVESTIMENTO RENDA FIXA CRÉDITO PRIVADO LONGO PRAZO RESP LIMITADA;2025-07-31;Cotas de fundos de investimento 409;6.78
CLASSES - FIF;50.223.269/0001-05;;MAG HIGH GRADE FIF CLASSE DE INVESTIMENTO RENDA FIXA CRÉDITO PRIVADO LONGO PRAZO RESP LIMITADA;2025-07-31;Depósitos a prazo e outros títulos de instituições financeiras;36.87
CLASSES - FIF;50.223.269/0001-05;;MAG HIGH GRADE FIF CLASSE DE INVESTIMENTO RENDA FIXA CRÉDITO PRIVADO LONGO PRAZO RESP LIMITADA;2025-07-31;Operações compromissadas lastreadas em títulos públicos federais;31.12
CLASSES - FIF;50.223.269/0001-05;;MAG HIGH GRADE FIF CLASSE DE INVESTIMENTO RENDA FIXA CRÉDITO PRIVADO LONGO PRAZO RESP LIMITADA;2025-07-31;Títulos de crédito privado;25.11
CLASSES - FIF;50.223.269/0001-05;;MAG HIGH GRADE FIF CLASSE DE INVESTIMENTO RENDA FIXA CRÉDITO PRIVADO LONGO PRAZO RESP LIMITADA;2025-07-31;Títulos públicos federais;0.16
CLASSES - FIF;50.235.197/0001-16;;DAYCOVAL CLASSIC TÍTULOS BANCÁRIOS FUNDO DE INVESTIMENTO FINANCEIRO RENDA FIXA;2025-07-31;Depósitos a Prazo e Outros Títulos de Instituições Financeiras;86.88
CLASSES - FIF;50.235.197/0001-16;;DAYCOVAL CLASSIC TÍTULOS BANCÁRIOS FUNDO DE INVESTIMENTO FINANCEIRO RENDA FIXA;2025-07-31;Operações Compromissadas Lastreadas em Títulos Públicos Federais;13.58
CLASSES - FIF;50.235.197/0001-16;;DAYCOVAL CLASSIC TÍTULOS BANCÁRIOS FUNDO DE INVESTIMENTO FINANCEIRO RENDA FIXA;2025-07-31;Outras Aplicações;0.02
CLASSES - FIF;50.398.792/0001-72;;ERFOLG MACRO FUNDO DE INVESTIMENTO FINANCEIRO MULTIMERCADO RESPONSABILIDADE LIMITADA;2025-07-31;Cotas de Fundos de Investimento 555;8.95
CLASSES - FIF;50.398.792/0001-72;;ERFOLG MACRO FUNDO DE INVESTIMENTO FINANCEIRO MULTIMERCADO RESPONSABILIDADE LIMITADA;2025-07-31;Operações Compromissadas Lastreadas em Títulos Públicos Federais;18.87
CLASSES - FIF;50.398.792/0001-72;;ERFOLG MACRO FUNDO DE INVESTIMENTO FINANCEIRO MULTIMERCADO RESPONSABILIDADE LIMITADA;2025-07-31;Títulos Públicos Federais;70.89
CLASSES - FIF;50.468.831/0001-60;;DOURADA FIC FIA FUNDO DE INVESTIMENTO FINANCEIRO;2025-07-31;Ações;100.24
CLASSES - FIF;50.468.831/0001-60;;DOURADA FIC FIA FUNDO DE INVESTIMENTO FINANCEIRO;2025-07-31;Outras Aplicações;0.03
CLASSES - FIF;50.469.036/0001-97;;DOURADA FUNDO DE INVESTIMENTO FINANCEIRO;2025-07-31;Ações;100.02
CLASSES - FIF;50.469.036/0001-97;;DOURADA FUNDO DE INVESTIMENTO FINANCEIRO;2025-07-31;Outras Aplicações;0.01
CLASSES - FIF;50.534.721/0001-50;;DESBRAVA PERFORMANCE FUNDO DE INVESTIMENTO FINANCEIRO;2025-07-31;Ações;95.29
CLASSES - FIF;50.534.721/0001-50;;DESBRAVA PERFORMANCE FUNDO DE INVESTIMENTO FINANCEIRO;2025-07-31;Cotas de fundos de Investimento;4.42
CLASSES - FIF;50.534.813/0001-30;;BANESTES INVEST FÁCIL FIF RENDA FIXA SIMPLES RESPONSABILIDADE LIMITADA;2025-07-31;Operações compromissadas lastreadas em títulos públicos federais;45.14
CLASSES - FIF;50.534.813/0001-30;;BANESTES INVEST FÁCIL FIF RENDA FIXA SIMPLES RESPONSABILIDADE LIMITADA;2025-07-31;Títulos públicos federais;55.11
CLASSES - FIF;50.649.446/0001-10;;VINCI POTENZA FIF - CLASSE DE INVESTIMENTO EM COTAS MULTIMERCADO - RESP LIMITADA;2025-07-31;Ações;3.20
CLASSES - FIF;50.649.446/0001-10;;VINCI POTENZA FIF - CLASSE DE INVESTIMENTO EM COTAS MULTIMERCADO - RESP LIMITADA;2025-07-31;Cotas de fundos de investimento 409;0.76
CLASSES - FIF;50.649.446/0001-10;;VINCI POTENZA FIF - CLASSE DE INVESTIMENTO EM COTAS MULTIMERCADO - RESP LIMITADA;2025-07-31;Investimento no exterior;17.39
CLASSES - FIF;50.649.446/0001-10;;VINCI POTENZA FIF - CLASSE DE INVESTIMENTO EM COTAS MULTIMERCADO - RESP LIMITADA;2025-07-31;Operações compromissadas lastreadas em títulos públicos federais;8.95
CLASSES - FIF;50.649.446/0001-10;;VINCI POTENZA FIF - CLASSE DE INVESTIMENTO EM COTAS MULTIMERCADO - RESP LIMITADA;2025-07-31;Títulos públicos federais;70.03
CLASSES - FIF;50.860.959/0001-75;;CLUBE DO VALOR MOMENTUM MASTER FUNDO DE INVESTIMENTO FINANCEIRO;2025-07-31;Ações;76.44
CLASSES - FIF;50.860.959/0001-75;;CLUBE DO VALOR MOMENTUM MASTER FUNDO DE INVESTIMENTO FINANCEIRO;2025-07-31;Cotas de Fundos de Investimento 409;0.57
CLASSES - FIF;50.860.959/0001-75;;CLUBE DO VALOR MOMENTUM MASTER FUNDO DE INVESTIMENTO FINANCEIRO;2025-07-31;Outras Aplicações;23.39
CLASSES - FIF;50.860.990/0001-06;;CLUBE DO VALOR MOMENTUM FUNDO DE INVESTIMENTO EM COTAS DE FUNDO DE  INVESTIMENTO EM AÇÕES;2025-07-31;Ações;76.20
CLASSES - FIF;50.860.990/0001-06;;CLUBE DO VALOR MOMENTUM FUNDO DE INVESTIMENTO EM COTAS DE FUNDO DE  INVESTIMENTO EM AÇÕES;2025-07-31;Cotas de Fundos de Investimento 409;0.56
CLASSES - FIF;50.860.990/0001-06;;CLUBE DO VALOR MOMENTUM FUNDO DE INVESTIMENTO EM COTAS DE FUNDO DE  INVESTIMENTO EM AÇÕES;2025-07-31;Operações Compromissadas Lastreadas em Títulos Públicos Federais;0.10
CLASSES - FIF;50.860.990/0001-06;;CLUBE DO VALOR MOMENTUM FUNDO DE INVESTIMENTO EM COTAS DE FUNDO DE  INVESTIMENTO EM AÇÕES;2025-07-31;Outras Aplicações;23.34
CLASSES - FIF;50.860.990/0001-06;;CLUBE DO VALOR MOMENTUM FUNDO DE INVESTIMENTO EM COTAS DE FUNDO DE  INVESTIMENTO EM AÇÕES;2025-07-31;Títulos Públicos Federais;0.35
CLASSES - FIF;50.940.912/0001-11;;CONEXÃO IBIUNA HEDGE STH BP FIF - CLASSE DE INVESTIMENTO EM COTAS MULTIMERCADO - RESP LIMITADA;2025-07-31;Cotas de fundos de investimento 409;99.99
CLASSES - FIF;50.940.912/0001-11;;CONEXÃO IBIUNA HEDGE STH BP FIF - CLASSE DE INVESTIMENTO EM COTAS MULTIMERCADO - RESP LIMITADA;2025-07-31;Operações compromissadas lastreadas em títulos públicos federais;0.16
CLASSES - FIF;50.940.912/0001-11;;CONEXÃO IBIUNA HEDGE STH BP FIF - CLASSE DE INVESTIMENTO EM COTAS MULTIMERCADO - RESP LIMITADA;2025-07-31;Títulos públicos federais;0.38
CLASSES - FIF;50.958.673/0001-27;;BRAM FUNDAMENTAL FI FINANCEIRO - CIA - RESP LIMITADA;2025-07-31;Ações;89.40
CLASSES - FIF;50.958.673/0001-27;;BRAM FUNDAMENTAL FI FINANCEIRO - CIA - RESP LIMITADA;2025-07-31;Cotas de fundos de investimento 409;5.22
CLASSES - FIF;50.958.673/0001-27;;BRAM FUNDAMENTAL FI FINANCEIRO - CIA - RESP LIMITADA;2025-07-31;Derivativos;0.12
CLASSES - FIF;50.958.673/0001-27;;BRAM FUNDAMENTAL FI FINANCEIRO - CIA - RESP LIMITADA;2025-07-31;Operações compromissadas lastreadas em títulos públicos federais;5.21
CLASSES - FIF;50.991.372/0001-03;;PANAMBY GLOBAL MACRO FIF - CLASSE DE INVESTIMENTO MULT - RESP LIMITADA;2025-07-31;Cotas de fundos de investimento 409;14.77
CLASSES - FIF;50.991.372/0001-03;;PANAMBY GLOBAL MACRO FIF - CLASSE DE INVESTIMENTO MULT - RESP LIMITADA;2025-07-31;Derivativos;280.69
CLASSES - FIF;50.991.372/0001-03;;PANAMBY GLOBAL MACRO FIF - CLASSE DE INVESTIMENTO MULT - RESP LIMITADA;2025-07-31;Operações compromissadas lastreadas em títulos públicos federais;53.93
CLASSES - FIF;50.991.372/0001-03;;PANAMBY GLOBAL MACRO FIF - CLASSE DE INVESTIMENTO MULT - RESP LIMITADA;2025-07-31;Títulos de crédito privado;3.65
CLASSES - FIF;50.991.372/0001-03;;PANAMBY GLOBAL MACRO FIF - CLASSE DE INVESTIMENTO MULT - RESP LIMITADA;2025-07-31;Títulos públicos federais;25.35
CLASSES - FIF;51.162.466/0001-24;;IBIUNA LONG SHORT FO FIF - CLASSE DE INVESTIMENTO EM COTAS MULTIMERCADO - RESPONSABILIDADE  LIMITADA;2025-07-31;Ações;61.00
CLASSES - FIF;51.162.466/0001-24;;IBIUNA LONG SHORT FO FIF - CLASSE DE INVESTIMENTO EM COTAS MULTIMERCADO - RESPONSABILIDADE  LIMITADA;2025-07-31;Cotas de fundos de investimento 409;0.38
CLASSES - FIF;51.162.466/0001-24;;IBIUNA LONG SHORT FO FIF - CLASSE DE INVESTIMENTO EM COTAS MULTIMERCADO - RESPONSABILIDADE  LIMITADA;2025-07-31;Investimento no exterior;16.95
CLASSES - FIF;51.162.466/0001-24;;IBIUNA LONG SHORT FO FIF - CLASSE DE INVESTIMENTO EM COTAS MULTIMERCADO - RESPONSABILIDADE  LIMITADA;2025-07-31;Operações compromissadas lastreadas em títulos públicos federais;9.27
CLASSES - FIF;51.162.466/0001-24;;IBIUNA LONG SHORT FO FIF - CLASSE DE INVESTIMENTO EM COTAS MULTIMERCADO - RESPONSABILIDADE  LIMITADA;2025-07-31;Títulos públicos federais;59.75
CLASSES - FIF;51.248.976/0001-19;;ASA ALPHA K FI FINANCEIRO - CI RF - RESP LIMITADA;2025-07-31;Derivativos;24.95
CLASSES - FIF;51.248.976/0001-19;;ASA ALPHA K FI FINANCEIRO - CI RF - RESP LIMITADA;2025-07-31;Operações compromissadas lastreadas em títulos públicos federais;28.64
CLASSES - FIF;51.248.976/0001-19;;ASA ALPHA K FI FINANCEIRO - CI RF - RESP LIMITADA;2025-07-31;Títulos públicos federais;71.47
CLASSES - FIF;51.293.148/0001-00;;BRADESCO BANCOS II FI FINANCEIRO - CIC RF CRED PRIV - RESP LIMITADA;2025-07-31;Depósitos a prazo e outros títulos de instituições financeiras;80.12
CLASSES - FIF;51.293.148/0001-00;;BRADESCO BANCOS II FI FINANCEIRO - CIC RF CRED PRIV - RESP LIMITADA;2025-07-31;Operações compromissadas lastreadas em títulos públicos federais;17.52
CLASSES - FIF;51.293.148/0001-00;;BRADESCO BANCOS II FI FINANCEIRO - CIC RF CRED PRIV - RESP LIMITADA;2025-07-31;Títulos públicos federais;2.40
CLASSES - FIF;51.305.063/0001-97;;PARTICIPATION FUNDO DE INVESTIMENTO MULTIMERCADO CRÉDITO PRIVADO;2025-07-31;Acões;0.00
CLASSES - FIF;51.305.063/0001-97;;PARTICIPATION FUNDO DE INVESTIMENTO MULTIMERCADO CRÉDITO PRIVADO;2025-07-31;Cotas de Fundos de Investimento 555;100.24
CLASSES - FIF;51.305.063/0001-97;;PARTICIPATION FUNDO DE INVESTIMENTO MULTIMERCADO CRÉDITO PRIVADO;2025-07-31;Operacões compromissadas lastreadas em títulos privados;0.00
CLASSES - FIF;51.305.063/0001-97;;PARTICIPATION FUNDO DE INVESTIMENTO MULTIMERCADO CRÉDITO PRIVADO;2025-07-31;Operacões compromissadas lastreadas em títulos públicos federais;0.00
CLASSES - FIF;51.305.063/0001-97;;PARTICIPATION FUNDO DE INVESTIMENTO MULTIMERCADO CRÉDITO PRIVADO;2025-07-31;Títulos Públicos federais;0.00
CLASSES - FIF;51.477.908/0001-21;;LEME FAROL AÇÕES FUNDO DE INVESTIMENTO EM COTAS DE FUNDO DE INVESTIMENTO FINANCEIRO - RESPONSABILIDA;2025-07-31;Cotas de Fundos de Investimento 409;100.76
CLASSES - FIF;51.477.908/0001-21;;LEME FAROL AÇÕES FUNDO DE INVESTIMENTO EM COTAS DE FUNDO DE INVESTIMENTO FINANCEIRO - RESPONSABILIDA;2025-07-31;Operações Compromissadas Lastreadas em Títulos Públicos Federais;0.47
CLASSES - FIF;51.477.908/0001-21;;LEME FAROL AÇÕES FUNDO DE INVESTIMENTO EM COTAS DE FUNDO DE INVESTIMENTO FINANCEIRO - RESPONSABILIDA;2025-07-31;Outras Aplicações;0.14
CLASSES - FIF;51.517.703/0001-22;;QUAESTUS ONE FUNDO DE INVESTIMENTO FINANCEIRO MULTIMERCADO LP - RESPONSABILIDADE LIMITADA;2025-07-31;Operações compromissadas lastreadas em títulospúblicos federais;3.25
CLASSES - FIF;51.517.703/0001-22;;QUAESTUS ONE FUNDO DE INVESTIMENTO FINANCEIRO MULTIMERCADO LP - RESPONSABILIDADE LIMITADA;2025-07-31;Outras aplicações;-0.15
CLASSES - FIF;51.517.703/0001-22;;QUAESTUS ONE FUNDO DE INVESTIMENTO FINANCEIRO MULTIMERCADO LP - RESPONSABILIDADE LIMITADA;2025-07-31;Títulos públicos federais;96.90
CLASSES - FIF;51.530.002/0001-23;;BRAM MACRO FI FINANCEIRO - CI RF - RESP LIMITADA;2025-07-31;Derivativos;-22.74
CLASSES - FIF;51.530.002/0001-23;;BRAM MACRO FI FINANCEIRO - CI RF - RESP LIMITADA;2025-07-31;Operações compromissadas lastreadas em títulos públicos federais;49.32
CLASSES - FIF;51.530.002/0001-23;;BRAM MACRO FI FINANCEIRO - CI RF - RESP LIMITADA;2025-07-31;Títulos públicos federais;50.57
CLASSES - FIF;51.532.369/0001-86;;BRAM ENDURANCE FI FINANCEIRO - CI RF - RESP LIMITADA;2025-07-31;Derivativos;11.72
CLASSES - FIF;51.532.369/0001-86;;BRAM ENDURANCE FI FINANCEIRO - CI RF - RESP LIMITADA;2025-07-31;Operações compromissadas lastreadas em títulos públicos federais;56.48
CLASSES - FIF;51.532.369/0001-86;;BRAM ENDURANCE FI FINANCEIRO - CI RF - RESP LIMITADA;2025-07-31;Títulos públicos federais;43.50
CLASSES - FIF;51.637.471/0001-46;;CONSTÂNCIA DUMONT RENDA FIXA ATIVO FUNDO DE INVESTIMENTO FINANCEIRO - RESP LIMITADA;2025-07-31;Operações compromissadas lastreadas em títulos públicos federais;5.73
CLASSES - FIF;51.637.471/0001-46;;CONSTÂNCIA DUMONT RENDA FIXA ATIVO FUNDO DE INVESTIMENTO FINANCEIRO - RESP LIMITADA;2025-07-31;Títulos públicos federais;94.41
CLASSES - FIF;51.709.979/0001-02;;BRADESCO EXPLORER CHALLENGE FI FINANCEIRO - CIC MULT - RESP LIMITADA;2025-07-31;Cotas de fundos de investimento 409;75.90
CLASSES - FIF;51.709.979/0001-02;;BRADESCO EXPLORER CHALLENGE FI FINANCEIRO - CIC MULT - RESP LIMITADA;2025-07-31;Operações compromissadas lastreadas em títulos públicos federais;7.11
CLASSES - FIF;51.709.979/0001-02;;BRADESCO EXPLORER CHALLENGE FI FINANCEIRO - CIC MULT - RESP LIMITADA;2025-07-31;Títulos públicos federais;17.22
CLASSES - FIF;51.811.576/0001-70;;INTER SIMPLES FUNDO DE INVESTIMENTO RENDA FIXA RESPONSABILIDADE LIMITADA;2025-07-31;Depósitos a Prazo e Outros Títulos de Instituições Financeiras;46.45
CLASSES - FIF;51.811.576/0001-70;;INTER SIMPLES FUNDO DE INVESTIMENTO RENDA FIXA RESPONSABILIDADE LIMITADA;2025-07-31;Operações Compromissadas Lastreadas em Títulos Públicos Federais;2.94
CLASSES - FIF;51.811.576/0001-70;;INTER SIMPLES FUNDO DE INVESTIMENTO RENDA FIXA RESPONSABILIDADE LIMITADA;2025-07-31;Títulos Públicos Federais;50.63
CLASSES - FIF;51.892.732/0001-74;;TERRA CAIXA FUNDO DE INVESTIMENTO FINANCEIRO EM RENDA FIXA DE RESPONSABILIDADE LIMITADA;2025-07-31;Acões;0.00
CLASSES - FIF;51.892.732/0001-74;;TERRA CAIXA FUNDO DE INVESTIMENTO FINANCEIRO EM RENDA FIXA DE RESPONSABILIDADE LIMITADA;2025-07-31;Cotas de Fundos de Investimento 555;99.08
CLASSES - FIF;51.892.732/0001-74;;TERRA CAIXA FUNDO DE INVESTIMENTO FINANCEIRO EM RENDA FIXA DE RESPONSABILIDADE LIMITADA;2025-07-31;Operacões compromissadas lastreadas em títulos privados;0.00
CLASSES - FIF;51.892.732/0001-74;;TERRA CAIXA FUNDO DE INVESTIMENTO FINANCEIRO EM RENDA FIXA DE RESPONSABILIDADE LIMITADA;2025-07-31;Operacões compromissadas lastreadas em títulos públicos federais;0.94
CLASSES - FIF;51.892.732/0001-74;;TERRA CAIXA FUNDO DE INVESTIMENTO FINANCEIRO EM RENDA FIXA DE RESPONSABILIDADE LIMITADA;2025-07-31;Títulos Públicos federais;0.00
CLASSES - FIF;51.959.820/0001-46;;BRAM DEBENTURES INCENTIVADAS CDI II FI FINANCEIRO - CI EM INFRA RF - RESP LIMITADA;2025-07-31;Depósitos a prazo e outros títulos de instituições financeiras;0.84
CLASSES - FIF;51.959.820/0001-46;;BRAM DEBENTURES INCENTIVADAS CDI II FI FINANCEIRO - CI EM INFRA RF - RESP LIMITADA;2025-07-31;Derivativos;-70.03
CLASSES - FIF;51.959.820/0001-46;;BRAM DEBENTURES INCENTIVADAS CDI II FI FINANCEIRO - CI EM INFRA RF - RESP LIMITADA;2025-07-31;Operações compromissadas lastreadas em títulos públicos federais;2.84
CLASSES - FIF;51.959.820/0001-46;;BRAM DEBENTURES INCENTIVADAS CDI II FI FINANCEIRO - CI EM INFRA RF - RESP LIMITADA;2025-07-31;Títulos de crédito privado;88.43
CLASSES - FIF;51.959.820/0001-46;;BRAM DEBENTURES INCENTIVADAS CDI II FI FINANCEIRO - CI EM INFRA RF - RESP LIMITADA;2025-07-31;Títulos públicos federais;7.46
CLASSES - FIF;51.981.936/0001-81;;GALÁCTICA FUNDO DE INVESTIMENTO MULTIMERCADO CRÉDITO PRIVADO;2025-07-31;Acões;0.00
CLASSES - FIF;51.981.936/0001-81;;GALÁCTICA FUNDO DE INVESTIMENTO MULTIMERCADO CRÉDITO PRIVADO;2025-07-31;Cotas de Fundos de Investimento 555;25.95
CLASSES - FIF;51.981.936/0001-81;;GALÁCTICA FUNDO DE INVESTIMENTO MULTIMERCADO CRÉDITO PRIVADO;2025-07-31;Depósito a prazo e outros títulos de instituições financeiras;9.62
CLASSES - FIF;51.981.936/0001-81;;GALÁCTICA FUNDO DE INVESTIMENTO MULTIMERCADO CRÉDITO PRIVADO;2025-07-31;Operacões compromissadas lastreadas em títulos privados;0.00
CLASSES - FIF;51.981.936/0001-81;;GALÁCTICA FUNDO DE INVESTIMENTO MULTIMERCADO CRÉDITO PRIVADO;2025-07-31;Títulos de crédito privado;64.42
CLASSES - FIF;52.081.600/0001-25;;BRAM TERMO FI FINANCEIRO - CI RF - RESP LIMITADA;2025-07-31;Derivativos;50.19
CLASSES - FIF;52.081.600/0001-25;;BRAM TERMO FI FINANCEIRO - CI RF - RESP LIMITADA;2025-07-31;Operações compromissadas lastreadas em títulos públicos federais;12.62
CLASSES - FIF;52.081.600/0001-25;;BRAM TERMO FI FINANCEIRO - CI RF - RESP LIMITADA;2025-07-31;Títulos públicos federais;37.63
CLASSES - FIF;52.095.439/0001-49;;BAHIA AM MARAÚ MASTER FIF - CLASSE DE INVESTIMENTO MULTIMERCADO - RESP LIMITADA;2025-07-31;Derivativos;0.06
CLASSES - FIF;52.095.439/0001-49;;BAHIA AM MARAÚ MASTER FIF - CLASSE DE INVESTIMENTO MULTIMERCADO - RESP LIMITADA;2025-07-31;Investimento no exterior;12.82
CLASSES - FIF;52.095.439/0001-49;;BAHIA AM MARAÚ MASTER FIF - CLASSE DE INVESTIMENTO MULTIMERCADO - RESP LIMITADA;2025-07-31;Operações compromissadas lastreadas em títulos públicos federais;-51.37
CLASSES - FIF;52.095.439/0001-49;;BAHIA AM MARAÚ MASTER FIF - CLASSE DE INVESTIMENTO MULTIMERCADO - RESP LIMITADA;2025-07-31;Títulos públicos federais;137.09
CLASSES - FIF;52.098.741/0001-50;;BANESTES SELECTION FIF RENDA FIXA CRÉDITO PRIVADO RESPONSABILIDADE LIMITADA;2025-07-31;Cotas de fundos de investimento 555;6.25
CLASSES - FIF;52.098.741/0001-50;;BANESTES SELECTION FIF RENDA FIXA CRÉDITO PRIVADO RESPONSABILIDADE LIMITADA;2025-07-31;Depósitos a prazo e outros títulos de instituições financeiras;15.72
CLASSES - FIF;52.098.741/0001-50;;BANESTES SELECTION FIF RENDA FIXA CRÉDITO PRIVADO RESPONSABILIDADE LIMITADA;2025-07-31;Operações compromissadas lastreadas em títulos públicos federais;29.56
CLASSES - FIF;52.098.741/0001-50;;BANESTES SELECTION FIF RENDA FIXA CRÉDITO PRIVADO RESPONSABILIDADE LIMITADA;2025-07-31;Títulos de crédito privado;31.36
CLASSES - FIF;52.098.741/0001-50;;BANESTES SELECTION FIF RENDA FIXA CRÉDITO PRIVADO RESPONSABILIDADE LIMITADA;2025-07-31;Títulos públicos federais;17.12
CLASSES - FIF;52.098.757/0001-63;;BANESTES IMA-B 5 TÍTULOS PÚBLICOS FIF RENDA FIXA LONGO PRAZO RESPONSABILIDADE LIMITADA;2025-07-31;Derivativos;-0.03
CLASSES - FIF;52.098.757/0001-63;;BANESTES IMA-B 5 TÍTULOS PÚBLICOS FIF RENDA FIXA LONGO PRAZO RESPONSABILIDADE LIMITADA;2025-07-31;Operações compromissadas lastreadas em títulos públicos federais;15.49
CLASSES - FIF;52.098.757/0001-63;;BANESTES IMA-B 5 TÍTULOS PÚBLICOS FIF RENDA FIXA LONGO PRAZO RESPONSABILIDADE LIMITADA;2025-07-31;Títulos públicos federais;84.55
CLASSES - FIF;52.098.763/0001-10;;BANESTES CREDITO CORPORATIVO I FIC DE FIF RENDA FIXA CRED PRIV LONGO PRAZO RESPONSABILIDADE LIMITADA;2025-07-31;Cotas de fundos de investimento 555;97.61
CLASSES - FIF;52.098.763/0001-10;;BANESTES CREDITO CORPORATIVO I FIC DE FIF RENDA FIXA CRED PRIV LONGO PRAZO RESPONSABILIDADE LIMITADA;2025-07-31;Operações compromissadas lastreadas em títulos públicos federais;1.08
CLASSES - FIF;52.098.763/0001-10;;BANESTES CREDITO CORPORATIVO I FIC DE FIF RENDA FIXA CRED PRIV LONGO PRAZO RESPONSABILIDADE LIMITADA;2025-07-31;Títulos públicos federais;1.32
CLASSES - FIF;52.098.791/0001-38;;BANESTES MULTIESTRATÉGIA FIC DE FIF MULTIMERCADO RESPONSABILIDADE LIMITADA;2025-07-31;Cotas de fundos de investimento 555;2.05
CLASSES - FIF;52.098.791/0001-38;;BANESTES MULTIESTRATÉGIA FIC DE FIF MULTIMERCADO RESPONSABILIDADE LIMITADA;2025-07-31;Depósitos a prazo e outros títulos de instituições financeiras;11.28
CLASSES - FIF;52.098.791/0001-38;;BANESTES MULTIESTRATÉGIA FIC DE FIF MULTIMERCADO RESPONSABILIDADE LIMITADA;2025-07-31;Operações compromissadas lastreadas em títulos públicos federais;35.33
CLASSES - FIF;52.098.791/0001-38;;BANESTES MULTIESTRATÉGIA FIC DE FIF MULTIMERCADO RESPONSABILIDADE LIMITADA;2025-07-31;Títulos de crédito privado;10.64
CLASSES - FIF;52.098.791/0001-38;;BANESTES MULTIESTRATÉGIA FIC DE FIF MULTIMERCADO RESPONSABILIDADE LIMITADA;2025-07-31;Títulos públicos federais;40.69
CLASSES - FIF;52.145.699/0001-81;;COPACABANA ABSOLUTO FUNDO DE INVESTIMENTO MULTIMERCADO;2025-07-31;Ações - Mercado de Opções;-7.74
CLASSES - FIF;52.145.699/0001-81;;COPACABANA ABSOLUTO FUNDO DE INVESTIMENTO MULTIMERCADO;2025-07-31;Renda Fixa;99.51
CLASSES - FIF;52.163.627/0001-67;;ICATU VANGUARDA DINÂMICO INSTITUCIONAL FIF MULTIMERCADO - RESP LIMITADA;2025-07-31;Cotas de fundos de investimento 409;2.52
CLASSES - FIF;52.163.627/0001-67;;ICATU VANGUARDA DINÂMICO INSTITUCIONAL FIF MULTIMERCADO - RESP LIMITADA;2025-07-31;Depósitos a prazo e outros títulos de instituições financeiras;8.28
CLASSES - FIF;52.163.627/0001-67;;ICATU VANGUARDA DINÂMICO INSTITUCIONAL FIF MULTIMERCADO - RESP LIMITADA;2025-07-31;Operações compromissadas lastreadas em títulos públicos federais;36.87
CLASSES - FIF;52.163.627/0001-67;;ICATU VANGUARDA DINÂMICO INSTITUCIONAL FIF MULTIMERCADO - RESP LIMITADA;2025-07-31;Títulos de crédito privado;11.72
CLASSES - FIF;52.163.627/0001-67;;ICATU VANGUARDA DINÂMICO INSTITUCIONAL FIF MULTIMERCADO - RESP LIMITADA;2025-07-31;Títulos públicos federais;40.84
CLASSES - FIF;52.164.607/0001-00;;ICATU VANGUARDA IPCA DINÂMICO FIF MULTIMERCADO - RESPONSABILIDADE LIMITADA;2025-07-31;Depósitos a prazo e outros títulos de instituições financeiras;7.29
CLASSES - FIF;52.164.607/0001-00;;ICATU VANGUARDA IPCA DINÂMICO FIF MULTIMERCADO - RESPONSABILIDADE LIMITADA;2025-07-31;Derivativos;31.65
CLASSES - FIF;52.164.607/0001-00;;ICATU VANGUARDA IPCA DINÂMICO FIF MULTIMERCADO - RESPONSABILIDADE LIMITADA;2025-07-31;Operações compromissadas lastreadas em títulos públicos federais;7.58
CLASSES - FIF;52.164.607/0001-00;;ICATU VANGUARDA IPCA DINÂMICO FIF MULTIMERCADO - RESPONSABILIDADE LIMITADA;2025-07-31;Títulos de crédito privado;24.23
CLASSES - FIF;52.164.607/0001-00;;ICATU VANGUARDA IPCA DINÂMICO FIF MULTIMERCADO - RESPONSABILIDADE LIMITADA;2025-07-31;Títulos públicos federais;57.03
CLASSES - FIF;52.258.756/0001-39;;XVI CAPITAL AÇÕES FUNDO DE INVESTIMENTO FINANCEIRO;2025-07-31;Ações;98.60
CLASSES - FIF;52.258.756/0001-39;;XVI CAPITAL AÇÕES FUNDO DE INVESTIMENTO FINANCEIRO;2025-07-31;Outras Aplicações;3.94
CLASSES - FIF;52.301.436/0001-14;;MIRABAUD CONVICTION FIF - CLASSE DE INVESTIMENTO RENDA FIXA CRÉDITO PRIVADO - RESP LIMITADA;2025-07-31;Cotas de fundos de investimento 409;15.21
CLASSES - FIF;52.301.436/0001-14;;MIRABAUD CONVICTION FIF - CLASSE DE INVESTIMENTO RENDA FIXA CRÉDITO PRIVADO - RESP LIMITADA;2025-07-31;Depósitos a prazo e outros títulos de instituições financeiras;17.70
CLASSES - FIF;52.301.436/0001-14;;MIRABAUD CONVICTION FIF - CLASSE DE INVESTIMENTO RENDA FIXA CRÉDITO PRIVADO - RESP LIMITADA;2025-07-31;Operações compromissadas lastreadas em títulos públicos federais;19.65
CLASSES - FIF;52.301.436/0001-14;;MIRABAUD CONVICTION FIF - CLASSE DE INVESTIMENTO RENDA FIXA CRÉDITO PRIVADO - RESP LIMITADA;2025-07-31;Títulos de crédito privado;47.49
CLASSES - FIF;52.308.927/0001-97;;NEW BLUE FUNDO DE INVESTIMENTO MULTIMERCADO CRÉDITO PRIVADO;2025-07-31;Acões;0.00
CLASSES - FIF;52.308.927/0001-97;;NEW BLUE FUNDO DE INVESTIMENTO MULTIMERCADO CRÉDITO PRIVADO;2025-07-31;Cotas de Fundos de Investimento 555;101.29
CLASSES - FIF;52.308.927/0001-97;;NEW BLUE FUNDO DE INVESTIMENTO MULTIMERCADO CRÉDITO PRIVADO;2025-07-31;Operacões compromissadas lastreadas em títulos privados;0.00
CLASSES - FIF;52.308.927/0001-97;;NEW BLUE FUNDO DE INVESTIMENTO MULTIMERCADO CRÉDITO PRIVADO;2025-07-31;Operacões compromissadas lastreadas em títulos públicos federais;0.00
CLASSES - FIF;52.308.927/0001-97;;NEW BLUE FUNDO DE INVESTIMENTO MULTIMERCADO CRÉDITO PRIVADO;2025-07-31;Títulos Públicos federais;0.00
CLASSES - FIF;52.317.414/0001-42;;INVEST PEQUI FUNDO DE INVESTIMENTO MULTIMERCADO CRÉDITO PRIVADO;2025-07-31;Acões;0.00
CLASSES - FIF;52.317.414/0001-42;;INVEST PEQUI FUNDO DE INVESTIMENTO MULTIMERCADO CRÉDITO PRIVADO;2025-07-31;Cotas de Fundos de Investimento 555;100.04
CLASSES - FIF;52.317.414/0001-42;;INVEST PEQUI FUNDO DE INVESTIMENTO MULTIMERCADO CRÉDITO PRIVADO;2025-07-31;Operacões compromissadas lastreadas em títulos privados;0.00
CLASSES - FIF;52.317.414/0001-42;;INVEST PEQUI FUNDO DE INVESTIMENTO MULTIMERCADO CRÉDITO PRIVADO;2025-07-31;Operacões compromissadas lastreadas em títulos públicos federais;0.00
CLASSES - FIF;52.317.414/0001-42;;INVEST PEQUI FUNDO DE INVESTIMENTO MULTIMERCADO CRÉDITO PRIVADO;2025-07-31;Títulos Públicos federais;0.00
CLASSES - FIF;52.426.294/0001-11;;CASH D-0 FUNDO DE INVESTIMENTO FINANCEIRO LIQUIDEZ IMEDIATA LONGO PRAZO;2025-07-31;Cotas de Fundos de Investimento 409;73.08
CLASSES - FIF;52.426.294/0001-11;;CASH D-0 FUNDO DE INVESTIMENTO FINANCEIRO LIQUIDEZ IMEDIATA LONGO PRAZO;2025-07-31;Outras Aplicações;0.07
CLASSES - FIF;52.426.294/0001-11;;CASH D-0 FUNDO DE INVESTIMENTO FINANCEIRO LIQUIDEZ IMEDIATA LONGO PRAZO;2025-07-31;Outras Cotas de Fundos de Investimento;9.63
CLASSES - FIF;52.426.294/0001-11;;CASH D-0 FUNDO DE INVESTIMENTO FINANCEIRO LIQUIDEZ IMEDIATA LONGO PRAZO;2025-07-31;Títulos de Crédito Privado;8.75
CLASSES - FIF;52.426.294/0001-11;;CASH D-0 FUNDO DE INVESTIMENTO FINANCEIRO LIQUIDEZ IMEDIATA LONGO PRAZO;2025-07-31;Títulos Públicos Federais;8.61
CLASSES - FIF;52.434.541/0001-21;;JUPTER FUNDO DE INVESTIMENTO MULTIMERCADO CRÉDITO PRIVADO;2025-07-31;Acões;0.00
CLASSES - FIF;52.434.541/0001-21;;JUPTER FUNDO DE INVESTIMENTO MULTIMERCADO CRÉDITO PRIVADO;2025-07-31;Cotas de Fundos de Investimento 555;100.04
CLASSES - FIF;52.434.541/0001-21;;JUPTER FUNDO DE INVESTIMENTO MULTIMERCADO CRÉDITO PRIVADO;2025-07-31;Operacões compromissadas lastreadas em títulos privados;0.00
CLASSES - FIF;52.434.541/0001-21;;JUPTER FUNDO DE INVESTIMENTO MULTIMERCADO CRÉDITO PRIVADO;2025-07-31;Operacões compromissadas lastreadas em títulos públicos federais;0.00
CLASSES - FIF;52.434.541/0001-21;;JUPTER FUNDO DE INVESTIMENTO MULTIMERCADO CRÉDITO PRIVADO;2025-07-31;Títulos Públicos federais;0.00
CLASSES - FIF;52.436.983/0001-07;;THEMIS FUNDO DE INVESTIMENTO MULTIMERCADO CRÉDITO PRIVADO;2025-07-31;Acões;0.00
CLASSES - FIF;52.436.983/0001-07;;THEMIS FUNDO DE INVESTIMENTO MULTIMERCADO CRÉDITO PRIVADO;2025-07-31;Cotas de Fundos de Investimento 555;102.32
CLASSES - FIF;52.436.983/0001-07;;THEMIS FUNDO DE INVESTIMENTO MULTIMERCADO CRÉDITO PRIVADO;2025-07-31;Operacões compromissadas lastreadas em títulos privados;0.00
CLASSES - FIF;52.436.983/0001-07;;THEMIS FUNDO DE INVESTIMENTO MULTIMERCADO CRÉDITO PRIVADO;2025-07-31;Operacões compromissadas lastreadas em títulos públicos federais;0.00
CLASSES - FIF;52.436.983/0001-07;;THEMIS FUNDO DE INVESTIMENTO MULTIMERCADO CRÉDITO PRIVADO;2025-07-31;Títulos Públicos federais;0.00
CLASSES - FIF;52.566.560/0001-01;;UBS EVOLUTION FOUNDERS MACRO STRATEGIES FUNDO DE INVESTIMENTO EM COTAS DE FIF MULT - RESP LIMITADA;2025-07-31;Outras Cotas de Fundos de Investimento;99.97
CLASSES - FIF;52.566.560/0001-01;;UBS EVOLUTION FOUNDERS MACRO STRATEGIES FUNDO DE INVESTIMENTO EM COTAS DE FIF MULT - RESP LIMITADA;2025-07-31;Outros;0.00
CLASSES - FIF;52.580.782/0001-89;;SULAMERICA CREDITO ASG BB FIF RF CRED PRIV INVESTIMENTO SUSTENTAVEL - RESPONSABILIDADE LIMITADA;2025-07-31;Cotas de fundos de investimento 409;2.78
CLASSES - FIF;52.580.782/0001-89;;SULAMERICA CREDITO ASG BB FIF RF CRED PRIV INVESTIMENTO SUSTENTAVEL - RESPONSABILIDADE LIMITADA;2025-07-31;Depósitos a prazo e outros títulos de instituições financeiras;47.40
CLASSES - FIF;52.580.782/0001-89;;SULAMERICA CREDITO ASG BB FIF RF CRED PRIV INVESTIMENTO SUSTENTAVEL - RESPONSABILIDADE LIMITADA;2025-07-31;Operações compromissadas lastreadas em títulos públicos federais;16.18
CLASSES - FIF;52.580.782/0001-89;;SULAMERICA CREDITO ASG BB FIF RF CRED PRIV INVESTIMENTO SUSTENTAVEL - RESPONSABILIDADE LIMITADA;2025-07-31;Títulos de crédito privado;33.63
CLASSES - FIF;52.580.782/0001-89;;SULAMERICA CREDITO ASG BB FIF RF CRED PRIV INVESTIMENTO SUSTENTAVEL - RESPONSABILIDADE LIMITADA;2025-07-31;Títulos públicos federais;0.05
CLASSES - FIF;52.680.646/0001-60;;LEME VELAME MULTIGESTORES FUNDO DE  INVESTIMENTO EM COTAS DE FUNDO DE INVESTIMENTO FINANCEIRO - RESP;2025-07-31;Cotas de Fundos de Investimento 409;93.95
CLASSES - FIF;52.680.646/0001-60;;LEME VELAME MULTIGESTORES FUNDO DE  INVESTIMENTO EM COTAS DE FUNDO DE INVESTIMENTO FINANCEIRO - RESP;2025-07-31;Operações Compromissadas Lastreadas em Títulos Públicos Federais;6.21
CLASSES - FIF;52.680.646/0001-60;;LEME VELAME MULTIGESTORES FUNDO DE  INVESTIMENTO EM COTAS DE FUNDO DE INVESTIMENTO FINANCEIRO - RESP;2025-07-31;Outras Aplicações;0.05
CLASSES - FIF;52.824.664/0001-79;;PROSPERA QUANT FUNDO DE INVESTIMENTO FINANCEIRO;2025-07-31;Ações;90.03
CLASSES - FIF;52.824.664/0001-79;;PROSPERA QUANT FUNDO DE INVESTIMENTO FINANCEIRO;2025-07-31;Cotas de Fundos de Investimento 409;3.66
CLASSES - FIF;52.824.664/0001-79;;PROSPERA QUANT FUNDO DE INVESTIMENTO FINANCEIRO;2025-07-31;Outras Aplicações;6.57
CLASSES - FIF;52.834.346/0001-99;;FUNDO DE INVESTIMENTO INTER RENDA FIXA ATIVA RESPONSABILIDADE LIMITADA;2025-07-31;Operações Compromissadas Lastreadas em Títulos Públicos Federais;43.13
CLASSES - FIF;52.834.346/0001-99;;FUNDO DE INVESTIMENTO INTER RENDA FIXA ATIVA RESPONSABILIDADE LIMITADA;2025-07-31;Títulos Públicos Federais;57.15
CLASSES - FIF;53.035.878/0001-29;;MONTREAL FUNDO DE INVESTIMENTO  MULTIMERCADO CRÉDITO PRIVADO;2025-07-31;Acões;0.00
CLASSES - FIF;53.035.878/0001-29;;MONTREAL FUNDO DE INVESTIMENTO  MULTIMERCADO CRÉDITO PRIVADO;2025-07-31;Cotas de Fundos de Investimento 555;18.40
CLASSES - FIF;53.035.878/0001-29;;MONTREAL FUNDO DE INVESTIMENTO  MULTIMERCADO CRÉDITO PRIVADO;2025-07-31;Depósito a prazo e outros títulos de instituições financeiras;81.60
CLASSES - FIF;53.035.878/0001-29;;MONTREAL FUNDO DE INVESTIMENTO  MULTIMERCADO CRÉDITO PRIVADO;2025-07-31;Operacões compromissadas lastreadas em títulos privados;0.00
CLASSES - FIF;53.035.878/0001-29;;MONTREAL FUNDO DE INVESTIMENTO  MULTIMERCADO CRÉDITO PRIVADO;2025-07-31;Operacões compromissadas lastreadas em títulos públicos federais;0.00
CLASSES - FIF;53.215.783/0001-97;;NANTES FUNDO DE INVESTIMENTO MULTIMERCADO CRÉDITO  PRIVADO;2025-07-31;Acões;0.00
CLASSES - FIF;53.215.783/0001-97;;NANTES FUNDO DE INVESTIMENTO MULTIMERCADO CRÉDITO  PRIVADO;2025-07-31;Cotas de Fundos de Investimento 555;21.85
CLASSES - FIF;53.215.783/0001-97;;NANTES FUNDO DE INVESTIMENTO MULTIMERCADO CRÉDITO  PRIVADO;2025-07-31;Depósito a prazo e outros títulos de instituições financeiras;78.15
CLASSES - FIF;53.215.783/0001-97;;NANTES FUNDO DE INVESTIMENTO MULTIMERCADO CRÉDITO  PRIVADO;2025-07-31;Operacões compromissadas lastreadas em títulos privados;0.00
CLASSES - FIF;53.215.783/0001-97;;NANTES FUNDO DE INVESTIMENTO MULTIMERCADO CRÉDITO  PRIVADO;2025-07-31;Operacões compromissadas lastreadas em títulos públicos federais;0.00
CLASSES - FIF;53.251.337/0001-38;;SAINT ÉMILION FUNDO DE INVESTIMENTO MULTIMERCADO CRÉDITO  PRIVADO;2025-07-31;Acões;0.00
CLASSES - FIF;53.251.337/0001-38;;SAINT ÉMILION FUNDO DE INVESTIMENTO MULTIMERCADO CRÉDITO  PRIVADO;2025-07-31;Depósito a prazo e outros títulos de instituições financeiras;100.00
CLASSES - FIF;53.251.337/0001-38;;SAINT ÉMILION FUNDO DE INVESTIMENTO MULTIMERCADO CRÉDITO  PRIVADO;2025-07-31;Operacões compromissadas lastreadas em títulos privados;0.00
CLASSES - FIF;53.251.337/0001-38;;SAINT ÉMILION FUNDO DE INVESTIMENTO MULTIMERCADO CRÉDITO  PRIVADO;2025-07-31;Operacões compromissadas lastreadas em títulos públicos federais;0.00
CLASSES - FIF;53.251.337/0001-38;;SAINT ÉMILION FUNDO DE INVESTIMENTO MULTIMERCADO CRÉDITO  PRIVADO;2025-07-31;Títulos Públicos federais;0.00
CLASSES - FIF;53.274.889/0001-61;;TOULOUSE FUNDO DE INVESTIMENTO  MULTIMERCADO CRÉDITO PRIVADO;2025-07-31;Acões;0.00
CLASSES - FIF;53.274.889/0001-61;;TOULOUSE FUNDO DE INVESTIMENTO  MULTIMERCADO CRÉDITO PRIVADO;2025-07-31;Cotas de Fundos de Investimento 555;84.09
CLASSES - FIF;53.274.889/0001-61;;TOULOUSE FUNDO DE INVESTIMENTO  MULTIMERCADO CRÉDITO PRIVADO;2025-07-31;Depósito a prazo e outros títulos de instituições financeiras;0.13
CLASSES - FIF;53.274.889/0001-61;;TOULOUSE FUNDO DE INVESTIMENTO  MULTIMERCADO CRÉDITO PRIVADO;2025-07-31;Operacões compromissadas lastreadas em títulos privados;0.00
CLASSES - FIF;53.274.889/0001-61;;TOULOUSE FUNDO DE INVESTIMENTO  MULTIMERCADO CRÉDITO PRIVADO;2025-07-31;Títulos de crédito privado;15.78
CLASSES - FIF;53.318.048/0001-09;;INTER LIQUIDEZ FUNDO DE INVESTIMENTO EM COTAS DE FI RF CRED PRIV RESPONSABILIDADE LIMITADA;2025-07-31;Cotas de Fundos de Investimento 555;99.97
CLASSES - FIF;53.318.048/0001-09;;INTER LIQUIDEZ FUNDO DE INVESTIMENTO EM COTAS DE FI RF CRED PRIV RESPONSABILIDADE LIMITADA;2025-07-31;Operações Compromissadas Lastreadas em Títulos Públicos Federais;0.05
CLASSES - FIF;53.602.540/0001-01;;ICATU VANGUARDA VC FIF - CLASSE DE INVESTIMENTO INCENTIVADO EM INFRA RENDA FIXA - RESP LIMITADA;2025-07-31;Depósitos a prazo e outros títulos de instituições financeiras;3.21
CLASSES - FIF;53.602.540/0001-01;;ICATU VANGUARDA VC FIF - CLASSE DE INVESTIMENTO INCENTIVADO EM INFRA RENDA FIXA - RESP LIMITADA;2025-07-31;Derivativos;29.50
CLASSES - FIF;53.602.540/0001-01;;ICATU VANGUARDA VC FIF - CLASSE DE INVESTIMENTO INCENTIVADO EM INFRA RENDA FIXA - RESP LIMITADA;2025-07-31;Operações compromissadas lastreadas em títulos públicos federais;0.86
CLASSES - FIF;53.602.540/0001-01;;ICATU VANGUARDA VC FIF - CLASSE DE INVESTIMENTO INCENTIVADO EM INFRA RENDA FIXA - RESP LIMITADA;2025-07-31;Títulos de crédito privado;77.73
CLASSES - FIF;53.602.540/0001-01;;ICATU VANGUARDA VC FIF - CLASSE DE INVESTIMENTO INCENTIVADO EM INFRA RENDA FIXA - RESP LIMITADA;2025-07-31;Títulos públicos federais;18.26
CLASSES - FIF;53.799.009/0001-70;;DAYCOVAL CLASSIC ADVISORY FUNDO  DE INVESTIMENTO EM COTAS DE FUNDO DE INVESTIMENTO FINANCEIRO RENDA;2025-07-31;Cotas de Fundos de Investimento 409;100.04
CLASSES - FIF;53.799.009/0001-70;;DAYCOVAL CLASSIC ADVISORY FUNDO  DE INVESTIMENTO EM COTAS DE FUNDO DE INVESTIMENTO FINANCEIRO RENDA;2025-07-31;Outras Aplicações;0.21
CLASSES - FIF;53.802.999/0001-59;;DAYCOVAL CLASSIC MASTER FUNDO DE INVESTIMENTO  FINANCEIRO RENDA FIXA CP LP - RESP LIMITADA;2025-07-31;Cotas de Fundos de Investimento 409;11.74
CLASSES - FIF;53.802.999/0001-59;;DAYCOVAL CLASSIC MASTER FUNDO DE INVESTIMENTO  FINANCEIRO RENDA FIXA CP LP - RESP LIMITADA;2025-07-31;Depósitos a Prazo e Outros Títulos de Instituições Financeiras;37.68
CLASSES - FIF;53.802.999/0001-59;;DAYCOVAL CLASSIC MASTER FUNDO DE INVESTIMENTO  FINANCEIRO RENDA FIXA CP LP - RESP LIMITADA;2025-07-31;Operações Compromissadas Lastreadas em Títulos Públicos Federais;17.10
CLASSES - FIF;53.802.999/0001-59;;DAYCOVAL CLASSIC MASTER FUNDO DE INVESTIMENTO  FINANCEIRO RENDA FIXA CP LP - RESP LIMITADA;2025-07-31;Outras Cotas de Fundos de Investimento;7.99
CLASSES - FIF;53.802.999/0001-59;;DAYCOVAL CLASSIC MASTER FUNDO DE INVESTIMENTO  FINANCEIRO RENDA FIXA CP LP - RESP LIMITADA;2025-07-31;Títulos de Crédito Privado;25.64
CLASSES - FIF;53.857.130/0001-01;;DAYCOVAL DEBENTURES INCENTIVADAS HEDGE FI INFRA RENDA FIXA;2025-07-31;Cotas de Fundos de Investimento 409;52.21
CLASSES - FIF;53.857.130/0001-01;;DAYCOVAL DEBENTURES INCENTIVADAS HEDGE FI INFRA RENDA FIXA;2025-07-31;Depósitos a Prazo e Outros Títulos de Instituições Financeiras;1.55
CLASSES - FIF;53.857.130/0001-01;;DAYCOVAL DEBENTURES INCENTIVADAS HEDGE FI INFRA RENDA FIXA;2025-07-31;Derivativos;0.11
CLASSES - FIF;53.857.130/0001-01;;DAYCOVAL DEBENTURES INCENTIVADAS HEDGE FI INFRA RENDA FIXA;2025-07-31;Títulos de Crédito Privado;43.17
CLASSES - FIF;53.857.130/0001-01;;DAYCOVAL DEBENTURES INCENTIVADAS HEDGE FI INFRA RENDA FIXA;2025-07-31;Títulos Públicos Federais;3.01
CLASSES - FIF;53.904.799/0001-07;;ACUTO INSTITUCIONAL FUNDO DE INVESTIMENTO FINANCEIRO EM AÇÕES - RESPONSABILIDADE LIMITADA;2025-07-31;Ações;68.53
CLASSES - FIF;53.904.799/0001-07;;ACUTO INSTITUCIONAL FUNDO DE INVESTIMENTO FINANCEIRO EM AÇÕES - RESPONSABILIDADE LIMITADA;2025-07-31;Operações compromissadas lastreadas em títulos públicos federais;31.26
CLASSES - FIF;53.905.242/0001-90;;VC ICATU VANGUARDA FIF - CIC RENDA FIXA INCENTIVADO INVESTIMENTO EM INFRAESTRUTURA;2025-07-31;Depósitos a prazo e outros títulos de instituições financeiras;3.20
CLASSES - FIF;53.905.242/0001-90;;VC ICATU VANGUARDA FIF - CIC RENDA FIXA INCENTIVADO INVESTIMENTO EM INFRAESTRUTURA;2025-07-31;Derivativos;29.39
CLASSES - FIF;53.905.242/0001-90;;VC ICATU VANGUARDA FIF - CIC RENDA FIXA INCENTIVADO INVESTIMENTO EM INFRAESTRUTURA;2025-07-31;Operações compromissadas lastreadas em títulos públicos federais;0.96
CLASSES - FIF;53.905.242/0001-90;;VC ICATU VANGUARDA FIF - CIC RENDA FIXA INCENTIVADO INVESTIMENTO EM INFRAESTRUTURA;2025-07-31;Títulos de crédito privado;77.44
CLASSES - FIF;53.905.242/0001-90;;VC ICATU VANGUARDA FIF - CIC RENDA FIXA INCENTIVADO INVESTIMENTO EM INFRAESTRUTURA;2025-07-31;Títulos públicos federais;18.45
CLASSES - FIF;54.006.238/0001-53;;BRAM DEBÊNTURES INCENTIVADAS CDI 2402 FIF RF INCENTIVADO DE INVESTIMENTO EM INFRA LP RESP LIMITADA;2025-07-31;Depósitos a prazo e outros títulos de instituições financeiras;0.49
CLASSES - FIF;54.006.238/0001-53;;BRAM DEBÊNTURES INCENTIVADAS CDI 2402 FIF RF INCENTIVADO DE INVESTIMENTO EM INFRA LP RESP LIMITADA;2025-07-31;Derivativos;-58.24
CLASSES - FIF;54.006.238/0001-53;;BRAM DEBÊNTURES INCENTIVADAS CDI 2402 FIF RF INCENTIVADO DE INVESTIMENTO EM INFRA LP RESP LIMITADA;2025-07-31;Operações compromissadas lastreadas em títulos públicos federais;15.72
CLASSES - FIF;54.006.238/0001-53;;BRAM DEBÊNTURES INCENTIVADAS CDI 2402 FIF RF INCENTIVADO DE INVESTIMENTO EM INFRA LP RESP LIMITADA;2025-07-31;Títulos de crédito privado;74.16
CLASSES - FIF;54.006.238/0001-53;;BRAM DEBÊNTURES INCENTIVADAS CDI 2402 FIF RF INCENTIVADO DE INVESTIMENTO EM INFRA LP RESP LIMITADA;2025-07-31;Títulos públicos federais;9.34
CLASSES - FIF;54.066.153/0001-60;;MAG TOTAL RETURN FIF - CLASSE DE INVESTIMENTO MULTIMERCADO - RESP LIMITADA;2025-07-31;Ações;16.38
CLASSES - FIF;54.066.153/0001-60;;MAG TOTAL RETURN FIF - CLASSE DE INVESTIMENTO MULTIMERCADO - RESP LIMITADA;2025-07-31;Cotas de fundos de investimento 409;14.72
CLASSES - FIF;54.066.153/0001-60;;MAG TOTAL RETURN FIF - CLASSE DE INVESTIMENTO MULTIMERCADO - RESP LIMITADA;2025-07-31;Derivativos;-45.89
CLASSES - FIF;54.066.153/0001-60;;MAG TOTAL RETURN FIF - CLASSE DE INVESTIMENTO MULTIMERCADO - RESP LIMITADA;2025-07-31;Operações compromissadas lastreadas em títulos públicos federais;32.60
CLASSES - FIF;54.066.153/0001-60;;MAG TOTAL RETURN FIF - CLASSE DE INVESTIMENTO MULTIMERCADO - RESP LIMITADA;2025-07-31;Títulos públicos federais;38.51
CLASSES - FIF;54.069.422/0001-42;;BRADESCO PRIME ACTIVE FIF - CI EM COTAS AÇÕES - RESP LIMITADA;2025-07-31;Ações;89.49
CLASSES - FIF;54.069.422/0001-42;;BRADESCO PRIME ACTIVE FIF - CI EM COTAS AÇÕES - RESP LIMITADA;2025-07-31;Cotas de fundos de investimento 409;5.23
CLASSES - FIF;54.069.422/0001-42;;BRADESCO PRIME ACTIVE FIF - CI EM COTAS AÇÕES - RESP LIMITADA;2025-07-31;Derivativos;0.12
CLASSES - FIF;54.069.422/0001-42;;BRADESCO PRIME ACTIVE FIF - CI EM COTAS AÇÕES - RESP LIMITADA;2025-07-31;Operações compromissadas lastreadas em títulos públicos federais;5.21
CLASSES - FIF;54.198.519/0001-55;;ICATU VANGUARDA IGARATÉ LONG BIASED FIF CLASSE DE INVESTIMENTO EM AÇÕES - RESP LIMITADA;2025-07-31;Ações;54.62
CLASSES - FIF;54.198.519/0001-55;;ICATU VANGUARDA IGARATÉ LONG BIASED FIF CLASSE DE INVESTIMENTO EM AÇÕES - RESP LIMITADA;2025-07-31;Cotas de fundos de investimento 409;13.81
CLASSES - FIF;54.198.519/0001-55;;ICATU VANGUARDA IGARATÉ LONG BIASED FIF CLASSE DE INVESTIMENTO EM AÇÕES - RESP LIMITADA;2025-07-31;Investimento no exterior;0.60
CLASSES - FIF;54.198.519/0001-55;;ICATU VANGUARDA IGARATÉ LONG BIASED FIF CLASSE DE INVESTIMENTO EM AÇÕES - RESP LIMITADA;2025-07-31;Operações compromissadas lastreadas em títulos públicos federais;1.30
CLASSES - FIF;54.198.519/0001-55;;ICATU VANGUARDA IGARATÉ LONG BIASED FIF CLASSE DE INVESTIMENTO EM AÇÕES - RESP LIMITADA;2025-07-31;Títulos públicos federais;26.36
CLASSES - FIF;54.348.771/0001-01;;ATLANTICUS II FUNDO DE INVESTIMENTO EM AÇÕES RESPONSABILIDADE LIMITADA;2025-07-31;Cotas de Fundos de Investimento 409;100.40
CLASSES - FIF;54.348.771/0001-01;;ATLANTICUS II FUNDO DE INVESTIMENTO EM AÇÕES RESPONSABILIDADE LIMITADA;2025-07-31;Outras Aplicações;0.02
CLASSES - FIF;54.402.012/0001-71;;BRADESCO MAPLE VALOR FIF - CIC DE AÇÕES - RESPONSABILIDADE LIMITADA;2025-07-31;Ações;89.26
CLASSES - FIF;54.402.012/0001-71;;BRADESCO MAPLE VALOR FIF - CIC DE AÇÕES - RESPONSABILIDADE LIMITADA;2025-07-31;Cotas de fundos de investimento 409;5.22
CLASSES - FIF;54.402.012/0001-71;;BRADESCO MAPLE VALOR FIF - CIC DE AÇÕES - RESPONSABILIDADE LIMITADA;2025-07-31;Derivativos;0.12
CLASSES - FIF;54.402.012/0001-71;;BRADESCO MAPLE VALOR FIF - CIC DE AÇÕES - RESPONSABILIDADE LIMITADA;2025-07-31;Operações compromissadas lastreadas em títulos públicos federais;5.27
CLASSES - FIF;54.496.927/0001-93;;BRADESCO TÂMISA FIF - CLASSE  DE INVESTIMENTO EM COTAS MULTIMERCADO - RESPONSABILIDADE LIMITADA;2025-07-31;Cotas de fundos de investimento 409;100.14
CLASSES - FIF;54.616.434/0001-40;;GUEPARDO DIVIDENDOS INSTITUCIONAL VALOR FIC FUNDO DE INVESTIMENTO FINANCEIRO EM AÇÕES;2025-07-31;Cotas de Fundos de Investimento 409;100.07
CLASSES - FIF;54.616.434/0001-40;;GUEPARDO DIVIDENDOS INSTITUCIONAL VALOR FIC FUNDO DE INVESTIMENTO FINANCEIRO EM AÇÕES;2025-07-31;Outras Aplicações;0.24
CLASSES - FIF;54.747.911/0001-06;;CREDALUGA FUNDO DE INVESTIMENTO FINANCEIRO PARA GARANTIA DE LOCAÇÃO IMOBILIÁRIA;2025-07-31;Títulos Públicos Federais;102.52
CLASSES - FIF;54.757.129/0001-78;;BRADESCO EXPLORER FRONTIER HEDGE FUND FIF MULTIMERCADO CRÉDITO PRIVADO BRL;2025-07-31;Investimento no exterior;100.16
CLASSES - FIF;54.757.129/0001-78;;BRADESCO EXPLORER FRONTIER HEDGE FUND FIF MULTIMERCADO CRÉDITO PRIVADO BRL;2025-07-31;Operações compromissadas lastreadas em títulos públicos federais;0.06
CLASSES - FIF;54.757.129/0001-78;;BRADESCO EXPLORER FRONTIER HEDGE FUND FIF MULTIMERCADO CRÉDITO PRIVADO BRL;2025-07-31;Títulos públicos federais;0.14
CLASSES - FIF;54.794.563/0001-28;;CONEXÃO REAL INVESTOR FIF - CLASSE DE INVESTIMENTO EM COTAS AÇÕES - - RESPONSABILIDADE LIMITADA;2025-07-31;Cotas de fundos de investimento 409;99.54
CLASSES - FIF;54.794.563/0001-28;;CONEXÃO REAL INVESTOR FIF - CLASSE DE INVESTIMENTO EM COTAS AÇÕES - - RESPONSABILIDADE LIMITADA;2025-07-31;Operações compromissadas lastreadas em títulos públicos federais;0.14
CLASSES - FIF;54.794.563/0001-28;;CONEXÃO REAL INVESTOR FIF - CLASSE DE INVESTIMENTO EM COTAS AÇÕES - - RESPONSABILIDADE LIMITADA;2025-07-31;Títulos públicos federais;0.35
CLASSES - FIF;54.803.982/0001-89;;ÉXES FUNDO DE INVESTIMENTO FINANCEIRO EM INFRAESTRUTURA RENDA FIXA CRÉDITO  PRIVADO LONGO PRAZO - DE;2025-07-31;Cotas de Fundos de Investimento 409;0.00
CLASSES - FIF;54.803.982/0001-89;;ÉXES FUNDO DE INVESTIMENTO FINANCEIRO EM INFRAESTRUTURA RENDA FIXA CRÉDITO  PRIVADO LONGO PRAZO - DE;2025-07-31;DepÃ³sitos a Prazo e Outros TÃ­tulos de InstituiÃ§Ãµes Financeiras;0.00
CLASSES - FIF;54.803.982/0001-89;;ÉXES FUNDO DE INVESTIMENTO FINANCEIRO EM INFRAESTRUTURA RENDA FIXA CRÉDITO  PRIVADO LONGO PRAZO - DE;2025-07-31;OperaÃ§Ãµes Compromissadas Lastreadas em TÃ­tulos PÃºblicos Federais;0.00
CLASSES - FIF;54.803.982/0001-89;;ÉXES FUNDO DE INVESTIMENTO FINANCEIRO EM INFRAESTRUTURA RENDA FIXA CRÉDITO  PRIVADO LONGO PRAZO - DE;2025-07-31;TÃ­tulos de CrÃ©dito Privado;0.00
CLASSES - FIF;54.803.982/0001-89;;ÉXES FUNDO DE INVESTIMENTO FINANCEIRO EM INFRAESTRUTURA RENDA FIXA CRÉDITO  PRIVADO LONGO PRAZO - DE;2025-07-31;TÃ­tulos PÃºblicos Federais;0.00
CLASSES - FIF;54.829.603/0001-20;;BRADESCO DEB INC CDI II FIC DE INVESTIMENTO FINANCEIRO RF INCENTIVADO EM INFRA LP - RESP LIMITADA;2025-07-31;Cotas de fundos de investimento 409;0.05
CLASSES - FIF;54.829.603/0001-20;;BRADESCO DEB INC CDI II FIC DE INVESTIMENTO FINANCEIRO RF INCENTIVADO EM INFRA LP - RESP LIMITADA;2025-07-31;Depósitos a prazo e outros títulos de instituições financeiras;2.42
CLASSES - FIF;54.829.603/0001-20;;BRADESCO DEB INC CDI II FIC DE INVESTIMENTO FINANCEIRO RF INCENTIVADO EM INFRA LP - RESP LIMITADA;2025-07-31;Operações compromissadas lastreadas em títulos públicos federais;20.13
CLASSES - FIF;54.829.603/0001-20;;BRADESCO DEB INC CDI II FIC DE INVESTIMENTO FINANCEIRO RF INCENTIVADO EM INFRA LP - RESP LIMITADA;2025-07-31;Títulos de crédito privado;59.69
CLASSES - FIF;54.829.603/0001-20;;BRADESCO DEB INC CDI II FIC DE INVESTIMENTO FINANCEIRO RF INCENTIVADO EM INFRA LP - RESP LIMITADA;2025-07-31;Títulos públicos federais;17.29
CLASSES - FIF;54.853.464/0001-70;;BRADESCO DEBÊNTURES INCENTIVADAS INFLAÇÃO II FIC FIF RF INC INFRA LP - RESP LIMITADA;2025-07-31;Depósitos a prazo e outros títulos de instituições financeiras;3.05
CLASSES - FIF;54.853.464/0001-70;;BRADESCO DEBÊNTURES INCENTIVADAS INFLAÇÃO II FIC FIF RF INC INFRA LP - RESP LIMITADA;2025-07-31;Derivativos;18.10
CLASSES - FIF;54.853.464/0001-70;;BRADESCO DEBÊNTURES INCENTIVADAS INFLAÇÃO II FIC FIF RF INC INFRA LP - RESP LIMITADA;2025-07-31;Operações compromissadas lastreadas em títulos públicos federais;4.81
CLASSES - FIF;54.853.464/0001-70;;BRADESCO DEBÊNTURES INCENTIVADAS INFLAÇÃO II FIC FIF RF INC INFRA LP - RESP LIMITADA;2025-07-31;Títulos de crédito privado;89.63
CLASSES - FIF;54.853.464/0001-70;;BRADESCO DEBÊNTURES INCENTIVADAS INFLAÇÃO II FIC FIF RF INC INFRA LP - RESP LIMITADA;2025-07-31;Títulos públicos federais;3.05
CLASSES - FIF;54.887.516/0001-29;;BANRISUL FOCO IMA-B 5+ FUNDO DE INVESTIMENTO FINANCEIRO EM RENDA FIXA  LP RESPONSABILIDADE LIMITADA;2025-07-31;DERIVATIVOS;3.91
CLASSES - FIF;54.887.516/0001-29;;BANRISUL FOCO IMA-B 5+ FUNDO DE INVESTIMENTO FINANCEIRO EM RENDA FIXA  LP RESPONSABILIDADE LIMITADA;2025-07-31;TÍTULOS PÚBLICOS FEDERAIS;95.92
CLASSES - FIF;54.890.370/0001-70;;BANRISUL NTN-B 2032 FUNDO DE INVESTIMENTO FINANCEIRO EM RENDA FIXA RESPONSABILIDADE LIMITADA;2025-07-31;OPERAÇÕES COMPROMISSADAS LASTREADAS EM TÍTULOS PÚBLICOS FEDERAIS;0.33
CLASSES - FIF;54.890.370/0001-70;;BANRISUL NTN-B 2032 FUNDO DE INVESTIMENTO FINANCEIRO EM RENDA FIXA RESPONSABILIDADE LIMITADA;2025-07-31;TÍTULOS PÚBLICOS FEDERAIS;99.61
CLASSES - FIF;54.910.665/0001-61;;BOCOM BBM INFRA IPCA FIF CI RENDA FIXA INCENTIVADO EM INFRAESTRUTURA - RESP LIMITADA;2025-07-31;Depósitos a prazo e outros títulos de instituições financeiras;6.10
CLASSES - FIF;54.910.665/0001-61;;BOCOM BBM INFRA IPCA FIF CI RENDA FIXA INCENTIVADO EM INFRAESTRUTURA - RESP LIMITADA;2025-07-31;Derivativos;29.68
CLASSES - FIF;54.910.665/0001-61;;BOCOM BBM INFRA IPCA FIF CI RENDA FIXA INCENTIVADO EM INFRAESTRUTURA - RESP LIMITADA;2025-07-31;Operações compromissadas lastreadas em títulos públicos federais;10.89
CLASSES - FIF;54.910.665/0001-61;;BOCOM BBM INFRA IPCA FIF CI RENDA FIXA INCENTIVADO EM INFRAESTRUTURA - RESP LIMITADA;2025-07-31;Títulos de crédito privado;78.52
CLASSES - FIF;54.910.665/0001-61;;BOCOM BBM INFRA IPCA FIF CI RENDA FIXA INCENTIVADO EM INFRAESTRUTURA - RESP LIMITADA;2025-07-31;Títulos públicos federais;3.54
CLASSES - FIF;54.934.053/0001-09;;IVI QUANT FUNDO DE INVESTIMENTO FINANCEIRO;2025-07-31;Ações;66.76
CLASSES - FIF;54.934.053/0001-09;;IVI QUANT FUNDO DE INVESTIMENTO FINANCEIRO;2025-07-31;Titulos publicos federais;31.93
CLASSES - FIF;54.934.244/0001-70;;INTEGRAL LIQUIDEZ FIF RENDA FIXA REFERENCIADO DI LP CRÉDITO PRIVADO RESPONSABILIDADE LIMITADA;2025-07-31;Depósitos a prazo e outros títulos de instituições financeiras;30.23
CLASSES - FIF;54.934.244/0001-70;;INTEGRAL LIQUIDEZ FIF RENDA FIXA REFERENCIADO DI LP CRÉDITO PRIVADO RESPONSABILIDADE LIMITADA;2025-07-31;Operações compromissadas lastreadas em títulos públicos federais;6.07
CLASSES - FIF;54.934.244/0001-70;;INTEGRAL LIQUIDEZ FIF RENDA FIXA REFERENCIADO DI LP CRÉDITO PRIVADO RESPONSABILIDADE LIMITADA;2025-07-31;Títulos públicos federais;63.67
CLASSES - FIF;54.978.672/0001-03;;BRAM GLOBAL YIELD FIF - CLASSE DE INVESTIMENTO MULTIMERCADO - RESPONSABILIDADE LIMITADA;2025-07-31;Operações compromissadas lastreadas em títulos públicos federais;42.75
CLASSES - FIF;54.978.672/0001-03;;BRAM GLOBAL YIELD FIF - CLASSE DE INVESTIMENTO MULTIMERCADO - RESPONSABILIDADE LIMITADA;2025-07-31;Títulos públicos federais;55.65
CLASSES - FIF;55.050.131/0001-75;;BRADESCO CENTRALIZADOR FUNDO DE INVESTIMENTO FINANCEIRO EM AÇÕES - RESPONSABILIDADE LIMITADA;2025-07-31;Ações;71.89
CLASSES - FIF;55.050.131/0001-75;;BRADESCO CENTRALIZADOR FUNDO DE INVESTIMENTO FINANCEIRO EM AÇÕES - RESPONSABILIDADE LIMITADA;2025-07-31;Cotas de fundos de investimento 409;10.43
CLASSES - FIF;55.050.131/0001-75;;BRADESCO CENTRALIZADOR FUNDO DE INVESTIMENTO FINANCEIRO EM AÇÕES - RESPONSABILIDADE LIMITADA;2025-07-31;Derivativos;10.36
CLASSES - FIF;55.050.131/0001-75;;BRADESCO CENTRALIZADOR FUNDO DE INVESTIMENTO FINANCEIRO EM AÇÕES - RESPONSABILIDADE LIMITADA;2025-07-31;Operações compromissadas lastreadas em títulos públicos federais;8.80
CLASSES - FIF;55.050.131/0001-75;;BRADESCO CENTRALIZADOR FUNDO DE INVESTIMENTO FINANCEIRO EM AÇÕES - RESPONSABILIDADE LIMITADA;2025-07-31;Títulos públicos federais;6.89
CLASSES - FIF;55.172.760/0001-78;;DOXOS HYDRA FUNDO DE INVESTIMENTO MULTIMERCADO - RESPONSABILIDADE LIMITADA;2025-07-31;Ações;0.17
CLASSES - FIF;55.172.760/0001-78;;DOXOS HYDRA FUNDO DE INVESTIMENTO MULTIMERCADO - RESPONSABILIDADE LIMITADA;2025-07-31;Operações compromissadas lastreadas em títulospúblicos federais;1.35
CLASSES - FIF;55.172.760/0001-78;;DOXOS HYDRA FUNDO DE INVESTIMENTO MULTIMERCADO - RESPONSABILIDADE LIMITADA;2025-07-31;Outras aplicações;0.52
CLASSES - FIF;55.172.760/0001-78;;DOXOS HYDRA FUNDO DE INVESTIMENTO MULTIMERCADO - RESPONSABILIDADE LIMITADA;2025-07-31;Títulos públicos federais;97.96
CLASSES - FIF;55.225.565/0001-69;;SICOOB SMALL CAPS FUNDO DE INVESTIMENTO FINANCEIRO EM AÇÕES;2025-07-31;Ações;77.71
CLASSES - FIF;55.225.565/0001-69;;SICOOB SMALL CAPS FUNDO DE INVESTIMENTO FINANCEIRO EM AÇÕES;2025-07-31;Operações compromissadas lastreadas em títulos públicos federais;1.64
CLASSES - FIF;55.225.565/0001-69;;SICOOB SMALL CAPS FUNDO DE INVESTIMENTO FINANCEIRO EM AÇÕES;2025-07-31;Outras cotas de fundos de investimento;20.65
CLASSES - FIF;55.225.719/0001-12;;SICOOB DIVIDENDOS FUNDO DE INVESTIMENTO FINANCEIRO EM AÇÕES;2025-07-31;Ações;80.34
CLASSES - FIF;55.225.719/0001-12;;SICOOB DIVIDENDOS FUNDO DE INVESTIMENTO FINANCEIRO EM AÇÕES;2025-07-31;Operações compromissadas lastreadas em títulos públicos federais;2.47
CLASSES - FIF;55.225.719/0001-12;;SICOOB DIVIDENDOS FUNDO DE INVESTIMENTO FINANCEIRO EM AÇÕES;2025-07-31;Outras cotas de fundos de investimento;19.27
CLASSES - FIF;55.274.339/0001-78;;RIO BRAVO PROTEÇÃO PORTFÓLIO FI FINANCEIRO MULTIMERCADO  RESPONSABILIDADE LIMITADA;2025-07-31;Cotas de fundos de investimento 409;0.22
CLASSES - FIF;55.274.339/0001-78;;RIO BRAVO PROTEÇÃO PORTFÓLIO FI FINANCEIRO MULTIMERCADO  RESPONSABILIDADE LIMITADA;2025-07-31;Derivativos;24.28
CLASSES - FIF;55.274.339/0001-78;;RIO BRAVO PROTEÇÃO PORTFÓLIO FI FINANCEIRO MULTIMERCADO  RESPONSABILIDADE LIMITADA;2025-07-31;Operações compromissadas lastreadas em títulos públicos federais;0.06
CLASSES - FIF;55.274.339/0001-78;;RIO BRAVO PROTEÇÃO PORTFÓLIO FI FINANCEIRO MULTIMERCADO  RESPONSABILIDADE LIMITADA;2025-07-31;Títulos públicos federais;75.55
CLASSES - FIF;55.315.627/0001-23;;BRADESCO ULTRA II FIF - CIC RENDA FIXA CRÉDITO PRIVADO LONGO PRAZO - RESPONSABILIDADE LIMITADA;2025-07-31;Cotas de fundos de investimento 409;16.65
CLASSES - FIF;55.315.627/0001-23;;BRADESCO ULTRA II FIF - CIC RENDA FIXA CRÉDITO PRIVADO LONGO PRAZO - RESPONSABILIDADE LIMITADA;2025-07-31;Depósitos a prazo e outros títulos de instituições financeiras;14.35
CLASSES - FIF;55.315.627/0001-23;;BRADESCO ULTRA II FIF - CIC RENDA FIXA CRÉDITO PRIVADO LONGO PRAZO - RESPONSABILIDADE LIMITADA;2025-07-31;Investimento no exterior;0.52
CLASSES - FIF;55.315.627/0001-23;;BRADESCO ULTRA II FIF - CIC RENDA FIXA CRÉDITO PRIVADO LONGO PRAZO - RESPONSABILIDADE LIMITADA;2025-07-31;Operações compromissadas lastreadas em títulos públicos federais;12.79
CLASSES - FIF;55.315.627/0001-23;;BRADESCO ULTRA II FIF - CIC RENDA FIXA CRÉDITO PRIVADO LONGO PRAZO - RESPONSABILIDADE LIMITADA;2025-07-31;Títulos de crédito privado;55.26
CLASSES - FIF;55.440.900/0001-41;;TARPON ATLANTICUS MASTER FUNDO DE INVESTIMENTO EM AÇÕES RESPONSABILIDADE LIMITADA;2025-07-31;Ações;100.00
CLASSES - FIF;55.440.900/0001-41;;TARPON ATLANTICUS MASTER FUNDO DE INVESTIMENTO EM AÇÕES RESPONSABILIDADE LIMITADA;2025-07-31;Outras Aplicações;0.00
CLASSES - FIF;55.466.425/0001-82;;XP CASH V1 DI FUNDO DE INVESTIMENTO FINANCEIRO;2025-07-31;Operações Compromissadas Lastreadas em Títulos Públicos Federais;35.81
CLASSES - FIF;55.466.425/0001-82;;XP CASH V1 DI FUNDO DE INVESTIMENTO FINANCEIRO;2025-07-31;Outras Aplicações;0.00
CLASSES - FIF;55.466.425/0001-82;;XP CASH V1 DI FUNDO DE INVESTIMENTO FINANCEIRO;2025-07-31;Títulos Públicos Federais;64.21
CLASSES - FIF;55.484.260/0001-71;;ITAMARAJU FUNDO DE INVESTIMENTO MULTIMERCADO CRÉDITO PRIVADO;2025-07-31;Acões;0.00
CLASSES - FIF;55.484.260/0001-71;;ITAMARAJU FUNDO DE INVESTIMENTO MULTIMERCADO CRÉDITO PRIVADO;2025-07-31;Cotas de Fundos de Investimento 555;116.60
CLASSES - FIF;55.484.260/0001-71;;ITAMARAJU FUNDO DE INVESTIMENTO MULTIMERCADO CRÉDITO PRIVADO;2025-07-31;Operacões compromissadas lastreadas em títulos privados;0.00
CLASSES - FIF;55.484.260/0001-71;;ITAMARAJU FUNDO DE INVESTIMENTO MULTIMERCADO CRÉDITO PRIVADO;2025-07-31;Operacões compromissadas lastreadas em títulos públicos federais;0.00
CLASSES - FIF;55.484.260/0001-71;;ITAMARAJU FUNDO DE INVESTIMENTO MULTIMERCADO CRÉDITO PRIVADO;2025-07-31;Títulos Públicos federais;0.00
CLASSES - FIF;55.533.539/0001-06;;BRAM DEBÊNTURES INCENTIVADAS CDI 2405 FIF RENDA FIXA INCENTIVADO DE INV EM INFRA LP RESP LIMITADA;2025-07-31;Depósitos a prazo e outros títulos de instituições financeiras;1.13
CLASSES - FIF;55.533.539/0001-06;;BRAM DEBÊNTURES INCENTIVADAS CDI 2405 FIF RENDA FIXA INCENTIVADO DE INV EM INFRA LP RESP LIMITADA;2025-07-31;Derivativos;-60.06
CLASSES - FIF;55.533.539/0001-06;;BRAM DEBÊNTURES INCENTIVADAS CDI 2405 FIF RENDA FIXA INCENTIVADO DE INV EM INFRA LP RESP LIMITADA;2025-07-31;Operações compromissadas lastreadas em títulos públicos federais;7.66
CLASSES - FIF;55.533.539/0001-06;;BRAM DEBÊNTURES INCENTIVADAS CDI 2405 FIF RENDA FIXA INCENTIVADO DE INV EM INFRA LP RESP LIMITADA;2025-07-31;Títulos de crédito privado;79.18
CLASSES - FIF;55.533.539/0001-06;;BRAM DEBÊNTURES INCENTIVADAS CDI 2405 FIF RENDA FIXA INCENTIVADO DE INV EM INFRA LP RESP LIMITADA;2025-07-31;Títulos públicos federais;10.62
CLASSES - FIF;55.577.828/0001-07;;24 HORAS FUNDO DE INVESTIMENTO EM RENDA FIXA RESPONSABILIDADE LIMITADA;2025-07-31;Operações compromissadas lastreadas em títulos públicos federais;21.15
CLASSES - FIF;55.577.828/0001-07;;24 HORAS FUNDO DE INVESTIMENTO EM RENDA FIXA RESPONSABILIDADE LIMITADA;2025-07-31;Títulos de crédito privado;15.62
CLASSES - FIF;55.577.828/0001-07;;24 HORAS FUNDO DE INVESTIMENTO EM RENDA FIXA RESPONSABILIDADE LIMITADA;2025-07-31;Títulos públicos federais;63.26
CLASSES - FIF;55.597.712/0001-21;;SICOOB ASG FUNDO DE INVESTIMENTO FINANCEIRO EM AÇÕES IS;2025-07-31;Ações;95.38
CLASSES - FIF;55.597.712/0001-21;;SICOOB ASG FUNDO DE INVESTIMENTO FINANCEIRO EM AÇÕES IS;2025-07-31;Operações compromissadas lastreadas em títulos públicos federais;0.88
CLASSES - FIF;55.597.712/0001-21;;SICOOB ASG FUNDO DE INVESTIMENTO FINANCEIRO EM AÇÕES IS;2025-07-31;Outras cotas de fundos de investimento;3.09
CLASSES - FIF;55.763.285/0001-04;;SULAMÉRICA EXCELLENCE PLUS FIF RENDA FIXA CRÉD PRIV LONGO PRAZO DE RESP LIMITADA;2025-07-31;Cotas de Fundo;0.48
CLASSES - FIF;55.763.285/0001-04;;SULAMÉRICA EXCELLENCE PLUS FIF RENDA FIXA CRÉD PRIV LONGO PRAZO DE RESP LIMITADA;2025-07-31;Op. Compromissadas lastreadas em títulos públicos;0.40
CLASSES - FIF;55.763.285/0001-04;;SULAMÉRICA EXCELLENCE PLUS FIF RENDA FIXA CRÉD PRIV LONGO PRAZO DE RESP LIMITADA;2025-07-31;Outros;0.00
CLASSES - FIF;55.763.285/0001-04;;SULAMÉRICA EXCELLENCE PLUS FIF RENDA FIXA CRÉD PRIV LONGO PRAZO DE RESP LIMITADA;2025-07-31;Títulos de crédito privado;23.68
CLASSES - FIF;55.763.285/0001-04;;SULAMÉRICA EXCELLENCE PLUS FIF RENDA FIXA CRÉD PRIV LONGO PRAZO DE RESP LIMITADA;2025-07-31;Títulos público federais;0.30
CLASSES - FIF;55.803.500/0001-53;;BANRISUL NTN-B 2025 FUNDO DE INVESTIMENTO FINANCEIRO EM RENDA FIXA RESPONSABILIDADE LIMITADA;2025-07-31;OPERAÇÕES COMPROMISSADAS LASTREADAS EM TÍTULOS PÚBLICOS FEDERAIS;99.76
CLASSES - FIF;55.806.562/0001-19;;SMARTSAVE CONSERVADOR CAPITAL PROTEGIDO FUNDO DE INVESTIMENTO FINANCEIRO;2025-07-31;Depósitos a Prazo e Outros Títulos de Instituições Financeiras;3.40
CLASSES - FIF;55.806.562/0001-19;;SMARTSAVE CONSERVADOR CAPITAL PROTEGIDO FUNDO DE INVESTIMENTO FINANCEIRO;2025-07-31;Operações Compromissadas Lastreadas em Títulos Públicos Federais;17.82
CLASSES - FIF;55.806.562/0001-19;;SMARTSAVE CONSERVADOR CAPITAL PROTEGIDO FUNDO DE INVESTIMENTO FINANCEIRO;2025-07-31;Outras Aplicações;0.09
CLASSES - FIF;55.806.562/0001-19;;SMARTSAVE CONSERVADOR CAPITAL PROTEGIDO FUNDO DE INVESTIMENTO FINANCEIRO;2025-07-31;Títulos de Crédito Privado;38.25
CLASSES - FIF;55.806.562/0001-19;;SMARTSAVE CONSERVADOR CAPITAL PROTEGIDO FUNDO DE INVESTIMENTO FINANCEIRO;2025-07-31;Títulos Públicos Federais;41.06
CLASSES - FIF;55.915.452/0001-95;;CIANO GANBATTE FUNDO DE INVESTIMENTO FINANCEIRO MULTIMERCADO;2025-07-31;Ações;5.81
CLASSES - FIF;55.915.452/0001-95;;CIANO GANBATTE FUNDO DE INVESTIMENTO FINANCEIRO MULTIMERCADO;2025-07-31;Cotas de fundos de investimento 555;46.08
CLASSES - FIF;55.915.452/0001-95;;CIANO GANBATTE FUNDO DE INVESTIMENTO FINANCEIRO MULTIMERCADO;2025-07-31;Operações compromissadas lastreadas em títulospúblicos federais;6.12
CLASSES - FIF;55.915.452/0001-95;;CIANO GANBATTE FUNDO DE INVESTIMENTO FINANCEIRO MULTIMERCADO;2025-07-31;Outras aplicações;-0.33
CLASSES - FIF;55.915.452/0001-95;;CIANO GANBATTE FUNDO DE INVESTIMENTO FINANCEIRO MULTIMERCADO;2025-07-31;Títulos públicos federais;42.32
CLASSES - FIF;55.986.610/0001-06;;BRADESCO PORTFÓLIO DEBÊNTURES INCENTIVADAS FIF - CIC RF INCENTIVADO EM INFRA LP - RESP LIMITADA;2025-07-31;Cotas de fundos de investimento 409;1.09
CLASSES - FIF;55.986.610/0001-06;;BRADESCO PORTFÓLIO DEBÊNTURES INCENTIVADAS FIF - CIC RF INCENTIVADO EM INFRA LP - RESP LIMITADA;2025-07-31;Depósitos a prazo e outros títulos de instituições financeiras;2.69
CLASSES - FIF;55.986.610/0001-06;;BRADESCO PORTFÓLIO DEBÊNTURES INCENTIVADAS FIF - CIC RF INCENTIVADO EM INFRA LP - RESP LIMITADA;2025-07-31;Operações compromissadas lastreadas em títulos públicos federais;20.14
CLASSES - FIF;55.986.610/0001-06;;BRADESCO PORTFÓLIO DEBÊNTURES INCENTIVADAS FIF - CIC RF INCENTIVADO EM INFRA LP - RESP LIMITADA;2025-07-31;Títulos de crédito privado;60.80
CLASSES - FIF;55.986.610/0001-06;;BRADESCO PORTFÓLIO DEBÊNTURES INCENTIVADAS FIF - CIC RF INCENTIVADO EM INFRA LP - RESP LIMITADA;2025-07-31;Títulos públicos federais;15.17
CLASSES - FIF;56.083.672/0001-62;;PATRIMONIAL PORTFÓLIO FUNDO DE INVESTIMENTO FINANCEIRO EM COTAS CREDITO PRIVADO;2025-07-31;Cotas de Fundos;1.35
CLASSES - FIF;56.083.672/0001-62;;PATRIMONIAL PORTFÓLIO FUNDO DE INVESTIMENTO FINANCEIRO EM COTAS CREDITO PRIVADO;2025-07-31;Renda Fixa;98.51
CLASSES - FIF;56.199.556/0001-03;;HERON FUNDO DE INVESTIMENTO MULTIMERCADO CRÉDITO PRIVADO;2025-07-31;Acões;0.00
CLASSES - FIF;56.199.556/0001-03;;HERON FUNDO DE INVESTIMENTO MULTIMERCADO CRÉDITO PRIVADO;2025-07-31;Cotas de Fundos de Investimento 555;55.22
CLASSES - FIF;56.199.556/0001-03;;HERON FUNDO DE INVESTIMENTO MULTIMERCADO CRÉDITO PRIVADO;2025-07-31;Depósito a prazo e outros títulos de instituições financeiras;9.85
CLASSES - FIF;56.199.556/0001-03;;HERON FUNDO DE INVESTIMENTO MULTIMERCADO CRÉDITO PRIVADO;2025-07-31;Operacões compromissadas lastreadas em títulos privados;0.00
CLASSES - FIF;56.199.556/0001-03;;HERON FUNDO DE INVESTIMENTO MULTIMERCADO CRÉDITO PRIVADO;2025-07-31;Títulos de crédito privado;34.93
CLASSES - FIF;56.343.578/0001-03;;RIVIERE FUNDO DE INVESTIMENTO MULTIMERCADO CRÉDITO PRIVADO;2025-07-31;Acões;0.00
CLASSES - FIF;56.343.578/0001-03;;RIVIERE FUNDO DE INVESTIMENTO MULTIMERCADO CRÉDITO PRIVADO;2025-07-31;Cotas de Fundos de Investimento 555;99.05
CLASSES - FIF;56.343.578/0001-03;;RIVIERE FUNDO DE INVESTIMENTO MULTIMERCADO CRÉDITO PRIVADO;2025-07-31;Depósito a prazo e outros títulos de instituições financeiras;0.95
CLASSES - FIF;56.343.578/0001-03;;RIVIERE FUNDO DE INVESTIMENTO MULTIMERCADO CRÉDITO PRIVADO;2025-07-31;Operacões compromissadas lastreadas em títulos privados;0.00
CLASSES - FIF;56.343.578/0001-03;;RIVIERE FUNDO DE INVESTIMENTO MULTIMERCADO CRÉDITO PRIVADO;2025-07-31;Operacões compromissadas lastreadas em títulos públicos federais;0.00
CLASSES - FIF;56.876.275/0001-48;;XP CASH M FUNDO DE INVESTIMENTO EM RENDA FIXA SIMPLES RESPONSABILIDADE LIMITADA;2025-07-31;Operações compromissadas lastreadas em títulos públicos federais;48.14
CLASSES - FIF;56.876.275/0001-48;;XP CASH M FUNDO DE INVESTIMENTO EM RENDA FIXA SIMPLES RESPONSABILIDADE LIMITADA;2025-07-31;Títulos públicos federais;51.87
CLASSES - FIF;57.070.309/0001-75;;CLASSE ÚNICA DO POLO CRÉDITO CORPORATIVO INSTITUCIONAL MASTER FI RF CRED PRIV LP - RESP LIMITADA;2025-07-31;Cotas de Fundos de Investimento 409;0.00
CLASSES - FIF;57.070.309/0001-75;;CLASSE ÚNICA DO POLO CRÉDITO CORPORATIVO INSTITUCIONAL MASTER FI RF CRED PRIV LP - RESP LIMITADA;2025-07-31;Depósitos a Prazo e Outros Títulos de Instituições Financeiras;0.00
CLASSES - FIF;57.070.309/0001-75;;CLASSE ÚNICA DO POLO CRÉDITO CORPORATIVO INSTITUCIONAL MASTER FI RF CRED PRIV LP - RESP LIMITADA;2025-07-31;Operações Compromissadas Lastreadas em Títulos Públicos Federais;0.00
CLASSES - FIF;57.070.309/0001-75;;CLASSE ÚNICA DO POLO CRÉDITO CORPORATIVO INSTITUCIONAL MASTER FI RF CRED PRIV LP - RESP LIMITADA;2025-07-31;Títulos de Crédito Privado;0.00
CLASSES - FIF;57.070.309/0001-75;;CLASSE ÚNICA DO POLO CRÉDITO CORPORATIVO INSTITUCIONAL MASTER FI RF CRED PRIV LP - RESP LIMITADA;2025-07-31;Títulos Públicos Federais;0.00
CLASSES - FIF;57.070.875/0001-87;;EASY CASH FUNDO DE INVESTIMENTO MULTIMERCADO CRÉDITO PRIVADO;2025-07-31;Acões;0.00
CLASSES - FIF;57.070.875/0001-87;;EASY CASH FUNDO DE INVESTIMENTO MULTIMERCADO CRÉDITO PRIVADO;2025-07-31;Cotas de Fundos de Investimento 555;100.02
CLASSES - FIF;57.070.875/0001-87;;EASY CASH FUNDO DE INVESTIMENTO MULTIMERCADO CRÉDITO PRIVADO;2025-07-31;Operacões compromissadas lastreadas em títulos privados;0.00
CLASSES - FIF;57.070.875/0001-87;;EASY CASH FUNDO DE INVESTIMENTO MULTIMERCADO CRÉDITO PRIVADO;2025-07-31;Operacões compromissadas lastreadas em títulos públicos federais;0.00
CLASSES - FIF;57.070.875/0001-87;;EASY CASH FUNDO DE INVESTIMENTO MULTIMERCADO CRÉDITO PRIVADO;2025-07-31;Títulos Públicos federais;0.00
CLASSES - FIF;57.106.323/0001-81;;CONSTANZA FUNDO DE INVESTIMENTO MULTIMERCADO CRÉDITO PRIVADO;2025-07-31;Acões;0.00
CLASSES - FIF;57.106.323/0001-81;;CONSTANZA FUNDO DE INVESTIMENTO MULTIMERCADO CRÉDITO PRIVADO;2025-07-31;Cotas de Fundos de Investimento 555;76.00
CLASSES - FIF;57.106.323/0001-81;;CONSTANZA FUNDO DE INVESTIMENTO MULTIMERCADO CRÉDITO PRIVADO;2025-07-31;Depósito a prazo e outros títulos de instituições financeiras;1.88
CLASSES - FIF;57.106.323/0001-81;;CONSTANZA FUNDO DE INVESTIMENTO MULTIMERCADO CRÉDITO PRIVADO;2025-07-31;Operacões compromissadas lastreadas em títulos privados;0.00
CLASSES - FIF;57.106.323/0001-81;;CONSTANZA FUNDO DE INVESTIMENTO MULTIMERCADO CRÉDITO PRIVADO;2025-07-31;Títulos de crédito privado;22.12
CLASSES - FIF;57.172.951/0001-65;;RIPON FUNDO DE INVESTIMENTO MULTIMERCADO CRÉDITO PRIVADO;2025-07-31;Acões;0.00
CLASSES - FIF;57.172.951/0001-65;;RIPON FUNDO DE INVESTIMENTO MULTIMERCADO CRÉDITO PRIVADO;2025-07-31;Cotas de Fundos de Investimento 555;0.01
CLASSES - FIF;57.172.951/0001-65;;RIPON FUNDO DE INVESTIMENTO MULTIMERCADO CRÉDITO PRIVADO;2025-07-31;Depósito a prazo e outros títulos de instituições financeiras;7.32
CLASSES - FIF;57.172.951/0001-65;;RIPON FUNDO DE INVESTIMENTO MULTIMERCADO CRÉDITO PRIVADO;2025-07-31;Operacões compromissadas lastreadas em títulos privados;0.00
CLASSES - FIF;57.172.951/0001-65;;RIPON FUNDO DE INVESTIMENTO MULTIMERCADO CRÉDITO PRIVADO;2025-07-31;Títulos de crédito privado;92.67
CLASSES - FIF;57.186.836/0001-40;;BOLZANO FUNDO DE INVESTIMENTO MULTIMERCADO CRÉDITO PRIVADO;2025-07-31;Acões;0.00
CLASSES - FIF;57.186.836/0001-40;;BOLZANO FUNDO DE INVESTIMENTO MULTIMERCADO CRÉDITO PRIVADO;2025-07-31;Cotas de Fundos de Investimento 555;101.00
CLASSES - FIF;57.186.836/0001-40;;BOLZANO FUNDO DE INVESTIMENTO MULTIMERCADO CRÉDITO PRIVADO;2025-07-31;Operacões compromissadas lastreadas em títulos privados;0.00
CLASSES - FIF;57.186.836/0001-40;;BOLZANO FUNDO DE INVESTIMENTO MULTIMERCADO CRÉDITO PRIVADO;2025-07-31;Operacões compromissadas lastreadas em títulos públicos federais;0.00
CLASSES - FIF;57.186.836/0001-40;;BOLZANO FUNDO DE INVESTIMENTO MULTIMERCADO CRÉDITO PRIVADO;2025-07-31;Títulos Públicos federais;0.00
CLASSES - FIF;57.375.946/0001-50;;FUTURA ABSOLUTO FC DE FI FINANCEIRO MULT LP - RESP LIMITADA;2025-07-31;Cotas de fundos de investimento 555;99.74
CLASSES - FIF;57.375.946/0001-50;;FUTURA ABSOLUTO FC DE FI FINANCEIRO MULT LP - RESP LIMITADA;2025-07-31;Operações compromissadas lastreadas em títulospúblicos federais;0.48
CLASSES - FIF;57.375.946/0001-50;;FUTURA ABSOLUTO FC DE FI FINANCEIRO MULT LP - RESP LIMITADA;2025-07-31;Outras aplicações;-0.21
CLASSES - FIF;57.376.074/0001-44;;FUTURA ABSOLUTO MASTER FI FINANCEIRO MULT LP - RESP LIMITADA;2025-07-31;Ações;0.87
CLASSES - FIF;57.376.074/0001-44;;FUTURA ABSOLUTO MASTER FI FINANCEIRO MULT LP - RESP LIMITADA;2025-07-31;Cotas de fundos de investimento 555;11.89
CLASSES - FIF;57.376.074/0001-44;;FUTURA ABSOLUTO MASTER FI FINANCEIRO MULT LP - RESP LIMITADA;2025-07-31;Operações compromissadas lastreadas em títulospúblicos federais;0.32
CLASSES - FIF;57.376.074/0001-44;;FUTURA ABSOLUTO MASTER FI FINANCEIRO MULT LP - RESP LIMITADA;2025-07-31;Outras aplicações;0.69
CLASSES - FIF;57.376.074/0001-44;;FUTURA ABSOLUTO MASTER FI FINANCEIRO MULT LP - RESP LIMITADA;2025-07-31;Títulos públicos federais;86.23
CLASSES - FIF;58.018.929/0001-28;;SULAMÉRICA MASTER CEF CRÉDITO ATIVO FIF RENDA FIXA CRÉDITO PRIVADO LONGO PRAZO DE RESP LIMITADA;2025-07-31;Cotas de Fundo;0.00
CLASSES - FIF;58.018.929/0001-28;;SULAMÉRICA MASTER CEF CRÉDITO ATIVO FIF RENDA FIXA CRÉDITO PRIVADO LONGO PRAZO DE RESP LIMITADA;2025-07-31;Op. Compromissadas lastreadas em títulos públicos;0.00
CLASSES - FIF;58.018.929/0001-28;;SULAMÉRICA MASTER CEF CRÉDITO ATIVO FIF RENDA FIXA CRÉDITO PRIVADO LONGO PRAZO DE RESP LIMITADA;2025-07-31;Outros;0.00
CLASSES - FIF;58.018.929/0001-28;;SULAMÉRICA MASTER CEF CRÉDITO ATIVO FIF RENDA FIXA CRÉDITO PRIVADO LONGO PRAZO DE RESP LIMITADA;2025-07-31;Títulos de crédito privado;0.00
CLASSES - FIF;58.018.929/0001-28;;SULAMÉRICA MASTER CEF CRÉDITO ATIVO FIF RENDA FIXA CRÉDITO PRIVADO LONGO PRAZO DE RESP LIMITADA;2025-07-31;Títulos público federais;0.00
CLASSES - FIF;58.287.989/0001-46;;SINGAPURA FUNDO DE INVESTIMENTO MULTIMERCADO CRÉDITO  PRIVADO;2025-07-31;Acões;0.00
CLASSES - FIF;58.287.989/0001-46;;SINGAPURA FUNDO DE INVESTIMENTO MULTIMERCADO CRÉDITO  PRIVADO;2025-07-31;Cotas de Fundos de Investimento 555;100.19
CLASSES - FIF;58.287.989/0001-46;;SINGAPURA FUNDO DE INVESTIMENTO MULTIMERCADO CRÉDITO  PRIVADO;2025-07-31;Operacões compromissadas lastreadas em títulos privados;0.00
CLASSES - FIF;58.287.989/0001-46;;SINGAPURA FUNDO DE INVESTIMENTO MULTIMERCADO CRÉDITO  PRIVADO;2025-07-31;Operacões compromissadas lastreadas em títulos públicos federais;0.00
CLASSES - FIF;58.287.989/0001-46;;SINGAPURA FUNDO DE INVESTIMENTO MULTIMERCADO CRÉDITO  PRIVADO;2025-07-31;Títulos Públicos federais;0.00
CLASSES - FIF;58.570.048/0001-15;;FIEMP FUNDO DE INVESTIMENTO MULTIMERCADO CRÉDITO PRIVADO;2025-07-31;Acões;0.00
CLASSES - FIF;58.570.048/0001-15;;FIEMP FUNDO DE INVESTIMENTO MULTIMERCADO CRÉDITO PRIVADO;2025-07-31;Cotas de Fundos de Investimento 555;0.12
CLASSES - FIF;58.570.048/0001-15;;FIEMP FUNDO DE INVESTIMENTO MULTIMERCADO CRÉDITO PRIVADO;2025-07-31;Depósito a prazo e outros títulos de instituições financeiras;17.86
CLASSES - FIF;58.570.048/0001-15;;FIEMP FUNDO DE INVESTIMENTO MULTIMERCADO CRÉDITO PRIVADO;2025-07-31;Operacões compromissadas lastreadas em títulos privados;0.00
CLASSES - FIF;58.570.048/0001-15;;FIEMP FUNDO DE INVESTIMENTO MULTIMERCADO CRÉDITO PRIVADO;2025-07-31;Operacões compromissadas lastreadas em títulos públicos federais;0.00
CLASSES - FIF;59.058.767/0001-14;;BFL QUARENTA E SETE FUNDO DE INVESTIMENTO FINANCEIRO CRÉDITO PRIVADO - INVESTIMENTO NO EXTERIOR;2025-07-31;Acões;0.00
CLASSES - FIF;59.058.767/0001-14;;BFL QUARENTA E SETE FUNDO DE INVESTIMENTO FINANCEIRO CRÉDITO PRIVADO - INVESTIMENTO NO EXTERIOR;2025-07-31;Cotas de Fundos de Investimento 555;100.01
CLASSES - FIF;59.058.767/0001-14;;BFL QUARENTA E SETE FUNDO DE INVESTIMENTO FINANCEIRO CRÉDITO PRIVADO - INVESTIMENTO NO EXTERIOR;2025-07-31;Operacões compromissadas lastreadas em títulos privados;0.00
CLASSES - FIF;59.058.767/0001-14;;BFL QUARENTA E SETE FUNDO DE INVESTIMENTO FINANCEIRO CRÉDITO PRIVADO - INVESTIMENTO NO EXTERIOR;2025-07-31;Operacões compromissadas lastreadas em títulos públicos federais;0.00
CLASSES - FIF;59.058.767/0001-14;;BFL QUARENTA E SETE FUNDO DE INVESTIMENTO FINANCEIRO CRÉDITO PRIVADO - INVESTIMENTO NO EXTERIOR;2025-07-31;Títulos Públicos federais;0.00
CLASSES - FIF;59.122.774/0001-38;;FIERP FUNDO DE INVESTIMENTO MULTIMERCADO CRÉDITO PRIVADO;2025-07-31;Acões;0.00
CLASSES - FIF;59.122.774/0001-38;;FIERP FUNDO DE INVESTIMENTO MULTIMERCADO CRÉDITO PRIVADO;2025-07-31;Cotas de Fundos de Investimento 555;100.01
CLASSES - FIF;59.122.774/0001-38;;FIERP FUNDO DE INVESTIMENTO MULTIMERCADO CRÉDITO PRIVADO;2025-07-31;Operacões compromissadas lastreadas em títulos privados;0.00
CLASSES - FIF;59.122.774/0001-38;;FIERP FUNDO DE INVESTIMENTO MULTIMERCADO CRÉDITO PRIVADO;2025-07-31;Operacões compromissadas lastreadas em títulos públicos federais;0.00
CLASSES - FIF;59.122.774/0001-38;;FIERP FUNDO DE INVESTIMENTO MULTIMERCADO CRÉDITO PRIVADO;2025-07-31;Títulos Públicos federais;0.00
CLASSES - FIF;59.383.135/0001-26;;GUAÍBA FUNDO DE INVESTIMENTO FINANCEIRO;2025-07-31;Cotas de Fundos de Investimento 409;0.00
CLASSES - FIF;59.383.135/0001-26;;GUAÍBA FUNDO DE INVESTIMENTO FINANCEIRO;2025-07-31;DepÃ³sitos a Prazo e Outros TÃ­tulos de InstituiÃ§Ãµes Financeiras;0.00
CLASSES - FIF;59.383.135/0001-26;;GUAÍBA FUNDO DE INVESTIMENTO FINANCEIRO;2025-07-31;OperaÃ§Ãµes Compromissadas Lastreadas em TÃ­tulos PÃºblicos Federais;0.00
CLASSES - FIF;59.383.135/0001-26;;GUAÍBA FUNDO DE INVESTIMENTO FINANCEIRO;2025-07-31;TÃ­tulos de CrÃ©dito Privado;0.00
CLASSES - FIF;59.383.135/0001-26;;GUAÍBA FUNDO DE INVESTIMENTO FINANCEIRO;2025-07-31;TÃ­tulos PÃºblicos Federais;0.00
CLASSES - FIF;60.350.315/0001-90;;ÁVILA FUNDO DE INVESTIMENTO MULTIMERCADO CRÉDITO PRIVADO;2025-07-31;Acões;0.00
CLASSES - FIF;60.350.315/0001-90;;ÁVILA FUNDO DE INVESTIMENTO MULTIMERCADO CRÉDITO PRIVADO;2025-07-31;Cotas de Fundos de Investimento 555;45.03
CLASSES - FIF;60.350.315/0001-90;;ÁVILA FUNDO DE INVESTIMENTO MULTIMERCADO CRÉDITO PRIVADO;2025-07-31;Depósito a prazo e outros títulos de instituições financeiras;54.97
CLASSES - FIF;60.350.315/0001-90;;ÁVILA FUNDO DE INVESTIMENTO MULTIMERCADO CRÉDITO PRIVADO;2025-07-31;Operacões compromissadas lastreadas em títulos privados;0.00
CLASSES - FIF;60.350.315/0001-90;;ÁVILA FUNDO DE INVESTIMENTO MULTIMERCADO CRÉDITO PRIVADO;2025-07-31;Operacões compromissadas lastreadas em títulos públicos federais;0.00
CLASSES - FIF;60.906.179/0001-72;;BRADESCO SPECIAL FIF - CLASSE  DE INVESTIMENTO EM COTAS RF REFERENCIADA DI -  RESP LIMITADA;2025-07-31;Cotas de fundos de investimento 409;1.61
CLASSES - FIF;60.906.179/0001-72;;BRADESCO SPECIAL FIF - CLASSE  DE INVESTIMENTO EM COTAS RF REFERENCIADA DI -  RESP LIMITADA;2025-07-31;Depósitos a prazo e outros títulos de instituições financeiras;24.63
CLASSES - FIF;60.906.179/0001-72;;BRADESCO SPECIAL FIF - CLASSE  DE INVESTIMENTO EM COTAS RF REFERENCIADA DI -  RESP LIMITADA;2025-07-31;Operações compromissadas lastreadas em títulos públicos federais;40.64
CLASSES - FIF;60.906.179/0001-72;;BRADESCO SPECIAL FIF - CLASSE  DE INVESTIMENTO EM COTAS RF REFERENCIADA DI -  RESP LIMITADA;2025-07-31;Títulos de crédito privado;13.44
CLASSES - FIF;60.906.179/0001-72;;BRADESCO SPECIAL FIF - CLASSE  DE INVESTIMENTO EM COTAS RF REFERENCIADA DI -  RESP LIMITADA;2025-07-31;Títulos públicos federais;18.09
CLASSES - FIF;61.050.646/0001-78;;SUMMIT FUNDO DE INVESTIMENTO FINANCEIRO MULTIMERCADO;2025-07-31;Acões;0.00
CLASSES - FIF;61.050.646/0001-78;;SUMMIT FUNDO DE INVESTIMENTO FINANCEIRO MULTIMERCADO;2025-07-31;Cotas de Fundos de Investimento 555;100.00
CLASSES - FIF;61.050.646/0001-78;;SUMMIT FUNDO DE INVESTIMENTO FINANCEIRO MULTIMERCADO;2025-07-31;Operacões compromissadas lastreadas em títulos privados;0.00
CLASSES - FIF;61.050.646/0001-78;;SUMMIT FUNDO DE INVESTIMENTO FINANCEIRO MULTIMERCADO;2025-07-31;Operacões compromissadas lastreadas em títulos públicos federais;0.00
CLASSES - FIF;61.050.646/0001-78;;SUMMIT FUNDO DE INVESTIMENTO FINANCEIRO MULTIMERCADO;2025-07-31;Títulos Públicos federais;0.00
CLASSES - FIF;61.069.468/0001-27;;XP CASH INSTITUCIONAL FUNDO DE INVESTIMENTO EM RENDA FIXA RESPONSABILIDADE LIMITADA;2025-07-31;Operações compromissadas lastreadas em títulos públicos federais;37.99
CLASSES - FIF;61.069.468/0001-27;;XP CASH INSTITUCIONAL FUNDO DE INVESTIMENTO EM RENDA FIXA RESPONSABILIDADE LIMITADA;2025-07-31;Títulos públicos federais;62.02
CLASSES - FIF;61.080.007/0001-55;;EVOLUTION ALT FUNDO INCENTIVADO DE INVESTIMENTO FINANCEIRO EM INFRAESTRUTURA RENDA FIXA;2025-07-31;Ações;8.54
CLASSES - FIF;61.080.007/0001-55;;EVOLUTION ALT FUNDO INCENTIVADO DE INVESTIMENTO FINANCEIRO EM INFRAESTRUTURA RENDA FIXA;2025-07-31;Cotas de fundos de investimento 555;24.47
CLASSES - FIF;61.080.007/0001-55;;EVOLUTION ALT FUNDO INCENTIVADO DE INVESTIMENTO FINANCEIRO EM INFRAESTRUTURA RENDA FIXA;2025-07-31;Operações compromissadas lastreadas em títulospúblicos federais;1.87
CLASSES - FIF;61.080.007/0001-55;;EVOLUTION ALT FUNDO INCENTIVADO DE INVESTIMENTO FINANCEIRO EM INFRAESTRUTURA RENDA FIXA;2025-07-31;Outras aplicações;-0.01
CLASSES - FIF;61.080.007/0001-55;;EVOLUTION ALT FUNDO INCENTIVADO DE INVESTIMENTO FINANCEIRO EM INFRAESTRUTURA RENDA FIXA;2025-07-31;Títulos públicos federais;65.14
CLASSES - FIF;70.951.678/0001-35;;FUNDO DE INVESTIMENTO  FINANCEIRO EM AÇÕES AMARIL FRANKLIN - RESPONSABILIDADE LIMITADA;2025-07-31;Ações;73.36
CLASSES - FIF;70.951.678/0001-35;;FUNDO DE INVESTIMENTO  FINANCEIRO EM AÇÕES AMARIL FRANKLIN - RESPONSABILIDADE LIMITADA;2025-07-31;Cotas de fundos de investimento 409;8.73
CLASSES - FIF;70.951.678/0001-35;;FUNDO DE INVESTIMENTO  FINANCEIRO EM AÇÕES AMARIL FRANKLIN - RESPONSABILIDADE LIMITADA;2025-07-31;Derivativos;20.84
CLASSES - FIF;70.951.678/0001-35;;FUNDO DE INVESTIMENTO  FINANCEIRO EM AÇÕES AMARIL FRANKLIN - RESPONSABILIDADE LIMITADA;2025-07-31;Operações compromissadas lastreadas em títulos públicos federais;4.35
CLASSES - FIF;70.951.678/0001-35;;FUNDO DE INVESTIMENTO  FINANCEIRO EM AÇÕES AMARIL FRANKLIN - RESPONSABILIDADE LIMITADA;2025-07-31;Títulos públicos federais;13.07
CLASSES - FIF;71.739.445/0001-36;;BRADESCO SUPER AÇÃO FIF - CLASSE DE INVESTIMENTO AÇÕES - RESP LIMITADA;2025-07-31;Ações;53.69
CLASSES - FIF;71.739.445/0001-36;;BRADESCO SUPER AÇÃO FIF - CLASSE DE INVESTIMENTO AÇÕES - RESP LIMITADA;2025-07-31;Cotas de fundos de investimento 409;22.87
CLASSES - FIF;71.739.445/0001-36;;BRADESCO SUPER AÇÃO FIF - CLASSE DE INVESTIMENTO AÇÕES - RESP LIMITADA;2025-07-31;Derivativos;0.82
CLASSES - FIF;71.739.445/0001-36;;BRADESCO SUPER AÇÃO FIF - CLASSE DE INVESTIMENTO AÇÕES - RESP LIMITADA;2025-07-31;Operações compromissadas lastreadas em títulos públicos federais;20.71
CLASSES - FIF;74.326.471/0001-20;;BRADESCO CRÉDITO SOBERANO FI FINANCEIRO - CI RF - RESP LIMITADA;2025-07-31;Investimento no exterior;97.34
CLASSES - FIF;77.054.658/0001-00;;BRADESCO H ACUMULAÇÃO FI FINANCEIRO - CIC EM AÇÕES - RESP LIMITADA;2025-07-31;Ações;93.82
CLASSES - FIF;77.054.658/0001-00;;BRADESCO H ACUMULAÇÃO FI FINANCEIRO - CIC EM AÇÕES - RESP LIMITADA;2025-07-31;Cotas de fundos de investimento 409;0.00
CLASSES - FIF;77.054.658/0001-00;;BRADESCO H ACUMULAÇÃO FI FINANCEIRO - CIC EM AÇÕES - RESP LIMITADA;2025-07-31;Derivativos;2.10
CLASSES - FIF;77.054.658/0001-00;;BRADESCO H ACUMULAÇÃO FI FINANCEIRO - CIC EM AÇÕES - RESP LIMITADA;2025-07-31;Operações compromissadas lastreadas em títulos públicos federais;7.49
CLASSES - FIF;88.198.056/0001-43;;BANRISUL FUNDO DE INVESTIMENTO FINANCEIRO EM AÇÕES RESPONSABILIDADE LIMITADA;2025-07-31;AÇÕES;97.44
CLASSES - FIF;88.198.056/0001-43;;BANRISUL FUNDO DE INVESTIMENTO FINANCEIRO EM AÇÕES RESPONSABILIDADE LIMITADA;2025-07-31;OPERAÇÕES COMPROMISSADAS LASTREADAS EM TÍTULOS PÚBLICOS FEDERAIS;0.53
CLASSES - FIF;96.498.654/0001-66;;BRADESCO FIF - CLASSE DE INVESTIMENTO AÇÕES MULTI SETORIAL - RESP LIMITADA;2025-07-31;Ações;88.95
CLASSES - FIF;96.498.654/0001-66;;BRADESCO FIF - CLASSE DE INVESTIMENTO AÇÕES MULTI SETORIAL - RESP LIMITADA;2025-07-31;Cotas de fundos de investimento 409;5.20
CLASSES - FIF;96.498.654/0001-66;;BRADESCO FIF - CLASSE DE INVESTIMENTO AÇÕES MULTI SETORIAL - RESP LIMITADA;2025-07-31;Derivativos;0.12
CLASSES - FIF;96.498.654/0001-66;;BRADESCO FIF - CLASSE DE INVESTIMENTO AÇÕES MULTI SETORIAL - RESP LIMITADA;2025-07-31;Operações compromissadas lastreadas em títulos públicos federais;5.32
CLASSES - FIF;96.498.654/0001-66;;BRADESCO FIF - CLASSE DE INVESTIMENTO AÇÕES MULTI SETORIAL - RESP LIMITADA;2025-07-31;Títulos públicos federais;0.34
CLASSES - FIF;96.498.985/0001-04;;BRADESCO IBOVESPA INDEXADO FIF - CIC DE  AÇÕES - RESPONSABILIDADE LIMITADA;2025-07-31;Ações;68.87
CLASSES - FIF;96.498.985/0001-04;;BRADESCO IBOVESPA INDEXADO FIF - CIC DE  AÇÕES - RESPONSABILIDADE LIMITADA;2025-07-31;Cotas de fundos de investimento 409;30.39
CLASSES - FIF;96.498.985/0001-04;;BRADESCO IBOVESPA INDEXADO FIF - CIC DE  AÇÕES - RESPONSABILIDADE LIMITADA;2025-07-31;Derivativos;0.74
CLASSES - FIF;96.498.985/0001-04;;BRADESCO IBOVESPA INDEXADO FIF - CIC DE  AÇÕES - RESPONSABILIDADE LIMITADA;2025-07-31;Operações compromissadas lastreadas em títulos públicos federais;0.21
CLASSES - FIF;97.261.093/0001-40;;BANRISUL PERFORMANCE FUNDO DE INVESTIMENTO FINANCEIRO EM AÇÕES RESPONSABILIDADE LIMITADA;2025-07-31;AÇÕES;98.78
